"","Sample.ID","Site","Transect","Species","Average.Diameter.cm","LifeStage"
"1",410,"S4","T1","P. grandis",6.66233333333333,">5cm-14cm"
"2",411,"S4","T1","P. meandrina",9.55,">5cm-14cm"
"3",412,"S4","T1","P. meandrina",5.42066666666667,">5cm-14cm"
"4",413,"S4","T1","P. grandis",23.9546666666667,">14cm"
"5",414,"S4","T1","P. verrucosa",10.2506666666667,">5cm-14cm"
"6",415,"S4","T1","P. verrucosa",5.62533333333333,">5cm-14cm"
"7",416,"S4","T1","P. effusa",1.962,"0-2cm"
"8",417,"S4","T1","P. effusa",1.075,"0-2cm"
"9",418,"S4","T1","P. meandrina",1.00633333333333,"0-2cm"
"10",418,"S4","T1","P. meandrina",1.00633333333333,"0-2cm"
"11",419,"S4","T1","P. effusa",1.17266666666667,"0-2cm"
"12",419,"S4","T1","P. effusa",22.531,">14cm"
"13",419,"S4","T3","P. effusa",1.17266666666667,"0-2cm"
"14",419,"S4","T3","P. effusa",22.531,">14cm"
"15",419,"S4","T1","P. effusa",1.17266666666667,"0-2cm"
"16",419,"S4","T1","P. effusa",22.531,">14cm"
"17",419,"S4","T3","P. effusa",1.17266666666667,"0-2cm"
"18",419,"S4","T3","P. effusa",22.531,">14cm"
"19",420,"S4","T1","P. effusa",1.314,"0-2cm"
"20",421,"S4","T1","P. tuahiniensis",1.56833333333333,"0-2cm"
"21",422,"S4","T1","P. meandrina",3.7,">2cm-5cm"
"22",422,"S4","T1","P. grandis",3.7,">2cm-5cm"
"23",423,"S4","T1","P. effusa",1.82,"0-2cm"
"24",424,"S4","T1","P. meandrina",7.355,">5cm-14cm"
"25",425,"S4","T1","P. meandrina",4.462,">2cm-5cm"
"26",426,"S4","T1","P. meandrina",9.19366666666667,">5cm-14cm"
"27",426,"S4","T1","P. meandrina",9.19366666666667,">5cm-14cm"
"28",427,"S4","T1","P. meandrina",8.91533333333333,">5cm-14cm"
"29",427,"S4","T1","P. meandrina",8.91533333333333,">5cm-14cm"
"30",428,"S4","T1","P. tuahiniensis",22.098,">14cm"
"31",428,"S4","T1","P. tuahiniensis",22.098,">14cm"
"32",429,"S4","T1","P. meandrina",1.627,"0-2cm"
"33",429,"S4","T1","P. effusa",1.627,"0-2cm"
"34",430,"S4","T1","P. effusa",3.04,">2cm-5cm"
"35",430,"S4","T1","P. tuahiniensis",3.04,">2cm-5cm"
"36",431,"S4","T1","P. meandrina",0.991,"0-2cm"
"37",432,"S4","T1","P. meandrina",7.92233333333333,">5cm-14cm"
"38",433,"S4","T1","P. meandrina",4.347,">2cm-5cm"
"39",433,"S4","T1","P. meandrina",4.347,">2cm-5cm"
"40",434,"S4","T1","P. meandrina",4.35033333333333,">2cm-5cm"
"41",434,"S4","T1","P. meandrina",4.35033333333333,">2cm-5cm"
"42",436,"S4","T1","P. tuahiniensis",14.0833333333333,">14cm"
"43",438,"S4","T1","P. verrucosa",11.603,">5cm-14cm"
"44",439,"S4","T1","P. meandrina",9.17,">5cm-14cm"
"45",439,"S4","T1","P. meandrina",9.17,">5cm-14cm"
"46",440,"S4","T1","P. meandrina",10.4336666666667,">5cm-14cm"
"47",441,"S4","T1","P. meandrina",11.0806666666667,">5cm-14cm"
"48",441,"S4","T1","P. meandrina",11.0806666666667,">5cm-14cm"
"49",442,"S4","T1","P. meandrina",4.54733333333333,">2cm-5cm"
"50",442,"S4","T1","P. meandrina",4.54733333333333,">2cm-5cm"
"51",443,"S4","T1","P. meandrina",23.4233333333333,">14cm"
"52",444,"S4","T2","P. tuahiniensis",10.8013333333333,">5cm-14cm"
"53",444,"S4","T2","P. tuahiniensis",10.8013333333333,">5cm-14cm"
"54",445,"S4","T2","P. meandrina",0.698666666666667,"0-2cm"
"55",446,"S4","T2","P. verrucosa",27.0933333333333,">14cm"
"56",446,"S4","T2","P. verrucosa",27.0933333333333,">14cm"
"57",447,"S4","T2","P. meandrina",3.963,">2cm-5cm"
"58",448,"S4","T1","P. meandrina",7.81366666666667,">5cm-14cm"
"59",448,"S4","T1","P. meandrina",7.81366666666667,">5cm-14cm"
"60",451,"S4","T2","P. meandrina",2.08833333333333,">2cm-5cm"
"61",451,"S4","T2","P. meandrina",2.08833333333333,">2cm-5cm"
"62",452,"S4","T2","P. meandrina",2.946,">2cm-5cm"
"63",453,"S4","T2","P. tuahiniensis",2.90566666666667,">2cm-5cm"
"64",454,"S4","T2","P. acuta",1.906,"0-2cm"
"65",455,"S4","T3","P. meandrina",100,">14cm"
"66",456,"S4","T2","P. grandis",5.87966666666667,">5cm-14cm"
"67",456,"S4","T2","P. grandis",5.87966666666667,">5cm-14cm"
"68",458,"S4","T2","P. meandrina",9.50233333333333,">5cm-14cm"
"69",459,"S4","T2","P. meandrina",0.777,"0-2cm"
"70",461,"S4","T2","P. meandrina",11.2303333333333,">5cm-14cm"
"71",463,"S4","T2","P. verrucosa",40.399,">14cm"
"72",464,"S4","T2","P. tuahiniensis",27.4166666666667,">14cm"
"73",469,"S4","T2","P. meandrina",1.58466666666667,"0-2cm"
"74",470,"S4","T2","P. effusa",1.56766666666667,"0-2cm"
"75",472,"S4","T3","P. tuahiniensis",100,">14cm"
"76",473,"S4","T3","P. verrucosa",16.4486666666667,">14cm"
"77",474,"S4","T3","P. meandrina",15.5866666666667,">14cm"
"78",475,"S4","T3","P. meandrina",24.6053333333333,">14cm"
"79",477,"S4","T3","P. tuahiniensis",100,">14cm"
"80",477,"S4","T3","P. tuahiniensis",100,">14cm"
"81",478,"S4","T3","P. verrucosa",16.2573333333333,">14cm"
"82",479,"S4","T3","P. meandrina",12.9783333333333,">5cm-14cm"
"83",480,"S4","T3","P. meandrina",13.72,">5cm-14cm"
"84",481,"S4","T3","P. tuahiniensis",11.3833333333333,">5cm-14cm"
"85",482,"S4","T3","P. meandrina",9.47,">5cm-14cm"
"86",483,"S4","T3","P. meandrina",7.81433333333333,">5cm-14cm"
"87",484,"S4","T3","P. meandrina",8.71733333333333,">5cm-14cm"
"88",486,"S4","T3","P. tuahiniensis",8.28666666666667,">5cm-14cm"
"89",486,"S4","T3","P. meandrina",8.28666666666667,">5cm-14cm"
"90",487,"S4","T3","P. meandrina",16.847,">14cm"
"91",491,"S4","T4","P. effusa",1.97,"0-2cm"
"92",492,"S4","T4","P. effusa",1.35133333333333,"0-2cm"
"93",493,"S4","T5","P. meandrina",4.23366666666667,">2cm-5cm"
"94",494,"S4","T4","P. meandrina",3.139,">2cm-5cm"
"95",495,"S4","T4","P. grandis",2.56633333333333,">2cm-5cm"
"96",496,"S4","T4","P. effusa",1.468,"0-2cm"
"97",497,"S4","T4","P. meandrina",1.10333333333333,"0-2cm"
"98",498,"S4","T4","P. meandrina",1.74833333333333,"0-2cm"
"99",499,"S4","T4","P. meandrina",1.77766666666667,"0-2cm"
"100",500,"S4","T4","P. effusa",1.068,"0-2cm"
"101",502,"S4","T4","P. meandrina",1.77466666666667,"0-2cm"
"102",504,"S4","T4","P. meandrina",2.15633333333333,">2cm-5cm"
"103",505,"S4","T5","P. meandrina",10.407,">5cm-14cm"
"104",506,"S4","T4","P. tuahiniensis",1.04366666666667,"0-2cm"
"105",508,"S4","T4","P. verrucosa",9.40833333333333,">5cm-14cm"
"106",510,"S4","T3","P. verrucosa",4.49133333333333,">2cm-5cm"
"107",511,"S4","T5","P. grandis",2.08633333333333,">2cm-5cm"
"108",512,"S4","T5","P. meandrina",1.93766666666667,"0-2cm"
"109",513,"S4","T5","P. verrucosa",100,">14cm"
"110",514,"S4","T4","P. tuahiniensis",15.2833333333333,">14cm"
"111",515,"S4","T3","P. verrucosa",6.42333333333333,">5cm-14cm"
"112",515,"S4","T3","P. verrucosa",6.42333333333333,">5cm-14cm"
"113",516,"S4","T4","P. effusa",1.27033333333333,"0-2cm"
"114",517,"S4","T4","P. grandis",2.14833333333333,">2cm-5cm"
"115",519,"S4","T3","P. meandrina",2.29966666666667,">2cm-5cm"
"116",527,"S4","T6","P. effusa",4.823,">2cm-5cm"
"117",528,"S4","T3","P. meandrina",7.56966666666667,">5cm-14cm"
"118",528,"S4","T3","P. meandrina",100,">14cm"
"119",528,"S4","T6","P. meandrina",7.56966666666667,">5cm-14cm"
"120",528,"S4","T6","P. meandrina",100,">14cm"
"121",529,"S4","T3","P. verrucosa",9.479,">5cm-14cm"
"122",530,"S4","T5","P. meandrina",1.252,"0-2cm"
"123",531,"S4","T5","P. meandrina",1.57833333333333,"0-2cm"
"124",532,"S4","T5","P. meandrina",0.555666666666667,"0-2cm"
"125",533,"S4","T6","P. meandrina",6.95366666666667,">5cm-14cm"
"126",534,"S4","T6","P. verrucosa",100,">14cm"
"127",535,"S4","T6","P. meandrina",7.01033333333333,">5cm-14cm"
"128",536,"S4","T6","P. meandrina",150,">14cm"
"129",538,"S4","T6","P. meandrina",3.528,">2cm-5cm"
"130",539,"S4","T3","P. grandis",0.724,"0-2cm"
"131",541,"S4","T6","P. verrucosa",8.33333333333333,">5cm-14cm"
"132",542,"S4","T6","P. tuahiniensis",14.5103333333333,">14cm"
"133",545,"S4","T6","P. verrucosa",8.87066666666667,">5cm-14cm"
"134",546,"S4","T6","P. acuta",2.65233333333333,">2cm-5cm"
"135",548,"S4","T6","P. effusa",1.21733333333333,"0-2cm"
"136",549,"S4","T6","P. meandrina",9.698,">5cm-14cm"
"137",550,"S4","T6","P. meandrina",9.45466666666667,">5cm-14cm"
"138",551,"S4","T6","P. effusa",1.60133333333333,"0-2cm"
"139",552,"S4","T6","P. tuahiniensis",2.28633333333333,">2cm-5cm"
"140",554,"S4","T6","P. verrucosa",22.2443333333333,">14cm"
"141",555,"S4","T5","P. meandrina",1.80266666666667,"0-2cm"
"142",556,"S4","T6","P. meandrina",1.86566666666667,"0-2cm"
"143",557,"S4","T6","P. grandis",1.69866666666667,"0-2cm"
"144",558,"S4","T4","P. tuahiniensis",1.24833333333333,"0-2cm"
"145",573,"S4","T6","P. meandrina",7.584,">5cm-14cm"
"146",575,"S4","T6","P. meandrina",6.854,">5cm-14cm"
"147",585,"S4","T5","P. grandis",8.25,">5cm-14cm"
"148",586,"S4","T5","P. meandrina",0.821666666666667,"0-2cm"
"149",587,"S4","T5","P. tuahiniensis",8.49,">5cm-14cm"
"150",589,"S4","T5","P. meandrina",0.327666666666667,"0-2cm"
"151",591,"S4","T5","P. effusa",2.27266666666667,">2cm-5cm"
"152",592,"S4","T6","P. meandrina",2.06133333333333,">2cm-5cm"
"153",594,"S4","T5","P. effusa",1.333,"0-2cm"
"154",595,"S4","T6","P. effusa",2.62633333333333,">2cm-5cm"
"155",596,"S4","T6","P. meandrina",1.79833333333333,"0-2cm"
"156",597,"S4","T6","P. meandrina",2.42133333333333,">2cm-5cm"
"157",601,"S4","T6","P. grandis",13.5566666666667,">5cm-14cm"
"158",602,"S4","T6","P. meandrina",10.376,">5cm-14cm"
"159",603,"S4","T6","P. meandrina",6.51366666666667,">5cm-14cm"
"160",604,"S4","T6","P. meandrina",7.11333333333333,">5cm-14cm"
"161",605,"S4","T6","P. meandrina",17.3456666666667,">14cm"
"162",606,"S4","T6","P. meandrina",2.12933333333333,">2cm-5cm"
"163",607,"S4","T6","P. grandis",2.44166666666667,">2cm-5cm"
"164",609,"S4","T6","P. meandrina",6.59066666666667,">5cm-14cm"
"165",610,"S4","T6","P. meandrina",100,">14cm"
"166",611,"S4","T6","P. verrucosa",19.681,">14cm"
"167",616,"S4","T6","P. verrucosa",5.516,">5cm-14cm"
"168",618,"S4","T6","P. tuahiniensis",2.299,">2cm-5cm"
"169",620,"S3","T4","P. effusa",5.05033333333333,">5cm-14cm"
"170",620,"S3","T4","P. effusa",3.24166666666667,">2cm-5cm"
"171",620,"S4","T3","P. effusa",5.05033333333333,">5cm-14cm"
"172",620,"S4","T3","P. effusa",3.24166666666667,">2cm-5cm"
"173",620,"S3","T4","P. meandrina",5.05033333333333,">5cm-14cm"
"174",620,"S3","T4","P. meandrina",3.24166666666667,">2cm-5cm"
"175",620,"S4","T3","P. meandrina",5.05033333333333,">5cm-14cm"
"176",620,"S4","T3","P. meandrina",3.24166666666667,">2cm-5cm"
"177",621,"S3","T4","P. tuahiniensis",13.432,">5cm-14cm"
"178",622,"S3","T4","P. verrucosa",18.741,">14cm"
"179",624,"S3","T4","P. effusa",1.96,"0-2cm"
"180",627,"S4","T5","P. acuta",1.62066666666667,"0-2cm"
"181",628,"S4","T5","P. acuta",0.948333333333333,"0-2cm"
"182",629,"S4","T5","P. tuahiniensis",3.339,">2cm-5cm"
"183",630,"S4","T5","P. tuahiniensis",100,">14cm"
"184",631,"S4","T5","P. verrucosa",100,">14cm"
"185",632,"S4","T5","P. meandrina",12.0993333333333,">5cm-14cm"
"186",633,"S4","T5","P. acuta",0.884,"0-2cm"
"187",634,"S4","T5","P. grandis",4.13566666666667,">2cm-5cm"
"188",635,"S4","T5","P. tuahiniensis",100,">14cm"
"189",636,"S4","T5","P. meandrina",4.64933333333333,">2cm-5cm"
"190",637,"S4","T5","P. grandis",8.27333333333333,">5cm-14cm"
"191",638,"S4","T5","P. tuahiniensis",4.06466666666667,">2cm-5cm"
"192",639,"S4","T5","P. verrucosa",100,">14cm"
"193",640,"S4","T5","P. grandis",15.4446666666667,">14cm"
"194",641,"S4","T5","P. grandis",2.028,">2cm-5cm"
"195",642,"S4","T5","P. meandrina",1.786,"0-2cm"
"196",643,"S4","T5","P. tuahiniensis",6.444,">5cm-14cm"
"197",644,"S4","T5","P. meandrina",3.08566666666667,">2cm-5cm"
"198",645,"S4","T5","P. grandis",12.8963333333333,">5cm-14cm"
"199",646,"S4","T5","P. tuahiniensis",1.64266666666667,"0-2cm"
"200",647,"S4","T5","P. tuahiniensis",13.0716666666667,">5cm-14cm"
"201",648,"S4","T5","P. tuahiniensis",11.1703333333333,">5cm-14cm"
"202",649,"S4","T5","P. meandrina",19.641,">14cm"
"203",650,"S4","T5","P. grandis",5.57,">5cm-14cm"
"204",652,"S4","T6","P. meandrina",9.10366666666667,">5cm-14cm"
"205",653,"S3","T1","P. meandrina",4.297,">2cm-5cm"
"206",658,"S3","T1","P. effusa",3.27166666666667,">2cm-5cm"
"207",659,"S3","T1","P. grandis",5.43533333333333,">5cm-14cm"
"208",662,"S3","T1","P. verrucosa",11.3186666666667,">5cm-14cm"
"209",663,"S3","T1","P. tuahiniensis",2.23466666666667,">2cm-5cm"
"210",664,"S3","T1","P. effusa",4.13366666666667,">2cm-5cm"
"211",665,"S3","T1","P. grandis",2.03666666666667,">2cm-5cm"
"212",666,"S3","T1","P. meandrina",1.61566666666667,"0-2cm"
"213",667,"S3","T1","P. grandis",0.906,"0-2cm"
"214",668,"S3","T1","P. meandrina",1.59466666666667,"0-2cm"
"215",669,"S3","T1","P. grandis",12.4043333333333,">5cm-14cm"
"216",670,"S3","T1","P. grandis",4.09866666666667,">2cm-5cm"
"217",671,"S3","T1","P. grandis",4.524,">2cm-5cm"
"218",672,"S3","T1","P. verrucosa",1.46566666666667,"0-2cm"
"219",676,"S3","T1","P. meandrina",8.43733333333333,">5cm-14cm"
"220",677,"S3","T1","P. acuta",1.119,"0-2cm"
"221",679,"S3","T1","P. acuta",3.848,">2cm-5cm"
"222",680,"S3","T1","P. meandrina",1.72,"0-2cm"
"223",683,"S3","T1","P. grandis",4.97633333333333,">2cm-5cm"
"224",684,"S3","T1","P. meandrina",4.07966666666667,">2cm-5cm"
"225",685,"S3","T1","P. meandrina",2.066,">2cm-5cm"
"226",686,"S3","T1","P. effusa",2.07966666666667,">2cm-5cm"
"227",688,"S3","T1","P. tuahiniensis",18.4053333333333,">14cm"
"228",689,"S3","T1","P. grandis",5.017,">5cm-14cm"
"229",690,"S3","T2","P. effusa",3.28133333333333,">2cm-5cm"
"230",691,"S3","T3","P. meandrina",5.63766666666667,">5cm-14cm"
"231",692,"S3","T3","P. meandrina",3.01566666666667,">2cm-5cm"
"232",693,"S3","T3","P. meandrina",1.99033333333333,"0-2cm"
"233",694,"S3","T3","P. grandis",100,">14cm"
"234",695,"S3","T3","P. meandrina",16.371,">14cm"
"235",696,"S3","T2","P. verrucosa",100,">14cm"
"236",697,"S3","T3","P. effusa",3.668,">2cm-5cm"
"237",699,"S3","T3","P. meandrina",10.794,">5cm-14cm"
"238",700,"S3","T2","P. effusa",2.71233333333333,">2cm-5cm"
"239",701,"S3","T2","P. acuta",3.455,">2cm-5cm"
"240",702,"S3","T1","P. meandrina",0.829666666666667,"0-2cm"
"241",703,"S3","T1","P. meandrina",12.853,">5cm-14cm"
"242",704,"S3","T3","P. meandrina",6.82866666666667,">5cm-14cm"
"243",705,"S3","T2","P. effusa",2.73366666666667,">2cm-5cm"
"244",706,"S3","T2","P. meandrina",2.08966666666667,">2cm-5cm"
"245",708,"S3","T2","P. meandrina",4.81833333333333,">2cm-5cm"
"246",709,"S3","T2","P. meandrina",2.28766666666667,">2cm-5cm"
"247",710,"S3","T3","P. tuahiniensis",100,">14cm"
"248",711,"S3","T3","P. meandrina",1.184,"0-2cm"
"249",712,"S3","T2","P. tuahiniensis",11.7646666666667,">5cm-14cm"
"250",713,"S3","T3","P. meandrina",2.01833333333333,">2cm-5cm"
"251",714,"S3","T3","P. meandrina",11.4323333333333,">5cm-14cm"
"252",715,"S3","T3","P. verrucosa",18.892,">14cm"
"253",716,"S3","T2","P. grandis",1.74,"0-2cm"
"254",717,"S3","T3","P. meandrina",2.20366666666667,">2cm-5cm"
"255",718,"S3","T3","P. acuta",1.29433333333333,"0-2cm"
"256",719,"S3","T3","P. effusa",2.783,">2cm-5cm"
"257",720,"S3","T3","P. meandrina",2.47833333333333,">2cm-5cm"
"258",721,"S3","T1","P. meandrina",1.66633333333333,"0-2cm"
"259",722,"S3","T1","P. meandrina",8.652,">5cm-14cm"
"260",723,"S3","T1","P. meandrina",1.60166666666667,"0-2cm"
"261",724,"S3","T1","P. verrucosa",17.053,">14cm"
"262",725,"S3","T1","P. meandrina",3.55666666666667,">2cm-5cm"
"263",726,"S3","T1","P. grandis",100,">14cm"
"264",727,"S3","T1","P. tuahiniensis",2.90466666666667,">2cm-5cm"
"265",728,"S3","T1","P. effusa",2.508,">2cm-5cm"
"266",729,"S3","T3","P. meandrina",4.95066666666667,">2cm-5cm"
"267",730,"S3","T3","P. meandrina",2.392,">2cm-5cm"
"268",731,"S3","T2","P. verrucosa",100,">14cm"
"269",732,"S3","T3","P. effusa",1.69933333333333,"0-2cm"
"270",733,"S3","T3","P. meandrina",3.87666666666667,">2cm-5cm"
"271",734,"S3","T2","P. effusa",5.29866666666667,">5cm-14cm"
"272",735,"S3","T2","P. effusa",3.207,">2cm-5cm"
"273",736,"S3","T2","P. effusa",5.36333333333333,">5cm-14cm"
"274",737,"S3","T2","P. meandrina",2.27233333333333,">2cm-5cm"
"275",738,"S3","T1","P. effusa",2.08066666666667,">2cm-5cm"
"276",739,"S3","T3","P. effusa",3.13266666666667,">2cm-5cm"
"277",740,"S5","T1","P. effusa",1.79266666666667,"0-2cm"
"278",741,"S5","T1","P. effusa",2.08,">2cm-5cm"
"279",742,"S5","T1","P. meandrina",3.542,">2cm-5cm"
"280",743,"S5","T1","P. effusa",2.217,">2cm-5cm"
"281",744,"S5","T1","P. meandrina",1.11266666666667,"0-2cm"
"282",745,"S5","T1","P. tuahiniensis",6.878,">5cm-14cm"
"283",746,"S5","T1","P. tuahiniensis",1.913,"0-2cm"
"284",747,"S5","T1","P. meandrina",9.72566666666667,">5cm-14cm"
"285",748,"S5","T1","P. meandrina",100,">14cm"
"286",749,"S5","T1","P. meandrina",6.609,">5cm-14cm"
"287",750,"S3","T3","P. meandrina",2.84533333333333,">2cm-5cm"
"288",751,"S5","T1","P. meandrina",2.144,">2cm-5cm"
"289",752,"S5","T1","P. effusa",1.27033333333333,"0-2cm"
"290",753,"S5","T1","P. meandrina",0.802,"0-2cm"
"291",754,"S5","T1","P. meandrina",1.53766666666667,"0-2cm"
"292",755,"S5","T1","P. meandrina",1.07966666666667,"0-2cm"
"293",756,"S5","T1","P. meandrina",10.5423333333333,">5cm-14cm"
"294",757,"S5","T1","P. grandis",6.49466666666667,">5cm-14cm"
"295",758,"S5","T1","P. meandrina",2.61566666666667,">2cm-5cm"
"296",759,"S5","T1","P. meandrina",11.7553333333333,">5cm-14cm"
"297",760,"S5","T1","P. meandrina",1,"0-2cm"
"298",760,"S5","T1","P. grandis",1,"0-2cm"
"299",762,"S5","T1","P. meandrina",3.465,">2cm-5cm"
"300",763,"S5","T1","P. tuahiniensis",1.182,"0-2cm"
"301",764,"S5","T1","P. effusa",1.31033333333333,"0-2cm"
"302",765,"S5","T1","P. acuta",1.08566666666667,"0-2cm"
"303",766,"S5","T1","P. effusa",1.92733333333333,"0-2cm"
"304",767,"S5","T1","P. effusa",1.41133333333333,"0-2cm"
"305",768,"S5","T1","P. tuahiniensis",9.15933333333333,">5cm-14cm"
"306",779,"S5","T1","P. meandrina",2.99933333333333,">2cm-5cm"
"307",781,"S5","T1","P. effusa",7.042,">5cm-14cm"
"308",781,"S5","T1","P. meandrina",7.042,">5cm-14cm"
"309",783,"S5","T1","P. meandrina",4.37733333333333,">2cm-5cm"
"310",784,"S5","T1","P. effusa",1.94266666666667,"0-2cm"
"311",785,"S5","T1","P. tuahiniensis",3.919,">2cm-5cm"
"312",786,"S5","T1","P. meandrina",0.811,"0-2cm"
"313",787,"S5","T1","P. tuahiniensis",100,">14cm"
"314",788,"S5","T1","P. meandrina",3.779,">2cm-5cm"
"315",789,"S5","T1","P. tuahiniensis",100,">14cm"
"316",790,"S5","T1","P. effusa",1.131,"0-2cm"
"317",791,"S5","T1","P. grandis",1.55933333333333,"0-2cm"
"318",792,"S5","T1","P. meandrina",4.617,">2cm-5cm"
"319",794,"S5","T1","P. effusa",3.012,">2cm-5cm"
"320",795,"S5","T1","P. grandis",3.09166666666667,">2cm-5cm"
"321",796,"S5","T1","P. acuta",1.104,"0-2cm"
"322",797,"S5","T1","P. meandrina",11.0713333333333,">5cm-14cm"
"323",799,"S3","T6","P. meandrina",1.55066666666667,"0-2cm"
"324",800,"S3","T6","P. tuahiniensis",150,">14cm"
"325",801,"S3","T6","P. acuta",1.29833333333333,"0-2cm"
"326",802,"S3","T6","P. meandrina",1.42533333333333,"0-2cm"
"327",804,"S5","T1","P. effusa",1.01666666666667,"0-2cm"
"328",805,"S5","T1","P. effusa",1.54233333333333,"0-2cm"
"329",806,"S5","T1","P. meandrina",8.51866666666667,">5cm-14cm"
"330",807,"S5","T1","P. meandrina",1.74833333333333,"0-2cm"
"331",808,"S5","T1","P. meandrina",2.288,">2cm-5cm"
"332",809,"S5","T1","P. tuahiniensis",1.64666666666667,"0-2cm"
"333",810,"S5","T1","P. effusa",3.722,">2cm-5cm"
"334",811,"S5","T1","P. meandrina",0.717666666666667,"0-2cm"
"335",812,"S5","T1","P. meandrina",1.16966666666667,"0-2cm"
"336",814,"S5","T1","P. meandrina",7.46566666666667,">5cm-14cm"
"337",815,"S5","T1","P. grandis",1.73333333333333,"0-2cm"
"338",816,"S5","T1","P. tuahiniensis",2.40433333333333,">2cm-5cm"
"339",818,"S5","T1","P. meandrina",12.237,">5cm-14cm"
"340",819,"S5","T1","P. meandrina",0.906333333333333,"0-2cm"
"341",820,"S5","T1","P. meandrina",1.27966666666667,"0-2cm"
"342",821,"S5","T1","P. grandis",3.019,">2cm-5cm"
"343",822,"S5","T1","P. meandrina",17.022,">14cm"
"344",823,"S5","T1","P. meandrina",3.33566666666667,">2cm-5cm"
"345",824,"S5","T1","P. effusa",2.109,">2cm-5cm"
"346",825,"S5","T1","P. grandis",15.3566666666667,">14cm"
"347",826,"S5","T1","P. verrucosa",7.193,">5cm-14cm"
"348",827,"S5","T1","P. meandrina",1.434,"0-2cm"
"349",828,"S5","T1","P. verrucosa",100,">14cm"
"350",829,"S5","T1","P. grandis",13.16,">5cm-14cm"
"351",830,"S5","T1","P. tuahiniensis",15.323,">14cm"
"352",831,"S5","T1","P. effusa",2.47166666666667,">2cm-5cm"
"353",832,"S3","T4","P. effusa",5.475,">5cm-14cm"
"354",833,"S5","T1","P. verrucosa",4.92566666666667,">2cm-5cm"
"355",834,"S5","T1","P. meandrina",2.29733333333333,">2cm-5cm"
"356",835,"S5","T1","P. grandis",2.10933333333333,">2cm-5cm"
"357",836,"S5","T1","P. meandrina",2.024,">2cm-5cm"
"358",837,"S3","T5","P. verrucosa",100,">14cm"
"359",838,"S5","T1","P. effusa",1.76566666666667,"0-2cm"
"360",839,"S3","T5","P. meandrina",12.562,">5cm-14cm"
"361",840,"S3","T5","P. meandrina",100,">14cm"
"362",841,"S3","T5","P. meandrina",15.279,">14cm"
"363",842,"S3","T5","P. meandrina",17.19,">14cm"
"364",843,"S3","T4","P. tuahiniensis",6.46833333333333,">5cm-14cm"
"365",844,"S3","T4","P. effusa",3.82733333333333,">2cm-5cm"
"366",845,"S3","T4","P. meandrina",2.674,">2cm-5cm"
"367",846,"S3","T4","P. verrucosa",4.393,">2cm-5cm"
"368",847,"S3","T4","P. grandis",23.847,">14cm"
"369",848,"S3","T4","P. meandrina",2.68166666666667,">2cm-5cm"
"370",849,"S3","T4","P. tuahiniensis",5.94133333333333,">5cm-14cm"
"371",849,"S3","T4","P. effusa",5.94133333333333,">5cm-14cm"
"372",850,"S3","T4","P. tuahiniensis",12.0643333333333,">5cm-14cm"
"373",851,"S3","T4","P. tuahiniensis",100,">14cm"
"374",852,"S3","T4","P. effusa",0.873333333333333,"0-2cm"
"375",853,"S3","T4","P. meandrina",1.90833333333333,"0-2cm"
"376",854,"S3","T4","P. grandis",15.579,">14cm"
"377",855,"S3","T4","P. grandis",1.549,"0-2cm"
"378",856,"S3","T4","P. effusa",2.86633333333333,">2cm-5cm"
"379",857,"S3","T4","P. effusa",2.776,">2cm-5cm"
"380",858,"S3","T4","P. acuta",1.275,"0-2cm"
"381",859,"S3","T4","P. tuahiniensis",1.48166666666667,"0-2cm"
"382",860,"S3","T4","P. meandrina",2.97966666666667,">2cm-5cm"
"383",861,"S3","T4","P. meandrina",17.8766666666667,">14cm"
"384",862,"S3","T4","P. effusa",3.09566666666667,">2cm-5cm"
"385",863,"S3","T4","P. meandrina",3.746,">2cm-5cm"
"386",864,"S3","T4","P. tuahiniensis",22.2796666666667,">14cm"
"387",865,"S3","T4","P. meandrina",16.6436666666667,">14cm"
"388",866,"S3","T4","P. meandrina",5.15766666666667,">5cm-14cm"
"389",867,"S3","T4","P. grandis",3.03233333333333,">2cm-5cm"
"390",868,"S3","T4","P. meandrina",5.27566666666667,">5cm-14cm"
"391",869,"S3","T3","P. meandrina",1.567,"0-2cm"
"392",870,"S5","T1","P. grandis",4.80333333333333,">2cm-5cm"
"393",871,"S5","T1","P. verrucosa",7.12066666666667,">5cm-14cm"
"394",872,"S5","T1","P. meandrina",6.24366666666667,">5cm-14cm"
"395",873,"S5","T1","P. meandrina",2.67933333333333,">2cm-5cm"
"396",874,"S5","T1","P. grandis",2.26466666666667,">2cm-5cm"
"397",875,"S5","T1","P. meandrina",3.34366666666667,">2cm-5cm"
"398",876,"S5","T1","P. meandrina",1.85433333333333,"0-2cm"
"399",877,"S5","T1","P. effusa",1.51233333333333,"0-2cm"
"400",877,"S5","T1","P. effusa",1.51233333333333,"0-2cm"
"401",877,"S5","T1","P. acuta",1.51233333333333,"0-2cm"
"402",877,"S5","T1","P. acuta",1.51233333333333,"0-2cm"
"403",878,"S5","T1","P. meandrina",4.19666666666667,">2cm-5cm"
"404",879,"S5","T1","P. tuahiniensis",1.90966666666667,"0-2cm"
"405",880,"S5","T1","P. acuta",1.39433333333333,"0-2cm"
"406",881,"S5","T1","P. meandrina",2.42566666666667,">2cm-5cm"
"407",882,"S5","T1","P. meandrina",2.11533333333333,">2cm-5cm"
"408",883,"S5","T1","P. verrucosa",20.397,">14cm"
"409",884,"S5","T1","P. meandrina",1.87333333333333,"0-2cm"
"410",885,"S5","T1","P. meandrina",1.137,"0-2cm"
"411",887,"S5","T1","P. tuahiniensis",1.12766666666667,"0-2cm"
"412",889,"S5","T1","P. meandrina",2.99266666666667,">2cm-5cm"
"413",890,"S5","T1","P. effusa",1.87,"0-2cm"
"414",891,"S5","T1","P. meandrina",13.313,">5cm-14cm"
"415",892,"S5","T1","P. meandrina",4.45933333333333,">2cm-5cm"
"416",893,"S5","T1","P. meandrina",8.735,">5cm-14cm"
"417",894,"S3","T5","P. meandrina",2.45633333333333,">2cm-5cm"
"418",895,"S5","T1","P. meandrina",4.42633333333333,">2cm-5cm"
"419",896,"S5","T1","P. effusa",2.73166666666667,">2cm-5cm"
"420",897,"S5","T1","P. meandrina",2.10633333333333,">2cm-5cm"
"421",898,"S5","T1","P. verrucosa",1.374,"0-2cm"
"422",900,"S3","T6","P. meandrina",1.57066666666667,"0-2cm"
"423",901,"S3","T6","P. meandrina",6.98166666666667,">5cm-14cm"
"424",902,"S5","T1","P. meandrina",7.541,">5cm-14cm"
"425",903,"S3","T5","P. tuahiniensis",1.16566666666667,"0-2cm"
"426",904,"S3","T5","P. meandrina",5.364,">5cm-14cm"
"427",905,"S3","T5","P. grandis",2.85666666666667,">2cm-5cm"
"428",906,"S3","T3","P. effusa",3.574,">2cm-5cm"
"429",907,"S5","T2","P. acuta",1.66466666666667,"0-2cm"
"430",908,"S5","T2","P. effusa",2.51633333333333,">2cm-5cm"
"431",909,"S5","T1","P. tuahiniensis",1.16566666666667,"0-2cm"
"432",910,"S5","T1","P. effusa",2.76233333333333,">2cm-5cm"
"433",911,"S5","T2","P. meandrina",1.69233333333333,"0-2cm"
"434",912,"S5","T2","P. meandrina",4.258,">2cm-5cm"
"435",913,"S5","T2","P. meandrina",4.19433333333333,">2cm-5cm"
"436",914,"S5","T2","P. effusa",3.16166666666667,">2cm-5cm"
"437",915,"S5","T2","P. meandrina",13.974,">5cm-14cm"
"438",916,"S5","T1","P. meandrina",3.30533333333333,">2cm-5cm"
"439",917,"S5","T2","P. meandrina",3.22066666666667,">2cm-5cm"
"440",918,"S5","T1","P. meandrina",2.73566666666667,">2cm-5cm"
"441",919,"S5","T2","P. meandrina",1.62666666666667,"0-2cm"
"442",920,"S5","T1","P. tuahiniensis",0.941333333333333,"0-2cm"
"443",923,"S5","T1","P. tuahiniensis",5.77133333333333,">5cm-14cm"
"444",925,"S5","T1","P. meandrina",1.64266666666667,"0-2cm"
"445",926,"S5","T1","P. tuahiniensis",2.965,">2cm-5cm"
"446",927,"S5","T1","P. tuahiniensis",5.446,">5cm-14cm"
"447",928,"S5","T1","P. meandrina",7.87,">5cm-14cm"
"448",929,"S5","T3","P. grandis",2.05866666666667,">2cm-5cm"
"449",930,"S5","T3","P. verrucosa",16.586,">14cm"
"450",931,"S5","T3","P. tuahiniensis",16.8576666666667,">14cm"
"451",933,"S5","T3","P. grandis",4.79633333333333,">2cm-5cm"
"452",934,"S5","T3","P. effusa",2.672,">2cm-5cm"
"453",935,"S5","T2","P. grandis",0.950333333333333,"0-2cm"
"454",936,"S5","T3","P. meandrina",2.60033333333333,">2cm-5cm"
"455",937,"S5","T3","P. meandrina",7.32733333333333,">5cm-14cm"
"456",938,"S5","T3","P. tuahiniensis",3.284,">2cm-5cm"
"457",940,"S5","T3","P. verrucosa",10.8356666666667,">5cm-14cm"
"458",941,"S5","T3","P. verrucosa",100,">14cm"
"459",943,"S5","T3","P. grandis",100,">14cm"
"460",944,"S5","T3","P. effusa",1.89166666666667,"0-2cm"
"461",945,"S5","T3","P. meandrina",1.96233333333333,"0-2cm"
"462",946,"S5","T3","P. grandis",3.48733333333333,">2cm-5cm"
"463",947,"S5","T3","P. meandrina",1.90233333333333,"0-2cm"
"464",948,"S5","T3","P. grandis",3.53833333333333,">2cm-5cm"
"465",949,"S5","T3","P. grandis",1.98066666666667,"0-2cm"
"466",950,"S5","T3","P. grandis",0.793333333333333,"0-2cm"
"467",951,"S5","T3","P. grandis",0.902666666666667,"0-2cm"
"468",952,"S5","T3","P. grandis",2.73733333333333,">2cm-5cm"
"469",953,"S5","T3","P. grandis",0.695666666666667,"0-2cm"
"470",954,"S5","T3","P. grandis",1.419,"0-2cm"
"471",955,"S5","T2","P. tuahiniensis",7.47066666666667,">5cm-14cm"
"472",956,"S5","T2","P. meandrina",3.88533333333333,">2cm-5cm"
"473",957,"S5","T2","P. meandrina",0.381333333333333,"0-2cm"
"474",958,"S5","T2","P. effusa",4.87033333333333,">2cm-5cm"
"475",959,"S5","T2","P. effusa",4.10133333333333,">2cm-5cm"
"476",960,"S5","T2","P. meandrina",5.17066666666667,">5cm-14cm"
"477",961,"S5","T2","P. meandrina",1.01333333333333,"0-2cm"
"478",962,"S5","T2","P. meandrina",1.53766666666667,"0-2cm"
"479",963,"S5","T2","P. meandrina",0.806,"0-2cm"
"480",964,"S5","T2","P. meandrina",2.561,">2cm-5cm"
"481",965,"S5","T2","P. effusa",1.998,"0-2cm"
"482",966,"S5","T2","P. effusa",6.51533333333333,">5cm-14cm"
"483",967,"S5","T2","P. effusa",5.06866666666667,">5cm-14cm"
"484",968,"S5","T2","P. effusa",4.13766666666667,">2cm-5cm"
"485",969,"S5","T2","P. effusa",1.93833333333333,"0-2cm"
"486",970,"S5","T2","P. tuahiniensis",12.344,">5cm-14cm"
"487",972,"S5","T2","P. tuahiniensis",100,">14cm"
"488",974,"S5","T2","P. effusa",4.35166666666667,">2cm-5cm"
"489",975,"S5","T2","P. effusa",1.852,"0-2cm"
"490",977,"S5","T2","P. meandrina",1.77433333333333,"0-2cm"
"491",978,"S5","T2","P. meandrina",13.6293333333333,">5cm-14cm"
"492",980,"S5","T2","P. tuahiniensis",7.09833333333333,">5cm-14cm"
"493",981,"S5","T2","P. effusa",1.85166666666667,"0-2cm"
"494",982,"S5","T2","P. effusa",1.33166666666667,"0-2cm"
"495",983,"S5","T2","P. meandrina",1.46866666666667,"0-2cm"
"496",984,"S5","T2","P. meandrina",0.606333333333333,"0-2cm"
"497",985,"S5","T2","P. effusa",1.68533333333333,"0-2cm"
"498",985,"S5","T2","P. acuta",1.68533333333333,"0-2cm"
"499",986,"S5","T2","P. tuahiniensis",0.943666666666667,"0-2cm"
"500",987,"S5","T2","P. meandrina",20.431,">14cm"
"501",988,"S5","T2","P. grandis",1.50133333333333,"0-2cm"
"502",990,"S5","T2","P. meandrina",18.0683333333333,">14cm"
"503",991,"S5","T2","P. meandrina",11.1923333333333,">5cm-14cm"
"504",992,"S5","T2","P. tuahiniensis",1.589,"0-2cm"
"505",993,"S5","T2","P. tuahiniensis",100,">14cm"
"506",994,"S5","T2","P. grandis",100,">14cm"
"507",995,"S5","T2","P. meandrina",11.9613333333333,">5cm-14cm"
"508",996,"S5","T2","P. meandrina",100,">14cm"
"509",997,"S5","T2","P. meandrina",6.99166666666667,">5cm-14cm"
"510",998,"S5","T2","P. meandrina",100,">14cm"
"511",999,"S5","T2","P. meandrina",100,">14cm"
"512",1000,"S5","T2","P. meandrina",100,">14cm"
"513",1001,"S5","T2","P. meandrina",2.03933333333333,">2cm-5cm"
"514",1002,"S5","T2","P. grandis",1.48766666666667,"0-2cm"
"515",1003,"S5","T2","P. meandrina",0.374333333333333,"0-2cm"
"516",1004,"S5","T2","P. meandrina",0.956,"0-2cm"
"517",1005,"S5","T2","P. effusa",2.26733333333333,">2cm-5cm"
"518",1006,"S5","T2","P. meandrina",2.38133333333333,">2cm-5cm"
"519",1008,"S5","T2","P. meandrina",12.751,">5cm-14cm"
"520",1009,"S5","T2","P. effusa",2.78866666666667,">2cm-5cm"
"521",1010,"S5","T2","P. meandrina",3.339,">2cm-5cm"
"522",1011,"S5","T2","P. grandis",2.05433333333333,">2cm-5cm"
"523",1012,"S5","T2","P. meandrina",9.32,">5cm-14cm"
"524",1013,"S5","T2","P. verrucosa",15.7176666666667,">14cm"
"525",1014,"S5","T2","P. effusa",2.46,">2cm-5cm"
"526",1015,"S5","T2","P. meandrina",12.1956666666667,">5cm-14cm"
"527",1016,"S5","T2","P. meandrina",14.3716666666667,">14cm"
"528",1017,"S5","T2","P. verrucosa",100,">14cm"
"529",1018,"S5","T2","P. verrucosa",7.85733333333333,">5cm-14cm"
"530",1019,"S5","T2","P. verrucosa",2.63966666666667,">2cm-5cm"
"531",1020,"S5","T2","P. effusa",1.41066666666667,"0-2cm"
"532",1021,"S5","T2","P. acuta",1.166,"0-2cm"
"533",1022,"S5","T2","P. meandrina",11.3866666666667,">5cm-14cm"
"534",1023,"S5","T2","P. verrucosa",3.67333333333333,">2cm-5cm"
"535",1024,"S5","T2","P. effusa",2.49133333333333,">2cm-5cm"
"536",1024,"S5","T2","P. effusa",1.60333333333333,"0-2cm"
"537",1025,"S5","T2","P. meandrina",7.92133333333333,">5cm-14cm"
"538",1026,"S5","T2","P. meandrina",1.11933333333333,"0-2cm"
"539",1027,"S5","T2","P. verrucosa",3.27766666666667,">2cm-5cm"
"540",1028,"S5","T2","P. verrucosa",100,">14cm"
"541",1029,"S5","T2","P. meandrina",2.055,">2cm-5cm"
"542",1030,"S5","T2","P. meandrina",1.56333333333333,"0-2cm"
"543",1031,"S5","T2","P. effusa",2.119,">2cm-5cm"
"544",1032,"S5","T2","P. meandrina",10.1283333333333,">5cm-14cm"
"545",1033,"S5","T2","P. tuahiniensis",1.10433333333333,"0-2cm"
"546",1034,"S5","T2","P. grandis",1.41633333333333,"0-2cm"
"547",1035,"S5","T2","P. tuahiniensis",13.479,">5cm-14cm"
"548",1036,"S5","T2","P. tuahiniensis",17.5686666666667,">14cm"
"549",1037,"S5","T2","P. meandrina",8.47966666666667,">5cm-14cm"
"550",1038,"S5","T2","P. effusa",1.50433333333333,"0-2cm"
"551",1039,"S5","T2","P. meandrina",2.45566666666667,">2cm-5cm"
"552",1040,"S5","T2","P. effusa",4.24366666666667,">2cm-5cm"
"553",1041,"S5","T2","P. meandrina",5.57866666666667,">5cm-14cm"
"554",1042,"S5","T2","P. effusa",1.198,"0-2cm"
"555",1043,"S5","T2","P. meandrina",2.953,">2cm-5cm"
"556",1044,"S5","T2","P. meandrina",7.626,">5cm-14cm"
"557",1045,"S5","T2","P. acuta",2.46133333333333,">2cm-5cm"
"558",1046,"S5","T2","P. tuahiniensis",100,">14cm"
"559",1047,"S5","T2","P. meandrina",1.68433333333333,"0-2cm"
"560",1047,"S5","T2","P. meandrina",2.36133333333333,">2cm-5cm"
"561",1047,"S5","T3","P. meandrina",1.68433333333333,"0-2cm"
"562",1047,"S5","T3","P. meandrina",2.36133333333333,">2cm-5cm"
"563",1048,"S5","T2","P. effusa",1.59433333333333,"0-2cm"
"564",1049,"S5","T2","P. acuta",0.701333333333333,"0-2cm"
"565",1050,"S5","T2","P. meandrina",1.60433333333333,"0-2cm"
"566",1051,"S5","T3","P. grandis",100,">14cm"
"567",1052,"S5","T2","P. meandrina",2.177,">2cm-5cm"
"568",1053,"S5","T2","P. meandrina",10.6453333333333,">5cm-14cm"
"569",1054,"S5","T2","P. meandrina",4.551,">2cm-5cm"
"570",1055,"S5","T2","P. acuta",0.804,"0-2cm"
"571",1057,"S5","T3","P. grandis",2.445,">2cm-5cm"
"572",1059,"S5","T3","P. effusa",2.41266666666667,">2cm-5cm"
"573",1060,"S5","T3","P. meandrina",16.581,">14cm"
"574",1061,"S5","T3","P. meandrina",4.21133333333333,">2cm-5cm"
"575",1062,"S5","T3","P. meandrina",10.729,">5cm-14cm"
"576",1063,"S5","T3","P. meandrina",3.42566666666667,">2cm-5cm"
"577",1064,"S5","T3","P. meandrina",6.931,">5cm-14cm"
"578",1065,"S5","T3","P. meandrina",11.3493333333333,">5cm-14cm"
"579",1067,"S5","T3","P. grandis",1.13233333333333,"0-2cm"
"580",1068,"S5","T3","P. meandrina",1.162,"0-2cm"
"581",1069,"S5","T3","P. effusa",0.798333333333333,"0-2cm"
"582",1070,"S5","T3","P. verrucosa",1.20166666666667,"0-2cm"
"583",1071,"S5","T3","P. meandrina",0.823,"0-2cm"
"584",1072,"S5","T3","P. tuahiniensis",5.42866666666667,">5cm-14cm"
"585",1073,"S5","T3","P. tuahiniensis",11.093,">5cm-14cm"
"586",1074,"S5","T3","P. meandrina",5.35633333333333,">5cm-14cm"
"587",1075,"S5","T3","P. meandrina",2.62433333333333,">2cm-5cm"
"588",1076,"S5","T3","P. meandrina",2.22033333333333,">2cm-5cm"
"589",1077,"S5","T3","P. effusa",1.09966666666667,"0-2cm"
"590",1078,"S5","T3","P. grandis",1.84033333333333,"0-2cm"
"591",1079,"S5","T3","P. grandis",0.804,"0-2cm"
"592",1080,"S5","T3","P. effusa",1.51566666666667,"0-2cm"
"593",1081,"S5","T3","P. meandrina",1.02633333333333,"0-2cm"
"594",1082,"S5","T3","P. acuta",0.955333333333333,"0-2cm"
"595",1083,"S5","T3","P. meandrina",1.45766666666667,"0-2cm"
"596",1084,"S5","T3","P. grandis",1.43166666666667,"0-2cm"
"597",1085,"S5","T3","P. effusa",3.30733333333333,">2cm-5cm"
"598",1086,"S5","T3","P. verrucosa",1.13133333333333,"0-2cm"
"599",1087,"S5","T3","P. meandrina",2.615,">2cm-5cm"
"600",1088,"S5","T2","P. effusa",2.38666666666667,">2cm-5cm"
"601",1089,"S5","T2","P. meandrina",0.924333333333333,"0-2cm"
"602",1090,"S5","T2","P. meandrina",3.28233333333333,">2cm-5cm"
"603",1091,"S5","T2","P. effusa",0.942,"0-2cm"
"604",1092,"S5","T2","P. effusa",2.28733333333333,">2cm-5cm"
"605",1093,"S5","T2","P. effusa",1.95133333333333,"0-2cm"
"606",1094,"S5","T2","P. effusa",2.885,">2cm-5cm"
"607",1095,"S5","T2","P. effusa",2.27233333333333,">2cm-5cm"
"608",1096,"S5","T2","P. verrucosa",10.82,">5cm-14cm"
"609",1097,"S5","T2","P. effusa",2.67533333333333,">2cm-5cm"
"610",1098,"S5","T2","P. grandis",17.4413333333333,">14cm"
"611",1099,"S5","T2","P. effusa",2.788,">2cm-5cm"
"612",1100,"S5","T2","P. effusa",2.69066666666667,">2cm-5cm"
"613",1101,"S5","T2","P. meandrina",8.80633333333333,">5cm-14cm"
"614",1102,"S5","T2","P. meandrina",4.715,">2cm-5cm"
"615",1103,"S5","T2","P. meandrina",13.2536666666667,">5cm-14cm"
"616",1104,"S5","T2","P. verrucosa",100,">14cm"
"617",1105,"S5","T2","P. meandrina",1.30266666666667,"0-2cm"
"618",1106,"S5","T2","P. tuahiniensis",2.156,">2cm-5cm"
"619",1107,"S5","T2","P. tuahiniensis",2.01233333333333,">2cm-5cm"
"620",1108,"S5","T2","P. effusa",9.36433333333333,">5cm-14cm"
"621",1109,"S5","T3","P. grandis",2.956,">2cm-5cm"
"622",1110,"S5","T3","P. effusa",3.31533333333333,">2cm-5cm"
"623",1111,"S5","T3","P. meandrina",2.91033333333333,">2cm-5cm"
"624",1113,"S5","T3","P. meandrina",100,">14cm"
"625",1114,"S5","T3","P. meandrina",1.06133333333333,"0-2cm"
"626",1115,"S5","T3","P. grandis",1.398,"0-2cm"
"627",1116,"S5","T3","P. meandrina",1.16466666666667,"0-2cm"
"628",1117,"S5","T3","P. effusa",1.57766666666667,"0-2cm"
"629",1118,"S5","T3","P. meandrina",1.71533333333333,"0-2cm"
"630",1119,"S5","T3","P. effusa",2.275,">2cm-5cm"
"631",1120,"S5","T3","P. acuta",2.064,">2cm-5cm"
"632",1121,"S5","T3","P. effusa",3.693,">2cm-5cm"
"633",1123,"S5","T3","P. meandrina",0.931333333333333,"0-2cm"
"634",1125,"S5","T3","P. meandrina",8.71466666666667,">5cm-14cm"
"635",1126,"S5","T3","P. effusa",2.803,">2cm-5cm"
"636",1127,"S5","T3","P. effusa",2.755,">2cm-5cm"
"637",1128,"S5","T3","P. meandrina",7.29033333333333,">5cm-14cm"
"638",1129,"S5","T3","P. meandrina",2.342,">2cm-5cm"
"639",1130,"S5","T3","P. tuahiniensis",100,">14cm"
"640",1131,"S5","T3","P. tuahiniensis",100,">14cm"
"641",1132,"S5","T3","P. tuahiniensis",4.15633333333333,">2cm-5cm"
"642",1134,"S5","T3","P. tuahiniensis",1.89966666666667,"0-2cm"
"643",1135,"S5","T3","P. meandrina",2.218,">2cm-5cm"
"644",1136,"S5","T3","P. meandrina",1.47133333333333,"0-2cm"
"645",1137,"S5","T3","P. meandrina",1.4,"0-2cm"
"646",1138,"S5","T3","P. verrucosa",11.5346666666667,">5cm-14cm"
"647",1139,"S5","T3","P. meandrina",6.72866666666667,">5cm-14cm"
"648",1140,"S5","T3","P. meandrina",2.497,">2cm-5cm"
"649",1141,"S5","T3","P. effusa",5.33533333333333,">5cm-14cm"
"650",1142,"S5","T3","P. effusa",2.201,">2cm-5cm"
"651",1143,"S5","T3","P. effusa",2.496,">2cm-5cm"
"652",1144,"S5","T3","P. effusa",2.20166666666667,">2cm-5cm"
"653",1145,"S5","T3","P. meandrina",1.284,"0-2cm"
"654",1146,"S5","T3","P. meandrina",2.92033333333333,">2cm-5cm"
"655",1147,"S5","T3","P. effusa",2.034,">2cm-5cm"
"656",1153,"S5","T3","P. meandrina",6.92133333333333,">5cm-14cm"
"657",1156,"S5","T3","P. effusa",2.05466666666667,">2cm-5cm"
"658",1157,"S5","T4","P. verrucosa",5.07266666666667,">5cm-14cm"
"659",1158,"S5","T3","P. effusa",1.68166666666667,"0-2cm"
"660",1160,"S5","T3","P. meandrina",19.1713333333333,">14cm"
"661",1161,"S5","T2","P. tuahiniensis",1.58033333333333,"0-2cm"
"662",1162,"S5","T2","P. meandrina",4.83166666666667,">2cm-5cm"
"663",1163,"S5","T2","P. grandis",0.956333333333333,"0-2cm"
"664",1164,"S5","T2","P. tuahiniensis",2.04233333333333,">2cm-5cm"
"665",1165,"S5","T2","P. grandis",100,">14cm"
"666",1166,"S5","T2","P. meandrina",8.95433333333333,">5cm-14cm"
"667",1167,"S5","T2","P. effusa",8.04033333333333,">5cm-14cm"
"668",1168,"S5","T2","P. effusa",5.563,">5cm-14cm"
"669",1169,"S5","T2","P. effusa",3.605,">2cm-5cm"
"670",1170,"S5","T2","P. effusa",1.23333333333333,"0-2cm"
"671",1171,"S5","T2","P. meandrina",100,">14cm"
"672",1173,"S5","T2","P. verrucosa",17.3936666666667,">14cm"
"673",1174,"S5","T2","P. verrucosa",100,">14cm"
"674",1175,"S5","T2","P. effusa",1.588,"0-2cm"
"675",1176,"S5","T2","P. acuta",3.05666666666667,">2cm-5cm"
"676",1177,"S5","T2","P. meandrina",1.886,"0-2cm"
"677",1178,"S5","T2","P. verrucosa",100,">14cm"
"678",1179,"S5","T2","P. meandrina",100,">14cm"
"679",1180,"S5","T2","P. meandrina",1.04266666666667,"0-2cm"
"680",1181,"S5","T2","P. meandrina",14.35,">14cm"
"681",1182,"S5","T2","P. effusa",5.20633333333333,">5cm-14cm"
"682",1189,"S5","T4","P. meandrina",1.21566666666667,"0-2cm"
"683",1197,"S5","T4","P. meandrina",2.40166666666667,">2cm-5cm"
"684",1202,"S5","T4","P. tuahiniensis",1.43966666666667,"0-2cm"
"685",1214,"S5","T4","P. grandis",8.234,">5cm-14cm"
"686",1218,"S5","T4","P. meandrina",1.21233333333333,"0-2cm"
"687",1221,"S5","T4","P. meandrina",1.29933333333333,"0-2cm"
"688",1222,"S5","T4","P. meandrina",3.61566666666667,">2cm-5cm"
"689",1223,"S5","T4","P. grandis",1.618,"0-2cm"
"690",1225,"S5","T4","P. meandrina",1.34733333333333,"0-2cm"
"691",1230,"S5","T4","P. effusa",1.17766666666667,"0-2cm"
"692",1261,"S5","T4","P. tuahiniensis",1.88966666666667,"0-2cm"
"693",1265,"S5","T4","P. effusa",1.86966666666667,"0-2cm"
"694",1266,"S5","T4","P. meandrina",4.53566666666667,">2cm-5cm"
"695",1267,"S5","T4","P. verrucosa",2.32133333333333,">2cm-5cm"
"696",1297,"S5","T5","P. meandrina",2.94733333333333,">2cm-5cm"
"697",1317,"S15","T1","P. tuahiniensis",18.6966666666667,">14cm"
"698",1318,"S15","T1","P. grandis",29.5626666666667,">14cm"
"699",1319,"S15","T1","P. effusa",2.216,">2cm-5cm"
"700",1320,"S15","T1","P. verrucosa",21.811,">14cm"
"701",1321,"S15","T1","P. meandrina",26.5696666666667,">14cm"
"702",1322,"S15","T1","P. meandrina",0.75,"0-2cm"
"703",1325,"S15","T1","P. grandis",5.58433333333333,">5cm-14cm"
"704",1335,"S5","T5","P. meandrina",2.732,">2cm-5cm"
"705",1348,"S15","T1","P. meandrina",1.46766666666667,"0-2cm"
"706",1349,"S2","T1","P. meandrina",100,">14cm"
"707",1352,"S2","T1","P. tuahiniensis",2.13833333333333,">2cm-5cm"
"708",1353,"S2","T1","P. meandrina",2.327,">2cm-5cm"
"709",1354,"S2","T1","P. effusa",0.989333333333333,"0-2cm"
"710",1355,"S2","T1","P. grandis",1.893,"0-2cm"
"711",1356,"S2","T1","P. meandrina",100,">14cm"
"712",1357,"S2","T1","P. meandrina",1.78433333333333,"0-2cm"
"713",1358,"S2","T1","P. grandis",1.86833333333333,"0-2cm"
"714",1361,"S5","T6","P. meandrina",2.121,">2cm-5cm"
"715",1365,"S5","T6","P. effusa",1.391,"0-2cm"
"716",1366,"S5","T6","P. tuahiniensis",1.46566666666667,"0-2cm"
"717",1367,"S5","T6","P. effusa",1.404,"0-2cm"
"718",1368,"S5","T6","P. meandrina",17.9526666666667,">14cm"
"719",1369,"S5","T6","P. meandrina",0.744666666666667,"0-2cm"
"720",1372,"S5","T6","P. meandrina",1.693,"0-2cm"
"721",1374,"S5","T6","P. effusa",1.28233333333333,"0-2cm"
"722",1375,"S5","T6","P. effusa",3.12066666666667,">2cm-5cm"
"723",1376,"S5","T6","P. effusa",1.40266666666667,"0-2cm"
"724",1378,"S5","T6","P. effusa",1.34433333333333,"0-2cm"
"725",1379,"S5","T6","P. meandrina",1.744,"0-2cm"
"726",1380,"S5","T6","P. meandrina",1.10633333333333,"0-2cm"
"727",1381,"S5","T6","P. effusa",3.10666666666667,">2cm-5cm"
"728",1383,"S5","T6","P. tuahiniensis",15.6576666666667,">14cm"
"729",1385,"S15","T1","P. meandrina",31.415,">14cm"
"730",1386,"S15","T1","P. meandrina",100,">14cm"
"731",1387,"S15","T1","P. meandrina",12.0106666666667,">5cm-14cm"
"732",1388,"S15","T1","P. meandrina",1.739,"0-2cm"
"733",1389,"S15","T1","P. acuta",0.539,"0-2cm"
"734",1390,"S15","T1","P. meandrina",0.386666666666667,"0-2cm"
"735",1391,"S15","T1","P. meandrina",3.40933333333333,">2cm-5cm"
"736",1392,"S15","T1","P. verrucosa",31.112,">14cm"
"737",1393,"S15","T1","P. tuahiniensis",11.102,">5cm-14cm"
"738",1394,"S15","T1","P. meandrina",24.7013333333333,">14cm"
"739",1396,"S15","T1","P. meandrina",17.9076666666667,">14cm"
"740",1397,"S15","T1","P. meandrina",17.0796666666667,">14cm"
"741",1398,"S15","T1","P. meandrina",32.0633333333333,">14cm"
"742",1399,"S15","T1","P. grandis",18.0046666666667,">14cm"
"743",1400,"S15","T1","P. verrucosa",17.077,">14cm"
"744",1401,"S15","T1","P. meandrina",7.15133333333333,">5cm-14cm"
"745",1402,"S15","T1","P. meandrina",4.00566666666667,">2cm-5cm"
"746",1403,"S15","T1","P. meandrina",8.42533333333333,">5cm-14cm"
"747",1404,"S15","T1","P. grandis",1.745,"0-2cm"
"748",1405,"S15","T1","P. meandrina",1.90666666666667,"0-2cm"
"749",1406,"S15","T1","P. meandrina",1.668,"0-2cm"
"750",1408,"S15","T1","P. tuahiniensis",1.27666666666667,"0-2cm"
"751",1409,"S15","T1","P. tuahiniensis",10.5196666666667,">5cm-14cm"
"752",1410,"S15","T1","P. tuahiniensis",1.72366666666667,"0-2cm"
"753",1411,"S15","T1","P. meandrina",1.20466666666667,"0-2cm"
"754",1412,"S15","T1","P. tuahiniensis",100,">14cm"
"755",1413,"S15","T1","P. tuahiniensis",36.4286666666667,">14cm"
"756",1414,"S15","T1","P. tuahiniensis",100,">14cm"
"757",1415,"S15","T1","P. tuahiniensis",100,">14cm"
"758",1416,"S15","T1","P. tuahiniensis",2.53633333333333,">2cm-5cm"
"759",1417,"S15","T1","P. tuahiniensis",3.16433333333333,">2cm-5cm"
"760",1418,"S15","T1","P. meandrina",8.63066666666667,">5cm-14cm"
"761",1420,"S15","T1","P. meandrina",100,">14cm"
"762",1421,"S15","T1","P. meandrina",7.745,">5cm-14cm"
"763",1422,"S15","T1","P. meandrina",1.01233333333333,"0-2cm"
"764",1423,"S15","T1","P. meandrina",7.606,">5cm-14cm"
"765",1424,"S15","T1","P. meandrina",1.19566666666667,"0-2cm"
"766",1425,"S15","T1","P. meandrina",1.574,"0-2cm"
"767",1426,"S15","T1","P. meandrina",4.61566666666667,">2cm-5cm"
"768",1427,"S15","T1","P. meandrina",1.23466666666667,"0-2cm"
"769",1428,"S15","T1","P. meandrina",1.17433333333333,"0-2cm"
"770",1429,"S15","T1","P. meandrina",0.85,"0-2cm"
"771",1430,"S15","T1","P. meandrina",5.998,">5cm-14cm"
"772",1431,"S15","T1","P. tuahiniensis",8.65666666666667,">5cm-14cm"
"773",1432,"S15","T1","P. meandrina",100,">14cm"
"774",1433,"S15","T1","P. meandrina",1.62966666666667,"0-2cm"
"775",1434,"S15","T1","P. verrucosa",1.47733333333333,"0-2cm"
"776",1435,"S15","T1","P. grandis",17.2066666666667,">14cm"
"777",1436,"S15","T1","P. grandis",0.772333333333333,"0-2cm"
"778",1437,"S15","T1","P. tuahiniensis",0.588666666666667,"0-2cm"
"779",1438,"S15","T1","P. tuahiniensis",23.996,">14cm"
"780",1439,"S15","T1","P. meandrina",10.376,">5cm-14cm"
"781",1440,"S15","T1","P. grandis",4.01133333333333,">2cm-5cm"
"782",1442,"S15","T1","P. meandrina",11.5236666666667,">5cm-14cm"
"783",1443,"S15","T1","P. meandrina",1.50866666666667,"0-2cm"
"784",1444,"S15","T1","P. grandis",1.534,"0-2cm"
"785",1445,"S15","T1","P. meandrina",13.0676666666667,">5cm-14cm"
"786",1446,"S15","T1","P. meandrina",1.78266666666667,"0-2cm"
"787",1447,"S15","T1","P. grandis",0.397333333333333,"0-2cm"
"788",1448,"S15","T1","P. tuahiniensis",1.47333333333333,"0-2cm"
"789",1449,"S15","T1","P. tuahiniensis",10.5436666666667,">5cm-14cm"
"790",1450,"S15","T1","P. tuahiniensis",28.9906666666667,">14cm"
"791",1451,"S15","T1","P. tuahiniensis",24.5146666666667,">14cm"
"792",1453,"S15","T1","P. meandrina",3.12166666666667,">2cm-5cm"
"793",1454,"S5","T6","P. meandrina",3.92,">2cm-5cm"
"794",1455,"S5","T6","P. tuahiniensis",1.41666666666667,"0-2cm"
"795",1456,"S5","T6","P. meandrina",20.092,">14cm"
"796",1457,"S5","T6","P. meandrina",6.42233333333333,">5cm-14cm"
"797",1458,"S5","T6","P. meandrina",2.38766666666667,">2cm-5cm"
"798",1460,"S15","T1","P. meandrina",1.494,"0-2cm"
"799",1462,"S5","T6","P. meandrina",2.75333333333333,">2cm-5cm"
"800",1463,"S5","T6","P. effusa",2.04,">2cm-5cm"
"801",1464,"S5","T6","P. meandrina",2.41966666666667,">2cm-5cm"
"802",1465,"S5","T6","P. meandrina",2.026,">2cm-5cm"
"803",1466,"S5","T6","P. tuahiniensis",0.819666666666667,"0-2cm"
"804",1467,"S5","T6","P. tuahiniensis",17.673,">14cm"
"805",1468,"S5","T6","P. meandrina",5.079,">5cm-14cm"
"806",1469,"S5","T6","P. meandrina",5.52466666666667,">5cm-14cm"
"807",1470,"S5","T6","P. meandrina",0.789333333333333,"0-2cm"
"808",1471,"S5","T6","P. meandrina",12.6996666666667,">5cm-14cm"
"809",1472,"S5","T6","P. meandrina",1.01466666666667,"0-2cm"
"810",1473,"S5","T6","P. meandrina",2.72666666666667,">2cm-5cm"
"811",1474,"S5","T6","P. tuahiniensis",2.553,">2cm-5cm"
"812",1475,"S5","T6","P. meandrina",2.51933333333333,">2cm-5cm"
"813",1476,"S5","T6","P. verrucosa",18.31,">14cm"
"814",1477,"S5","T6","P. effusa",1.241,"0-2cm"
"815",1478,"S5","T6","P. meandrina",1.167,"0-2cm"
"816",1479,"S5","T6","P. meandrina",0.842,"0-2cm"
"817",1480,"S5","T6","P. meandrina",2.52,">2cm-5cm"
"818",1481,"S5","T6","P. meandrina",2.668,">2cm-5cm"
"819",1483,"S5","T6","P. tuahiniensis",8.9,">5cm-14cm"
"820",1485,"S5","T6","P. effusa",0.966666666666667,"0-2cm"
"821",1486,"S5","T6","P. meandrina",1.153,"0-2cm"
"822",1487,"S5","T6","P. verrucosa",2.04733333333333,">2cm-5cm"
"823",1488,"S5","T6","P. effusa",1.07033333333333,"0-2cm"
"824",1489,"S5","T6","P. grandis",1.269,"0-2cm"
"825",1490,"S5","T6","P. meandrina",1.69933333333333,"0-2cm"
"826",1491,"S5","T6","P. effusa",1.48966666666667,"0-2cm"
"827",1492,"S5","T6","P. meandrina",1.77966666666667,"0-2cm"
"828",1493,"S5","T6","P. acuta",0.678333333333333,"0-2cm"
"829",1495,"S15","T1","P. meandrina",10.3073333333333,">5cm-14cm"
"830",1496,"S15","T1","P. meandrina",16.2513333333333,">14cm"
"831",1497,"S15","T1","P. meandrina",18.792,">14cm"
"832",1498,"S5","T6","P. meandrina",1.317,"0-2cm"
"833",1499,"S5","T6","P. meandrina",2.656,">2cm-5cm"
"834",1500,"S5","T6","P. meandrina",1.288,"0-2cm"
"835",1501,"S5","T6","P. meandrina",4.10633333333333,">2cm-5cm"
"836",1502,"S5","T6","P. meandrina",9.01,">5cm-14cm"
"837",1503,"S5","T6","P. effusa",1.953,"0-2cm"
"838",1504,"S2","T1","P. meandrina",3.338,">2cm-5cm"
"839",1505,"S2","T1","P. effusa",2.16066666666667,">2cm-5cm"
"840",1506,"S2","T1","P. meandrina",1.051,"0-2cm"
"841",1507,"S2","T1","P. meandrina",2.75666666666667,">2cm-5cm"
"842",1508,"S2","T1","P. meandrina",1.23833333333333,"0-2cm"
"843",1509,"S2","T1","P. effusa",2.52866666666667,">2cm-5cm"
"844",1510,"S2","T1","P. grandis",1.15766666666667,"0-2cm"
"845",1511,"S2","T1","P. grandis",9.647,">5cm-14cm"
"846",1512,"S2","T1","P. effusa",2.43733333333333,">2cm-5cm"
"847",1514,"S2","T1","P. meandrina",2.12133333333333,">2cm-5cm"
"848",1515,"S2","T1","P. meandrina",1.55033333333333,"0-2cm"
"849",1518,"S2","T1","P. tuahiniensis",18.159,">14cm"
"850",1520,"S2","T1","P. effusa",2.74266666666667,">2cm-5cm"
"851",1521,"S2","T1","P. grandis",2.197,">2cm-5cm"
"852",1522,"S5","T6","P. meandrina",5.53133333333333,">5cm-14cm"
"853",1524,"S5","T6","P. meandrina",150,">14cm"
"854",1525,"S5","T6","P. tuahiniensis",1.06366666666667,"0-2cm"
"855",1526,"S5","T6","P. meandrina",14.7703333333333,">14cm"
"856",1527,"S5","T6","P. tuahiniensis",2.65733333333333,">2cm-5cm"
"857",1528,"S5","T6","P. meandrina",3.95633333333333,">2cm-5cm"
"858",1529,"S5","T6","P. meandrina",3.861,">2cm-5cm"
"859",1530,"S5","T6","P. meandrina",20.1383333333333,">14cm"
"860",1531,"S5","T6","P. acuta",5.46833333333333,">5cm-14cm"
"861",1532,"S5","T6","P. meandrina",150,">14cm"
"862",1533,"S5","T6","P. meandrina",12.2323333333333,">5cm-14cm"
"863",1534,"S5","T6","P. grandis",150,">14cm"
"864",1535,"S5","T6","P. grandis",3.955,">2cm-5cm"
"865",1536,"S5","T6","P. meandrina",2.30866666666667,">2cm-5cm"
"866",1537,"S5","T6","P. meandrina",2.13133333333333,">2cm-5cm"
"867",1539,"S5","T6","P. meandrina",7.65233333333333,">5cm-14cm"
"868",1540,"S5","T6","P. meandrina",9.73833333333333,">5cm-14cm"
"869",1542,"S2","T1","P. meandrina",1.07533333333333,"0-2cm"
"870",1543,"S2","T1","P. meandrina",0.837666666666667,"0-2cm"
"871",1545,"S2","T1","P. meandrina",2.68266666666667,">2cm-5cm"
"872",1546,"S2","T1","P. tuahiniensis",6.623,">5cm-14cm"
"873",1547,"S2","T1","P. meandrina",2.30266666666667,">2cm-5cm"
"874",1548,"S2","T1","P. tuahiniensis",5.464,">5cm-14cm"
"875",1549,"S2","T1","P. meandrina",2.153,">2cm-5cm"
"876",1551,"S2","T1","P. meandrina",1.08133333333333,"0-2cm"
"877",1553,"S2","T2","P. meandrina",2.01266666666667,">2cm-5cm"
"878",1555,"S2","T2","P. effusa",1.40766666666667,"0-2cm"
"879",1556,"S2","T2","P. meandrina",2.17633333333333,">2cm-5cm"
"880",1557,"S2","T1","P. grandis",1.84233333333333,"0-2cm"
"881",1561,"S2","T1","P. meandrina",2.02266666666667,">2cm-5cm"
"882",1562,"S2","T1","P. meandrina",0.576666666666667,"0-2cm"
"883",1563,"S2","T1","P. meandrina",0.784666666666667,"0-2cm"
"884",1564,"S2","T1","P. meandrina",0.647,"0-2cm"
"885",1565,"S2","T1","P. meandrina",6.32833333333333,">5cm-14cm"
"886",1567,"S2","T1","P. meandrina",15.121,">14cm"
"887",1568,"S2","T1","P. effusa",2.42866666666667,">2cm-5cm"
"888",1569,"S2","T1","P. meandrina",0.674,"0-2cm"
"889",1570,"S2","T1","P. meandrina",19.186,">14cm"
"890",1571,"S2","T1","P. tuahiniensis",14.089,">14cm"
"891",1572,"S2","T1","P. meandrina",1.907,"0-2cm"
"892",1573,"S2","T1","P. meandrina",0.981,"0-2cm"
"893",1574,"S2","T2","P. tuahiniensis",1.971,"0-2cm"
"894",1575,"S2","T2","P. meandrina",1.19166666666667,"0-2cm"
"895",1576,"S2","T2","P. meandrina",2.29533333333333,">2cm-5cm"
"896",1577,"S2","T2","P. meandrina",0.713666666666667,"0-2cm"
"897",1579,"S2","T2","P. effusa",2.38833333333333,">2cm-5cm"
"898",1580,"S2","T2","P. meandrina",0.878,"0-2cm"
"899",1581,"S2","T2","P. meandrina",2.18133333333333,">2cm-5cm"
"900",1582,"S2","T2","P. meandrina",2.47466666666667,">2cm-5cm"
"901",1583,"S2","T2","P. meandrina",2.473,">2cm-5cm"
"902",1584,"S2","T2","P. meandrina",0.237333333333333,"0-2cm"
"903",1587,"S2","T2","P. meandrina",1.33033333333333,"0-2cm"
"904",1588,"S2","T2","P. effusa",1.08066666666667,"0-2cm"
"905",1589,"S2","T2","P. tuahiniensis",1.34433333333333,"0-2cm"
"906",1590,"S2","T2","P. grandis",1.28033333333333,"0-2cm"
"907",1591,"S5","T6","P. effusa",1.82366666666667,"0-2cm"
"908",1592,"S2","T2","P. grandis",1.981,"0-2cm"
"909",1593,"S2","T2","P. meandrina",2.28366666666667,">2cm-5cm"
"910",1594,"S2","T1","P. effusa",3.11733333333333,">2cm-5cm"
"911",1595,"S2","T1","P. effusa",3.77133333333333,">2cm-5cm"
"912",1597,"S2","T1","P. tuahiniensis",0.922,"0-2cm"
"913",1598,"S2","T1","P. meandrina",1.133,"0-2cm"
"914",1599,"S2","T1","P. meandrina",0.530333333333333,"0-2cm"
"915",1600,"S2","T1","P. effusa",3.854,">2cm-5cm"
"916",1602,"S2","T1","P. effusa",1.53933333333333,"0-2cm"
"917",1603,"S2","T1","P. acuta",2.08733333333333,">2cm-5cm"
"918",1604,"S2","T1","P. effusa",2.37666666666667,">2cm-5cm"
"919",1606,"S2","T1","P. meandrina",1.96433333333333,"0-2cm"
"920",1607,"S2","T1","P. meandrina",1.64833333333333,"0-2cm"
"921",1608,"S2","T1","P. meandrina",1.15366666666667,"0-2cm"
"922",1609,"S2","T1","P. effusa",2.247,">2cm-5cm"
"923",1610,"S2","T1","P. meandrina",1.526,"0-2cm"
"924",1611,"S2","T1","P. effusa",2.75033333333333,">2cm-5cm"
"925",1612,"S2","T1","P. meandrina",1.016,"0-2cm"
"926",1613,"S2","T1","P. meandrina",1.05766666666667,"0-2cm"
"927",1614,"S2","T1","P. meandrina",0.53,"0-2cm"
"928",1615,"S2","T1","P. meandrina",1.65333333333333,"0-2cm"
"929",1616,"S2","T1","P. effusa",2.52166666666667,">2cm-5cm"
"930",1618,"S2","T1","P. meandrina",2.99566666666667,">2cm-5cm"
"931",1619,"S2","T1","P. acuta",0.341666666666667,"0-2cm"
"932",1620,"S2","T1","P. meandrina",3.67133333333333,">2cm-5cm"
"933",1621,"S2","T1","P. meandrina",1.175,"0-2cm"
"934",1622,"S2","T1","P. effusa",1.19,"0-2cm"
"935",1624,"S2","T1","P. meandrina",1.132,"0-2cm"
"936",1625,"S2","T1","P. effusa",3.10866666666667,">2cm-5cm"
"937",1626,"S2","T1","P. meandrina",0.568,"0-2cm"
"938",1627,"S2","T1","P. meandrina",1.00933333333333,"0-2cm"
"939",1628,"S2","T1","P. meandrina",1.509,"0-2cm"
"940",1629,"S2","T1","P. grandis",2.783,">2cm-5cm"
"941",1632,"S2","T1","P. effusa",3.06333333333333,">2cm-5cm"
"942",1633,"S2","T1","P. tuahiniensis",1,"0-2cm"
"943",1634,"S2","T1","P. effusa",0.19,"0-2cm"
"944",1635,"S2","T1","P. meandrina",8.635,">5cm-14cm"
"945",1636,"S2","T1","P. meandrina",1.77166666666667,"0-2cm"
"946",1637,"S2","T1","P. effusa",2.637,">2cm-5cm"
"947",1638,"S2","T1","P. meandrina",2.52333333333333,">2cm-5cm"
"948",1639,"S2","T1","P. meandrina",2.044,">2cm-5cm"
"949",1640,"S2","T1","P. tuahiniensis",2.841,">2cm-5cm"
"950",1641,"S2","T1","P. meandrina",0.991333333333333,"0-2cm"
"951",1642,"S2","T1","P. effusa",1.10266666666667,"0-2cm"
"952",1643,"S2","T1","P. meandrina",1.71633333333333,"0-2cm"
"953",1644,"S2","T1","P. meandrina",0.664666666666667,"0-2cm"
"954",1645,"S2","T1","P. meandrina",1.95466666666667,"0-2cm"
"955",1646,"S2","T1","P. meandrina",1.352,"0-2cm"
"956",1647,"S2","T1","P. meandrina",0.905333333333333,"0-2cm"
"957",1648,"S2","T1","P. grandis",2.19566666666667,">2cm-5cm"
"958",1648,"S2","T1","P. meandrina",2.19566666666667,">2cm-5cm"
"959",1649,"S2","T1","P. meandrina",1.02,"0-2cm"
"960",1650,"S2","T2","P. meandrina",0.854333333333333,"0-2cm"
"961",1651,"S2","T2","P. meandrina",1.87933333333333,"0-2cm"
"962",1652,"S2","T2","P. effusa",2.47666666666667,">2cm-5cm"
"963",1653,"S2","T2","P. meandrina",2.07566666666667,">2cm-5cm"
"964",1654,"S2","T2","P. meandrina",0.534666666666667,"0-2cm"
"965",1655,"S2","T2","P. meandrina",1.12933333333333,"0-2cm"
"966",1656,"S2","T2","P. grandis",0.843,"0-2cm"
"967",1657,"S2","T2","P. grandis",0.740333333333333,"0-2cm"
"968",1658,"S2","T2","P. meandrina",1.665,"0-2cm"
"969",1659,"S2","T2","P. meandrina",1.59533333333333,"0-2cm"
"970",1660,"S2","T2","P. grandis",6.09,">5cm-14cm"
"971",1661,"S2","T2","P. meandrina",3.97066666666667,">2cm-5cm"
"972",1662,"S2","T2","P. meandrina",1.064,"0-2cm"
"973",1663,"S2","T2","P. meandrina",1.10333333333333,"0-2cm"
"974",1664,"S2","T2","P. verrucosa",2.041,">2cm-5cm"
"975",1665,"S2","T2","P. tuahiniensis",1.66766666666667,"0-2cm"
"976",1666,"S2","T2","P. meandrina",0.670666666666667,"0-2cm"
"977",1668,"S2","T2","P. grandis",0.966666666666667,"0-2cm"
"978",1669,"S2","T2","P. tuahiniensis",3.02966666666667,">2cm-5cm"
"979",1670,"S2","T2","P. tuahiniensis",2.32433333333333,">2cm-5cm"
"980",1671,"S2","T2","P. meandrina",2.05266666666667,">2cm-5cm"
"981",1672,"S2","T2","P. grandis",1.81433333333333,"0-2cm"
"982",1673,"S2","T2","P. meandrina",0.979333333333333,"0-2cm"
"983",1675,"S2","T2","P. meandrina",1.199,"0-2cm"
"984",1676,"S2","T2","P. meandrina",2.847,">2cm-5cm"
"985",1678,"S2","T2","P. meandrina",4.05766666666667,">2cm-5cm"
"986",1679,"S2","T2","P. effusa",3.598,">2cm-5cm"
"987",1680,"S2","T2","P. meandrina",2.45533333333333,">2cm-5cm"
"988",1681,"S2","T2","P. effusa",2.80966666666667,">2cm-5cm"
"989",1682,"S2","T2","P. acuta",4.19633333333333,">2cm-5cm"
"990",1683,"S2","T2","P. meandrina",2.06066666666667,">2cm-5cm"
"991",1684,"S2","T2","P. grandis",1.27466666666667,"0-2cm"
"992",1685,"S2","T2","P. meandrina",2.211,">2cm-5cm"
"993",1686,"S2","T2","P. meandrina",1.45433333333333,"0-2cm"
"994",1689,"S2","T2","P. meandrina",1.21833333333333,"0-2cm"
"995",1690,"S2","T2","P. effusa",3.767,">2cm-5cm"
"996",1690,"S2","T2","P. effusa",1.82266666666667,"0-2cm"
"997",1690,"S2","T3","P. effusa",3.767,">2cm-5cm"
"998",1690,"S2","T3","P. effusa",1.82266666666667,"0-2cm"
"999",1690,"S2","T2","P. effusa",3.767,">2cm-5cm"
"1000",1690,"S2","T2","P. effusa",1.82266666666667,"0-2cm"
"1001",1690,"S2","T3","P. effusa",3.767,">2cm-5cm"
"1002",1690,"S2","T3","P. effusa",1.82266666666667,"0-2cm"
"1003",1691,"S2","T2","P. meandrina",1.11833333333333,"0-2cm"
"1004",1692,"S2","T2","P. meandrina",1.30766666666667,"0-2cm"
"1005",1693,"S2","T2","P. grandis",1.96966666666667,"0-2cm"
"1006",1694,"S2","T2","P. tuahiniensis",0.913666666666667,"0-2cm"
"1007",1695,"S2","T3","P. effusa",2.261,">2cm-5cm"
"1008",1697,"S2","T3","P. effusa",0.771333333333333,"0-2cm"
"1009",1698,"S2","T3","P. effusa",9.88466666666667,">5cm-14cm"
"1010",1700,"S2","T3","P. meandrina",2.14566666666667,">2cm-5cm"
"1011",1701,"S2","T3","P. effusa",14.722,">14cm"
"1012",1702,"S2","T3","P. effusa",100,">14cm"
"1013",1703,"S2","T3","P. effusa",6.92566666666667,">5cm-14cm"
"1014",1703,"S2","T3","P. effusa",6.92566666666667,">5cm-14cm"
"1015",1704,"S2","T3","P. meandrina",15.9016666666667,">14cm"
"1016",1705,"S2","T3","P. meandrina",100,">14cm"
"1017",1706,"S2","T3","P. grandis",0.696,"0-2cm"
"1018",1707,"S2","T3","P. effusa",6.26866666666667,">5cm-14cm"
"1019",1708,"S2","T3","P. effusa",3.98633333333333,">2cm-5cm"
"1020",1709,"S2","T3","P. grandis",100,">14cm"
"1021",1710,"S2","T3","P. grandis",100,">14cm"
"1022",1711,"S2","T2","P. meandrina",0.71,"0-2cm"
"1023",1712,"S2","T2","P. tuahiniensis",1.504,"0-2cm"
"1024",1713,"S2","T2","P. effusa",1.89166666666667,"0-2cm"
"1025",1714,"S2","T2","P. effusa",0.740666666666667,"0-2cm"
"1026",1714,"S2","T2","P. meandrina",0.740666666666667,"0-2cm"
"1027",1715,"S2","T2","P. meandrina",1.22866666666667,"0-2cm"
"1028",1716,"S2","T2","P. meandrina",1.43433333333333,"0-2cm"
"1029",1717,"S2","T2","P. meandrina",3.026,">2cm-5cm"
"1030",1718,"S2","T2","P. meandrina",11.1196666666667,">5cm-14cm"
"1031",1719,"S2","T2","P. tuahiniensis",8.879,">5cm-14cm"
"1032",1721,"S2","T2","P. effusa",2.45066666666667,">2cm-5cm"
"1033",1722,"S2","T2","P. effusa",6.576,">5cm-14cm"
"1034",1723,"S2","T2","P. effusa",0.856666666666667,"0-2cm"
"1035",1724,"S2","T2","P. meandrina",0.874666666666667,"0-2cm"
"1036",1725,"S2","T2","P. effusa",2.07166666666667,">2cm-5cm"
"1037",1726,"S2","T2","P. tuahiniensis",3.10033333333333,">2cm-5cm"
"1038",1727,"S2","T2","P. grandis",1.55333333333333,"0-2cm"
"1039",1728,"S2","T2","P. grandis",1.03866666666667,"0-2cm"
"1040",1729,"S2","T2","P. meandrina",0.931333333333333,"0-2cm"
"1041",1730,"S2","T2","P. meandrina",1.52766666666667,"0-2cm"
"1042",1731,"S2","T2","P. meandrina",1.47366666666667,"0-2cm"
"1043",1732,"S2","T2","P. meandrina",0.487333333333333,"0-2cm"
"1044",1733,"S2","T2","P. meandrina",1.48433333333333,"0-2cm"
"1045",1734,"S2","T2","P. meandrina",1.951,"0-2cm"
"1046",1735,"S2","T2","P. meandrina",1.64133333333333,"0-2cm"
"1047",1736,"S2","T2","P. meandrina",0.804666666666667,"0-2cm"
"1048",1737,"S2","T2","P. meandrina",0.921,"0-2cm"
"1049",1738,"S2","T2","P. meandrina",1.42566666666667,"0-2cm"
"1050",1738,"S2","T2","P. meandrina",2.79566666666667,">2cm-5cm"
"1051",1738,"S2","T3","P. meandrina",1.42566666666667,"0-2cm"
"1052",1738,"S2","T3","P. meandrina",2.79566666666667,">2cm-5cm"
"1053",1739,"S2","T2","P. meandrina",0.751333333333334,"0-2cm"
"1054",1740,"S2","T3","P. effusa",1.00933333333333,"0-2cm"
"1055",1741,"S2","T3","P. meandrina",1.93966666666667,"0-2cm"
"1056",1742,"S2","T3","P. meandrina",0.953,"0-2cm"
"1057",1743,"S2","T3","P. meandrina",1.07833333333333,"0-2cm"
"1058",1744,"S2","T3","P. meandrina",0.875666666666667,"0-2cm"
"1059",1745,"S2","T3","P. effusa",0.454333333333333,"0-2cm"
"1060",1746,"S2","T3","P. meandrina",0.291666666666667,"0-2cm"
"1061",1747,"S2","T3","P. meandrina",100,">14cm"
"1062",1748,"S2","T3","P. effusa",100,">14cm"
"1063",1751,"S2","T3","P. meandrina",10.2476666666667,">5cm-14cm"
"1064",1752,"S2","T3","P. meandrina",1.08166666666667,"0-2cm"
"1065",1753,"S2","T3","P. effusa",3.485,">2cm-5cm"
"1066",1754,"S2","T3","P. tuahiniensis",3.53033333333333,">2cm-5cm"
"1067",1755,"S2","T3","P. grandis",2.94333333333333,">2cm-5cm"
"1068",1756,"S2","T3","P. effusa",1.332,"0-2cm"
"1069",1757,"S2","T3","P. grandis",3.354,">2cm-5cm"
"1070",1758,"S2","T3","P. grandis",3.395,">2cm-5cm"
"1071",1760,"S2","T3","P. effusa",1.509,"0-2cm"
"1072",1761,"S2","T3","P. meandrina",1.52766666666667,"0-2cm"
"1073",1762,"S2","T3","P. meandrina",1.758,"0-2cm"
"1074",1763,"S2","T3","P. effusa",3.075,">2cm-5cm"
"1075",1764,"S2","T3","P. effusa",0.699,"0-2cm"
"1076",1765,"S2","T3","P. meandrina",1.25366666666667,"0-2cm"
"1077",1766,"S2","T3","P. effusa",1.312,"0-2cm"
"1078",1767,"S2","T3","P. meandrina",0.51,"0-2cm"
"1079",1768,"S2","T3","P. effusa",2.38366666666667,">2cm-5cm"
"1080",1769,"S2","T3","P. meandrina",0.707333333333333,"0-2cm"
"1081",1770,"S2","T3","P. effusa",1.47666666666667,"0-2cm"
"1082",1771,"S2","T3","P. effusa",3.96066666666667,">2cm-5cm"
"1083",1772,"S2","T3","P. effusa",0.542333333333333,"0-2cm"
"1084",1774,"S2","T3","P. verrucosa",15.1713333333333,">14cm"
"1085",1775,"S2","T3","P. effusa",12.9006666666667,">5cm-14cm"
"1086",1776,"S2","T3","P. effusa",5.053,">5cm-14cm"
"1087",1777,"S2","T3","P. effusa",5.05633333333333,">5cm-14cm"
"1088",1778,"S2","T3","P. effusa",9.851,">5cm-14cm"
"1089",1779,"S2","T4","P. meandrina",0.486333333333333,"0-2cm"
"1090",1780,"S2","T4","P. effusa",2.282,">2cm-5cm"
"1091",1781,"S2","T4","P. grandis",1.521,"0-2cm"
"1092",1782,"S2","T4","P. tuahiniensis",4.74333333333333,">2cm-5cm"
"1093",1783,"S2","T4","P. acuta",8.45766666666667,">5cm-14cm"
"1094",1784,"S2","T4","P. meandrina",0.428,"0-2cm"
"1095",1785,"S2","T4","P. meandrina",0.525666666666667,"0-2cm"
"1096",1786,"S2","T4","P. tuahiniensis",0.613333333333333,"0-2cm"
"1097",1787,"S2","T4","P. effusa",0.66,"0-2cm"
"1098",1788,"S2","T4","P. meandrina",1.05966666666667,"0-2cm"
"1099",1789,"S2","T4","P. meandrina",2.16,">2cm-5cm"
"1100",1790,"S2","T4","P. meandrina",0.671,"0-2cm"
"1101",1791,"S2","T4","P. grandis",1.07533333333333,"0-2cm"
"1102",1792,"S2","T4","P. verrucosa",1.235,"0-2cm"
"1103",1793,"S2","T4","P. effusa",4.247,">2cm-5cm"
"1104",1794,"S2","T4","P. tuahiniensis",2.53433333333333,">2cm-5cm"
"1105",1795,"S2","T3","P. meandrina",1.12933333333333,"0-2cm"
"1106",1796,"S2","T3","P. meandrina",1.35133333333333,"0-2cm"
"1107",1797,"S2","T3","P. effusa",2.52866666666667,">2cm-5cm"
"1108",1798,"S2","T3","P. effusa",0.737666666666667,"0-2cm"
"1109",1799,"S2","T3","P. meandrina",0.963,"0-2cm"
"1110",1801,"S2","T3","P. tuahiniensis",1.13133333333333,"0-2cm"
"1111",1802,"S2","T3","P. effusa",2.712,">2cm-5cm"
"1112",1804,"S2","T3","P. effusa",2.482,">2cm-5cm"
"1113",1805,"S2","T3","P. effusa",2.57233333333333,">2cm-5cm"
"1114",1806,"S2","T3","P. meandrina",2.72866666666667,">2cm-5cm"
"1115",1807,"S2","T3","P. meandrina",2.659,">2cm-5cm"
"1116",1808,"S2","T3","P. meandrina",5.29766666666667,">5cm-14cm"
"1117",1809,"S2","T3","P. meandrina",2.89166666666667,">2cm-5cm"
"1118",1810,"S2","T3","P. tuahiniensis",1,"0-2cm"
"1119",1811,"S2","T3","P. meandrina",2.33233333333333,">2cm-5cm"
"1120",1812,"S2","T3","P. grandis",1.804,"0-2cm"
"1121",1814,"S2","T3","P. meandrina",1.30433333333333,"0-2cm"
"1122",1815,"S2","T3","P. meandrina",12.49,">5cm-14cm"
"1123",1816,"S2","T3","P. meandrina",1.02233333333333,"0-2cm"
"1124",1817,"S2","T3","P. meandrina",0.537666666666667,"0-2cm"
"1125",1818,"S2","T3","P. grandis",2.02766666666667,">2cm-5cm"
"1126",1819,"S2","T3","P. effusa",2.49733333333333,">2cm-5cm"
"1127",1820,"S2","T3","P. meandrina",3.733,">2cm-5cm"
"1128",1821,"S2","T3","P. effusa",2.415,">2cm-5cm"
"1129",1822,"S2","T3","P. effusa",2.00433333333333,">2cm-5cm"
"1130",1823,"S2","T3","P. meandrina",0.713666666666667,"0-2cm"
"1131",1824,"S2","T3","P. meandrina",0.597666666666667,"0-2cm"
"1132",1825,"S2","T3","P. meandrina",0.714,"0-2cm"
"1133",1826,"S2","T3","P. effusa",3.519,">2cm-5cm"
"1134",1827,"S2","T3","P. meandrina",1.27266666666667,"0-2cm"
"1135",1828,"S2","T3","P. meandrina",2.98533333333333,">2cm-5cm"
"1136",1829,"S2","T3","P. tuahiniensis",1.518,"0-2cm"
"1137",1830,"S2","T3","P. meandrina",2.345,">2cm-5cm"
"1138",1831,"S2","T3","P. effusa",0.879333333333333,"0-2cm"
"1139",1832,"S2","T3","P. grandis",1.008,"0-2cm"
"1140",1833,"S2","T3","P. meandrina",9.30333333333333,">5cm-14cm"
"1141",1834,"S2","T3","P. meandrina",2.82133333333333,">2cm-5cm"
"1142",1835,"S2","T3","P. effusa",2.08933333333333,">2cm-5cm"
"1143",1836,"S2","T3","P. meandrina",1.08666666666667,"0-2cm"
"1144",1837,"S2","T3","P. meandrina",3.86466666666667,">2cm-5cm"
"1145",1839,"S2","T3","P. meandrina",2.064,">2cm-5cm"
"1146",1840,"S2","T4","P. grandis",2.714,">2cm-5cm"
"1147",1841,"S2","T4","P. effusa",2.37166666666667,">2cm-5cm"
"1148",1842,"S2","T4","P. tuahiniensis",1.849,"0-2cm"
"1149",1843,"S2","T4","P. effusa",0.807666666666667,"0-2cm"
"1150",1844,"S2","T4","P. meandrina",0.711333333333333,"0-2cm"
"1151",1845,"S2","T4","P. tuahiniensis",1.54733333333333,"0-2cm"
"1152",1846,"S2","T4","P. meandrina",9.88266666666667,">5cm-14cm"
"1153",1847,"S2","T4","P. tuahiniensis",1.623,"0-2cm"
"1154",1848,"S2","T4","P. tuahiniensis",8.07366666666667,">5cm-14cm"
"1155",1849,"S2","T4","P. tuahiniensis",1.671,"0-2cm"
"1156",1850,"S2","T4","P. tuahiniensis",2.33233333333333,">2cm-5cm"
"1157",1851,"S2","T4","P. grandis",1.39466666666667,"0-2cm"
"1158",1852,"S2","T4","P. tuahiniensis",2.90533333333333,">2cm-5cm"
"1159",1853,"S2","T4","P. verrucosa",7.814,">5cm-14cm"
"1160",1854,"S2","T4","P. tuahiniensis",3.20666666666667,">2cm-5cm"
"1161",1855,"S2","T4","P. tuahiniensis",150,">14cm"
"1162",1857,"S2","T4","P. meandrina",3.02733333333333,">2cm-5cm"
"1163",1858,"S2","T4","P. effusa",3.75866666666667,">2cm-5cm"
"1164",1859,"S2","T4","P. effusa",3.09666666666667,">2cm-5cm"
"1165",1860,"S2","T4","P. meandrina",0.987,"0-2cm"
"1166",1861,"S2","T4","P. meandrina",0.750666666666667,"0-2cm"
"1167",1862,"S2","T4","P. grandis",4.407,">2cm-5cm"
"1168",1863,"S2","T4","P. meandrina",0.854666666666667,"0-2cm"
"1169",1864,"S2","T4","P. meandrina",1.16266666666667,"0-2cm"
"1170",1864,"S2","T4","P. meandrina",1.16266666666667,"0-2cm"
"1171",1864,"S2","T4","P. grandis",1.16266666666667,"0-2cm"
"1172",1864,"S2","T4","P. grandis",1.16266666666667,"0-2cm"
"1173",1865,"S2","T4","P. grandis",100,">14cm"
"1174",1866,"S2","T4","P. effusa",2.06633333333333,">2cm-5cm"
"1175",1868,"S2","T4","P. acuta",1.46,"0-2cm"
"1176",1869,"S2","T4","P. effusa",1.48266666666667,"0-2cm"
"1177",1870,"S2","T4","P. meandrina",1.239,"0-2cm"
"1178",1871,"S2","T4","P. tuahiniensis",0.751,"0-2cm"
"1179",1872,"S2","T4","P. effusa",1.60166666666667,"0-2cm"
"1180",1874,"S2","T4","P. meandrina",0.42,"0-2cm"
"1181",1875,"S2","T4","P. meandrina",1,"0-2cm"
"1182",1876,"S2","T4","P. meandrina",0.722,"0-2cm"
"1183",1877,"S2","T4","P. meandrina",0.54,"0-2cm"
"1184",1878,"S2","T4","P. tuahiniensis",1.72766666666667,"0-2cm"
"1185",1879,"S2","T4","P. tuahiniensis",1.91666666666667,"0-2cm"
"1186",1880,"S2","T4","P. tuahiniensis",1.15733333333333,"0-2cm"
"1187",1881,"S2","T4","P. effusa",1.73733333333333,"0-2cm"
"1188",1882,"S2","T4","P. effusa",3.27433333333333,">2cm-5cm"
"1189",1883,"S2","T4","P. meandrina",1.50733333333333,"0-2cm"
"1190",1884,"S2","T4","P. meandrina",1.71233333333333,"0-2cm"
"1191",1885,"S2","T4","P. effusa",3.56133333333333,">2cm-5cm"
"1192",1886,"S2","T4","P. meandrina",2.276,">2cm-5cm"
"1193",1888,"S2","T4","P. effusa",1.13866666666667,"0-2cm"
"1194",1889,"S2","T4","P. tuahiniensis",15.5603333333333,">14cm"
"1195",1890,"S2","T4","P. tuahiniensis",2.613,">2cm-5cm"
"1196",1891,"S2","T4","P. meandrina",0.848,"0-2cm"
"1197",1892,"S2","T5","P. meandrina",14.0396666666667,">14cm"
"1198",1894,"S2","T5","P. tuahiniensis",1.275,"0-2cm"
"1199",1895,"S2","T5","P. effusa",2.41366666666667,">2cm-5cm"
"1200",1896,"S2","T5","P. meandrina",0.786,"0-2cm"
"1201",1897,"S2","T5","P. tuahiniensis",1.08933333333333,"0-2cm"
"1202",1898,"S2","T5","P. verrucosa",11.3706666666667,">5cm-14cm"
"1203",1900,"S2","T5","P. meandrina",5.61866666666667,">5cm-14cm"
"1204",1901,"S2","T5","P. meandrina",1.31433333333333,"0-2cm"
"1205",1902,"S2","T5","P. grandis",0.793333333333333,"0-2cm"
"1206",1905,"S2","T5","P. effusa",1.82666666666667,"0-2cm"
"1207",1906,"S2","T5","P. meandrina",1.66966666666667,"0-2cm"
"1208",1907,"S2","T5","P. meandrina",1.60466666666667,"0-2cm"
"1209",1908,"S2","T5","P. effusa",2.80166666666667,">2cm-5cm"
"1210",1909,"S2","T5","P. effusa",2.41633333333333,">2cm-5cm"
"1211",1910,"S2","T5","P. effusa",1.828,"0-2cm"
"1212",1911,"S2","T5","P. effusa",2.622,">2cm-5cm"
"1213",1912,"S2","T5","P. effusa",1.43566666666667,"0-2cm"
"1214",1913,"S2","T5","P. effusa",1.913,"0-2cm"
"1215",1914,"S2","T5","P. meandrina",4.16733333333333,">2cm-5cm"
"1216",1915,"S2","T5","P. meandrina",3.80133333333333,">2cm-5cm"
"1217",1916,"S2","T5","P. tuahiniensis",0.747333333333333,"0-2cm"
"1218",1917,"S2","T5","P. meandrina",1.37733333333333,"0-2cm"
"1219",1918,"S2","T5","P. meandrina",1.93133333333333,"0-2cm"
"1220",1919,"S2","T5","P. meandrina",1.228,"0-2cm"
"1221",1920,"S2","T5","P. meandrina",3.044,">2cm-5cm"
"1222",1921,"S2","T5","P. effusa",1.164,"0-2cm"
"1223",1922,"S2","T5","P. meandrina",2.50033333333333,">2cm-5cm"
"1224",1923,"S2","T5","P. tuahiniensis",2.10933333333333,">2cm-5cm"
"1225",1924,"S2","T5","P. meandrina",1.01666666666667,"0-2cm"
"1226",1925,"S2","T5","P. effusa",1.82,"0-2cm"
"1227",1926,"S2","T5","P. meandrina",0.759,"0-2cm"
"1228",1927,"S2","T5","P. meandrina",1.28033333333333,"0-2cm"
"1229",1929,"S2","T5","P. effusa",2.52,">2cm-5cm"
"1230",1930,"S2","T5","P. meandrina",1.84066666666667,"0-2cm"
"1231",1931,"S2","T5","P. meandrina",1.51066666666667,"0-2cm"
"1232",1932,"S2","T5","P. acuta",2.17566666666667,">2cm-5cm"
"1233",1933,"S2","T5","P. meandrina",0.277666666666667,"0-2cm"
"1234",1934,"S2","T5","P. meandrina",1.35466666666667,"0-2cm"
"1235",1935,"S2","T5","P. effusa",1.92833333333333,"0-2cm"
"1236",1936,"S2","T5","P. effusa",1.93733333333333,"0-2cm"
"1237",1937,"S2","T5","P. meandrina",0.97,"0-2cm"
"1238",1938,"S2","T4","P. tuahiniensis",0.889666666666666,"0-2cm"
"1239",1939,"S2","T4","P. meandrina",1.512,"0-2cm"
"1240",1940,"S2","T4","P. meandrina",2.414,">2cm-5cm"
"1241",1941,"S2","T4","P. tuahiniensis",3.79366666666667,">2cm-5cm"
"1242",1942,"S2","T4","P. meandrina",2.08866666666667,">2cm-5cm"
"1243",1943,"S2","T4","P. tuahiniensis",2.51033333333333,">2cm-5cm"
"1244",1944,"S2","T4","P. meandrina",1.217,"0-2cm"
"1245",1945,"S2","T4","P. meandrina",1.618,"0-2cm"
"1246",1946,"S2","T4","P. tuahiniensis",2.55133333333333,">2cm-5cm"
"1247",1947,"S2","T4","P. effusa",2.156,">2cm-5cm"
"1248",1948,"S2","T4","P. verrucosa",100,">14cm"
"1249",1949,"S2","T4","P. meandrina",6.99866666666667,">5cm-14cm"
"1250",1950,"S2","T4","P. meandrina",1.823,"0-2cm"
"1251",1951,"S2","T4","P. effusa",0.728333333333333,"0-2cm"
"1252",1952,"S2","T4","P. verrucosa",1.25733333333333,"0-2cm"
"1253",1953,"S2","T4","P. meandrina",1.702,"0-2cm"
"1254",1954,"S2","T4","P. meandrina",0.908,"0-2cm"
"1255",1955,"S2","T4","P. meandrina",2.44866666666667,">2cm-5cm"
"1256",1957,"S2","T4","P. effusa",4.35333333333333,">2cm-5cm"
"1257",1958,"S2","T4","P. meandrina",1.27333333333333,"0-2cm"
"1258",1960,"S2","T5","P. meandrina",2.07733333333333,">2cm-5cm"
"1259",1961,"S2","T5","P. tuahiniensis",14.07,">14cm"
"1260",1962,"S2","T5","P. tuahiniensis",7.81633333333333,">5cm-14cm"
"1261",1964,"S2","T5","P. tuahiniensis",2.71766666666667,">2cm-5cm"
"1262",1965,"S2","T5","P. meandrina",10.18,">5cm-14cm"
"1263",1966,"S2","T5","P. tuahiniensis",4.22933333333333,">2cm-5cm"
"1264",1967,"S2","T5","P. tuahiniensis",100,">14cm"
"1265",1968,"S2","T5","P. tuahiniensis",2.04533333333333,">2cm-5cm"
"1266",1969,"S2","T5","P. meandrina",1.16366666666667,"0-2cm"
"1267",1970,"S2","T5","P. meandrina",0.495333333333333,"0-2cm"
"1268",1971,"S2","T5","P. meandrina",0.608666666666667,"0-2cm"
"1269",1973,"S2","T5","P. meandrina",0.564666666666667,"0-2cm"
"1270",1975,"S2","T5","P. meandrina",1.054,"0-2cm"
"1271",1976,"S2","T5","P. grandis",0.737,"0-2cm"
"1272",1977,"S2","T5","P. tuahiniensis",100,">14cm"
"1273",1978,"S2","T5","P. verrucosa",17.2323333333333,">14cm"
"1274",1979,"S2","T5","P. effusa",2.233,">2cm-5cm"
"1275",1980,"S2","T5","P. meandrina",0.901,"0-2cm"
"1276",1981,"S2","T5","P. acuta",1.19166666666667,"0-2cm"
"1277",1983,"S2","T5","P. effusa",1.36,"0-2cm"
"1278",1984,"S2","T5","P. effusa",0.793666666666667,"0-2cm"
"1279",1986,"S2","T5","P. meandrina",5.60433333333333,">5cm-14cm"
"1280",1987,"S2","T5","P. meandrina",1.901,"0-2cm"
"1281",1988,"S2","T5","P. acuta",1.94833333333333,"0-2cm"
"1282",1989,"S2","T5","P. meandrina",100,">14cm"
"1283",1990,"S2","T5","P. meandrina",3.129,">2cm-5cm"
"1284",1991,"S2","T5","P. grandis",1.06466666666667,"0-2cm"
"1285",1992,"S2","T5","P. meandrina",2.69866666666667,">2cm-5cm"
"1286",1993,"S2","T5","P. meandrina",0.886333333333333,"0-2cm"
"1287",1993,"S2","T5","P. meandrina",0.886333333333333,"0-2cm"
"1288",1995,"S2","T5","P. grandis",15.3903333333333,">14cm"
"1289",1995,"S2","T5","P. meandrina",15.3903333333333,">14cm"
"1290",1996,"S2","T5","P. effusa",2.25433333333333,">2cm-5cm"
"1291",1997,"S2","T5","P. effusa",2.14433333333333,">2cm-5cm"
"1292",1998,"S2","T5","P. meandrina",1.12133333333333,"0-2cm"
"1293",1999,"S2","T5","P. grandis",0.941333333333333,"0-2cm"
"1294",2000,"S2","T5","P. meandrina",0.886333333333333,"0-2cm"
"1295",2001,"S2","T5","P. grandis",0.604666666666667,"0-2cm"
"1296",2003,"S2","T5","P. meandrina",1.049,"0-2cm"
"1297",2004,"S2","T5","P. meandrina",1.29066666666667,"0-2cm"
"1298",2006,"S2","T5","P. meandrina",2.164,">2cm-5cm"
"1299",2007,"S2","T5","P. meandrina",2.60766666666667,">2cm-5cm"
"1300",2008,"S2","T5","P. meandrina",0.667333333333333,"0-2cm"
"1301",2009,"S2","T5","P. meandrina",0.689666666666667,"0-2cm"
"1302",2010,"S2","T5","P. meandrina",1.87966666666667,"0-2cm"
"1303",2012,"S2","T5","P. tuahiniensis",0.820666666666667,"0-2cm"
"1304",2013,"S2","T5","P. meandrina",2.14066666666667,">2cm-5cm"
"1305",2014,"S2","T5","P. effusa",1.791,"0-2cm"
"1306",2015,"S2","T5","P. meandrina",0.929333333333333,"0-2cm"
"1307",2016,"S2","T5","P. meandrina",1.06066666666667,"0-2cm"
"1308",2017,"S2","T5","P. meandrina",1.685,"0-2cm"
"1309",2019,"S2","T5","P. meandrina",1.73633333333333,"0-2cm"
"1310",2020,"S2","T5","P. effusa",3.07033333333333,">2cm-5cm"
"1311",2021,"S2","T5","P. acuta",2.296,">2cm-5cm"
"1312",2022,"S2","T5","P. meandrina",2.40866666666667,">2cm-5cm"
"1313",2023,"S2","T5","P. meandrina",1.333,"0-2cm"
"1314",2024,"S2","T5","P. meandrina",1.00833333333333,"0-2cm"
"1315",2025,"S2","T5","P. effusa",1.60433333333333,"0-2cm"
"1316",2026,"S2","T5","P. meandrina",0.956,"0-2cm"
"1317",2027,"S2","T6","P. tuahiniensis",4.31233333333333,">2cm-5cm"
"1318",2029,"S2","T6","P. tuahiniensis",100,">14cm"
"1319",2029,"S2","T6","P. tuahiniensis",100,">14cm"
"1320",2029,"S2","T6","P. meandrina",100,">14cm"
"1321",2029,"S2","T6","P. meandrina",100,">14cm"
"1322",2032,"S2","T6","P. meandrina",3.421,">2cm-5cm"
"1323",2033,"S2","T6","P. meandrina",1.74033333333333,"0-2cm"
"1324",2035,"S2","T6","P. meandrina",1.53566666666667,"0-2cm"
"1325",2036,"S2","T6","P. meandrina",5.415,">5cm-14cm"
"1326",2037,"S2","T6","P. effusa",2.11833333333333,">2cm-5cm"
"1327",2038,"S2","T6","P. meandrina",2.179,">2cm-5cm"
"1328",2039,"S2","T6","P. tuahiniensis",1.04766666666667,"0-2cm"
"1329",2039,"S2","T6","P. tuahiniensis",1.04766666666667,"0-2cm"
"1330",2039,"S2","T6","P. meandrina",1.04766666666667,"0-2cm"
"1331",2039,"S2","T6","P. meandrina",1.04766666666667,"0-2cm"
"1332",2041,"S2","T6","P. meandrina",1.67566666666667,"0-2cm"
"1333",2042,"S2","T6","P. effusa",0.91,"0-2cm"
"1334",2043,"S2","T6","P. meandrina",1.105,"0-2cm"
"1335",2045,"S2","T6","P. effusa",2.809,">2cm-5cm"
"1336",2047,"S15","T2","P. acuta",1.64766666666667,"0-2cm"
"1337",2048,"S15","T2","P. meandrina",0.850333333333333,"0-2cm"
"1338",2050,"S15","T2","P. meandrina",27.114,">14cm"
"1339",2051,"S15","T2","P. effusa",1.49066666666667,"0-2cm"
"1340",2053,"S2","T6","P. meandrina",1.08666666666667,"0-2cm"
"1341",2054,"S15","T2","P. meandrina",6.98066666666667,">5cm-14cm"
"1342",2055,"S15","T2","P. meandrina",0.655333333333333,"0-2cm"
"1343",2056,"S15","T2","P. meandrina",0.578333333333333,"0-2cm"
"1344",2057,"S15","T2","P. tuahiniensis",100,">14cm"
"1345",2059,"S15","T2","P. tuahiniensis",17.6,">14cm"
"1346",2060,"S15","T2","P. meandrina",16.2586666666667,">14cm"
"1347",2061,"S15","T2","P. meandrina",1.656,"0-2cm"
"1348",2062,"S15","T2","P. verrucosa",18.279,">14cm"
"1349",2064,"S15","T2","P. meandrina",20.8046666666667,">14cm"
"1350",2065,"S15","T2","P. effusa",1.17666666666667,"0-2cm"
"1351",2067,"S15","T2","P. meandrina",0.462666666666667,"0-2cm"
"1352",2068,"S15","T2","P. meandrina",21.742,">14cm"
"1353",2069,"S15","T2","P. acuta",3.61266666666667,">2cm-5cm"
"1354",2070,"S15","T2","P. meandrina",17.577,">14cm"
"1355",2072,"S15","T2","P. meandrina",4.581,">2cm-5cm"
"1356",2073,"S15","T2","P. grandis",32.3993333333333,">14cm"
"1357",2075,"S15","T2","P. meandrina",5.76766666666667,">5cm-14cm"
"1358",2076,"S15","T2","P. verrucosa",21.493,">14cm"
"1359",2077,"S15","T2","P. meandrina",0.879,"0-2cm"
"1360",2078,"S15","T2","P. verrucosa",13.7556666666667,">5cm-14cm"
"1361",2079,"S15","T2","P. acuta",0.341666666666667,"0-2cm"
"1362",2080,"S15","T2","P. tuahiniensis",3.76566666666667,">2cm-5cm"
"1363",2081,"S15","T3","P. meandrina",1.18633333333333,"0-2cm"
"1364",2082,"S15","T3","P. meandrina",0.787333333333333,"0-2cm"
"1365",2083,"S15","T3","P. acuta",1.241,"0-2cm"
"1366",2084,"S15","T3","P. acuta",1.91266666666667,"0-2cm"
"1367",2085,"S2","T5","P. meandrina",0.974333333333333,"0-2cm"
"1368",2086,"S2","T5","P. meandrina",1.46166666666667,"0-2cm"
"1369",2087,"S2","T5","P. meandrina",0.720666666666667,"0-2cm"
"1370",2088,"S2","T5","P. effusa",2.371,">2cm-5cm"
"1371",2089,"S2","T5","P. meandrina",0.952666666666667,"0-2cm"
"1372",2090,"S2","T5","P. effusa",2.887,">2cm-5cm"
"1373",2090,"S2","T5","P. verrucosa",2.887,">2cm-5cm"
"1374",2091,"S2","T5","P. meandrina",1.45366666666667,"0-2cm"
"1375",2092,"S2","T5","P. meandrina",1.571,"0-2cm"
"1376",2093,"S2","T5","P. tuahiniensis",1.50566666666667,"0-2cm"
"1377",2094,"S2","T5","P. meandrina",1.28833333333333,"0-2cm"
"1378",2094,"S2","T5","P. tuahiniensis",1.28833333333333,"0-2cm"
"1379",2097,"S2","T5","P. verrucosa",1.98233333333333,"0-2cm"
"1380",2098,"S2","T5","P. meandrina",1.17433333333333,"0-2cm"
"1381",2099,"S2","T5","P. meandrina",1.095,"0-2cm"
"1382",2100,"S11","T1","P. meandrina",6.40466666666667,">5cm-14cm"
"1383",2101,"S11","T1","P. grandis",100,">14cm"
"1384",2102,"S11","T1","P. meandrina",12.421,">5cm-14cm"
"1385",2103,"S11","T1","P. acuta",1.32766666666667,"0-2cm"
"1386",2104,"S11","T1","P. verrucosa",1.21133333333333,"0-2cm"
"1387",2105,"S11","T2","P. meandrina",1.248,"0-2cm"
"1388",2106,"S11","T2","P. meandrina",7.15233333333333,">5cm-14cm"
"1389",2107,"S11","T2","P. meandrina",13.3666666666667,">5cm-14cm"
"1390",2108,"S11","T2","P. meandrina",100,">14cm"
"1391",2110,"S11","T2","P. meandrina",14.0823333333333,">14cm"
"1392",2111,"S11","T2","P. meandrina",21.3153333333333,">14cm"
"1393",2112,"S11","T2","P. verrucosa",8.17533333333333,">5cm-14cm"
"1394",2114,"S11","T2","P. meandrina",19.1803333333333,">14cm"
"1395",2115,"S11","T2","P. meandrina",1.22066666666667,"0-2cm"
"1396",2116,"S11","T2","P. meandrina",0.796333333333333,"0-2cm"
"1397",2117,"S11","T2","P. meandrina",0.523666666666667,"0-2cm"
"1398",2118,"S11","T2","P. meandrina",9.69266666666667,">5cm-14cm"
"1399",2119,"S11","T2","P. meandrina",0.756666666666667,"0-2cm"
"1400",2120,"S11","T2","P. grandis",17.524,">14cm"
"1401",2121,"S11","T2","P. meandrina",7.01666666666667,">5cm-14cm"
"1402",2122,"S11","T2","P. acuta",1.90133333333333,"0-2cm"
"1403",2123,"S11","T2","P. meandrina",1.51866666666667,"0-2cm"
"1404",2124,"S11","T2","P. verrucosa",5.45166666666667,">5cm-14cm"
"1405",2125,"S11","T2","P. verrucosa",0.697666666666667,"0-2cm"
"1406",2126,"S11","T2","P. verrucosa",0.489666666666667,"0-2cm"
"1407",2127,"S11","T2","P. verrucosa",4.74766666666667,">2cm-5cm"
"1408",2128,"S11","T2","P. verrucosa",3.373,">2cm-5cm"
"1409",2129,"S11","T2","P. meandrina",5.285,">5cm-14cm"
"1410",2130,"S11","T2","P. meandrina",7.583,">5cm-14cm"
"1411",2131,"S11","T2","P. meandrina",27.1996666666667,">14cm"
"1412",2132,"S11","T2","P. meandrina",6.05366666666667,">5cm-14cm"
"1413",2133,"S11","T2","P. verrucosa",5.05733333333333,">5cm-14cm"
"1414",2134,"S11","T2","P. meandrina",0.698666666666667,"0-2cm"
"1415",2135,"S11","T2","P. meandrina",15.89,">14cm"
"1416",2136,"S11","T2","P. meandrina",0.510333333333333,"0-2cm"
"1417",2137,"S11","T2","P. meandrina",22.9203333333333,">14cm"
"1418",2138,"S11","T2","P. tuahiniensis",100,">14cm"
"1419",2139,"S11","T2","P. meandrina",2.261,">2cm-5cm"
"1420",2140,"S11","T2","P. meandrina",0.822666666666667,"0-2cm"
"1421",2141,"S11","T2","P. meandrina",1.44433333333333,"0-2cm"
"1422",2142,"S11","T2","P. acuta",0.966666666666667,"0-2cm"
"1423",2143,"S11","T2","P. meandrina",19.3056666666667,">14cm"
"1424",2144,"S11","T2","P. meandrina",1.368,"0-2cm"
"1425",2145,"S11","T2","P. meandrina",11.3896666666667,">5cm-14cm"
"1426",2146,"S11","T2","P. meandrina",0.593333333333333,"0-2cm"
"1427",2147,"S11","T2","P. meandrina",11.84,">5cm-14cm"
"1428",2149,"S11","T2","P. meandrina",0.871666666666667,"0-2cm"
"1429",2150,"S11","T1","P. grandis",6.91933333333333,">5cm-14cm"
"1430",2151,"S11","T2","P. tuahiniensis",20.1713333333333,">14cm"
"1431",2152,"S11","T2","P. tuahiniensis",0.854,"0-2cm"
"1432",2153,"S11","T2","P. tuahiniensis",3.078,">2cm-5cm"
"1433",2154,"S11","T2","P. effusa",2.732,">2cm-5cm"
"1434",2155,"S11","T2","P. tuahiniensis",3.66666666666667,">2cm-5cm"
"1435",2156,"S11","T2","P. meandrina",5.51866666666667,">5cm-14cm"
"1436",2157,"S11","T2","P. meandrina",1.39033333333333,"0-2cm"
"1437",2158,"S11","T2","P. meandrina",2.18966666666667,">2cm-5cm"
"1438",2159,"S11","T2","P. meandrina",21.0833333333333,">14cm"
"1439",2163,"S11","T1","P. verrucosa",100,">14cm"
"1440",2168,"S11","T1","P. meandrina",1.218,"0-2cm"
"1441",2169,"S11","T1","P. acuta",0.759666666666667,"0-2cm"
"1442",2170,"S11","T2","P. meandrina",8.55833333333333,">5cm-14cm"
"1443",2171,"S15","T2","P. effusa",2.41733333333333,">2cm-5cm"
"1444",2171,"S15","T2","P. effusa",3.74433333333333,">2cm-5cm"
"1445",2171,"S2","T6","P. effusa",2.41733333333333,">2cm-5cm"
"1446",2171,"S2","T6","P. effusa",3.74433333333333,">2cm-5cm"
"1447",2172,"S2","T6","P. meandrina",2.16533333333333,">2cm-5cm"
"1448",2173,"S2","T6","P. effusa",4.10333333333333,">2cm-5cm"
"1449",2174,"S2","T6","P. effusa",2.27566666666667,">2cm-5cm"
"1450",2175,"S2","T6","P. grandis",2.031,">2cm-5cm"
"1451",2176,"S15","T2","P. meandrina",21.592,">14cm"
"1452",2177,"S15","T2","P. meandrina",7.261,">5cm-14cm"
"1453",2178,"S15","T2","P. meandrina",24.1176666666667,">14cm"
"1454",2180,"S15","T2","P. acuta",1.245,"0-2cm"
"1455",2181,"S15","T2","P. grandis",4.153,">2cm-5cm"
"1456",2183,"S15","T2","P. meandrina",4.69933333333333,">2cm-5cm"
"1457",2184,"S15","T2","P. meandrina",14.1823333333333,">14cm"
"1458",2185,"S15","T2","P. meandrina",11.4126666666667,">5cm-14cm"
"1459",2186,"S15","T2","P. meandrina",13.291,">5cm-14cm"
"1460",2187,"S15","T2","P. tuahiniensis",1.25666666666667,"0-2cm"
"1461",2188,"S15","T2","P. verrucosa",20.036,">14cm"
"1462",2189,"S15","T2","P. meandrina",0.621666666666667,"0-2cm"
"1463",2190,"S15","T2","P. meandrina",4.07766666666667,">2cm-5cm"
"1464",2191,"S15","T2","P. acuta",1.136,"0-2cm"
"1465",2192,"S15","T2","P. meandrina",25.5613333333333,">14cm"
"1466",2193,"S15","T2","P. meandrina",8.30833333333333,">5cm-14cm"
"1467",2195,"S15","T2","P. meandrina",1.32566666666667,"0-2cm"
"1468",2196,"S15","T2","P. meandrina",15.6746666666667,">14cm"
"1469",2197,"S15","T2","P. meandrina",8.26166666666667,">5cm-14cm"
"1470",2198,"S15","T2","P. meandrina",1.67333333333333,"0-2cm"
"1471",2202,"S15","T2","P. meandrina",1.16,"0-2cm"
"1472",2203,"S15","T2","P. meandrina",20.2616666666667,">14cm"
"1473",2204,"S15","T2","P. verrucosa",5.30066666666667,">5cm-14cm"
"1474",2205,"S15","T2","P. meandrina",24.9446666666667,">14cm"
"1475",2206,"S15","T2","P. meandrina",7.66566666666667,">5cm-14cm"
"1476",2208,"S15","T2","P. meandrina",20.3593333333333,">14cm"
"1477",2209,"S15","T2","P. verrucosa",26.332,">14cm"
"1478",2211,"S15","T2","P. verrucosa",10.6266666666667,">5cm-14cm"
"1479",2212,"S15","T2","P. tuahiniensis",1.158,"0-2cm"
"1480",2213,"S15","T2","P. meandrina",23.914,">14cm"
"1481",2214,"S15","T2","P. meandrina",16.9496666666667,">14cm"
"1482",2215,"S15","T2","P. tuahiniensis",17.844,">14cm"
"1483",2216,"S15","T2","P. verrucosa",38.953,">14cm"
"1484",2217,"S15","T2","P. tuahiniensis",14.9176666666667,">14cm"
"1485",2219,"S15","T2","P. meandrina",13.0173333333333,">5cm-14cm"
"1486",2220,"S15","T2","P. verrucosa",9.527,">5cm-14cm"
"1487",2221,"S15","T2","P. meandrina",1.246,"0-2cm"
"1488",2222,"S15","T2","P. verrucosa",100,">14cm"
"1489",2223,"S15","T2","P. verrucosa",17.364,">14cm"
"1490",2224,"S15","T2","P. verrucosa",36.28,">14cm"
"1491",2225,"S15","T2","P. meandrina",18.2786666666667,">14cm"
"1492",2226,"S2","T6","P. meandrina",4.161,">2cm-5cm"
"1493",2227,"S11","T2","P. meandrina",1.019,"0-2cm"
"1494",2228,"S11","T2","P. meandrina",10.0783333333333,">5cm-14cm"
"1495",2229,"S2","T6","P. tuahiniensis",150,">14cm"
"1496",2230,"S2","T6","P. meandrina",2.33733333333333,">2cm-5cm"
"1497",2231,"S2","T6","P. tuahiniensis",2.107,">2cm-5cm"
"1498",2233,"S2","T6","P. meandrina",2.25466666666667,">2cm-5cm"
"1499",2234,"S2","T6","P. meandrina",0.900333333333333,"0-2cm"
"1500",2235,"S2","T6","P. meandrina",2.46433333333333,">2cm-5cm"
"1501",2236,"S2","T6","P. meandrina",1.36866666666667,"0-2cm"
"1502",2237,"S11","T1","P. meandrina",4.64566666666667,">2cm-5cm"
"1503",2238,"S2","T6","P. meandrina",1.378,"0-2cm"
"1504",2239,"S2","T6","P. grandis",1.78233333333333,"0-2cm"
"1505",2240,"S11","T1","P. meandrina",1.55,"0-2cm"
"1506",2241,"S11","T1","P. meandrina",9.27966666666667,">5cm-14cm"
"1507",2242,"S11","T1","P. meandrina",1.16166666666667,"0-2cm"
"1508",2244,"S11","T1","P. grandis",100,">14cm"
"1509",2246,"S11","T1","P. meandrina",5.84933333333333,">5cm-14cm"
"1510",2247,"S11","T1","P. meandrina",13.1943333333333,">5cm-14cm"
"1511",2248,"S11","T1","P. grandis",12.5213333333333,">5cm-14cm"
"1512",2249,"S11","T1","P. grandis",100,">14cm"
"1513",2250,"S11","T1","P. meandrina",100,">14cm"
"1514",2251,"S11","T1","P. meandrina",1.12733333333333,"0-2cm"
"1515",2252,"S11","T1","P. meandrina",0.656,"0-2cm"
"1516",2252,"S11","T1","P. meandrina",13.3923333333333,">5cm-14cm"
"1517",2252,"S15","T4","P. meandrina",0.656,"0-2cm"
"1518",2252,"S15","T4","P. meandrina",13.3923333333333,">5cm-14cm"
"1519",2256,"S11","T1","P. meandrina",9.95833333333333,">5cm-14cm"
"1520",2259,"S11","T1","P. meandrina",0.442,"0-2cm"
"1521",2260,"S11","T1","P. meandrina",4.52633333333333,">2cm-5cm"
"1522",2261,"S11","T1","P. meandrina",2.685,">2cm-5cm"
"1523",2262,"S11","T1","P. meandrina",9.434,">5cm-14cm"
"1524",2263,"S11","T1","P. meandrina",2.829,">2cm-5cm"
"1525",2264,"S11","T1","P. grandis",7.17266666666667,">5cm-14cm"
"1526",2265,"S11","T1","P. effusa",1.38966666666667,"0-2cm"
"1527",2266,"S11","T1","P. meandrina",8.867,">5cm-14cm"
"1528",2267,"S11","T1","P. meandrina",10.322,">5cm-14cm"
"1529",2271,"S11","T1","P. tuahiniensis",100,">14cm"
"1530",2272,"S11","T1","P. grandis",100,">14cm"
"1531",2273,"S11","T1","P. meandrina",8.05,">5cm-14cm"
"1532",2274,"S11","T1","P. meandrina",100,">14cm"
"1533",2276,"S11","T1","P. meandrina",12.6336666666667,">5cm-14cm"
"1534",2277,"S11","T1","P. meandrina",1.23566666666667,"0-2cm"
"1535",2278,"S11","T1","P. meandrina",8.04266666666667,">5cm-14cm"
"1536",2279,"S11","T1","P. meandrina",8.586,">5cm-14cm"
"1537",2280,"S11","T1","P. meandrina",7.92566666666667,">5cm-14cm"
"1538",2281,"S11","T1","P. meandrina",2.88833333333333,">2cm-5cm"
"1539",2282,"S11","T1","P. verrucosa",100,">14cm"
"1540",2283,"S11","T1","P. meandrina",12.9646666666667,">5cm-14cm"
"1541",2284,"S11","T1","P. tuahiniensis",1.05566666666667,"0-2cm"
"1542",2285,"S11","T1","P. grandis",1.60766666666667,"0-2cm"
"1543",2286,"S11","T1","P. meandrina",0.757666666666667,"0-2cm"
"1544",2287,"S11","T1","P. meandrina",13.841,">5cm-14cm"
"1545",2288,"S11","T1","P. meandrina",21.832,">14cm"
"1546",2289,"S11","T1","P. grandis",12.7693333333333,">5cm-14cm"
"1547",2290,"S11","T1","P. meandrina",0.894666666666667,"0-2cm"
"1548",2291,"S11","T1","P. meandrina",14.3243333333333,">14cm"
"1549",2292,"S11","T1","P. meandrina",5.59,">5cm-14cm"
"1550",2293,"S11","T1","P. meandrina",7.31966666666667,">5cm-14cm"
"1551",2294,"S11","T1","P. meandrina",9.72666666666667,">5cm-14cm"
"1552",2295,"S11","T1","P. acuta",0.751666666666667,"0-2cm"
"1553",2296,"S11","T1","P. acuta",1.31733333333333,"0-2cm"
"1554",2297,"S11","T1","P. meandrina",0.712,"0-2cm"
"1555",2298,"S11","T1","P. meandrina",1.869,"0-2cm"
"1556",2299,"S11","T1","P. meandrina",2.27366666666667,">2cm-5cm"
"1557",2300,"S11","T1","P. meandrina",0.463333333333333,"0-2cm"
"1558",2301,"S11","T1","P. meandrina",12.6436666666667,">5cm-14cm"
"1559",2302,"S11","T1","P. meandrina",10.8316666666667,">5cm-14cm"
"1560",2303,"S11","T1","P. meandrina",1.57366666666667,"0-2cm"
"1561",2304,"S11","T1","P. effusa",2.54133333333333,">2cm-5cm"
"1562",2306,"S11","T1","P. meandrina",0.718333333333333,"0-2cm"
"1563",2308,"S11","T1","P. meandrina",0.815333333333333,"0-2cm"
"1564",2309,"S11","T1","P. meandrina",0.631,"0-2cm"
"1565",2310,"S11","T1","P. meandrina",1.299,"0-2cm"
"1566",2311,"S11","T1","P. effusa",2.00566666666667,">2cm-5cm"
"1567",2312,"S11","T1","P. meandrina",0.621333333333333,"0-2cm"
"1568",2314,"S11","T1","P. acuta",1.216,"0-2cm"
"1569",2315,"S11","T1","P. acuta",0.465333333333333,"0-2cm"
"1570",2317,"S11","T1","P. tuahiniensis",11.9156666666667,">5cm-14cm"
"1571",2318,"S11","T1","P. meandrina",1.36233333333333,"0-2cm"
"1572",2319,"S11","T1","P. meandrina",0.886333333333333,"0-2cm"
"1573",2320,"S11","T1","P. effusa",0.675,"0-2cm"
"1574",2321,"S11","T1","P. meandrina",6.10266666666667,">5cm-14cm"
"1575",2322,"S11","T1","P. grandis",12.9366666666667,">5cm-14cm"
"1576",2323,"S11","T1","P. meandrina",150,">14cm"
"1577",2324,"S11","T1","P. meandrina",0.967,"0-2cm"
"1578",2325,"S15","T3","P. tuahiniensis",4.87866666666667,">2cm-5cm"
"1579",2328,"S15","T3","P. meandrina",1.02633333333333,"0-2cm"
"1580",2329,"S15","T3","P. meandrina",2.11266666666667,">2cm-5cm"
"1581",2330,"S15","T3","P. meandrina",11.436,">5cm-14cm"
"1582",2331,"S15","T3","P. acuta",1.94533333333333,"0-2cm"
"1583",2332,"S15","T3","P. meandrina",15.7733333333333,">14cm"
"1584",2333,"S15","T3","P. verrucosa",100,">14cm"
"1585",2334,"S15","T3","P. tuahiniensis",0.878,"0-2cm"
"1586",2335,"S15","T3","P. meandrina",2.95733333333333,">2cm-5cm"
"1587",2336,"S15","T3","P. meandrina",0.906333333333333,"0-2cm"
"1588",2337,"S15","T3","P. meandrina",19.7836666666667,">14cm"
"1589",2338,"S15","T3","P. meandrina",1.48166666666667,"0-2cm"
"1590",2339,"S15","T3","P. meandrina",0.845333333333333,"0-2cm"
"1591",2340,"S15","T3","P. meandrina",3.289,">2cm-5cm"
"1592",2341,"S15","T3","P. verrucosa",31.1353333333333,">14cm"
"1593",2342,"S15","T3","P. tuahiniensis",18.0063333333333,">14cm"
"1594",2343,"S15","T3","P. meandrina",0.288666666666667,"0-2cm"
"1595",2345,"S15","T3","P. meandrina",11.8056666666667,">5cm-14cm"
"1596",2346,"S15","T3","P. meandrina",7.43766666666667,">5cm-14cm"
"1597",2347,"S15","T3","P. verrucosa",10.085,">5cm-14cm"
"1598",2348,"S15","T3","P. grandis",9.84133333333333,">5cm-14cm"
"1599",2349,"S15","T3","P. verrucosa",14.7936666666667,">14cm"
"1600",2352,"S15","T3","P. meandrina",0.705333333333333,"0-2cm"
"1601",2353,"S15","T3","P. verrucosa",13.5246666666667,">5cm-14cm"
"1602",2354,"S15","T3","P. meandrina",11.6866666666667,">5cm-14cm"
"1603",2355,"S15","T3","P. effusa",2.15266666666667,">2cm-5cm"
"1604",2356,"S15","T3","P. meandrina",13.945,">5cm-14cm"
"1605",2357,"S15","T3","P. meandrina",1.26833333333333,"0-2cm"
"1606",2358,"S15","T3","P. meandrina",2.54666666666667,">2cm-5cm"
"1607",2359,"S15","T3","P. meandrina",1.23433333333333,"0-2cm"
"1608",2360,"S15","T3","P. meandrina",21.265,">14cm"
"1609",2361,"S15","T3","P. tuahiniensis",16.8206666666667,">14cm"
"1610",2362,"S15","T3","P. grandis",0.665,"0-2cm"
"1611",2363,"S15","T3","P. meandrina",9.20066666666667,">5cm-14cm"
"1612",2364,"S15","T3","P. meandrina",1.729,"0-2cm"
"1613",2365,"S15","T3","P. meandrina",10.4413333333333,">5cm-14cm"
"1614",2366,"S15","T3","P. meandrina",0.814,"0-2cm"
"1615",2367,"S15","T3","P. meandrina",18.7553333333333,">14cm"
"1616",2368,"S15","T3","P. grandis",25.288,">14cm"
"1617",2370,"S15","T3","P. tuahiniensis",26.0813333333333,">14cm"
"1618",2371,"S15","T3","P. meandrina",1.75766666666667,"0-2cm"
"1619",2372,"S15","T3","P. meandrina",0.446333333333333,"0-2cm"
"1620",2373,"S15","T3","P. tuahiniensis",40.4223333333333,">14cm"
"1621",2374,"S15","T3","P. meandrina",0.909666666666667,"0-2cm"
"1622",2375,"S15","T3","P. meandrina",0.801,"0-2cm"
"1623",2376,"S15","T3","P. meandrina",1.07466666666667,"0-2cm"
"1624",2377,"S15","T3","P. effusa",1.14066666666667,"0-2cm"
"1625",2378,"S15","T3","P. meandrina",1.585,"0-2cm"
"1626",2381,"S15","T3","P. meandrina",19.819,">14cm"
"1627",2382,"S15","T3","P. tuahiniensis",1.34933333333333,"0-2cm"
"1628",2383,"S15","T3","P. meandrina",24.6323333333333,">14cm"
"1629",2384,"S15","T3","P. meandrina",4.89366666666667,">2cm-5cm"
"1630",2385,"S15","T3","P. tuahiniensis",16.7556666666667,">14cm"
"1631",2386,"S15","T3","P. tuahiniensis",26.1616666666667,">14cm"
"1632",2387,"S15","T3","P. meandrina",4.24033333333333,">2cm-5cm"
"1633",2388,"S15","T3","P. meandrina",21.6313333333333,">14cm"
"1634",2389,"S15","T3","P. meandrina",1.97133333333333,"0-2cm"
"1635",2390,"S15","T3","P. meandrina",100,">14cm"
"1636",2391,"S15","T3","P. meandrina",8.09433333333333,">5cm-14cm"
"1637",2392,"S15","T3","P. meandrina",0.612666666666667,"0-2cm"
"1638",2393,"S15","T3","P. meandrina",21.9243333333333,">14cm"
"1639",2394,"S15","T3","P. grandis",14.3996666666667,">14cm"
"1640",2395,"S15","T3","P. tuahiniensis",14.9536666666667,">14cm"
"1641",2396,"S15","T3","P. meandrina",18.871,">14cm"
"1642",2397,"S15","T3","P. meandrina",13.0016666666667,">5cm-14cm"
"1643",2398,"S15","T3","P. meandrina",18.3266666666667,">14cm"
"1644",2399,"S15","T3","P. tuahiniensis",31.2146666666667,">14cm"
"1645",2400,"S15","T3","P. meandrina",18.209,">14cm"
"1646",2401,"S15","T3","P. meandrina",0.965,"0-2cm"
"1647",2402,"S15","T3","P. meandrina",44.1676666666667,">14cm"
"1648",2403,"S15","T3","P. meandrina",1.173,"0-2cm"
"1649",2404,"S15","T3","P. meandrina",9.35866666666667,">5cm-14cm"
"1650",2405,"S15","T3","P. grandis",13.5676666666667,">5cm-14cm"
"1651",2406,"S15","T3","P. meandrina",7.97333333333333,">5cm-14cm"
"1652",2407,"S15","T3","P. meandrina",2.45133333333333,">2cm-5cm"
"1653",2408,"S15","T3","P. meandrina",22.887,">14cm"
"1654",2410,"S15","T3","P. tuahiniensis",5.46933333333333,">5cm-14cm"
"1655",2411,"S15","T3","P. tuahiniensis",14.501,">14cm"
"1656",2412,"S15","T3","P. verrucosa",9.40033333333333,">5cm-14cm"
"1657",2413,"S15","T3","P. meandrina",0.524333333333333,"0-2cm"
"1658",2414,"S15","T3","P. meandrina",1.99033333333333,"0-2cm"
"1659",2415,"S15","T3","P. grandis",1.637,"0-2cm"
"1660",2416,"S15","T3","P. meandrina",2.648,">2cm-5cm"
"1661",2417,"S15","T3","P. meandrina",11.26,">5cm-14cm"
"1662",2419,"S15","T3","P. meandrina",10.2013333333333,">5cm-14cm"
"1663",2420,"S15","T3","P. grandis",1.796,"0-2cm"
"1664",2421,"S15","T3","P. verrucosa",100,">14cm"
"1665",2422,"S15","T3","P. meandrina",0.649,"0-2cm"
"1666",2423,"S15","T3","P. meandrina",1.38466666666667,"0-2cm"
"1667",2424,"S15","T3","P. meandrina",13.0373333333333,">5cm-14cm"
"1668",2425,"S15","T3","P. meandrina",0.900333333333333,"0-2cm"
"1669",2426,"S15","T3","P. verrucosa",13.8473333333333,">5cm-14cm"
"1670",2427,"S15","T3","P. meandrina",0.587333333333333,"0-2cm"
"1671",2428,"S15","T3","P. meandrina",8.12033333333333,">5cm-14cm"
"1672",2429,"S15","T3","P. meandrina",10.1996666666667,">5cm-14cm"
"1673",2430,"S15","T3","P. meandrina",3.882,">2cm-5cm"
"1674",2431,"S15","T3","P. acuta",0.854666666666667,"0-2cm"
"1675",2432,"S15","T3","P. meandrina",21.756,">14cm"
"1676",2433,"S15","T3","P. meandrina",20.354,">14cm"
"1677",2434,"S15","T3","P. meandrina",12.222,">5cm-14cm"
"1678",2435,"S15","T3","P. verrucosa",36.3003333333333,">14cm"
"1679",2436,"S15","T3","P. verrucosa",1.94766666666667,"0-2cm"
"1680",2437,"S15","T3","P. meandrina",11.187,">5cm-14cm"
"1681",2439,"S15","T3","P. tuahiniensis",11.741,">5cm-14cm"
"1682",2440,"S15","T3","P. meandrina",0.834333333333333,"0-2cm"
"1683",2441,"S15","T3","P. meandrina",0.991666666666667,"0-2cm"
"1684",2443,"S15","T3","P. tuahiniensis",15.8256666666667,">14cm"
"1685",2444,"S15","T3","P. verrucosa",14.5306666666667,">14cm"
"1686",2445,"S15","T3","P. meandrina",0.631666666666667,"0-2cm"
"1687",2446,"S15","T3","P. meandrina",2.05533333333333,">2cm-5cm"
"1688",2447,"S15","T3","P. tuahiniensis",9.40833333333333,">5cm-14cm"
"1689",2448,"S15","T3","P. meandrina",11.7833333333333,">5cm-14cm"
"1690",2449,"S15","T3","P. meandrina",30.7806666666667,">14cm"
"1691",2450,"S15","T3","P. verrucosa",19.0403333333333,">14cm"
"1692",2451,"S15","T3","P. effusa",6.202,">5cm-14cm"
"1693",2452,"S15","T3","P. grandis",0.726666666666667,"0-2cm"
"1694",2453,"S15","T3","P. meandrina",19.6776666666667,">14cm"
"1695",2454,"S15","T3","P. meandrina",18.2523333333333,">14cm"
"1696",2455,"S18","T1","P. acuta",2.658,">2cm-5cm"
"1697",2456,"S9","T2","P. meandrina",0.904333333333333,"0-2cm"
"1698",2457,"S9","T2","P. tuahiniensis",5.23266666666667,">5cm-14cm"
"1699",2458,"S9","T2","P. meandrina",0.660666666666667,"0-2cm"
"1700",2460,"S18","T1","P. meandrina",15.4386666666667,">14cm"
"1701",2461,"S9","T2","P. meandrina",0.730333333333333,"0-2cm"
"1702",2462,"S9","T2","P. effusa",2.40166666666667,">2cm-5cm"
"1703",2463,"S9","T2","P. meandrina",1.78233333333333,"0-2cm"
"1704",2464,"S9","T2","P. meandrina",1.32066666666667,"0-2cm"
"1705",2465,"S9","T2","P. meandrina",0.712,"0-2cm"
"1706",2466,"S9","T2","P. meandrina",1.97533333333333,"0-2cm"
"1707",2467,"S9","T2","P. meandrina",1.25533333333333,"0-2cm"
"1708",2468,"S9","T2","P. effusa",5.25733333333333,">5cm-14cm"
"1709",2469,"S9","T2","P. meandrina",1.26833333333333,"0-2cm"
"1710",2470,"S9","T2","P. meandrina",0.721333333333333,"0-2cm"
"1711",2471,"S9","T2","P. grandis",0.988,"0-2cm"
"1712",2472,"S9","T2","P. meandrina",0.966333333333333,"0-2cm"
"1713",2473,"S9","T2","P. meandrina",1.838,"0-2cm"
"1714",2474,"S9","T2","P. meandrina",2.852,">2cm-5cm"
"1715",2475,"S18","T1","P. meandrina",1.25733333333333,"0-2cm"
"1716",2475,"S9","T2","P. meandrina",1.25733333333333,"0-2cm"
"1717",2476,"S9","T2","P. meandrina",1.02833333333333,"0-2cm"
"1718",2477,"S9","T2","P. meandrina",0.551666666666667,"0-2cm"
"1719",2478,"S9","T2","P. meandrina",1.17266666666667,"0-2cm"
"1720",2479,"S9","T2","P. meandrina",1.25566666666667,"0-2cm"
"1721",2480,"S9","T2","P. meandrina",3.16166666666667,">2cm-5cm"
"1722",2482,"S9","T2","P. meandrina",0.828666666666667,"0-2cm"
"1723",2484,"S9","T2","P. meandrina",0.748666666666667,"0-2cm"
"1724",2485,"S9","T2","P. meandrina",0.509,"0-2cm"
"1725",2486,"S9","T2","P. meandrina",1.14133333333333,"0-2cm"
"1726",2487,"S9","T2","P. grandis",1.496,"0-2cm"
"1727",2488,"S9","T2","P. effusa",1.40666666666667,"0-2cm"
"1728",2489,"S9","T2","P. meandrina",2.39966666666667,">2cm-5cm"
"1729",2490,"S9","T2","P. effusa",1.56933333333333,"0-2cm"
"1730",2491,"S9","T2","P. meandrina",1.18566666666667,"0-2cm"
"1731",2492,"S9","T2","P. acuta",1.21566666666667,"0-2cm"
"1732",2493,"S9","T2","P. verrucosa",1.34566666666667,"0-2cm"
"1733",2494,"S9","T2","P. grandis",2.53133333333333,">2cm-5cm"
"1734",2495,"S9","T2","P. meandrina",3.55966666666667,">2cm-5cm"
"1735",2496,"S9","T2","P. meandrina",1.72733333333333,"0-2cm"
"1736",2497,"S9","T2","P. verrucosa",1.39966666666667,"0-2cm"
"1737",2498,"S9","T2","P. meandrina",2.855,">2cm-5cm"
"1738",2499,"S9","T2","P. meandrina",0.856666666666667,"0-2cm"
"1739",2500,"S9","T2","P. meandrina",4.53733333333333,">2cm-5cm"
"1740",2501,"S9","T2","P. effusa",2.604,">2cm-5cm"
"1741",2502,"S9","T2","P. meandrina",0.73,"0-2cm"
"1742",2503,"S18","T1","P. meandrina",100,">14cm"
"1743",2504,"S18","T1","P. meandrina",10.256,">5cm-14cm"
"1744",2505,"S18","T1","P. verrucosa",12.8526666666667,">5cm-14cm"
"1745",2506,"S9","T2","P. meandrina",1.32433333333333,"0-2cm"
"1746",2507,"S11","T3","P. meandrina",13.741,">5cm-14cm"
"1747",2508,"S11","T3","P. acuta",1.17266666666667,"0-2cm"
"1748",2509,"S11","T3","P. meandrina",0.766666666666667,"0-2cm"
"1749",2510,"S11","T3","P. grandis",11.5863333333333,">5cm-14cm"
"1750",2511,"S11","T3","P. meandrina",0.746,"0-2cm"
"1751",2512,"S11","T3","P. grandis",7.90066666666667,">5cm-14cm"
"1752",2513,"S11","T3","P. meandrina",15.595,">14cm"
"1753",2515,"S11","T3","P. acuta",1.12233333333333,"0-2cm"
"1754",2516,"S11","T3","P. acuta",0.733333333333333,"0-2cm"
"1755",2517,"S11","T3","P. acuta",0.84,"0-2cm"
"1756",2518,"S11","T3","P. acuta",1.39366666666667,"0-2cm"
"1757",2519,"S11","T3","P. tuahiniensis",100,">14cm"
"1758",2520,"S11","T3","P. grandis",15.7393333333333,">14cm"
"1759",2521,"S11","T3","P. verrucosa",100,">14cm"
"1760",2522,"S11","T3","P. verrucosa",100,">14cm"
"1761",2523,"S11","T3","P. verrucosa",1.71766666666667,"0-2cm"
"1762",2524,"S11","T3","P. meandrina",5.41533333333333,">5cm-14cm"
"1763",2525,"S11","T3","P. tuahiniensis",1.626,"0-2cm"
"1764",2526,"S11","T3","P. verrucosa",18.6286666666667,">14cm"
"1765",2528,"S11","T4","P. verrucosa",100,">14cm"
"1766",2529,"S11","T4","P. tuahiniensis",16.7146666666667,">14cm"
"1767",2530,"S11","T4","P. verrucosa",100,">14cm"
"1768",2531,"S11","T3","P. verrucosa",19.3333333333333,">14cm"
"1769",2532,"S11","T4","P. verrucosa",30.5816666666667,">14cm"
"1770",2533,"S11","T3","P. tuahiniensis",100,">14cm"
"1771",2534,"S11","T4","P. meandrina",9.929,">5cm-14cm"
"1772",2535,"S11","T4","P. meandrina",25.0256666666667,">14cm"
"1773",2537,"S11","T4","P. tuahiniensis",20.3873333333333,">14cm"
"1774",2538,"S11","T4","P. grandis",0.903666666666667,"0-2cm"
"1775",2539,"S11","T3","P. verrucosa",100,">14cm"
"1776",2540,"S11","T3","P. meandrina",11.3446666666667,">5cm-14cm"
"1777",2541,"S11","T3","P. tuahiniensis",100,">14cm"
"1778",2542,"S11","T3","P. meandrina",15.6686666666667,">14cm"
"1779",2543,"S11","T3","P. verrucosa",3.71633333333333,">2cm-5cm"
"1780",2544,"S11","T3","P. meandrina",0.699,"0-2cm"
"1781",2545,"S11","T3","P. meandrina",2.56366666666667,">2cm-5cm"
"1782",2546,"S11","T3","P. meandrina",9.41766666666667,">5cm-14cm"
"1783",2547,"S11","T3","P. meandrina",0.984,"0-2cm"
"1784",2548,"S11","T3","P. tuahiniensis",26.8813333333333,">14cm"
"1785",2549,"S11","T3","P. meandrina",1.908,"0-2cm"
"1786",2550,"S11","T3","P. grandis",19.0846666666667,">14cm"
"1787",2551,"S11","T3","P. meandrina",1.072,"0-2cm"
"1788",2553,"S15","T4","P. meandrina",17.5416666666667,">14cm"
"1789",2554,"S15","T4","P. meandrina",9.679,">5cm-14cm"
"1790",2555,"S15","T4","P. grandis",3.96066666666667,">2cm-5cm"
"1791",2557,"S15","T4","P. meandrina",23.1586666666667,">14cm"
"1792",2558,"S18","T1","P. meandrina",5.27166666666667,">5cm-14cm"
"1793",2559,"S18","T1","P. acuta",1.60566666666667,"0-2cm"
"1794",2560,"S18","T1","P. meandrina",10.5483333333333,">5cm-14cm"
"1795",2562,"S18","T1","P. meandrina",13.4413333333333,">5cm-14cm"
"1796",2563,"S18","T1","P. meandrina",100,">14cm"
"1797",2565,"S18","T1","P. meandrina",22.8596666666667,">14cm"
"1798",2566,"S18","T1","P. meandrina",100,">14cm"
"1799",2567,"S18","T1","P. meandrina",2.995,">2cm-5cm"
"1800",2568,"S18","T1","P. meandrina",2.579,">2cm-5cm"
"1801",2570,"S18","T1","P. meandrina",100,">14cm"
"1802",2571,"S18","T1","P. meandrina",7.50366666666667,">5cm-14cm"
"1803",2572,"S18","T1","P. grandis",2.26366666666667,">2cm-5cm"
"1804",2574,"S18","T1","P. tuahiniensis",100,">14cm"
"1805",2575,"S18","T1","P. tuahiniensis",5.05633333333333,">5cm-14cm"
"1806",2576,"S18","T1","P. tuahiniensis",2.48166666666667,">2cm-5cm"
"1807",2577,"S18","T1","P. meandrina",9.06866666666667,">5cm-14cm"
"1808",2578,"S18","T1","P. tuahiniensis",14.627,">14cm"
"1809",2579,"S18","T1","P. tuahiniensis",2.66233333333333,">2cm-5cm"
"1810",2580,"S18","T1","P. verrucosa",9.635,">5cm-14cm"
"1811",2581,"S18","T1","P. meandrina",9.605,">5cm-14cm"
"1812",2583,"S18","T1","P. acuta",2.005,">2cm-5cm"
"1813",2584,"S18","T1","P. grandis",100,">14cm"
"1814",2585,"S18","T1","P. meandrina",100,">14cm"
"1815",2586,"S18","T1","P. meandrina",1.14566666666667,"0-2cm"
"1816",2588,"S18","T1","P. grandis",8.48566666666667,">5cm-14cm"
"1817",2589,"S18","T1","P. tuahiniensis",100,">14cm"
"1818",2590,"S18","T1","P. meandrina",11.3626666666667,">5cm-14cm"
"1819",2591,"S18","T1","P. meandrina",9.58133333333333,">5cm-14cm"
"1820",2593,"S18","T1","P. meandrina",13.114,">5cm-14cm"
"1821",2594,"S18","T1","P. meandrina",9.69766666666667,">5cm-14cm"
"1822",2596,"S18","T1","P. meandrina",1.983,"0-2cm"
"1823",2597,"S18","T1","P. acuta",4.849,">2cm-5cm"
"1824",2598,"S18","T1","P. meandrina",100,">14cm"
"1825",2599,"S18","T1","P. meandrina",10.59,">5cm-14cm"
"1826",2600,"S18","T1","P. tuahiniensis",18.246,">14cm"
"1827",2601,"S18","T1","P. meandrina",0.957333333333333,"0-2cm"
"1828",2602,"S9","T2","P. effusa",2.33133333333333,">2cm-5cm"
"1829",2603,"S9","T2","P. grandis",2.596,">2cm-5cm"
"1830",2604,"S9","T2","P. grandis",2.34266666666667,">2cm-5cm"
"1831",2607,"S9","T2","P. verrucosa",1.411,"0-2cm"
"1832",2607,"S9","T2","P. meandrina",1.411,"0-2cm"
"1833",2608,"S9","T2","P. meandrina",1.64833333333333,"0-2cm"
"1834",2609,"S9","T2","P. meandrina",0.762666666666667,"0-2cm"
"1835",2609,"S9","T2","P. meandrina",0.663333333333333,"0-2cm"
"1836",2610,"S9","T2","P. meandrina",1.43366666666667,"0-2cm"
"1837",2611,"S9","T2","P. meandrina",0.749,"0-2cm"
"1838",2612,"S9","T2","P. grandis",0.696666666666667,"0-2cm"
"1839",2613,"S9","T2","P. effusa",2.08366666666667,">2cm-5cm"
"1840",2614,"S9","T2","P. meandrina",1.14933333333333,"0-2cm"
"1841",2615,"S9","T2","P. meandrina",3.622,">2cm-5cm"
"1842",2616,"S9","T2","P. meandrina",3.50266666666667,">2cm-5cm"
"1843",2617,"S9","T2","P. meandrina",0.856,"0-2cm"
"1844",2619,"S15","T4","P. meandrina",4.322,">2cm-5cm"
"1845",2620,"S15","T4","P. meandrina",4.815,">2cm-5cm"
"1846",2621,"S15","T4","P. tuahiniensis",14.3936666666667,">14cm"
"1847",2634,"S15","T4","P. tuahiniensis",14.0823333333333,">14cm"
"1848",2635,"S15","T4","P. meandrina",5.008,">5cm-14cm"
"1849",2636,"S15","T4","P. meandrina",16.2823333333333,">14cm"
"1850",2637,"S15","T4","P. meandrina",18.7543333333333,">14cm"
"1851",2638,"S15","T4","P. meandrina",9.97666666666667,">5cm-14cm"
"1852",2639,"S15","T4","P. meandrina",8.435,">5cm-14cm"
"1853",2640,"S15","T4","P. meandrina",9.131,">5cm-14cm"
"1854",2641,"S15","T4","P. effusa",2.46933333333333,">2cm-5cm"
"1855",2643,"S15","T4","P. verrucosa",11.1466666666667,">5cm-14cm"
"1856",2644,"S15","T4","P. meandrina",8.825,">5cm-14cm"
"1857",2645,"S15","T4","P. meandrina",0.594,"0-2cm"
"1858",2646,"S15","T4","P. meandrina",100,">14cm"
"1859",2647,"S15","T4","P. meandrina",22.925,">14cm"
"1860",2648,"S15","T4","P. meandrina",21.284,">14cm"
"1861",2649,"S15","T4","P. meandrina",1.18233333333333,"0-2cm"
"1862",2651,"S15","T4","P. meandrina",0.445,"0-2cm"
"1863",2652,"S15","T4","P. meandrina",1.254,"0-2cm"
"1864",2653,"S15","T4","P. meandrina",0.984,"0-2cm"
"1865",2654,"S15","T4","P. verrucosa",8.866,">5cm-14cm"
"1866",2655,"S15","T4","P. verrucosa",13.2583333333333,">5cm-14cm"
"1867",2656,"S15","T4","P. meandrina",7.70266666666667,">5cm-14cm"
"1868",2657,"S15","T4","P. meandrina",0.978,"0-2cm"
"1869",2658,"S15","T4","P. meandrina",13.423,">5cm-14cm"
"1870",2659,"S15","T4","P. meandrina",28.0626666666667,">14cm"
"1871",2660,"S15","T4","P. meandrina",1.69733333333333,"0-2cm"
"1872",2661,"S15","T4","P. meandrina",14.2333333333333,">14cm"
"1873",2662,"S15","T4","P. acuta",2.314,">2cm-5cm"
"1874",2663,"S15","T4","P. meandrina",6.83266666666667,">5cm-14cm"
"1875",2664,"S15","T4","P. meandrina",12.6146666666667,">5cm-14cm"
"1876",2665,"S15","T4","P. verrucosa",21.6883333333333,">14cm"
"1877",2666,"S15","T4","P. meandrina",15.291,">14cm"
"1878",2667,"S15","T4","P. verrucosa",13.464,">5cm-14cm"
"1879",2668,"S15","T4","P. verrucosa",2.19066666666667,">2cm-5cm"
"1880",2670,"S15","T4","P. verrucosa",3.89133333333333,">2cm-5cm"
"1881",2671,"S15","T4","P. verrucosa",12.161,">5cm-14cm"
"1882",2672,"S15","T4","P. acuta",0.506333333333333,"0-2cm"
"1883",2673,"S15","T4","P. meandrina",11.545,">5cm-14cm"
"1884",2674,"S15","T4","P. tuahiniensis",21.958,">14cm"
"1885",2675,"S15","T4","P. tuahiniensis",16.5136666666667,">14cm"
"1886",2676,"S15","T4","P. meandrina",0.735,"0-2cm"
"1887",2677,"S15","T4","P. meandrina",7.32833333333333,">5cm-14cm"
"1888",2678,"S15","T4","P. tuahiniensis",17.9713333333333,">14cm"
"1889",2679,"S15","T4","P. tuahiniensis",10.752,">5cm-14cm"
"1890",2680,"S15","T4","P. meandrina",20.6196666666667,">14cm"
"1891",2681,"S15","T4","P. meandrina",14.1413333333333,">14cm"
"1892",2682,"S15","T4","P. verrucosa",15.7366666666667,">14cm"
"1893",2683,"S15","T4","P. verrucosa",14.8226666666667,">14cm"
"1894",2685,"S15","T4","P. tuahiniensis",21.2273333333333,">14cm"
"1895",2686,"S11","T4","P. tuahiniensis",15.766,">14cm"
"1896",2688,"S11","T4","P. meandrina",1.33833333333333,"0-2cm"
"1897",2689,"S11","T4","P. meandrina",18.0766666666667,">14cm"
"1898",2690,"S11","T4","P. verrucosa",14.5133333333333,">14cm"
"1899",2691,"S11","T5","P. grandis",100,">14cm"
"1900",2692,"S11","T5","P. acuta",1.947,"0-2cm"
"1901",2693,"S11","T5","P. acuta",0.241,"0-2cm"
"1902",2694,"S11","T5","P. verrucosa",4.02866666666667,">2cm-5cm"
"1903",2695,"S11","T5","P. tuahiniensis",20.449,">14cm"
"1904",2696,"S11","T5","P. meandrina",0.730666666666667,"0-2cm"
"1905",2697,"S11","T4","P. tuahiniensis",3.901,">2cm-5cm"
"1906",2698,"S11","T4","P. meandrina",9.53233333333333,">5cm-14cm"
"1907",2699,"S11","T4","P. meandrina",12.1876666666667,">5cm-14cm"
"1908",2700,"S11","T4","P. tuahiniensis",17.8363333333333,">14cm"
"1909",2701,"S11","T4","P. grandis",12.0096666666667,">5cm-14cm"
"1910",2702,"S11","T4","P. acuta",1.47933333333333,"0-2cm"
"1911",2703,"S11","T4","P. meandrina",5.884,">5cm-14cm"
"1912",2704,"S11","T4","P. grandis",30.2703333333333,">14cm"
"1913",2706,"S11","T4","P. meandrina",100,">14cm"
"1914",2707,"S11","T4","P. meandrina",1.03733333333333,"0-2cm"
"1915",2708,"S11","T4","P. meandrina",1.10833333333333,"0-2cm"
"1916",2710,"S11","T4","P. meandrina",1.37566666666667,"0-2cm"
"1917",2711,"S11","T4","P. grandis",1.731,"0-2cm"
"1918",2712,"S11","T4","P. tuahiniensis",15.79,">14cm"
"1919",2713,"S11","T4","P. meandrina",1.90733333333333,"0-2cm"
"1920",2714,"S11","T4","P. verrucosa",5.24466666666667,">5cm-14cm"
"1921",2715,"S11","T4","P. meandrina",0.957333333333333,"0-2cm"
"1922",2716,"S11","T4","P. meandrina",1.883,"0-2cm"
"1923",2717,"S11","T4","P. meandrina",0.894666666666667,"0-2cm"
"1924",2718,"S11","T4","P. meandrina",11.7823333333333,">5cm-14cm"
"1925",2719,"S11","T4","P. meandrina",1.17166666666667,"0-2cm"
"1926",2720,"S11","T4","P. verrucosa",19.613,">14cm"
"1927",2721,"S11","T4","P. meandrina",9.56233333333333,">5cm-14cm"
"1928",2722,"S11","T4","P. meandrina",1.08433333333333,"0-2cm"
"1929",2723,"S11","T4","P. meandrina",100,">14cm"
"1930",2724,"S11","T4","P. tuahiniensis",100,">14cm"
"1931",2725,"S11","T4","P. verrucosa",19.9283333333333,">14cm"
"1932",2726,"S11","T4","P. effusa",1.49733333333333,"0-2cm"
"1933",2727,"S11","T4","P. meandrina",1.27933333333333,"0-2cm"
"1934",2729,"S11","T4","P. meandrina",11.976,">5cm-14cm"
"1935",2730,"S11","T4","P. meandrina",17.731,">14cm"
"1936",2731,"S11","T4","P. meandrina",2.31566666666667,">2cm-5cm"
"1937",2733,"S11","T4","P. grandis",0.863666666666667,"0-2cm"
"1938",2734,"S11","T4","P. meandrina",100,">14cm"
"1939",2735,"S11","T5","P. acuta",1.64633333333333,"0-2cm"
"1940",2736,"S11","T6","P. verrucosa",24.416,">14cm"
"1941",2737,"S11","T5","P. meandrina",0.992333333333333,"0-2cm"
"1942",2739,"S11","T6","P. tuahiniensis",100,">14cm"
"1943",2740,"S11","T6","P. meandrina",16.003,">14cm"
"1944",2741,"S11","T6","P. verrucosa",100,">14cm"
"1945",2742,"S11","T6","P. grandis",28.3466666666667,">14cm"
"1946",2743,"S11","T6","P. tuahiniensis",20.7036666666667,">14cm"
"1947",2744,"S11","T6","P. verrucosa",100,">14cm"
"1948",2745,"S11","T6","P. verrucosa",22.5733333333333,">14cm"
"1949",2746,"S11","T6","P. verrucosa",12.006,">5cm-14cm"
"1950",2747,"S11","T6","P. meandrina",18.3636666666667,">14cm"
"1951",2748,"S11","T6","P. meandrina",7.89833333333333,">5cm-14cm"
"1952",2749,"S11","T6","P. tuahiniensis",7.913,">5cm-14cm"
"1953",2750,"S11","T6","P. verrucosa",6.62633333333333,">5cm-14cm"
"1954",2751,"S11","T6","P. verrucosa",4.57133333333333,">2cm-5cm"
"1955",2752,"S11","T6","P. meandrina",10.281,">5cm-14cm"
"1956",2753,"S11","T6","P. meandrina",5.91033333333333,">5cm-14cm"
"1957",2754,"S11","T6","P. effusa",1.44933333333333,"0-2cm"
"1958",2755,"S11","T6","P. meandrina",0.904,"0-2cm"
"1959",2756,"S11","T6","P. acuta",2.197,">2cm-5cm"
"1960",2757,"S11","T6","P. meandrina",100,">14cm"
"1961",2758,"S11","T6","P. meandrina",1.92533333333333,"0-2cm"
"1962",2759,"S11","T6","P. meandrina",1.406,"0-2cm"
"1963",2760,"S11","T6","P. meandrina",1.196,"0-2cm"
"1964",2761,"S11","T6","P. meandrina",100,">14cm"
"1965",2762,"S11","T6","P. effusa",1.45266666666667,"0-2cm"
"1966",2763,"S11","T6","P. meandrina",11.7976666666667,">5cm-14cm"
"1967",2764,"S11","T6","P. meandrina",1.26,"0-2cm"
"1968",2765,"S11","T6","P. verrucosa",26.1493333333333,">14cm"
"1969",2766,"S11","T6","P. grandis",13.4476666666667,">5cm-14cm"
"1970",2767,"S11","T6","P. tuahiniensis",9.038,">5cm-14cm"
"1971",2769,"S11","T6","P. tuahiniensis",12.6166666666667,">5cm-14cm"
"1972",2770,"S11","T6","P. verrucosa",100,">14cm"
"1973",2771,"S11","T6","P. meandrina",24.428,">14cm"
"1974",2772,"S11","T6","P. verrucosa",100,">14cm"
"1975",2773,"S11","T6","P. grandis",7.39866666666667,">5cm-14cm"
"1976",2774,"S11","T6","P. tuahiniensis",8.62233333333333,">5cm-14cm"
"1977",2775,"S11","T6","P. tuahiniensis",20.616,">14cm"
"1978",2777,"S11","T6","P. meandrina",4.05533333333333,">2cm-5cm"
"1979",2778,"S11","T6","P. meandrina",1.323,"0-2cm"
"1980",2779,"S11","T6","P. grandis",3.57066666666667,">2cm-5cm"
"1981",2780,"S11","T6","P. meandrina",1.62733333333333,"0-2cm"
"1982",2781,"S11","T6","P. grandis",10.239,">5cm-14cm"
"1983",2782,"S11","T6","P. tuahiniensis",2.87933333333333,">2cm-5cm"
"1984",2783,"S11","T6","P. verrucosa",100,">14cm"
"1985",2784,"S11","T6","P. verrucosa",10.986,">5cm-14cm"
"1986",2785,"S11","T6","P. verrucosa",18.328,">14cm"
"1987",2786,"S11","T6","P. meandrina",16.8586666666667,">14cm"
"1988",2787,"S11","T6","P. grandis",1.10266666666667,"0-2cm"
"1989",2788,"S11","T6","P. verrucosa",15.0833333333333,">14cm"
"1990",2789,"S11","T6","P. meandrina",16.6083333333333,">14cm"
"1991",2790,"S11","T6","P. verrucosa",15.927,">14cm"
"1992",2792,"S11","T5","P. meandrina",21.0783333333333,">14cm"
"1993",2793,"S11","T5","P. meandrina",1.221,"0-2cm"
"1994",2794,"S11","T5","P. tuahiniensis",3.552,">2cm-5cm"
"1995",2795,"S11","T5","P. meandrina",1.82,"0-2cm"
"1996",2796,"S11","T5","P. verrucosa",5.963,">5cm-14cm"
"1997",2797,"S11","T5","P. verrucosa",100,">14cm"
"1998",2798,"S11","T5","P. grandis",1.08533333333333,"0-2cm"
"1999",2799,"S11","T5","P. meandrina",1.63766666666667,"0-2cm"
"2000",2800,"S11","T5","P. meandrina",11.442,">5cm-14cm"
"2001",2801,"S11","T5","P. verrucosa",22.02,">14cm"
"2002",2802,"S11","T5","P. grandis",17.95,">14cm"
"2003",2803,"S11","T5","P. meandrina",24.7663333333333,">14cm"
"2004",2804,"S11","T5","P. grandis",16.5936666666667,">14cm"
"2005",2805,"S11","T5","P. meandrina",2.32833333333333,">2cm-5cm"
"2006",2806,"S11","T5","P. tuahiniensis",1.45366666666667,"0-2cm"
"2007",2807,"S11","T5","P. verrucosa",10.9983333333333,">5cm-14cm"
"2008",2808,"S11","T5","P. acuta",1.92333333333333,"0-2cm"
"2009",2810,"S11","T5","P. meandrina",2.65333333333333,">2cm-5cm"
"2010",2811,"S11","T5","P. acuta",0.882666666666667,"0-2cm"
"2011",2812,"S11","T5","P. meandrina",1.358,"0-2cm"
"2012",2813,"S11","T5","P. meandrina",11.034,">5cm-14cm"
"2013",2814,"S11","T5","P. tuahiniensis",5.72566666666667,">5cm-14cm"
"2014",2815,"S11","T5","P. grandis",15.5386666666667,">14cm"
"2015",2816,"S11","T5","P. grandis",10.7556666666667,">5cm-14cm"
"2016",2817,"S11","T5","P. grandis",1.50666666666667,"0-2cm"
"2017",2819,"S11","T5","P. meandrina",1.374,"0-2cm"
"2018",2820,"S11","T5","P. meandrina",0.590333333333333,"0-2cm"
"2019",2821,"S11","T5","P. meandrina",0.662,"0-2cm"
"2020",2822,"S9","T1","P. effusa",7.53833333333333,">5cm-14cm"
"2021",2823,"S9","T1","P. meandrina",3.17233333333333,">2cm-5cm"
"2022",2824,"S9","T1","P. effusa",3.57033333333333,">2cm-5cm"
"2023",2827,"S9","T1","P. meandrina",11.8123333333333,">5cm-14cm"
"2024",2828,"S9","T1","P. verrucosa",7.44033333333333,">5cm-14cm"
"2025",2829,"S9","T1","P. meandrina",0.708333333333333,"0-2cm"
"2026",2830,"S9","T1","P. meandrina",1.129,"0-2cm"
"2027",2831,"S9","T2","P. meandrina",2.136,">2cm-5cm"
"2028",2832,"S9","T2","P. meandrina",11.3423333333333,">5cm-14cm"
"2029",2833,"S9","T2","P. meandrina",1.60566666666667,"0-2cm"
"2030",2834,"S9","T2","P. meandrina",1.893,"0-2cm"
"2031",2836,"S9","T1","P. effusa",4.41833333333333,">2cm-5cm"
"2032",2837,"S9","T1","P. meandrina",0.758666666666667,"0-2cm"
"2033",2838,"S9","T1","P. meandrina",1.624,"0-2cm"
"2034",2839,"S9","T1","P. meandrina",0.862,"0-2cm"
"2035",2840,"S9","T1","P. meandrina",1.53466666666667,"0-2cm"
"2036",2841,"S9","T1","P. meandrina",15.609,">14cm"
"2037",2842,"S9","T1","P. meandrina",1.448,"0-2cm"
"2038",2843,"S9","T1","P. effusa",2.73166666666667,">2cm-5cm"
"2039",2844,"S9","T1","P. meandrina",1.13733333333333,"0-2cm"
"2040",2845,"S9","T1","P. meandrina",1.76133333333333,"0-2cm"
"2041",2846,"S9","T1","P. meandrina",2.936,">2cm-5cm"
"2042",2847,"S9","T1","P. effusa",2.07866666666667,">2cm-5cm"
"2043",2848,"S9","T1","P. meandrina",2.945,">2cm-5cm"
"2044",2849,"S9","T1","P. meandrina",0.761666666666667,"0-2cm"
"2045",2850,"S9","T1","P. grandis",8.593,">5cm-14cm"
"2046",2851,"S9","T1","P. meandrina",0.516333333333333,"0-2cm"
"2047",2852,"S9","T1","P. meandrina",1.75133333333333,"0-2cm"
"2048",2853,"S9","T1","P. meandrina",1.06866666666667,"0-2cm"
"2049",2854,"S9","T1","P. meandrina",6.768,">5cm-14cm"
"2050",2855,"S9","T1","P. meandrina",0.767666666666667,"0-2cm"
"2051",2855,"S9","T1","P. meandrina",0.746666666666667,"0-2cm"
"2052",2855,"S9","T2","P. meandrina",0.767666666666667,"0-2cm"
"2053",2855,"S9","T2","P. meandrina",0.746666666666667,"0-2cm"
"2054",2856,"S9","T1","P. meandrina",1.96866666666667,"0-2cm"
"2055",2857,"S9","T1","P. meandrina",1.32233333333333,"0-2cm"
"2056",2858,"S9","T1","P. grandis",1.383,"0-2cm"
"2057",2859,"S9","T1","P. tuahiniensis",3.19233333333333,">2cm-5cm"
"2058",2861,"S9","T1","P. meandrina",2.04833333333333,">2cm-5cm"
"2059",2862,"S9","T1","P. meandrina",2.04833333333333,">2cm-5cm"
"2060",2863,"S9","T1","P. meandrina",2.095,">2cm-5cm"
"2061",2864,"S9","T1","P. meandrina",1.02,"0-2cm"
"2062",2865,"S9","T1","P. effusa",2.30966666666667,">2cm-5cm"
"2063",2866,"S9","T1","P. grandis",2.108,">2cm-5cm"
"2064",2867,"S9","T1","P. grandis",1.06933333333333,"0-2cm"
"2065",2868,"S9","T1","P. meandrina",1.03233333333333,"0-2cm"
"2066",2869,"S9","T1","P. meandrina",1.60766666666667,"0-2cm"
"2067",2870,"S9","T1","P. grandis",0.977666666666667,"0-2cm"
"2068",2871,"S9","T1","P. meandrina",7.037,">5cm-14cm"
"2069",2872,"S9","T1","P. effusa",4.76133333333333,">2cm-5cm"
"2070",2873,"S9","T1","P. meandrina",2.24233333333333,">2cm-5cm"
"2071",2875,"S9","T1","P. meandrina",6.651,">5cm-14cm"
"2072",2876,"S9","T1","P. verrucosa",8.88733333333333,">5cm-14cm"
"2073",2877,"S9","T1","P. effusa",2.11866666666667,">2cm-5cm"
"2074",2879,"S9","T1","P. acuta",1.61666666666667,"0-2cm"
"2075",2880,"S9","T1","P. acuta",1.46266666666667,"0-2cm"
"2076",2881,"S9","T1","P. meandrina",1.592,"0-2cm"
"2077",2882,"S9","T1","P. tuahiniensis",3.22366666666667,">2cm-5cm"
"2078",2883,"S9","T1","P. meandrina",1.83566666666667,"0-2cm"
"2079",2884,"S9","T1","P. meandrina",4.24366666666667,">2cm-5cm"
"2080",2885,"S9","T1","P. meandrina",1.109,"0-2cm"
"2081",2886,"S9","T1","P. meandrina",6.694,">5cm-14cm"
"2082",2887,"S9","T1","P. meandrina",1.194,"0-2cm"
"2083",2888,"S9","T1","P. effusa",2.911,">2cm-5cm"
"2084",2889,"S9","T1","P. meandrina",2.14666666666667,">2cm-5cm"
"2085",2890,"S9","T1","P. meandrina",1.29033333333333,"0-2cm"
"2086",2891,"S9","T1","P. meandrina",2.16966666666667,">2cm-5cm"
"2087",2892,"S9","T1","P. meandrina",1.563,"0-2cm"
"2088",2893,"S9","T1","P. tuahiniensis",5.63633333333333,">5cm-14cm"
"2089",2894,"S9","T1","P. grandis",1.61666666666667,"0-2cm"
"2090",2896,"S9","T1","P. meandrina",1.084,"0-2cm"
"2091",2897,"S9","T1","P. tuahiniensis",10.4176666666667,">5cm-14cm"
"2092",2898,"S9","T1","P. meandrina",1.76433333333333,"0-2cm"
"2093",2899,"S9","T1","P. tuahiniensis",1.21633333333333,"0-2cm"
"2094",2900,"S9","T1","P. tuahiniensis",1.09833333333333,"0-2cm"
"2095",2901,"S9","T1","P. tuahiniensis",4.417,">2cm-5cm"
"2096",2902,"S9","T1","P. tuahiniensis",3.484,">2cm-5cm"
"2097",2904,"S9","T1","P. meandrina",0.985333333333333,"0-2cm"
"2098",2905,"S9","T1","P. tuahiniensis",10.0753333333333,">5cm-14cm"
"2099",2907,"S9","T1","P. meandrina",4.61633333333333,">2cm-5cm"
"2100",2908,"S9","T1","P. tuahiniensis",150,">14cm"
"2101",2909,"S9","T1","P. grandis",1.16766666666667,"0-2cm"
"2102",2910,"S9","T1","P. meandrina",3.013,">2cm-5cm"
"2103",2911,"S18","T2","P. tuahiniensis",4.932,">2cm-5cm"
"2104",2912,"S12","T3","P. meandrina",1.274,"0-2cm"
"2105",2915,"S12","T3","P. tuahiniensis",41.0463333333333,">14cm"
"2106",2916,"S12","T3","P. acuta",4.17833333333333,">2cm-5cm"
"2107",2917,"S12","T3","P. meandrina",11.9973333333333,">5cm-14cm"
"2108",2918,"S12","T3","P. meandrina",1.79,"0-2cm"
"2109",2919,"S12","T3","P. meandrina",2.63766666666667,">2cm-5cm"
"2110",2920,"S12","T3","P. meandrina",2.16533333333333,">2cm-5cm"
"2111",2921,"S12","T3","P. meandrina",1.23366666666667,"0-2cm"
"2112",2922,"S18","T2","P. acuta",1.64333333333333,"0-2cm"
"2113",2923,"S18","T2","P. effusa",1.43466666666667,"0-2cm"
"2114",2924,"S12","T3","P. meandrina",0.581666666666667,"0-2cm"
"2115",2925,"S12","T3","P. grandis",5.06366666666667,">5cm-14cm"
"2116",2926,"S12","T3","P. meandrina",10.388,">5cm-14cm"
"2117",2927,"S18","T2","P. effusa",2.90833333333333,">2cm-5cm"
"2118",2928,"S18","T2","P. acuta",14.509,">14cm"
"2119",2929,"S18","T2","P. meandrina",13.0076666666667,">5cm-14cm"
"2120",2930,"S18","T2","P. meandrina",7.792,">5cm-14cm"
"2121",2931,"S18","T2","P. meandrina",8.073,">5cm-14cm"
"2122",2932,"S18","T2","P. meandrina",1.157,"0-2cm"
"2123",2933,"S18","T2","P. meandrina",3.08633333333333,">2cm-5cm"
"2124",2934,"S18","T2","P. meandrina",0.976666666666667,"0-2cm"
"2125",2935,"S18","T2","P. verrucosa",21.447,">14cm"
"2126",2936,"S9","T1","P. grandis",4.95133333333333,">2cm-5cm"
"2127",2937,"S18","T2","P. meandrina",1.913,"0-2cm"
"2128",2938,"S18","T2","P. meandrina",100,">14cm"
"2129",2939,"S18","T2","P. grandis",10.5266666666667,">5cm-14cm"
"2130",2940,"S18","T2","P. effusa",2.14366666666667,">2cm-5cm"
"2131",2941,"S18","T2","P. grandis",100,">14cm"
"2132",2942,"S18","T2","P. verrucosa",3.657,">2cm-5cm"
"2133",2943,"S18","T2","P. meandrina",2.50933333333333,">2cm-5cm"
"2134",2945,"S18","T2","P. effusa",3.32766666666667,">2cm-5cm"
"2135",2946,"S18","T2","P. meandrina",11.4503333333333,">5cm-14cm"
"2136",2947,"S18","T2","P. grandis",14.6953333333333,">14cm"
"2137",2948,"S18","T2","P. verrucosa",13.865,">5cm-14cm"
"2138",2949,"S18","T2","P. tuahiniensis",100,">14cm"
"2139",2950,"S18","T2","P. meandrina",8.93233333333333,">5cm-14cm"
"2140",2952,"S18","T2","P. meandrina",1.481,"0-2cm"
"2141",2953,"S18","T2","P. meandrina",13.105,">5cm-14cm"
"2142",2954,"S18","T2","P. verrucosa",8.63066666666667,">5cm-14cm"
"2143",2955,"S18","T2","P. meandrina",17.2443333333333,">14cm"
"2144",2956,"S9","T2","P. effusa",1.30066666666667,"0-2cm"
"2145",2956,"S9","T2","P. effusa",3.11366666666667,">2cm-5cm"
"2146",2957,"S9","T2","P. meandrina",3.21,">2cm-5cm"
"2147",2958,"S9","T2","P. meandrina",1.59666666666667,"0-2cm"
"2148",2959,"S9","T2","P. meandrina",1.75533333333333,"0-2cm"
"2149",2960,"S9","T2","P. meandrina",4.1,">2cm-5cm"
"2150",2960,"S9","T2","P. meandrina",1.96333333333333,"0-2cm"
"2151",2961,"S9","T2","P. effusa",2.633,">2cm-5cm"
"2152",2962,"S9","T2","P. meandrina",1.48533333333333,"0-2cm"
"2153",2967,"S9","T2","P. meandrina",2.48633333333333,">2cm-5cm"
"2154",2969,"S6","T1","P. meandrina",2.74466666666667,">2cm-5cm"
"2155",2971,"S9","T3","P. grandis",8.06233333333333,">5cm-14cm"
"2156",2972,"S9","T2","P. tuahiniensis",100,">14cm"
"2157",2974,"S9","T3","P. meandrina",2.57033333333333,">2cm-5cm"
"2158",2978,"S9","T3","P. meandrina",1.14266666666667,"0-2cm"
"2159",2980,"S9","T3","P. effusa",4.35666666666667,">2cm-5cm"
"2160",2981,"S9","T3","P. meandrina",2.287,">2cm-5cm"
"2161",2982,"S9","T3","P. meandrina",1.195,"0-2cm"
"2162",2983,"S9","T3","P. meandrina",7.69833333333333,">5cm-14cm"
"2163",2985,"S9","T3","P. meandrina",1.27166666666667,"0-2cm"
"2164",2987,"S9","T3","P. tuahiniensis",1.47966666666667,"0-2cm"
"2165",2988,"S9","T3","P. meandrina",1.88666666666667,"0-2cm"
"2166",2990,"S18","T2","P. acuta",2.52366666666667,">2cm-5cm"
"2167",2991,"S9","T2","P. acuta",2.276,">2cm-5cm"
"2168",2992,"S9","T2","P. meandrina",3.036,">2cm-5cm"
"2169",2993,"S9","T2","P. grandis",2.45433333333333,">2cm-5cm"
"2170",2994,"S9","T2","P. tuahiniensis",1.20633333333333,"0-2cm"
"2171",2995,"S9","T2","P. meandrina",2.376,">2cm-5cm"
"2172",2996,"S9","T2","P. meandrina",1.76566666666667,"0-2cm"
"2173",2997,"S9","T2","P. meandrina",1.34466666666667,"0-2cm"
"2174",2998,"S9","T2","P. meandrina",1.163,"0-2cm"
"2175",2999,"S9","T2","P. tuahiniensis",5.462,">5cm-14cm"
"2176",3002,"S6","T1","P. meandrina",0.629666666666667,"0-2cm"
"2177",3003,"S6","T1","P. meandrina",100,">14cm"
"2178",3011,"S6","T1","P. meandrina",2.60133333333333,">2cm-5cm"
"2179",3016,"S9","T3","P. meandrina",0.978666666666667,"0-2cm"
"2180",3033,"S6","T1","P. meandrina",0.779333333333333,"0-2cm"
"2181",3036,"S6","T1","P. tuahiniensis",1.53766666666667,"0-2cm"
"2182",3049,"S6","T1","P. meandrina",0.861333333333333,"0-2cm"
"2183",3050,"S6","T1","P. meandrina",0.827,"0-2cm"
"2184",3054,"S6","T1","P. meandrina",3.10633333333333,">2cm-5cm"
"2185",3058,"S6","T1","P. meandrina",0.628333333333333,"0-2cm"
"2186",3059,"S6","T1","P. meandrina",1.10966666666667,"0-2cm"
"2187",3060,"S6","T1","P. grandis",1.28466666666667,"0-2cm"
"2188",3063,"S6","T1","P. meandrina",1.595,"0-2cm"
"2189",3068,"S6","T1","P. grandis",3.691,">2cm-5cm"
"2190",3076,"S6","T2","P. meandrina",2.185,">2cm-5cm"
"2191",3077,"S6","T2","P. meandrina",0.794666666666667,"0-2cm"
"2192",3078,"S6","T2","P. meandrina",0.633333333333333,"0-2cm"
"2193",3080,"S6","T2","P. meandrina",1.01933333333333,"0-2cm"
"2194",3081,"S6","T2","P. grandis",1.28266666666667,"0-2cm"
"2195",3082,"S6","T2","P. meandrina",0.518666666666667,"0-2cm"
"2196",3083,"S6","T2","P. meandrina",1.35166666666667,"0-2cm"
"2197",3084,"S6","T2","P. meandrina",0.403333333333333,"0-2cm"
"2198",3085,"S6","T2","P. meandrina",4.82766666666667,">2cm-5cm"
"2199",3086,"S6","T2","P. grandis",1.41433333333333,"0-2cm"
"2200",3088,"S6","T2","P. grandis",0.52,"0-2cm"
"2201",3089,"S6","T2","P. tuahiniensis",20.9343333333333,">14cm"
"2202",3094,"S6","T2","P. verrucosa",1.755,"0-2cm"
"2203",3096,"S6","T2","P. meandrina",1.273,"0-2cm"
"2204",3097,"S6","T2","P. tuahiniensis",3.03633333333333,">2cm-5cm"
"2205",3098,"S6","T2","P. tuahiniensis",1.94766666666667,"0-2cm"
"2206",3099,"S6","T2","P. meandrina",0.845666666666667,"0-2cm"
"2207",3100,"S6","T2","P. grandis",1.71866666666667,"0-2cm"
"2208",3101,"S6","T2","P. grandis",1.04333333333333,"0-2cm"
"2209",3102,"S6","T2","P. grandis",1.74466666666667,"0-2cm"
"2210",3103,"S6","T2","P. meandrina",2.057,">2cm-5cm"
"2211",3104,"S6","T2","P. meandrina",0.733666666666667,"0-2cm"
"2212",3105,"S6","T2","P. meandrina",2.408,">2cm-5cm"
"2213",3106,"S6","T2","P. meandrina",100,">14cm"
"2214",3107,"S6","T2","P. meandrina",0.902333333333333,"0-2cm"
"2215",3108,"S6","T2","P. acuta",0.996333333333333,"0-2cm"
"2216",3109,"S6","T2","P. meandrina",1.86033333333333,"0-2cm"
"2217",3110,"S6","T2","P. meandrina",1.47566666666667,"0-2cm"
"2218",3112,"S6","T2","P. verrucosa",2.35566666666667,">2cm-5cm"
"2219",3113,"S6","T2","P. grandis",2.226,">2cm-5cm"
"2220",3114,"S6","T2","P. meandrina",2.035,">2cm-5cm"
"2221",3115,"S6","T2","P. meandrina",1.345,"0-2cm"
"2222",3116,"S6","T2","P. meandrina",0.371333333333333,"0-2cm"
"2223",3117,"S6","T2","P. verrucosa",0.887,"0-2cm"
"2224",3117,"S6","T2","P. verrucosa",0.536333333333333,"0-2cm"
"2225",3118,"S6","T2","P. meandrina",1.28066666666667,"0-2cm"
"2226",3119,"S6","T2","P. meandrina",0.671,"0-2cm"
"2227",3121,"S6","T2","P. grandis",0.743333333333333,"0-2cm"
"2228",3123,"S6","T2","P. meandrina",1.61366666666667,"0-2cm"
"2229",3124,"S6","T2","P. grandis",1.51866666666667,"0-2cm"
"2230",3125,"S6","T2","P. meandrina",2.05966666666667,">2cm-5cm"
"2231",3126,"S6","T2","P. meandrina",1.03833333333333,"0-2cm"
"2232",3127,"S6","T2","P. meandrina",3.125,">2cm-5cm"
"2233",3130,"S6","T2","P. meandrina",0.977666666666667,"0-2cm"
"2234",3132,"S6","T2","P. tuahiniensis",1.81433333333333,"0-2cm"
"2235",3133,"S6","T2","P. meandrina",1.14133333333333,"0-2cm"
"2236",3134,"S6","T2","P. meandrina",0.828333333333333,"0-2cm"
"2237",3135,"S6","T2","P. meandrina",1.176,"0-2cm"
"2238",3136,"S6","T2","P. meandrina",0.919,"0-2cm"
"2239",3137,"S6","T2","P. meandrina",1.22433333333333,"0-2cm"
"2240",3138,"S6","T2","P. meandrina",0.976666666666667,"0-2cm"
"2241",3141,"S6","T2","P. verrucosa",1.903,"0-2cm"
"2242",3144,"S6","T2","P. meandrina",0.952666666666667,"0-2cm"
"2243",3147,"S6","T2","P. grandis",6.881,">5cm-14cm"
"2244",3150,"S6","T3","P. meandrina",16.2506666666667,">14cm"
"2245",3151,"S6","T3","P. grandis",2.22466666666667,">2cm-5cm"
"2246",3152,"S6","T3","P. effusa",2.917,">2cm-5cm"
"2247",3153,"S6","T3","P. meandrina",1.756,"0-2cm"
"2248",3155,"S6","T3","P. meandrina",1.077,"0-2cm"
"2249",3156,"S6","T3","P. meandrina",100,">14cm"
"2250",3157,"S6","T3","P. meandrina",7.57633333333333,">5cm-14cm"
"2251",3158,"S6","T3","P. effusa",6.588,">5cm-14cm"
"2252",3159,"S6","T3","P. meandrina",1.51433333333333,"0-2cm"
"2253",3160,"S6","T3","P. meandrina",1,"0-2cm"
"2254",3161,"S6","T3","P. verrucosa",1.08666666666667,"0-2cm"
"2255",3162,"S6","T3","P. meandrina",1.45933333333333,"0-2cm"
"2256",3163,"S6","T3","P. meandrina",1.173,"0-2cm"
"2257",3165,"S6","T3","P. meandrina",1.93466666666667,"0-2cm"
"2258",3166,"S6","T3","P. grandis",4.831,">2cm-5cm"
"2259",3167,"S6","T2","P. grandis",2.42066666666667,">2cm-5cm"
"2260",3168,"S6","T3","P. meandrina",0.846,"0-2cm"
"2261",3169,"S6","T3","P. meandrina",10.577,">5cm-14cm"
"2262",3170,"S6","T3","P. effusa",1.244,"0-2cm"
"2263",3172,"S6","T3","P. meandrina",0.396666666666667,"0-2cm"
"2264",3173,"S6","T3","P. verrucosa",100,">14cm"
"2265",3174,"S6","T3","P. meandrina",1.477,"0-2cm"
"2266",3175,"S6","T3","P. grandis",1.414,"0-2cm"
"2267",3176,"S6","T3","P. tuahiniensis",4.52966666666667,">2cm-5cm"
"2268",3178,"S6","T3","P. grandis",1.50033333333333,"0-2cm"
"2269",3180,"S6","T3","P. verrucosa",100,">14cm"
"2270",3181,"S6","T3","P. meandrina",0.789666666666667,"0-2cm"
"2271",3182,"S6","T3","P. effusa",100,">14cm"
"2272",3183,"S6","T3","P. effusa",1.00733333333333,"0-2cm"
"2273",3184,"S6","T3","P. meandrina",1.85333333333333,"0-2cm"
"2274",3185,"S6","T3","P. grandis",1.21666666666667,"0-2cm"
"2275",3185,"S6","T3","P. grandis",1.21666666666667,"0-2cm"
"2276",3186,"S6","T3","P. meandrina",1.56,"0-2cm"
"2277",3187,"S6","T3","P. meandrina",3.758,">2cm-5cm"
"2278",3188,"S6","T3","P. meandrina",1.43,"0-2cm"
"2279",3189,"S6","T3","P. meandrina",0.777,"0-2cm"
"2280",3190,"S6","T3","P. verrucosa",100,">14cm"
"2281",3191,"S6","T3","P. meandrina",2.079,">2cm-5cm"
"2282",3192,"S6","T3","P. meandrina",0.917333333333333,"0-2cm"
"2283",3193,"S6","T3","P. meandrina",5.037,">5cm-14cm"
"2284",3195,"S6","T3","P. meandrina",4.15066666666667,">2cm-5cm"
"2285",3196,"S6","T3","P. meandrina",4.25366666666667,">2cm-5cm"
"2286",3197,"S6","T3","P. verrucosa",100,">14cm"
"2287",3198,"S6","T3","P. meandrina",0.751333333333333,"0-2cm"
"2288",3200,"S6","T3","P. tuahiniensis",0.782,"0-2cm"
"2289",3201,"S6","T3","P. meandrina",1.97733333333333,"0-2cm"
"2290",3202,"S6","T3","P. tuahiniensis",8.058,">5cm-14cm"
"2291",3203,"S6","T3","P. tuahiniensis",0.448333333333333,"0-2cm"
"2292",3204,"S6","T3","P. meandrina",0.785,"0-2cm"
"2293",3205,"S6","T3","P. tuahiniensis",1.097,"0-2cm"
"2294",3206,"S6","T3","P. grandis",1.23933333333333,"0-2cm"
"2295",3207,"S6","T3","P. meandrina",1.17633333333333,"0-2cm"
"2296",3208,"S6","T3","P. meandrina",0.501,"0-2cm"
"2297",3209,"S6","T3","P. meandrina",1.635,"0-2cm"
"2298",3210,"S6","T3","P. meandrina",5.44433333333333,">5cm-14cm"
"2299",3211,"S6","T3","P. meandrina",100,">14cm"
"2300",3213,"S6","T3","P. meandrina",1.697,"0-2cm"
"2301",3214,"S6","T3","P. meandrina",1.162,"0-2cm"
"2302",3215,"S6","T3","P. meandrina",6.096,">5cm-14cm"
"2303",3216,"S6","T3","P. meandrina",0.628,"0-2cm"
"2304",3217,"S6","T3","P. verrucosa",2.357,">2cm-5cm"
"2305",3218,"S6","T3","P. meandrina",21.1843333333333,">14cm"
"2306",3219,"S6","T3","P. verrucosa",14.699,">14cm"
"2307",3220,"S6","T3","P. effusa",1.194,"0-2cm"
"2308",3221,"S6","T3","P. meandrina",0.884,"0-2cm"
"2309",3222,"S6","T3","P. tuahiniensis",100,">14cm"
"2310",3224,"S6","T3","P. meandrina",8.212,">5cm-14cm"
"2311",3224,"S6","T3","P. meandrina",5.86666666666667,">5cm-14cm"
"2312",3224,"S6","T3","P. meandrina",2.599,">2cm-5cm"
"2313",3224,"S6","T3","P. meandrina",8.212,">5cm-14cm"
"2314",3224,"S6","T3","P. meandrina",5.86666666666667,">5cm-14cm"
"2315",3224,"S6","T3","P. meandrina",2.599,">2cm-5cm"
"2316",3224,"S6","T3","P. meandrina",8.212,">5cm-14cm"
"2317",3224,"S6","T3","P. meandrina",5.86666666666667,">5cm-14cm"
"2318",3224,"S6","T3","P. meandrina",2.599,">2cm-5cm"
"2319",3224,"S6","T3","P. meandrina",8.212,">5cm-14cm"
"2320",3224,"S6","T3","P. meandrina",5.86666666666667,">5cm-14cm"
"2321",3224,"S6","T3","P. meandrina",2.599,">2cm-5cm"
"2322",3225,"S18","T3","P. meandrina",1.378,"0-2cm"
"2323",3225,"S18","T3","P. meandrina",1.27233333333333,"0-2cm"
"2324",3225,"S6","T3","P. meandrina",1.378,"0-2cm"
"2325",3225,"S6","T3","P. meandrina",1.27233333333333,"0-2cm"
"2326",3226,"S18","T3","P. meandrina",1.21733333333333,"0-2cm"
"2327",3226,"S6","T3","P. meandrina",1.21733333333333,"0-2cm"
"2328",3227,"S18","T3","P. meandrina",1.49466666666667,"0-2cm"
"2329",3227,"S6","T3","P. meandrina",1.49466666666667,"0-2cm"
"2330",3228,"S6","T3","P. grandis",1.28933333333333,"0-2cm"
"2331",3229,"S18","T3","P. meandrina",26.3873333333333,">14cm"
"2332",3229,"S18","T3","P. meandrina",4.82366666666667,">2cm-5cm"
"2333",3230,"S6","T3","P. meandrina",1.63033333333333,"0-2cm"
"2334",3231,"S18","T3","P. meandrina",2.60833333333333,">2cm-5cm"
"2335",3232,"S18","T3","P. meandrina",100,">14cm"
"2336",3233,"S18","T3","P. acuta",2.668,">2cm-5cm"
"2337",3234,"S18","T3","P. meandrina",2.62866666666667,">2cm-5cm"
"2338",3235,"S18","T3","P. meandrina",1.64633333333333,"0-2cm"
"2339",3236,"S9","T3","P. grandis",2.08166666666667,">2cm-5cm"
"2340",3237,"S9","T3","P. meandrina",1.61733333333333,"0-2cm"
"2341",3238,"S18","T3","P. grandis",18.3823333333333,">14cm"
"2342",3239,"S18","T3","P. acuta",1.058,"0-2cm"
"2343",3240,"S18","T3","P. effusa",2.417,">2cm-5cm"
"2344",3241,"S9","T3","P. meandrina",1.50633333333333,"0-2cm"
"2345",3242,"S9","T3","P. meandrina",1.63333333333333,"0-2cm"
"2346",3243,"S9","T3","P. meandrina",1.656,"0-2cm"
"2347",3246,"S9","T3","P. meandrina",1.73566666666667,"0-2cm"
"2348",3247,"S9","T3","P. meandrina",1.253,"0-2cm"
"2349",3248,"S9","T3","P. meandrina",0.597,"0-2cm"
"2350",3250,"S9","T3","P. meandrina",2.48333333333333,">2cm-5cm"
"2351",3251,"S9","T3","P. tuahiniensis",1.58166666666667,"0-2cm"
"2352",3252,"S9","T3","P. grandis",1.41533333333333,"0-2cm"
"2353",3253,"S18","T3","P. acuta",3.13766666666667,">2cm-5cm"
"2354",3254,"S18","T3","P. meandrina",24.127,">14cm"
"2355",3255,"S18","T3","P. meandrina",10.588,">5cm-14cm"
"2356",3256,"S18","T3","P. meandrina",10.4773333333333,">5cm-14cm"
"2357",3257,"S18","T3","P. tuahiniensis",1.77466666666667,"0-2cm"
"2358",3258,"S18","T3","P. meandrina",1.44033333333333,"0-2cm"
"2359",3259,"S18","T3","P. effusa",2.83366666666667,">2cm-5cm"
"2360",3260,"S18","T3","P. tuahiniensis",100,">14cm"
"2361",3261,"S18","T3","P. acuta",1.08033333333333,"0-2cm"
"2362",3262,"S18","T3","P. verrucosa",21.6286666666667,">14cm"
"2363",3263,"S18","T3","P. meandrina",24.0713333333333,">14cm"
"2364",3264,"S18","T3","P. meandrina",2.189,">2cm-5cm"
"2365",3265,"S18","T3","P. verrucosa",16.2846666666667,">14cm"
"2366",3266,"S18","T3","P. meandrina",11.3403333333333,">5cm-14cm"
"2367",3267,"S18","T3","P. meandrina",0.977333333333333,"0-2cm"
"2368",3268,"S18","T3","P. meandrina",5.679,">5cm-14cm"
"2369",3269,"S18","T3","P. effusa",4.435,">2cm-5cm"
"2370",3270,"S18","T3","P. meandrina",11.797,">5cm-14cm"
"2371",3271,"S18","T3","P. meandrina",13.405,">5cm-14cm"
"2372",3272,"S18","T3","P. meandrina",2.15133333333333,">2cm-5cm"
"2373",3273,"S18","T3","P. tuahiniensis",23.7913333333333,">14cm"
"2374",3274,"S18","T3","P. meandrina",1.389,"0-2cm"
"2375",3275,"S18","T3","P. meandrina",6.44866666666667,">5cm-14cm"
"2376",3276,"S18","T3","P. meandrina",1.871,"0-2cm"
"2377",3277,"S18","T3","P. meandrina",100,">14cm"
"2378",3278,"S18","T3","P. grandis",100,">14cm"
"2379",3279,"S18","T3","P. meandrina",2.00266666666667,">2cm-5cm"
"2380",3280,"S18","T3","P. meandrina",11.4896666666667,">5cm-14cm"
"2381",3281,"S18","T3","P. grandis",11.0596666666667,">5cm-14cm"
"2382",3283,"S18","T3","P. grandis",22.8416666666667,">14cm"
"2383",3284,"S18","T3","P. meandrina",2.105,">2cm-5cm"
"2384",3285,"S18","T3","P. grandis",29.8356666666667,">14cm"
"2385",3286,"S18","T3","P. meandrina",9.89333333333333,">5cm-14cm"
"2386",3287,"S18","T3","P. meandrina",2.29,">2cm-5cm"
"2387",3288,"S18","T3","P. meandrina",16.3563333333333,">14cm"
"2388",3289,"S18","T3","P. effusa",1.96,"0-2cm"
"2389",3290,"S18","T3","P. meandrina",13.258,">5cm-14cm"
"2390",3291,"S18","T3","P. acuta",4.31866666666667,">2cm-5cm"
"2391",3293,"S9","T3","P. meandrina",1.60066666666667,"0-2cm"
"2392",3294,"S9","T3","P. meandrina",1.378,"0-2cm"
"2393",3295,"S9","T3","P. effusa",1.54166666666667,"0-2cm"
"2394",3296,"S9","T3","P. effusa",1.177,"0-2cm"
"2395",3297,"S9","T3","P. meandrina",1.35033333333333,"0-2cm"
"2396",3298,"S9","T3","P. meandrina",1.47133333333333,"0-2cm"
"2397",3299,"S9","T3","P. tuahiniensis",1.86466666666667,"0-2cm"
"2398",3302,"S9","T3","P. meandrina",1.494,"0-2cm"
"2399",3303,"S9","T3","P. meandrina",0.892333333333333,"0-2cm"
"2400",3304,"S9","T3","P. meandrina",0.732333333333333,"0-2cm"
"2401",3305,"S9","T3","P. meandrina",1.66433333333333,"0-2cm"
"2402",3306,"S9","T3","P. meandrina",1.32566666666667,"0-2cm"
"2403",3308,"S9","T3","P. meandrina",0.964333333333333,"0-2cm"
"2404",3309,"S9","T3","P. effusa",2.53233333333333,">2cm-5cm"
"2405",3310,"S9","T3","P. meandrina",0.916,"0-2cm"
"2406",3311,"S9","T3","P. grandis",0.817,"0-2cm"
"2407",3314,"S9","T3","P. meandrina",1.86866666666667,"0-2cm"
"2408",3315,"S9","T3","P. meandrina",1.08466666666667,"0-2cm"
"2409",3316,"S9","T3","P. meandrina",2.29766666666667,">2cm-5cm"
"2410",3317,"S9","T3","P. meandrina",1.72066666666667,"0-2cm"
"2411",3318,"S9","T3","P. meandrina",2.48366666666667,">2cm-5cm"
"2412",3319,"S9","T3","P. grandis",1.225,"0-2cm"
"2413",3320,"S9","T3","P. meandrina",1.15866666666667,"0-2cm"
"2414",3321,"S9","T3","P. meandrina",1.29933333333333,"0-2cm"
"2415",3322,"S9","T3","P. effusa",1.17633333333333,"0-2cm"
"2416",3323,"S9","T3","P. acuta",0.929666666666667,"0-2cm"
"2417",3329,"S9","T3","P. meandrina",1.57366666666667,"0-2cm"
"2418",3330,"S9","T3","P. verrucosa",0.678,"0-2cm"
"2419",3331,"S9","T3","P. tuahiniensis",0.693666666666667,"0-2cm"
"2420",3332,"S12","T1","P. meandrina",14.7026666666667,">14cm"
"2421",3333,"S9","T3","P. meandrina",2.65233333333333,">2cm-5cm"
"2422",3334,"S12","T1","P. grandis",22.5716666666667,">14cm"
"2423",3335,"S12","T1","P. grandis",18.399,">14cm"
"2424",3337,"S9","T3","P. tuahiniensis",0.985,"0-2cm"
"2425",3339,"S9","T3","P. grandis",3.049,">2cm-5cm"
"2426",3340,"S9","T3","P. meandrina",4.09133333333333,">2cm-5cm"
"2427",3341,"S9","T3","P. effusa",2.21733333333333,">2cm-5cm"
"2428",3342,"S9","T3","P. meandrina",2.45866666666667,">2cm-5cm"
"2429",3343,"S9","T3","P. meandrina",0.960333333333333,"0-2cm"
"2430",3344,"S9","T3","P. meandrina",0.784333333333333,"0-2cm"
"2431",3345,"S9","T3","P. meandrina",1.239,"0-2cm"
"2432",3346,"S9","T3","P. meandrina",1.43766666666667,"0-2cm"
"2433",3347,"S9","T3","P. tuahiniensis",4.67966666666667,">2cm-5cm"
"2434",3349,"S9","T3","P. meandrina",2.60833333333333,">2cm-5cm"
"2435",3350,"S9","T3","P. acuta",0.655333333333333,"0-2cm"
"2436",3351,"S12","T1","P. meandrina",100,">14cm"
"2437",3352,"S12","T1","P. verrucosa",100,">14cm"
"2438",3354,"S12","T1","P. meandrina",1.15333333333333,"0-2cm"
"2439",3355,"S12","T1","P. verrucosa",100,">14cm"
"2440",3356,"S12","T1","P. meandrina",1.48566666666667,"0-2cm"
"2441",3357,"S12","T1","P. meandrina",0.772,"0-2cm"
"2442",3358,"S12","T1","P. meandrina",100,">14cm"
"2443",3359,"S12","T1","P. acuta",2.51766666666667,">2cm-5cm"
"2444",3360,"S12","T1","P. meandrina",0.781333333333333,"0-2cm"
"2445",3361,"S12","T1","P. grandis",1.92866666666667,"0-2cm"
"2446",3362,"S12","T1","P. grandis",2.21666666666667,">2cm-5cm"
"2447",3363,"S12","T1","P. meandrina",1.07366666666667,"0-2cm"
"2448",3364,"S12","T1","P. meandrina",1.8,"0-2cm"
"2449",3365,"S12","T1","P. grandis",16.5166666666667,">14cm"
"2450",3366,"S12","T1","P. meandrina",100,">14cm"
"2451",3367,"S12","T1","P. meandrina",100,">14cm"
"2452",3368,"S12","T1","P. grandis",2.28533333333333,">2cm-5cm"
"2453",3369,"S12","T1","P. acuta",0.874,"0-2cm"
"2454",3370,"S12","T1","P. meandrina",1.49766666666667,"0-2cm"
"2455",3371,"S12","T1","P. meandrina",5.62966666666667,">5cm-14cm"
"2456",3372,"S12","T1","P. meandrina",2.78433333333333,">2cm-5cm"
"2457",3373,"S12","T1","P. meandrina",1.60533333333333,"0-2cm"
"2458",3374,"S12","T1","P. grandis",100,">14cm"
"2459",3375,"S12","T1","P. meandrina",20.699,">14cm"
"2460",3376,"S12","T1","P. grandis",2.459,">2cm-5cm"
"2461",3377,"S12","T1","P. meandrina",3.59633333333333,">2cm-5cm"
"2462",3378,"S12","T1","P. meandrina",100,">14cm"
"2463",3379,"S12","T1","P. verrucosa",13.983,">5cm-14cm"
"2464",3380,"S12","T1","P. meandrina",22.5803333333333,">14cm"
"2465",3381,"S12","T1","P. verrucosa",100,">14cm"
"2466",3382,"S12","T1","P. meandrina",9.803,">5cm-14cm"
"2467",3383,"S12","T1","P. meandrina",7.766,">5cm-14cm"
"2468",3384,"S12","T1","P. tuahiniensis",16.92,">14cm"
"2469",3385,"S12","T1","P. meandrina",19.094,">14cm"
"2470",3386,"S12","T1","P. grandis",0.782666666666667,"0-2cm"
"2471",3387,"S12","T1","P. meandrina",100,">14cm"
"2472",3388,"S12","T1","P. meandrina",2.00366666666667,">2cm-5cm"
"2473",3390,"S12","T1","P. grandis",0.866333333333333,"0-2cm"
"2474",3391,"S12","T1","P. grandis",2.68133333333333,">2cm-5cm"
"2475",3392,"S12","T1","P. grandis",7.81833333333333,">5cm-14cm"
"2476",3393,"S12","T1","P. meandrina",15.8936666666667,">14cm"
"2477",3394,"S12","T1","P. grandis",2.07366666666667,">2cm-5cm"
"2478",3395,"S12","T1","P. meandrina",0.597666666666667,"0-2cm"
"2479",3396,"S12","T1","P. meandrina",1.74466666666667,"0-2cm"
"2480",3397,"S12","T1","P. meandrina",1.405,"0-2cm"
"2481",3398,"S12","T1","P. meandrina",19.9676666666667,">14cm"
"2482",3399,"S12","T1","P. tuahiniensis",100,">14cm"
"2483",3400,"S12","T1","P. acuta",14.6856666666667,">14cm"
"2484",3401,"S12","T1","P. meandrina",1.65366666666667,"0-2cm"
"2485",3402,"S12","T1","P. meandrina",1.50633333333333,"0-2cm"
"2486",3403,"S12","T1","P. meandrina",10.6523333333333,">5cm-14cm"
"2487",3404,"S12","T1","P. meandrina",2.508,">2cm-5cm"
"2488",3405,"S12","T1","P. meandrina",1.45266666666667,"0-2cm"
"2489",3406,"S12","T1","P. meandrina",7.20833333333333,">5cm-14cm"
"2490",3407,"S12","T1","P. meandrina",2.346,">2cm-5cm"
"2491",3408,"S12","T1","P. tuahiniensis",5.38033333333333,">5cm-14cm"
"2492",3409,"S12","T1","P. meandrina",10.3086666666667,">5cm-14cm"
"2493",3410,"S12","T1","P. tuahiniensis",100,">14cm"
"2494",3411,"S12","T1","P. meandrina",100,">14cm"
"2495",3412,"S12","T1","P. meandrina",1.38733333333333,"0-2cm"
"2496",3413,"S12","T1","P. meandrina",15.9353333333333,">14cm"
"2497",3414,"S12","T1","P. meandrina",100,">14cm"
"2498",3415,"S12","T1","P. tuahiniensis",1.96366666666667,"0-2cm"
"2499",3416,"S12","T1","P. meandrina",2.86833333333333,">2cm-5cm"
"2500",3417,"S12","T1","P. meandrina",100,">14cm"
"2501",3418,"S12","T1","P. tuahiniensis",15.8153333333333,">14cm"
"2502",3419,"S12","T1","P. meandrina",100,">14cm"
"2503",3420,"S12","T1","P. acuta",0.841,"0-2cm"
"2504",3421,"S12","T1","P. meandrina",15.7796666666667,">14cm"
"2505",3422,"S12","T1","P. meandrina",1.967,"0-2cm"
"2506",3423,"S12","T1","P. meandrina",13.6223333333333,">5cm-14cm"
"2507",3424,"S12","T1","P. meandrina",100,">14cm"
"2508",3425,"S12","T1","P. meandrina",14.3306666666667,">14cm"
"2509",3426,"S12","T1","P. meandrina",100,">14cm"
"2510",3427,"S12","T1","P. meandrina",0.728,"0-2cm"
"2511",3428,"S12","T1","P. meandrina",0.813666666666667,"0-2cm"
"2512",3430,"S12","T1","P. effusa",2.01966666666667,">2cm-5cm"
"2513",3431,"S12","T1","P. meandrina",2.35066666666667,">2cm-5cm"
"2514",3433,"S12","T1","P. acuta",1.26833333333333,"0-2cm"
"2515",3434,"S12","T1","P. meandrina",1.02066666666667,"0-2cm"
"2516",3435,"S12","T1","P. grandis",5.81766666666667,">5cm-14cm"
"2517",3436,"S12","T1","P. effusa",7.74833333333333,">5cm-14cm"
"2518",3437,"S12","T1","P. meandrina",100,">14cm"
"2519",3438,"S12","T1","P. effusa",23.1526666666667,">14cm"
"2520",3439,"S12","T1","P. meandrina",12.6986666666667,">5cm-14cm"
"2521",3440,"S12","T1","P. tuahiniensis",100,">14cm"
"2522",3441,"S12","T2","P. verrucosa",22.1476666666667,">14cm"
"2523",3442,"S12","T2","P. meandrina",27.837,">14cm"
"2524",3443,"S12","T2","P. tuahiniensis",21.8453333333333,">14cm"
"2525",3444,"S12","T2","P. meandrina",16.3516666666667,">14cm"
"2526",3445,"S12","T2","P. meandrina",1.667,"0-2cm"
"2527",3446,"S12","T2","P. meandrina",1.85,"0-2cm"
"2528",3447,"S12","T2","P. meandrina",1.28266666666667,"0-2cm"
"2529",3448,"S12","T2","P. tuahiniensis",21.449,">14cm"
"2530",3449,"S12","T2","P. tuahiniensis",3.13133333333333,">2cm-5cm"
"2531",3450,"S12","T2","P. meandrina",1.79833333333333,"0-2cm"
"2532",3451,"S12","T2","P. meandrina",2.307,">2cm-5cm"
"2533",3452,"S12","T2","P. meandrina",17.1396666666667,">14cm"
"2534",3454,"S12","T2","P. verrucosa",15.0076666666667,">14cm"
"2535",3455,"S12","T2","P. verrucosa",100,">14cm"
"2536",3456,"S12","T2","P. verrucosa",22.8703333333333,">14cm"
"2537",3457,"S12","T2","P. grandis",17.353,">14cm"
"2538",3458,"S12","T2","P. meandrina",32.7453333333333,">14cm"
"2539",3459,"S12","T2","P. meandrina",0.764666666666667,"0-2cm"
"2540",3461,"S12","T2","P. meandrina",1.27766666666667,"0-2cm"
"2541",3462,"S12","T2","P. grandis",2.18,">2cm-5cm"
"2542",3463,"S12","T2","P. grandis",5.95066666666667,">5cm-14cm"
"2543",3464,"S12","T2","P. tuahiniensis",15.6506666666667,">14cm"
"2544",3465,"S12","T2","P. meandrina",9.24333333333333,">5cm-14cm"
"2545",3466,"S12","T1","P. meandrina",100,">14cm"
"2546",3467,"S12","T1","P. grandis",100,">14cm"
"2547",3468,"S12","T1","P. meandrina",18.7186666666667,">14cm"
"2548",3469,"S12","T1","P. meandrina",7.77166666666667,">5cm-14cm"
"2549",3470,"S12","T1","P. grandis",20.703,">14cm"
"2550",3471,"S12","T2","P. meandrina",0.957,"0-2cm"
"2551",3473,"S12","T2","P. acuta",1.634,"0-2cm"
"2552",3474,"S12","T2","P. acuta",2.15866666666667,">2cm-5cm"
"2553",3475,"S12","T2","P. meandrina",17.021,">14cm"
"2554",3476,"S12","T2","P. grandis",0.933666666666667,"0-2cm"
"2555",3477,"S12","T2","P. meandrina",5.26633333333333,">5cm-14cm"
"2556",3478,"S12","T2","P. meandrina",14.5256666666667,">14cm"
"2557",3479,"S12","T2","P. meandrina",16.3503333333333,">14cm"
"2558",3480,"S12","T2","P. verrucosa",11.0593333333333,">5cm-14cm"
"2559",3481,"S12","T2","P. meandrina",1.301,"0-2cm"
"2560",3482,"S12","T2","P. grandis",40.312,">14cm"
"2561",3483,"S12","T2","P. meandrina",3.07566666666667,">2cm-5cm"
"2562",3484,"S12","T2","P. grandis",1.46733333333333,"0-2cm"
"2563",3485,"S12","T2","P. meandrina",1.048,"0-2cm"
"2564",3486,"S12","T2","P. acuta",1.24466666666667,"0-2cm"
"2565",3487,"S12","T2","P. acuta",0.999333333333333,"0-2cm"
"2566",3488,"S12","T2","P. grandis",100,">14cm"
"2567",3489,"S12","T2","P. meandrina",8.77633333333333,">5cm-14cm"
"2568",3490,"S12","T2","P. grandis",2.74266666666667,">2cm-5cm"
"2569",3492,"S12","T2","P. meandrina",21.5066666666667,">14cm"
"2570",3493,"S12","T2","P. tuahiniensis",2.88366666666667,">2cm-5cm"
"2571",3494,"S12","T2","P. meandrina",1.469,"0-2cm"
"2572",3495,"S12","T3","P. meandrina",1.20666666666667,"0-2cm"
"2573",3496,"S12","T3","P. acuta",0.849666666666667,"0-2cm"
"2574",3497,"S12","T3","P. grandis",15.6686666666667,">14cm"
"2575",3498,"S12","T3","P. effusa",1.70833333333333,"0-2cm"
"2576",3499,"S12","T3","P. meandrina",24.066,">14cm"
"2577",3500,"S12","T2","P. grandis",4.06766666666667,">2cm-5cm"
"2578",3502,"S12","T2","P. acuta",1.05733333333333,"0-2cm"
"2579",3503,"S12","T2","P. effusa",3.96033333333333,">2cm-5cm"
"2580",3504,"S12","T3","P. meandrina",10.3846666666667,">5cm-14cm"
"2581",3505,"S12","T2","P. meandrina",1.52133333333333,"0-2cm"
"2582",3505,"S12","T2","P. meandrina",1.52133333333333,"0-2cm"
"2583",3506,"S12","T3","P. acuta",1.62333333333333,"0-2cm"
"2584",3507,"S12","T3","P. meandrina",19.0323333333333,">14cm"
"2585",3508,"S12","T3","P. meandrina",0.866333333333333,"0-2cm"
"2586",3509,"S12","T3","P. meandrina",0.760666666666667,"0-2cm"
"2587",3510,"S12","T3","P. meandrina",1.86233333333333,"0-2cm"
"2588",3511,"S12","T3","P. tuahiniensis",13.0686666666667,">5cm-14cm"
"2589",3512,"S12","T3","P. meandrina",16.865,">14cm"
"2590",3514,"S12","T3","P. meandrina",18.385,">14cm"
"2591",3516,"S12","T3","P. meandrina",9.534,">5cm-14cm"
"2592",3517,"S12","T3","P. grandis",19.1126666666667,">14cm"
"2593",3518,"S12","T3","P. meandrina",1.802,"0-2cm"
"2594",3519,"S12","T3","P. effusa",1.09566666666667,"0-2cm"
"2595",3520,"S12","T3","P. meandrina",1.772,"0-2cm"
"2596",3521,"S12","T2","P. meandrina",1.34566666666667,"0-2cm"
"2597",3522,"S12","T2","P. meandrina",100,">14cm"
"2598",3523,"S12","T3","P. meandrina",6.974,">5cm-14cm"
"2599",3524,"S12","T3","P. effusa",2.43666666666667,">2cm-5cm"
"2600",3525,"S12","T2","P. meandrina",1.78133333333333,"0-2cm"
"2601",3526,"S12","T2","P. meandrina",100,">14cm"
"2602",3527,"S12","T2","P. meandrina",1.567,"0-2cm"
"2603",3528,"S12","T2","P. meandrina",0.432666666666667,"0-2cm"
"2604",3529,"S12","T2","P. meandrina",12.165,">5cm-14cm"
"2605",3530,"S12","T2","P. effusa",1.704,"0-2cm"
"2606",3531,"S14","T1","P. grandis",100,">14cm"
"2607",3532,"S14","T1","P. meandrina",4.596,">2cm-5cm"
"2608",3534,"S14","T1","P. meandrina",12.6286666666667,">5cm-14cm"
"2609",3535,"S14","T1","P. grandis",1.858,"0-2cm"
"2610",3536,"S14","T1","P. meandrina",170.175,">14cm"
"2611",3537,"S14","T1","P. meandrina",11.79,">5cm-14cm"
"2612",3540,"S14","T1","P. effusa",31.165,">14cm"
"2613",3541,"S14","T1","P. tuahiniensis",100,">14cm"
"2614",3542,"S14","T1","P. tuahiniensis",30.3146666666667,">14cm"
"2615",3544,"S14","T1","P. meandrina",1.63766666666667,"0-2cm"
"2616",3545,"S14","T1","P. meandrina",1.798,"0-2cm"
"2617",3547,"S14","T1","P. acuta",1.547,"0-2cm"
"2618",3548,"S14","T1","P. meandrina",11.2713333333333,">5cm-14cm"
"2619",3549,"S14","T1","P. grandis",100,">14cm"
"2620",3550,"S14","T1","P. meandrina",2.75966666666667,">2cm-5cm"
"2621",3551,"S14","T1","P. effusa",6.127,">5cm-14cm"
"2622",3552,"S14","T1","P. meandrina",1.831,"0-2cm"
"2623",3552,"S14","T1","P. meandrina",100,">14cm"
"2624",3556,"S14","T1","P. verrucosa",100,">14cm"
"2625",3558,"S14","T1","P. meandrina",4.91033333333333,">2cm-5cm"
"2626",3559,"S14","T1","P. grandis",18.0683333333333,">14cm"
"2627",3561,"S12","T3","P. meandrina",6.35133333333333,">5cm-14cm"
"2628",3562,"S12","T3","P. meandrina",13.066,">5cm-14cm"
"2629",3563,"S12","T3","P. meandrina",0.625666666666667,"0-2cm"
"2630",3564,"S12","T3","P. tuahiniensis",100,">14cm"
"2631",3565,"S12","T3","P. acuta",1.783,"0-2cm"
"2632",3566,"S12","T3","P. meandrina",17.2953333333333,">14cm"
"2633",3567,"S12","T3","P. meandrina",10.9816666666667,">5cm-14cm"
"2634",3568,"S12","T3","P. grandis",24.205,">14cm"
"2635",3569,"S12","T3","P. meandrina",2.336,">2cm-5cm"
"2636",3570,"S12","T3","P. meandrina",0.861,"0-2cm"
"2637",3571,"S12","T3","P. effusa",3.769,">2cm-5cm"
"2638",3572,"S12","T3","P. meandrina",22.1383333333333,">14cm"
"2639",3573,"S12","T3","P. meandrina",2.50833333333333,">2cm-5cm"
"2640",3574,"S12","T3","P. meandrina",2.243,">2cm-5cm"
"2641",3575,"S12","T3","P. grandis",2.354,">2cm-5cm"
"2642",3576,"S12","T3","P. meandrina",2.059,">2cm-5cm"
"2643",3577,"S12","T3","P. verrucosa",1.779,"0-2cm"
"2644",3579,"S12","T3","P. meandrina",100,">14cm"
"2645",3580,"S12","T3","P. meandrina",1.61833333333333,"0-2cm"
"2646",3582,"S12","T3","P. grandis",22.388,">14cm"
"2647",3583,"S12","T3","P. meandrina",3.44033333333333,">2cm-5cm"
"2648",3584,"S12","T3","P. meandrina",12.2703333333333,">5cm-14cm"
"2649",3585,"S12","T3","P. meandrina",1.44666666666667,"0-2cm"
"2650",3586,"S12","T3","P. meandrina",1.63233333333333,"0-2cm"
"2651",3587,"S12","T3","P. meandrina",7.23966666666667,">5cm-14cm"
"2652",3588,"S12","T3","P. verrucosa",12.0563333333333,">5cm-14cm"
"2653",3589,"S12","T3","P. meandrina",18.9743333333333,">14cm"
"2654",3590,"S12","T3","P. tuahiniensis",100,">14cm"
"2655",3591,"S14","T1","P. meandrina",5.28066666666667,">5cm-14cm"
"2656",3592,"S14","T1","P. meandrina",1.264,"0-2cm"
"2657",3593,"S14","T1","P. verrucosa",100,">14cm"
"2658",3594,"S14","T1","P. meandrina",13.8896666666667,">5cm-14cm"
"2659",3595,"S14","T1","P. meandrina",0.971666666666667,"0-2cm"
"2660",3597,"S14","T1","P. meandrina",1.64066666666667,"0-2cm"
"2661",3600,"S14","T1","P. meandrina",3.30433333333333,">2cm-5cm"
"2662",3601,"S14","T1","P. meandrina",3.972,">2cm-5cm"
"2663",3602,"S14","T1","P. meandrina",100,">14cm"
"2664",3607,"S14","T1","P. verrucosa",100,">14cm"
"2665",3608,"S14","T1","P. meandrina",17.312,">14cm"
"2666",3609,"S14","T1","P. meandrina",100,">14cm"
"2667",3610,"S14","T1","P. meandrina",14.96,">14cm"
"2668",3613,"S14","T1","P. grandis",100,">14cm"
"2669",3615,"S14","T1","P. meandrina",0.736,"0-2cm"
"2670",3616,"S14","T1","P. meandrina",11.8436666666667,">5cm-14cm"
"2671",3617,"S14","T1","P. meandrina",17.2093333333333,">14cm"
"2672",3618,"S12","T3","P. meandrina",7.66533333333333,">5cm-14cm"
"2673",3619,"S12","T3","P. grandis",14.0916666666667,">14cm"
"2674",3620,"S12","T3","P. acuta",1.65266666666667,"0-2cm"
"2675",3621,"S14","T1","P. grandis",24.7616666666667,">14cm"
"2676",3622,"S14","T1","P. meandrina",15.1683333333333,">14cm"
"2677",3624,"S14","T1","P. meandrina",2.67,">2cm-5cm"
"2678",3626,"S14","T1","P. meandrina",10.2053333333333,">5cm-14cm"
"2679",3627,"S14","T1","P. meandrina",22.1013333333333,">14cm"
"2680",3628,"S14","T1","P. meandrina",17.84,">14cm"
"2681",3629,"S14","T1","P. meandrina",30.3023333333333,">14cm"
"2682",3630,"S14","T1","P. grandis",19.5513333333333,">14cm"
"2683",3631,"S14","T1","P. acuta",3.13233333333333,">2cm-5cm"
"2684",3633,"S14","T1","P. meandrina",3.32633333333333,">2cm-5cm"
"2685",3635,"S14","T1","P. meandrina",1.23166666666667,"0-2cm"
"2686",3638,"S14","T1","P. acuta",1.92966666666667,"0-2cm"
"2687",3640,"S14","T1","P. meandrina",11.2653333333333,">5cm-14cm"
"2688",3641,"S14","T1","P. grandis",10.589,">5cm-14cm"
"2689",3642,"S14","T1","P. acuta",1.046,"0-2cm"
"2690",3643,"S14","T1","P. meandrina",1.72466666666667,"0-2cm"
"2691",3644,"S14","T1","P. effusa",4.77,">2cm-5cm"
"2692",3646,"S14","T1","P. verrucosa",14.98,">14cm"
"2693",3647,"S14","T1","P. effusa",3.18966666666667,">2cm-5cm"
"2694",3649,"S14","T1","P. tuahiniensis",100,">14cm"
"2695",3651,"S12","T2","P. verrucosa",14.762,">14cm"
"2696",3652,"S12","T2","P. meandrina",0.824333333333333,"0-2cm"
"2697",3653,"S12","T2","P. grandis",6.49033333333333,">5cm-14cm"
"2698",3654,"S12","T2","P. grandis",1.08166666666667,"0-2cm"
"2699",3655,"S12","T2","P. meandrina",8.72233333333333,">5cm-14cm"
"2700",3656,"S12","T2","P. meandrina",3.74933333333333,">2cm-5cm"
"2701",3657,"S12","T2","P. acuta",1.637,"0-2cm"
"2702",3658,"S12","T2","P. meandrina",7.876,">5cm-14cm"
"2703",3659,"S12","T2","P. meandrina",7.61166666666667,">5cm-14cm"
"2704",3660,"S12","T2","P. meandrina",1.384,"0-2cm"
"2705",3661,"S12","T2","P. grandis",1.97566666666667,"0-2cm"
"2706",3662,"S12","T2","P. meandrina",1.05833333333333,"0-2cm"
"2707",3664,"S12","T2","P. meandrina",0.607666666666667,"0-2cm"
"2708",3665,"S12","T2","P. grandis",0.966666666666667,"0-2cm"
"2709",3666,"S12","T2","P. meandrina",1.45533333333333,"0-2cm"
"2710",3667,"S12","T2","P. verrucosa",14.8426666666667,">14cm"
"2711",3668,"S12","T2","P. verrucosa",15.957,">14cm"
"2712",3669,"S12","T2","P. meandrina",27.839,">14cm"
"2713",3670,"S12","T2","P. tuahiniensis",23.8953333333333,">14cm"
"2714",3671,"S12","T2","P. grandis",2.68,">2cm-5cm"
"2715",3672,"S12","T2","P. verrucosa",3.995,">2cm-5cm"
"2716",3674,"S12","T2","P. verrucosa",5.588,">5cm-14cm"
"2717",3675,"S12","T2","P. meandrina",14.5733333333333,">14cm"
"2718",3676,"S12","T2","P. meandrina",20.3636666666667,">14cm"
"2719",3678,"S12","T2","P. grandis",3.28133333333333,">2cm-5cm"
"2720",3679,"S12","T2","P. meandrina",15.976,">14cm"
"2721",3680,"S12","T2","P. verrucosa",21.5786666666667,">14cm"
"2722",3681,"S14","T2","P. tuahiniensis",33.2343333333333,">14cm"
"2723",3682,"S14","T2","P. acuta",2.80733333333333,">2cm-5cm"
"2724",3685,"S14","T2","P. meandrina",21.7446666666667,">14cm"
"2725",3686,"S14","T2","P. meandrina",13.267,">5cm-14cm"
"2726",3686,"S14","T2","P. meandrina",13.267,">5cm-14cm"
"2727",3687,"S14","T2","P. meandrina",0.898333333333333,"0-2cm"
"2728",3688,"S14","T2","P. meandrina",8.67166666666667,">5cm-14cm"
"2729",3689,"S14","T2","P. tuahiniensis",2.96566666666667,">2cm-5cm"
"2730",3690,"S14","T2","P. meandrina",0.909,"0-2cm"
"2731",3691,"S14","T2","P. meandrina",2.50166666666667,">2cm-5cm"
"2732",3692,"S14","T2","P. grandis",100,">14cm"
"2733",3693,"S14","T2","P. tuahiniensis",11.0253333333333,">5cm-14cm"
"2734",3695,"S14","T2","P. tuahiniensis",22.8903333333333,">14cm"
"2735",3696,"S14","T2","P. meandrina",0.965,"0-2cm"
"2736",3697,"S14","T2","P. acuta",2.607,">2cm-5cm"
"2737",3698,"S14","T2","P. meandrina",100,">14cm"
"2738",3699,"S14","T2","P. meandrina",0.879,"0-2cm"
"2739",3700,"S14","T2","P. meandrina",19.8306666666667,">14cm"
"2740",3701,"S14","T2","P. meandrina",100,">14cm"
"2741",3702,"S14","T2","P. tuahiniensis",100,">14cm"
"2742",3703,"S14","T2","P. meandrina",7.06966666666667,">5cm-14cm"
"2743",3704,"S14","T2","P. tuahiniensis",27.8043333333333,">14cm"
"2744",3705,"S14","T2","P. tuahiniensis",16.1213333333333,">14cm"
"2745",3706,"S14","T1","P. meandrina",17.1156666666667,">14cm"
"2746",3707,"S14","T1","P. meandrina",15.6823333333333,">14cm"
"2747",3708,"S14","T1","P. effusa",3.93933333333333,">2cm-5cm"
"2748",3709,"S14","T1","P. grandis",1.31566666666667,"0-2cm"
"2749",3710,"S14","T1","P. meandrina",17.123,">14cm"
"2750",3711,"S14","T1","P. meandrina",0.843333333333333,"0-2cm"
"2751",3713,"S14","T1","P. meandrina",2.152,">2cm-5cm"
"2752",3714,"S14","T1","P. verrucosa",150,">14cm"
"2753",3715,"S14","T1","P. meandrina",10.5356666666667,">5cm-14cm"
"2754",3716,"S14","T1","P. tuahiniensis",1.38866666666667,"0-2cm"
"2755",3718,"S14","T1","P. effusa",5.88833333333333,">5cm-14cm"
"2756",3719,"S14","T1","P. meandrina",12.0926666666667,">5cm-14cm"
"2757",3720,"S14","T1","P. meandrina",0.930666666666667,"0-2cm"
"2758",3721,"S14","T1","P. meandrina",0.707666666666667,"0-2cm"
"2759",3723,"S14","T1","P. meandrina",1.8,"0-2cm"
"2760",3724,"S14","T1","P. meandrina",15.2533333333333,">14cm"
"2761",3726,"S14","T1","P. meandrina",100,">14cm"
"2762",3727,"S14","T1","P. meandrina",10.2863333333333,">5cm-14cm"
"2763",3728,"S14","T1","P. meandrina",7.89966666666667,">5cm-14cm"
"2764",3729,"S14","T1","P. meandrina",7.87333333333333,">5cm-14cm"
"2765",3732,"S14","T1","P. grandis",16.686,">14cm"
"2766",3733,"S14","T2","P. meandrina",1.17733333333333,"0-2cm"
"2767",3734,"S14","T2","P. meandrina",1.80533333333333,"0-2cm"
"2768",3735,"S14","T2","P. grandis",100,">14cm"
"2769",3736,"S14","T2","P. grandis",100,">14cm"
"2770",3737,"S14","T2","P. meandrina",4.24333333333333,">2cm-5cm"
"2771",3738,"S14","T2","P. grandis",100,">14cm"
"2772",3739,"S14","T2","P. meandrina",0.730666666666667,"0-2cm"
"2773",3741,"S14","T2","P. meandrina",100,">14cm"
"2774",3742,"S14","T2","P. meandrina",1.711,"0-2cm"
"2775",3743,"S14","T2","P. meandrina",100,">14cm"
"2776",3744,"S14","T2","P. meandrina",11.944,">5cm-14cm"
"2777",3745,"S14","T2","P. meandrina",1.68466666666667,"0-2cm"
"2778",3746,"S14","T2","P. meandrina",3.80566666666667,">2cm-5cm"
"2779",3747,"S14","T2","P. meandrina",0.656333333333333,"0-2cm"
"2780",3748,"S14","T2","P. acuta",2.34233333333333,">2cm-5cm"
"2781",3749,"S14","T2","P. meandrina",12.0996666666667,">5cm-14cm"
"2782",3750,"S14","T2","P. meandrina",4.82866666666667,">2cm-5cm"
"2783",3751,"S14","T2","P. meandrina",3.25933333333333,">2cm-5cm"
"2784",3752,"S14","T2","P. grandis",44.4816666666667,">14cm"
"2785",3754,"S14","T2","P. effusa",2.53766666666667,">2cm-5cm"
"2786",3755,"S14","T2","P. meandrina",0.589,"0-2cm"
"2787",3757,"S14","T2","P. meandrina",26.765,">14cm"
"2788",3758,"S14","T2","P. meandrina",1.459,"0-2cm"
"2789",3759,"S14","T2","P. meandrina",24.1616666666667,">14cm"
"2790",3760,"S14","T2","P. effusa",1.76166666666667,"0-2cm"
"2791",3761,"S14","T2","P. meandrina",19.211,">14cm"
"2792",3762,"S14","T2","P. meandrina",17.5223333333333,">14cm"
"2793",3763,"S14","T2","P. meandrina",0.688666666666667,"0-2cm"
"2794",3764,"S14","T2","P. meandrina",0.873666666666666,"0-2cm"
"2795",3765,"S14","T2","P. meandrina",100,">14cm"
"2796",3766,"S14","T2","P. meandrina",100,">14cm"
"2797",3767,"S14","T2","P. meandrina",4.19666666666667,">2cm-5cm"
"2798",3768,"S14","T2","P. acuta",0.437333333333333,"0-2cm"
"2799",3769,"S14","T2","P. meandrina",13.9833333333333,">5cm-14cm"
"2800",3770,"S14","T2","P. meandrina",0.695,"0-2cm"
"2801",3771,"S14","T2","P. meandrina",100,">14cm"
"2802",3772,"S14","T2","P. meandrina",2.75933333333333,">2cm-5cm"
"2803",3773,"S14","T3","P. meandrina",100,">14cm"
"2804",3774,"S14","T3","P. meandrina",10.9416666666667,">5cm-14cm"
"2805",3775,"S14","T3","P. meandrina",100,">14cm"
"2806",3776,"S14","T3","P. meandrina",4.078,">2cm-5cm"
"2807",3777,"S14","T3","P. grandis",16.5,">14cm"
"2808",3781,"S14","T3","P. verrucosa",8.38933333333333,">5cm-14cm"
"2809",3782,"S14","T3","P. grandis",100,">14cm"
"2810",3783,"S14","T3","P. meandrina",15.0026666666667,">14cm"
"2811",3784,"S14","T3","P. meandrina",17.3443333333333,">14cm"
"2812",3785,"S14","T3","P. meandrina",5.41,">5cm-14cm"
"2813",3786,"S14","T3","P. meandrina",13.844,">5cm-14cm"
"2814",3787,"S14","T3","P. grandis",2.04333333333333,">2cm-5cm"
"2815",3788,"S14","T3","P. meandrina",12.7466666666667,">5cm-14cm"
"2816",3789,"S14","T3","P. meandrina",100,">14cm"
"2817",3790,"S14","T3","P. verrucosa",100,">14cm"
"2818",3791,"S14","T3","P. verrucosa",19.435,">14cm"
"2819",3792,"S14","T3","P. verrucosa",100,">14cm"
"2820",3793,"S14","T3","P. grandis",7.153,">5cm-14cm"
"2821",3794,"S14","T3","P. meandrina",11.989,">5cm-14cm"
"2822",3795,"S14","T3","P. meandrina",10.9533333333333,">5cm-14cm"
"2823",3796,"S14","T3","P. verrucosa",7.60533333333333,">5cm-14cm"
"2824",3797,"S14","T3","P. meandrina",8.65933333333333,">5cm-14cm"
"2825",3798,"S14","T3","P. meandrina",18.534,">14cm"
"2826",3799,"S14","T3","P. verrucosa",100,">14cm"
"2827",3800,"S14","T3","P. meandrina",9.554,">5cm-14cm"
"2828",3801,"S14","T3","P. verrucosa",20.613,">14cm"
"2829",3802,"S14","T3","P. verrucosa",10.7723333333333,">5cm-14cm"
"2830",3803,"S14","T3","P. meandrina",23.6006666666667,">14cm"
"2831",3804,"S14","T3","P. meandrina",12.6343333333333,">5cm-14cm"
"2832",3805,"S14","T3","P. effusa",3.03466666666667,">2cm-5cm"
"2833",3806,"S14","T3","P. meandrina",33.961,">14cm"
"2834",3807,"S14","T3","P. grandis",17.235,">14cm"
"2835",3808,"S14","T3","P. meandrina",2.80733333333333,">2cm-5cm"
"2836",3809,"S14","T3","P. meandrina",1.04333333333333,"0-2cm"
"2837",3810,"S14","T3","P. verrucosa",2.894,">2cm-5cm"
"2838",3811,"S14","T3","P. meandrina",24.549,">14cm"
"2839",3812,"S14","T3","P. grandis",100,">14cm"
"2840",3814,"S14","T3","P. meandrina",100,">14cm"
"2841",3815,"S14","T3","P. verrucosa",13.2663333333333,">5cm-14cm"
"2842",3816,"S14","T3","P. meandrina",16.391,">14cm"
"2843",3817,"S14","T3","P. meandrina",16.8323333333333,">14cm"
"2844",3819,"S14","T3","P. acuta",0.557333333333333,"0-2cm"
"2845",3820,"S14","T3","P. meandrina",3.839,">2cm-5cm"
"2846",3821,"S14","T3","P. verrucosa",6.01466666666667,">5cm-14cm"
"2847",3822,"S14","T3","P. verrucosa",12.053,">5cm-14cm"
"2848",3823,"S14","T3","P. meandrina",9.696,">5cm-14cm"
"2849",3824,"S14","T3","P. meandrina",17.1016666666667,">14cm"
"2850",3825,"S14","T3","P. meandrina",8.31966666666666,">5cm-14cm"
"2851",3826,"S14","T3","P. tuahiniensis",100,">14cm"
"2852",3827,"S14","T3","P. meandrina",5.454,">5cm-14cm"
"2853",3828,"S14","T3","P. effusa",18.901,">14cm"
"2854",3829,"S14","T3","P. meandrina",100,">14cm"
"2855",3830,"S14","T3","P. meandrina",4.28566666666667,">2cm-5cm"
"2856",3831,"S14","T3","P. verrucosa",100,">14cm"
"2857",3832,"S14","T3","P. verrucosa",27.271,">14cm"
"2858",3833,"S14","T2","P. meandrina",15.953,">14cm"
"2859",3834,"S14","T2","P. meandrina",6.764,">5cm-14cm"
"2860",3834,"S14","T2","P. meandrina",5.514,">5cm-14cm"
"2861",3834,"S14","T2","P. meandrina",6.764,">5cm-14cm"
"2862",3834,"S14","T2","P. meandrina",5.514,">5cm-14cm"
"2863",3834,"S14","T2","P. meandrina",6.764,">5cm-14cm"
"2864",3834,"S14","T2","P. meandrina",5.514,">5cm-14cm"
"2865",3834,"S14","T2","P. meandrina",6.764,">5cm-14cm"
"2866",3834,"S14","T2","P. meandrina",5.514,">5cm-14cm"
"2867",3835,"S14","T2","P. meandrina",100,">14cm"
"2868",3836,"S14","T2","P. meandrina",100,">14cm"
"2869",3837,"S14","T2","P. meandrina",11.6763333333333,">5cm-14cm"
"2870",3838,"S14","T2","P. verrucosa",16.3903333333333,">14cm"
"2871",3839,"S14","T2","P. meandrina",0.563333333333333,"0-2cm"
"2872",3840,"S14","T2","P. meandrina",10.975,">5cm-14cm"
"2873",3841,"S14","T2","P. meandrina",8.988,">5cm-14cm"
"2874",3842,"S14","T2","P. verrucosa",9.088,">5cm-14cm"
"2875",3843,"S14","T2","P. meandrina",18.7506666666667,">14cm"
"2876",3844,"S14","T2","P. verrucosa",100,">14cm"
"2877",3845,"S14","T2","P. verrucosa",3.18133333333333,">2cm-5cm"
"2878",3846,"S14","T2","P. meandrina",0.798,"0-2cm"
"2879",3847,"S14","T2","P. meandrina",17.0396666666667,">14cm"
"2880",3848,"S14","T2","P. meandrina",100,">14cm"
"2881",3849,"S14","T2","P. meandrina",12.295,">5cm-14cm"
"2882",3850,"S14","T2","P. meandrina",1.33766666666667,"0-2cm"
"2883",3851,"S14","T2","P. meandrina",0.582333333333333,"0-2cm"
"2884",3852,"S14","T2","P. meandrina",100,">14cm"
"2885",3853,"S14","T2","P. meandrina",100,">14cm"
"2886",3854,"S14","T2","P. meandrina",17.4526666666667,">14cm"
"2887",3855,"S14","T2","P. meandrina",2.85266666666667,">2cm-5cm"
"2888",3856,"S14","T2","P. meandrina",1.64266666666667,"0-2cm"
"2889",3857,"S14","T2","P. meandrina",18.7266666666667,">14cm"
"2890",3858,"S14","T2","P. verrucosa",2.268,">2cm-5cm"
"2891",3859,"S14","T2","P. meandrina",19.309,">14cm"
"2892",3860,"S14","T2","P. meandrina",0.897666666666667,"0-2cm"
"2893",3861,"S14","T2","P. verrucosa",100,">14cm"
"2894",3862,"S14","T2","P. meandrina",2.40233333333333,">2cm-5cm"
"2895",3863,"S14","T2","P. meandrina",100,">14cm"
"2896",3864,"S14","T2","P. meandrina",100,">14cm"
"2897",3865,"S14","T2","P. meandrina",8.12433333333333,">5cm-14cm"
"2898",3866,"S14","T2","P. meandrina",100,">14cm"
"2899",3868,"S14","T2","P. verrucosa",100,">14cm"
"2900",3869,"S14","T2","P. meandrina",13.8143333333333,">5cm-14cm"
"2901",3870,"S14","T2","P. meandrina",100,">14cm"
"2902",3871,"S14","T2","P. meandrina",21.8333333333333,">14cm"
"2903",3872,"S14","T2","P. meandrina",1.04633333333333,"0-2cm"
"2904",3873,"S14","T2","P. meandrina",10.067,">5cm-14cm"
"2905",3874,"S14","T2","P. meandrina",2.52133333333333,">2cm-5cm"
"2906",3875,"S14","T2","P. tuahiniensis",4.43066666666667,">2cm-5cm"
"2907",3876,"S14","T2","P. acuta",2.76133333333333,">2cm-5cm"
"2908",3877,"S14","T2","P. meandrina",100,">14cm"
"2909",3878,"S14","T2","P. meandrina",100,">14cm"
"2910",3879,"S14","T2","P. grandis",20.3213333333333,">14cm"
"2911",3880,"S14","T2","P. grandis",100,">14cm"
"2912",3881,"S14","T2","P. meandrina",16.1813333333333,">14cm"
"2913",3882,"S14","T2","P. verrucosa",2.16766666666667,">2cm-5cm"
"2914",3883,"S14","T2","P. effusa",3.82833333333333,">2cm-5cm"
"2915",3884,"S14","T2","P. meandrina",0.799,"0-2cm"
"2916",3884,"S14","T2","P. grandis",0.799,"0-2cm"
"2917",3885,"S14","T2","P. meandrina",100,">14cm"
"2918",3886,"S14","T2","P. meandrina",18.7686666666667,">14cm"
"2919",3887,"S14","T2","P. meandrina",13.2123333333333,">5cm-14cm"
"2920",3888,"S14","T2","P. verrucosa",10.569,">5cm-14cm"
"2921",3889,"S14","T2","P. meandrina",14.081,">14cm"
"2922",3890,"S14","T3","P. meandrina",1.247,"0-2cm"
"2923",3891,"S14","T3","P. acuta",8.28166666666667,">5cm-14cm"
"2924",3892,"S14","T3","P. tuahiniensis",11.9623333333333,">5cm-14cm"
"2925",3893,"S14","T3","P. tuahiniensis",100,">14cm"
"2926",3894,"S14","T3","P. tuahiniensis",17.153,">14cm"
"2927",3894,"S14","T3","P. meandrina",17.153,">14cm"
"2928",3895,"S14","T3","P. grandis",19.7363333333333,">14cm"
"2929",3896,"S14","T3","P. verrucosa",100,">14cm"
"2930",3897,"S14","T3","P. meandrina",6.25966666666667,">5cm-14cm"
"2931",3898,"S14","T3","P. meandrina",7.22233333333333,">5cm-14cm"
"2932",3900,"S14","T3","P. grandis",33.5213333333333,">14cm"
"2933",3901,"S14","T3","P. effusa",1.66366666666667,"0-2cm"
"2934",3902,"S14","T3","P. effusa",1.52033333333333,"0-2cm"
"2935",3903,"S14","T3","P. meandrina",18.7086666666667,">14cm"
"2936",3904,"S14","T3","P. meandrina",1.02533333333333,"0-2cm"
"2937",3905,"S14","T3","P. tuahiniensis",100,">14cm"
"2938",3906,"S14","T3","P. meandrina",0.330666666666667,"0-2cm"
"2939",3907,"S14","T3","P. effusa",4.64666666666667,">2cm-5cm"
"2940",3908,"S14","T3","P. meandrina",0.900333333333334,"0-2cm"
"2941",3909,"S14","T3","P. meandrina",10.2386666666667,">5cm-14cm"
"2942",3910,"S14","T3","P. meandrina",3.564,">2cm-5cm"
"2943",3911,"S14","T3","P. meandrina",18.0146666666667,">14cm"
"2944",3912,"S14","T3","P. meandrina",10.6486666666667,">5cm-14cm"
"2945",3913,"S14","T3","P. meandrina",5.518,">5cm-14cm"
"2946",3914,"S14","T3","P. meandrina",1.17033333333333,"0-2cm"
"2947",3915,"S14","T3","P. meandrina",2.22166666666667,">2cm-5cm"
"2948",3917,"S14","T3","P. meandrina",100,">14cm"
"2949",3918,"S14","T3","P. meandrina",1.74666666666667,"0-2cm"
"2950",3919,"S14","T3","P. meandrina",0.741333333333333,"0-2cm"
"2951",3925,"S14","T3","P. effusa",4.38933333333333,">2cm-5cm"
"2952",3927,"S14","T3","P. effusa",5.65866666666667,">5cm-14cm"
"2953",3928,"S14","T3","P. meandrina",15.259,">14cm"
"2954",3929,"S14","T3","P. acuta",5.129,">5cm-14cm"
"2955",3930,"S14","T3","P. grandis",25.93,">14cm"
"2956",3931,"S14","T3","P. verrucosa",18.4063333333333,">14cm"
"2957",3932,"S14","T3","P. effusa",3.36733333333333,">2cm-5cm"
"2958",3933,"S14","T3","P. tuahiniensis",17.144,">14cm"
"2959",3934,"S14","T3","P. meandrina",18.618,">14cm"
"2960",3935,"S14","T3","P. meandrina",26.836,">14cm"
"2961",3936,"S14","T3","P. meandrina",100,">14cm"
"2962",3937,"S14","T3","P. meandrina",100,">14cm"
"2963",3938,"S14","T3","P. meandrina",4.46866666666667,">2cm-5cm"
"2964",3939,"S14","T3","P. meandrina",1.30166666666667,"0-2cm"
"2965",3940,"S14","T3","P. meandrina",17.518,">14cm"
"2966",3942,"S14","T3","P. meandrina",1.15766666666667,"0-2cm"
"2967",3943,"S14","T3","P. meandrina",19.207,">14cm"
"2968",3944,"S14","T3","P. effusa",2.07633333333333,">2cm-5cm"
"2969",3945,"S14","T3","P. meandrina",3.684,">2cm-5cm"
"2970",3947,"S14","T3","P. tuahiniensis",100,">14cm"
"2971",3948,"S14","T3","P. acuta",1.36166666666667,"0-2cm"
"2972",3949,"S14","T3","P. grandis",1.88833333333333,"0-2cm"
"2973",3950,"S14","T3","P. tuahiniensis",1.40633333333333,"0-2cm"
