time_local,time_utc,along_shore_velocity_bottom_mps,data_coverage_along_shore_velocity_bottom_mps,along_shore_velocity_surface_mps,data_coverage_along_shore_velocity_surface_mps,across_shore_velocity_bottom_mps,data_coverage_across_shore_velocity_bottom_mps,across_shore_velocity_surface_mps,data_coverage_across_shore_velocity_surface_mps,current_speed_bottom_mps,data_coverage_current_speed_bottom_mps,current_speed_surface_mps,data_coverage_current_speed_surface_mps,wave_power_adcp,data_coverage_wave_power_adcp,wave_ht_adcp_m,data_coverage_wave_ht_adcp_m,wave_period_adcp_sec,data_coverage_wave_period_adcp_sec,wave_direction_adcp_degtrue,data_coverage_wave_direction_adcp_degtrue,wave_power_sbe26,data_coverage_wave_power_sbe26,wave_ht_sbe26_m,data_coverage_wave_ht_sbe26_m,wave_period_sbe26_sec,data_coverage_wave_period_sbe26_sec,sea_surface_ht_sbe26_m,data_coverage_sea_surface_ht_sbe26_m,upper_watercolumn_temperature_sbe39_C,data_coverage_upper_watercolumn_temperature_sbe39_C,middle_watercolumn_temperature_sbe39_C,data_coverage_middle_watercolumn_temperature_sbe39_C,bottom_watercolumn_temperature_sbe39_C,data_coverage_bottom_watercolumn_temperature_sbe39_C,temperature_shallow_sbe37_C,data_coverage_temperature_shallow_sbe37_C,salinity_shallow_sbe37_psu,data_coverage_salinity_shallow_sbe37_psu,density_shallow_sbe37_sigt,data_coverage_density_shallow_sbe37_sigt,temperature_deeper_sbe37_C,data_coverage_temperature_deeper_sbe37_C,salinity_deeper_sbe37_psu,data_coverage_salinity_deeper_sbe37_psu,density_deeper_sbe37_sigt,data_coverage_density_deeper_sbe37_sigt
2005-07-25 00:00:00,2005-07-25 10:00:00,-999,0.00,-999,0.00,-999,0.00,-999,0.00,-999,0.00,-999,0.00,-999,0.00,-999,0.00,-999,0.00,-999,0.00,1.569e+06,0.33,1.19,0.33,10.4,0.33,10.345,0.35,-999,0.00,-999,0.00,-999,0.00,-999,0.00,-999,0.00,-999,0.00,-999,0.00,-999,0.00,-999,0.00
2005-08-01 00:00:00,2005-08-01 10:00:00,-999,0.00,-999,0.00,-999,0.00,-999,0.00,-999,0.00,-999,0.00,-999,0.00,-999,0.00,-999,0.00,-999,0.00,8.761e+05,1.00,0.95,1.00,9.5,1.00,10.321,1.00,-999,0.00,-999,0.00,-999,0.00,-999,0.00,-999,0.00,-999,0.00,-999,0.00,-999,0.00,-999,0.00
2005-08-08 00:00:00,2005-08-08 10:00:00,-999,0.00,-999,0.00,-999,0.00,-999,0.00,-999,0.00,-999,0.00,-999,0.00,-999,0.00,-999,0.00,-999,0.00,1.198e+06,1.00,1.01,1.00,11.3,1.00,10.316,1.00,-999,0.00,-999,0.00,-999,0.00,-999,0.00,-999,0.00,-999,0.00,-999,0.00,-999,0.00,-999,0.00
2005-08-15 00:00:00,2005-08-15 10:00:00,-999,0.00,-999,0.00,-999,0.00,-999,0.00,-999,0.00,-999,0.00,-999,0.00,-999,0.00,-999,0.00,-999,0.00,9.709e+05,1.00,0.95,1.00,10.1,1.00,10.310,1.00,-999,0.00,-999,0.00,-999,0.00,-999,0.00,-999,0.00,-999,0.00,-999,0.00,-999,0.00,-999,0.00
2005-08-22 00:00:00,2005-08-22 10:00:00,-999,0.00,-999,0.00,-999,0.00,-999,0.00,-999,0.00,-999,0.00,-999,0.00,-999,0.00,-999,0.00,-999,0.00,2.131e+06,1.00,1.39,1.00,10.7,1.00,10.324,1.00,-999,0.00,-999,0.00,-999,0.00,-999,0.00,-999,0.00,-999,0.00,-999,0.00,-999,0.00,-999,0.00
2005-08-29 00:00:00,2005-08-29 10:00:00,-999,0.00,-999,0.00,-999,0.00,-999,0.00,-999,0.00,-999,0.00,-999,0.00,-999,0.00,-999,0.00,-999,0.00,1.929e+06,1.00,1.28,1.00,11.7,1.00,10.321,1.00,-999,0.00,-999,0.00,-999,0.00,-999,0.00,-999,0.00,-999,0.00,-999,0.00,-999,0.00,-999,0.00
2005-09-05 00:00:00,2005-09-05 10:00:00,-999,0.00,-999,0.00,-999,0.00,-999,0.00,-999,0.00,-999,0.00,-999,0.00,-999,0.00,-999,0.00,-999,0.00,6.179e+06,1.00,1.57,1.00,12.2,1.00,10.313,1.00,-999,0.00,-999,0.00,-999,0.00,-999,0.00,-999,0.00,-999,0.00,-999,0.00,-999,0.00,-999,0.00
2005-09-12 00:00:00,2005-09-12 10:00:00,-999,0.00,-999,0.00,-999,0.00,-999,0.00,-999,0.00,-999,0.00,-999,0.00,-999,0.00,-999,0.00,-999,0.00,4.213e+06,1.00,1.81,1.00,11.3,1.00,10.269,1.00,-999,0.00,-999,0.00,-999,0.00,-999,0.00,-999,0.00,-999,0.00,-999,0.00,-999,0.00,-999,0.00
2005-09-19 00:00:00,2005-09-19 10:00:00,-999,0.00,-999,0.00,-999,0.00,-999,0.00,-999,0.00,-999,0.00,-999,0.00,-999,0.00,-999,0.00,-999,0.00,5.530e+05,1.00,0.77,1.00,9.2,1.00,10.297,1.00,-999,0.00,-999,0.00,-999,0.00,-999,0.00,-999,0.00,-999,0.00,-999,0.00,-999,0.00,-999,0.00
2005-09-26 00:00:00,2005-09-26 10:00:00,-999,0.00,-999,0.00,-999,0.00,-999,0.00,-999,0.00,-999,0.00,-999,0.00,-999,0.00,-999,0.00,-999,0.00,1.749e+06,1.00,1.12,1.00,10.5,1.00,10.295,1.00,-999,0.00,-999,0.00,-999,0.00,-999,0.00,-999,0.00,-999,0.00,-999,0.00,-999,0.00,-999,0.00
2005-10-03 00:00:00,2005-10-03 10:00:00,-999,0.00,-999,0.00,-999,0.00,-999,0.00,-999,0.00,-999,0.00,-999,0.00,-999,0.00,-999,0.00,-999,0.00,1.217e+06,1.00,0.96,1.00,10.8,1.00,10.285,1.00,-999,0.00,-999,0.00,-999,0.00,-999,0.00,-999,0.00,-999,0.00,-999,0.00,-999,0.00,-999,0.00
2005-10-10 00:00:00,2005-10-10 10:00:00,-999,0.00,-999,0.00,-999,0.00,-999,0.00,-999,0.00,-999,0.00,-999,0.00,-999,0.00,-999,0.00,-999,0.00,8.032e+05,1.00,0.85,1.00,10.8,1.00,10.298,1.00,-999,0.00,-999,0.00,-999,0.00,-999,0.00,-999,0.00,-999,0.00,-999,0.00,-999,0.00,-999,0.00
2005-10-17 00:00:00,2005-10-17 10:00:00,-999,0.00,-999,0.00,-999,0.00,-999,0.00,-999,0.00,-999,0.00,-999,0.00,-999,0.00,-999,0.00,-999,0.00,1.407e+06,1.00,1.10,1.00,11.0,1.00,10.307,1.00,-999,0.00,-999,0.00,-999,0.00,-999,0.00,-999,0.00,-999,0.00,-999,0.00,-999,0.00,-999,0.00
2005-10-24 00:00:00,2005-10-24 10:00:00,-999,0.00,-999,0.00,-999,0.00,-999,0.00,-999,0.00,-999,0.00,-999,0.00,-999,0.00,-999,0.00,-999,0.00,1.362e+06,1.00,1.05,1.00,11.9,1.00,10.343,1.00,-999,0.00,-999,0.00,-999,0.00,-999,0.00,-999,0.00,-999,0.00,-999,0.00,-999,0.00,-999,0.00
2005-10-31 00:00:00,2005-10-31 10:00:00,-999,0.00,-999,0.00,-999,0.00,-999,0.00,-999,0.00,-999,0.00,-999,0.00,-999,0.00,-999,0.00,-999,0.00,9.377e+05,1.00,0.91,1.00,10.7,1.00,10.355,1.00,-999,0.00,-999,0.00,-999,0.00,-999,0.00,-999,0.00,-999,0.00,-999,0.00,-999,0.00,-999,0.00
2005-11-07 00:00:00,2005-11-07 10:00:00,-999,0.00,-999,0.00,-999,0.00,-999,0.00,-999,0.00,-999,0.00,-999,0.00,-999,0.00,-999,0.00,-999,0.00,1.753e+06,1.00,1.19,1.00,11.2,1.00,10.370,1.00,-999,0.00,-999,0.00,-999,0.00,-999,0.00,-999,0.00,-999,0.00,-999,0.00,-999,0.00,-999,0.00
2005-11-14 00:00:00,2005-11-14 10:00:00,-999,0.00,-999,0.00,-999,0.00,-999,0.00,-999,0.00,-999,0.00,-999,0.00,-999,0.00,-999,0.00,-999,0.00,7.361e+05,1.00,0.81,1.00,10.3,1.00,10.392,1.00,-999,0.00,-999,0.00,-999,0.00,-999,0.00,-999,0.00,-999,0.00,-999,0.00,-999,0.00,-999,0.00
2005-11-21 00:00:00,2005-11-21 10:00:00,-999,0.00,-999,0.00,-999,0.00,-999,0.00,-999,0.00,-999,0.00,-999,0.00,-999,0.00,-999,0.00,-999,0.00,8.292e+05,1.00,0.91,1.00,9.6,1.00,10.364,1.00,-999,0.00,-999,0.00,-999,0.00,-999,0.00,-999,0.00,-999,0.00,-999,0.00,-999,0.00,-999,0.00
2005-11-28 00:00:00,2005-11-28 10:00:00,-999,0.00,-999,0.00,-999,0.00,-999,0.00,-999,0.00,-999,0.00,-999,0.00,-999,0.00,-999,0.00,-999,0.00,6.485e+05,1.00,0.70,1.00,11.1,1.00,10.344,1.00,-999,0.00,-999,0.00,-999,0.00,-999,0.00,-999,0.00,-999,0.00,-999,0.00,-999,0.00,-999,0.00
2005-12-05 00:00:00,2005-12-05 10:00:00,-999,0.00,-999,0.00,-999,0.00,-999,0.00,-999,0.00,-999,0.00,-999,0.00,-999,0.00,-999,0.00,-999,0.00,6.156e+05,1.00,0.76,1.00,10.3,1.00,10.373,1.00,-999,0.00,-999,0.00,-999,0.00,-999,0.00,-999,0.00,-999,0.00,-999,0.00,-999,0.00,-999,0.00
2005-12-12 00:00:00,2005-12-12 10:00:00,-999,0.00,-999,0.00,-999,0.00,-999,0.00,-999,0.00,-999,0.00,-999,0.00,-999,0.00,-999,0.00,-999,0.00,4.344e+05,0.96,0.62,0.96,9.8,0.96,10.328,0.96,-999,0.00,-999,0.00,-999,0.00,-999,0.00,-999,0.00,-999,0.00,-999,0.00,-999,0.00,-999,0.00
2005-12-19 00:00:00,2005-12-19 10:00:00,-999,0.00,-999,0.00,-999,0.00,-999,0.00,-999,0.00,-999,0.00,-999,0.00,-999,0.00,-999,0.00,-999,0.00,6.085e+05,1.00,0.79,1.00,9.2,1.00,10.314,1.00,-999,0.00,-999,0.00,-999,0.00,-999,0.00,-999,0.00,-999,0.00,-999,0.00,-999,0.00,-999,0.00
2005-12-26 00:00:00,2005-12-26 10:00:00,-999,0.00,-999,0.00,-999,0.00,-999,0.00,-999,0.00,-999,0.00,-999,0.00,-999,0.00,-999,0.00,-999,0.00,1.495e+05,1.00,0.40,1.00,9.1,1.00,10.324,1.00,-999,0.00,-999,0.00,-999,0.00,-999,0.00,-999,0.00,-999,0.00,-999,0.00,-999,0.00,-999,0.00
2006-01-02 00:00:00,2006-01-02 10:00:00,-999,0.00,-999,0.00,-999,0.00,-999,0.00,-999,0.00,-999,0.00,-999,0.00,-999,0.00,-999,0.00,-999,0.00,2.821e+05,1.00,0.43,1.00,10.5,1.00,10.354,1.00,-999,0.00,-999,0.00,-999,0.00,-999,0.00,-999,0.00,-999,0.00,-999,0.00,-999,0.00,-999,0.00
2006-01-09 00:00:00,2006-01-09 10:00:00,-999,0.00,-999,0.00,-999,0.00,-999,0.00,-999,0.00,-999,0.00,-999,0.00,-999,0.00,-999,0.00,-999,0.00,7.677e+05,1.00,0.87,1.00,9.5,1.00,10.344,1.00,-999,0.00,-999,0.00,-999,0.00,-999,0.00,-999,0.00,-999,0.00,-999,0.00,-999,0.00,-999,0.00
2006-01-16 00:00:00,2006-01-16 10:00:00,-999,0.00,-999,0.00,-999,0.00,-999,0.00,-999,0.00,-999,0.00,-999,0.00,-999,0.00,-999,0.00,-999,0.00,5.388e+05,1.00,0.73,1.00,9.3,1.00,10.362,1.00,-999,0.00,-999,0.00,-999,0.00,-999,0.00,-999,0.00,-999,0.00,-999,0.00,-999,0.00,-999,0.00
2006-01-23 00:00:00,2006-01-23 10:00:00,-999,0.00,-999,0.00,-999,0.00,-999,0.00,-999,0.00,-999,0.00,-999,0.00,-999,0.00,-999,0.00,-999,0.00,3.597e+05,1.00,0.59,1.00,10.2,1.00,10.370,1.00,-999,0.00,-999,0.00,-999,0.00,-999,0.00,-999,0.00,-999,0.00,-999,0.00,-999,0.00,-999,0.00
2006-01-30 00:00:00,2006-01-30 10:00:00,-999,0.00,-999,0.00,-999,0.00,-999,0.00,-999,0.00,-999,0.00,-999,0.00,-999,0.00,-999,0.00,-999,0.00,6.936e+05,1.00,0.71,1.00,11.6,1.00,10.346,1.00,-999,0.00,-999,0.00,-999,0.00,-999,0.00,-999,0.00,-999,0.00,-999,0.00,-999,0.00,-999,0.00
2006-02-06 00:00:00,2006-02-06 10:00:00,-999,0.00,-999,0.00,-999,0.00,-999,0.00,-999,0.00,-999,0.00,-999,0.00,-999,0.00,-999,0.00,-999,0.00,3.298e+05,1.00,0.53,1.00,10.0,1.00,10.306,1.00,-999,0.00,-999,0.00,-999,0.00,-999,0.00,-999,0.00,-999,0.00,-999,0.00,-999,0.00,-999,0.00
2006-02-13 00:00:00,2006-02-13 10:00:00,-999,0.00,-999,0.00,-999,0.00,-999,0.00,-999,0.00,-999,0.00,-999,0.00,-999,0.00,-999,0.00,-999,0.00,6.007e+05,1.00,0.66,1.00,11.6,1.00,10.329,1.00,-999,0.00,-999,0.00,-999,0.00,-999,0.00,-999,0.00,-999,0.00,-999,0.00,-999,0.00,-999,0.00
2006-02-20 00:00:00,2006-02-20 10:00:00,-999,0.00,-999,0.00,-999,0.00,-999,0.00,-999,0.00,-999,0.00,-999,0.00,-999,0.00,-999,0.00,-999,0.00,4.041e+05,1.00,0.59,1.00,11.1,1.00,10.334,1.00,-999,0.00,-999,0.00,-999,0.00,-999,0.00,-999,0.00,-999,0.00,-999,0.00,-999,0.00,-999,0.00
2006-02-27 00:00:00,2006-02-27 10:00:00,-999,0.00,-999,0.00,-999,0.00,-999,0.00,-999,0.00,-999,0.00,-999,0.00,-999,0.00,-999,0.00,-999,0.00,7.307e+05,1.00,0.78,1.00,11.3,1.00,10.365,1.00,-999,0.00,-999,0.00,-999,0.00,-999,0.00,-999,0.00,-999,0.00,-999,0.00,-999,0.00,-999,0.00
2006-03-06 00:00:00,2006-03-06 10:00:00,-999,0.00,-999,0.00,-999,0.00,-999,0.00,-999,0.00,-999,0.00,-999,0.00,-999,0.00,-999,0.00,-999,0.00,5.738e+05,1.00,0.77,1.00,9.7,1.00,10.339,1.00,-999,0.00,-999,0.00,-999,0.00,-999,0.00,-999,0.00,-999,0.00,-999,0.00,-999,0.00,-999,0.00
2006-03-13 00:00:00,2006-03-13 10:00:00,-999,0.00,-999,0.00,-999,0.00,-999,0.00,-999,0.00,-999,0.00,-999,0.00,-999,0.00,-999,0.00,-999,0.00,1.095e+06,1.00,0.87,1.00,10.4,1.00,10.351,1.00,-999,0.00,-999,0.00,-999,0.00,-999,0.00,-999,0.00,-999,0.00,-999,0.00,-999,0.00,-999,0.00
2006-03-20 00:00:00,2006-03-20 10:00:00,-999,0.00,-999,0.00,-999,0.00,-999,0.00,-999,0.00,-999,0.00,-999,0.00,-999,0.00,-999,0.00,-999,0.00,6.085e+05,1.00,0.83,1.00,8.9,1.00,10.352,1.00,-999,0.00,-999,0.00,-999,0.00,-999,0.00,-999,0.00,-999,0.00,-999,0.00,-999,0.00,-999,0.00
2006-03-27 00:00:00,2006-03-27 10:00:00,-999,0.00,-999,0.00,-999,0.00,-999,0.00,-999,0.00,-999,0.00,-999,0.00,-999,0.00,-999,0.00,-999,0.00,1.413e+06,1.00,1.03,1.00,12.5,1.00,10.358,1.00,-999,0.00,-999,0.00,-999,0.00,-999,0.00,-999,0.00,-999,0.00,-999,0.00,-999,0.00,-999,0.00
2006-04-03 00:00:00,2006-04-03 10:00:00,-999,0.00,-999,0.00,-999,0.00,-999,0.00,-999,0.00,-999,0.00,-999,0.00,-999,0.00,-999,0.00,-999,0.00,4.747e+05,1.00,0.62,1.00,12.1,1.00,10.344,1.00,29.31,0.65,29.29,0.65,29.27,0.63,29.33,0.65,35.9075,0.65,22.6605,0.65,29.29,0.65,-999,0.00,-999,0.00
2006-04-10 00:00:00,2006-04-10 10:00:00,-999,0.00,-999,0.00,-999,0.00,-999,0.00,-999,0.00,-999,0.00,-999,0.00,-999,0.00,-999,0.00,-999,0.00,2.378e+05,1.00,0.48,1.00,9.9,1.00,10.392,1.00,29.21,1.00,29.20,1.00,29.17,1.00,29.23,1.00,35.9288,1.00,22.7121,1.00,29.19,1.00,-999,0.00,-999,0.00
2006-04-17 00:00:00,2006-04-17 10:00:00,-999,0.00,-999,0.00,-999,0.00,-999,0.00,-999,0.00,-999,0.00,-999,0.00,-999,0.00,-999,0.00,-999,0.00,5.345e+06,1.00,1.90,1.00,10.9,1.00,10.389,1.00,28.92,1.00,28.91,1.00,28.90,1.00,28.93,1.00,35.9561,1.00,22.8341,1.00,28.91,1.00,-999,0.00,-999,0.00
2006-04-24 00:00:00,2006-04-24 10:00:00,-999,0.00,-999,0.00,-999,0.00,-999,0.00,-999,0.00,-999,0.00,-999,0.00,-999,0.00,-999,0.00,-999,0.00,2.982e+06,1.00,1.61,1.00,10.8,1.00,10.353,1.00,28.67,1.00,28.66,1.00,28.66,1.00,28.67,1.00,35.8548,1.00,22.8435,1.00,28.66,1.00,-999,0.00,-999,0.00
2006-05-01 00:00:00,2006-05-01 10:00:00,-999,0.00,-999,0.00,-999,0.00,-999,0.00,-999,0.00,-999,0.00,-999,0.00,-999,0.00,-999,0.00,-999,0.00,1.356e+06,1.00,0.97,1.00,12.1,1.00,10.354,1.00,28.84,1.00,28.83,1.00,28.82,1.00,28.86,1.00,35.9301,1.00,22.8375,1.00,28.82,1.00,-999,0.00,-999,0.00
2006-05-08 00:00:00,2006-05-08 10:00:00,-999,0.00,-999,0.00,-999,0.00,-999,0.00,-999,0.00,-999,0.00,-999,0.00,-999,0.00,-999,0.00,-999,0.00,1.108e+06,1.00,0.91,1.00,12.3,1.00,10.384,1.00,28.85,1.00,28.85,1.00,28.84,1.00,28.86,1.00,35.9200,1.00,22.8296,1.00,28.85,1.00,-999,0.00,-999,0.00
2006-05-15 00:00:00,2006-05-15 10:00:00,-999,0.00,-999,0.00,-999,0.00,-999,0.00,-999,0.00,-999,0.00,-999,0.00,-999,0.00,-999,0.00,-999,0.00,1.047e+06,1.00,0.89,1.00,12.2,1.00,10.381,1.00,28.86,1.00,28.86,1.00,28.86,1.00,28.86,1.00,35.9092,1.00,22.8202,1.00,28.86,1.00,-999,0.00,-999,0.00
2006-05-22 00:00:00,2006-05-22 10:00:00,-999,0.00,-999,0.00,-999,0.00,-999,0.00,-999,0.00,-999,0.00,-999,0.00,-999,0.00,-999,0.00,-999,0.00,1.902e+06,1.00,1.26,1.00,11.3,1.00,10.379,1.00,28.49,1.00,28.50,1.00,28.50,1.00,28.48,1.00,35.7959,1.00,22.8604,1.00,28.50,1.00,-999,0.00,-999,0.00
2006-05-29 00:00:00,2006-05-29 10:00:00,-999,0.00,-999,0.00,-999,0.00,-999,0.00,-999,0.00,-999,0.00,-999,0.00,-999,0.00,-999,0.00,-999,0.00,1.972e+06,1.00,1.13,1.00,13.0,1.00,10.343,1.00,28.27,1.00,28.27,1.00,28.27,1.00,28.28,1.00,35.8370,1.00,22.9602,1.00,28.27,1.00,-999,0.00,-999,0.00
2006-06-05 00:00:00,2006-06-05 10:00:00,-999,0.00,-999,0.00,-999,0.00,-999,0.00,-999,0.00,-999,0.00,-999,0.00,-999,0.00,-999,0.00,-999,0.00,1.565e+06,0.92,1.08,0.92,12.1,0.92,10.327,0.89,28.11,1.00,28.11,1.00,28.10,1.00,28.12,1.00,35.8188,1.00,22.9986,1.00,28.11,1.00,-999,0.00,-999,0.00
2006-06-12 00:00:00,2006-06-12 10:00:00,-999,0.00,-999,0.00,-999,0.00,-999,0.00,-999,0.00,-999,0.00,-999,0.00,-999,0.00,-999,0.00,-999,0.00,-999,0.00,-999,0.00,-999,0.00,-999,0.00,27.78,1.00,27.78,1.00,27.77,1.00,27.78,1.00,35.8567,1.00,23.1359,1.00,27.77,1.00,-999,0.00,-999,0.00
2006-06-19 00:00:00,2006-06-19 10:00:00,-999,0.00,-999,0.00,-999,0.00,-999,0.00,-999,0.00,-999,0.00,-999,0.00,-999,0.00,-999,0.00,-999,0.00,-999,0.00,-999,0.00,-999,0.00,-999,0.00,27.43,1.00,27.42,1.00,27.42,1.00,27.43,1.00,35.8989,1.00,23.2821,1.00,27.42,1.00,-999,0.00,-999,0.00
2006-06-26 00:00:00,2006-06-26 10:00:00,-999,0.00,-999,0.00,-999,0.00,-999,0.00,-999,0.00,-999,0.00,-999,0.00,-999,0.00,-999,0.00,-999,0.00,-999,0.00,-999,0.00,-999,0.00,-999,0.00,27.39,1.00,27.39,1.00,27.39,1.00,27.39,1.00,35.9053,1.00,23.3015,1.00,27.39,1.00,35.9397,0.80,23.3684,0.80
2006-07-03 00:00:00,2006-07-03 10:00:00,-999,0.00,-999,0.00,-999,0.00,-999,0.00,-999,0.00,-999,0.00,-999,0.00,-999,0.00,-999,0.00,-999,0.00,-999,0.00,-999,0.00,-999,0.00,-999,0.00,27.43,1.00,27.43,1.00,27.43,1.00,27.43,1.00,35.8994,1.00,23.2839,1.00,27.43,1.00,35.9403,1.00,23.3521,1.00
2006-07-10 00:00:00,2006-07-10 10:00:00,-999,0.00,-999,0.00,-999,0.00,-999,0.00,-999,0.00,-999,0.00,-999,0.00,-999,0.00,-999,0.00,-999,0.00,-999,0.00,-999,0.00,-999,0.00,-999,0.00,27.29,1.00,27.29,1.00,27.29,1.00,27.29,1.00,35.8957,1.00,23.3254,1.00,27.29,1.00,35.9287,1.00,23.3890,1.00
2006-07-17 00:00:00,2006-07-17 10:00:00,-999,0.00,-999,0.00,-999,0.00,-999,0.00,-999,0.00,-999,0.00,-999,0.00,-999,0.00,-999,0.00,-999,0.00,-999,0.00,-999,0.00,-999,0.00,-999,0.00,27.18,1.00,27.18,1.00,27.17,1.00,27.19,1.00,35.9414,1.00,23.3935,1.00,27.18,1.00,35.9671,1.00,23.4535,1.00
2006-07-24 00:00:00,2006-07-24 10:00:00,-999,0.00,-999,0.00,-999,0.00,-999,0.00,-999,0.00,-999,0.00,-999,0.00,-999,0.00,-999,0.00,-999,0.00,-999,0.00,-999,0.00,-999,0.00,-999,0.00,27.13,1.00,27.13,1.00,27.13,1.00,27.13,1.00,35.9427,1.00,23.4125,1.00,27.13,1.00,35.9645,1.00,23.4676,1.00
2006-07-31 00:00:00,2006-07-31 10:00:00,-999,0.00,-999,0.00,-999,0.00,-999,0.00,-999,0.00,-999,0.00,-999,0.00,-999,0.00,-999,0.00,-999,0.00,2.230e+06,0.36,1.50,0.36,9.4,0.36,10.367,0.36,26.95,1.00,26.95,1.00,26.96,1.00,26.95,1.00,35.8444,1.00,23.3968,1.00,26.95,1.00,35.8772,1.00,23.4574,1.00
2006-08-07 00:00:00,2006-08-07 10:00:00,-999,0.00,-999,0.00,-999,0.00,-999,0.00,-999,0.00,-999,0.00,-999,0.00,-999,0.00,-999,0.00,-999,0.00,1.929e+06,1.00,1.36,1.00,9.9,1.00,10.341,1.00,26.59,1.00,26.59,1.00,26.59,1.00,26.60,1.00,35.9913,1.00,23.6191,1.00,26.59,1.00,36.0165,1.00,23.6779,1.00
2006-08-14 00:00:00,2006-08-14 10:00:00,-999,0.00,-999,0.00,-999,0.00,-999,0.00,-999,0.00,-999,0.00,-999,0.00,-999,0.00,-999,0.00,-999,0.00,1.239e+06,1.00,1.03,1.00,9.8,1.00,10.330,1.00,26.52,1.00,26.52,1.00,26.52,1.00,26.53,1.00,35.9750,1.00,23.6291,1.00,26.52,1.00,35.9931,1.00,23.6832,1.00
2006-08-21 00:00:00,2006-08-21 10:00:00,-999,0.00,-999,0.00,-999,0.00,-999,0.00,-999,0.00,-999,0.00,-999,0.00,-999,0.00,-999,0.00,-999,0.00,1.848e+06,1.00,1.30,1.00,10.4,1.00,10.317,1.00,26.40,1.00,26.40,1.00,26.40,1.00,26.41,1.00,35.9975,1.00,23.6836,1.00,26.40,1.00,36.0084,1.00,23.7332,1.00
2006-08-28 00:00:00,2006-08-28 10:00:00,-999,0.00,-999,0.00,-999,0.00,-999,0.00,-999,0.00,-999,0.00,-999,0.00,-999,0.00,-999,0.00,-999,0.00,2.061e+06,1.00,1.35,1.00,10.5,1.00,10.336,1.00,26.44,1.00,26.44,1.00,26.44,1.00,26.45,1.00,36.1677,1.00,23.8006,1.00,26.44,1.00,36.1757,1.00,23.8454,1.00
2006-09-04 00:00:00,2006-09-04 10:00:00,-999,0.00,-999,0.00,-999,0.00,-999,0.00,-999,0.00,-999,0.00,-999,0.00,-999,0.00,-999,0.00,-999,0.00,2.419e+06,1.00,1.49,1.00,10.5,1.00,10.342,1.00,26.32,1.00,26.32,1.00,26.32,1.00,26.32,1.00,36.1857,1.00,23.8530,1.00,26.32,1.00,36.1941,1.00,23.8986,1.00
2006-09-11 00:00:00,2006-09-11 10:00:00,-999,0.00,-999,0.00,-999,0.00,-999,0.00,-999,0.00,-999,0.00,-999,0.00,-999,0.00,-999,0.00,-999,0.00,2.570e+06,1.00,1.31,1.00,13.7,1.00,10.321,1.00,26.49,1.00,26.48,1.00,26.46,1.00,26.51,1.00,36.2124,1.00,23.8137,1.00,26.48,1.00,36.2200,1.00,23.8680,1.00
2006-09-18 00:00:00,2006-09-18 10:00:00,-999,0.00,-999,0.00,-999,0.00,-999,0.00,-999,0.00,-999,0.00,-999,0.00,-999,0.00,-999,0.00,-999,0.00,1.468e+06,1.00,1.13,1.00,11.2,1.00,10.347,1.00,26.65,1.00,26.64,1.00,26.63,1.00,26.67,1.00,36.2652,1.00,23.8032,1.00,26.64,1.00,36.2731,1.00,23.8556,1.00
2006-09-25 00:00:00,2006-09-25 10:00:00,-999,0.00,-999,0.00,-999,0.00,-999,0.00,-999,0.00,-999,0.00,-999,0.00,-999,0.00,-999,0.00,-999,0.00,1.723e+06,1.00,1.30,1.00,9.4,1.00,10.345,1.00,26.66,1.00,26.65,1.00,26.64,1.00,26.68,1.00,36.2667,1.00,23.8019,1.00,26.65,1.00,36.2738,1.00,23.8538,1.00
2006-10-02 00:00:00,2006-10-02 10:00:00,-999,0.00,-999,0.00,-999,0.00,-999,0.00,-999,0.00,-999,0.00,-999,0.00,-999,0.00,-999,0.00,-999,0.00,8.533e+05,1.00,0.86,1.00,10.4,1.00,10.356,1.00,26.90,1.00,26.88,1.00,26.86,1.00,26.92,1.00,36.2770,1.00,23.7306,1.00,26.88,1.00,36.2871,1.00,23.7911,1.00
2006-10-09 00:00:00,2006-10-09 10:00:00,-999,0.00,-999,0.00,-999,0.00,-999,0.00,-999,0.00,-999,0.00,-999,0.00,-999,0.00,-999,0.00,-999,0.00,1.415e+06,1.00,1.09,1.00,10.5,1.00,10.298,1.00,27.05,1.00,27.03,1.00,26.99,1.00,27.07,1.00,36.3040,1.00,23.7036,1.00,27.02,1.00,36.3138,1.00,23.7645,1.00
2006-10-16 00:00:00,2006-10-16 10:00:00,-999,0.00,-999,0.00,-999,0.00,-999,0.00,-999,0.00,-999,0.00,-999,0.00,-999,0.00,-999,0.00,-999,0.00,2.863e+06,1.00,1.37,1.00,12.1,1.00,10.329,1.00,26.93,1.00,26.93,1.00,26.92,1.00,26.95,1.00,36.2989,1.00,23.7398,1.00,26.92,1.00,36.3074,1.00,23.7910,1.00
2006-10-23 00:00:00,2006-10-23 10:00:00,-999,0.00,-999,0.00,-999,0.00,-999,0.00,-999,0.00,-999,0.00,-999,0.00,-999,0.00,-999,0.00,-999,0.00,2.546e+06,1.00,1.57,1.00,10.0,1.00,10.303,1.00,26.72,1.00,26.72,1.00,26.71,1.00,26.73,1.00,36.2490,1.00,23.7713,1.00,26.72,1.00,36.2625,1.00,23.8225,1.00
2006-10-30 00:00:00,2006-10-30 10:00:00,-999,0.00,-999,0.00,-999,0.00,-999,0.00,-999,0.00,-999,0.00,-999,0.00,-999,0.00,-999,0.00,-999,0.00,8.951e+05,1.00,0.99,1.00,9.2,1.00,10.331,1.00,26.74,1.00,26.73,1.00,26.72,1.00,26.75,1.00,36.2603,1.00,23.7739,1.00,26.73,1.00,36.2703,1.00,23.8248,1.00
2006-11-06 00:00:00,2006-11-06 10:00:00,-999,0.00,-999,0.00,-999,0.00,-999,0.00,-999,0.00,-999,0.00,-999,0.00,-999,0.00,-999,0.00,-999,0.00,8.695e+05,1.00,0.93,1.00,9.9,1.00,10.304,1.00,26.96,1.00,26.93,1.00,26.88,1.00,27.02,1.00,36.3040,1.00,23.7204,1.00,26.92,1.00,36.3116,1.00,23.7965,1.00
2006-11-13 00:00:00,2006-11-13 10:00:00,-999,0.00,-999,0.00,-999,0.00,-999,0.00,-999,0.00,-999,0.00,-999,0.00,-999,0.00,-999,0.00,-999,0.00,1.150e+06,1.00,1.08,1.00,8.9,1.00,10.316,1.00,27.30,1.00,27.27,1.00,27.21,1.00,27.34,1.00,36.2179,1.00,23.5505,1.00,27.26,1.00,36.2723,1.00,23.6571,1.00
2006-11-20 00:00:00,2006-11-20 10:00:00,-999,0.00,-999,0.00,-999,0.00,-999,0.00,-999,0.00,-999,0.00,-999,0.00,-999,0.00,-999,0.00,-999,0.00,6.444e+05,1.00,0.85,1.00,9.2,1.00,10.272,1.00,27.29,1.00,27.26,1.00,27.21,1.00,27.33,1.00,36.3097,1.00,23.6256,1.00,27.25,1.00,36.3207,1.00,23.6966,1.00
2006-11-27 00:00:00,2006-11-27 10:00:00,-999,0.00,-999,0.00,-999,0.00,-999,0.00,-999,0.00,-999,0.00,-999,0.00,-999,0.00,-999,0.00,-999,0.00,2.345e+05,1.00,0.48,1.00,9.7,1.00,10.314,1.00,27.47,1.00,27.45,1.00,27.42,1.00,27.48,1.00,36.2961,1.00,23.5648,1.00,27.45,1.00,36.3265,1.00,23.6367,1.00
2006-12-04 00:00:00,2006-12-04 10:00:00,-999,0.00,-999,0.00,-999,0.00,-999,0.00,-999,0.00,-999,0.00,-999,0.00,-999,0.00,-999,0.00,-999,0.00,2.791e+05,0.94,0.54,0.94,9.5,0.94,10.271,0.94,27.67,1.00,27.65,1.00,27.60,1.00,27.71,1.00,36.1725,1.00,23.3980,1.00,27.64,1.00,36.2237,1.00,23.4957,1.00
2006-12-11 00:00:00,2006-12-11 10:00:00,-999,0.00,-999,0.00,-999,0.00,-999,0.00,-999,0.00,-999,0.00,-999,0.00,-999,0.00,-999,0.00,-999,0.00,1.076e+06,1.00,0.82,1.00,11.5,1.00,10.274,1.00,28.31,1.00,28.27,1.00,28.15,1.00,28.42,1.00,36.1347,1.00,23.1361,1.00,28.26,1.00,36.1648,1.00,23.2493,1.00
2006-12-18 00:00:00,2006-12-18 10:00:00,-999,0.00,-999,0.00,-999,0.00,-999,0.00,-999,0.00,-999,0.00,-999,0.00,-999,0.00,-999,0.00,-999,0.00,9.938e+05,1.00,0.98,1.00,9.3,1.00,10.256,1.00,28.22,1.00,28.18,1.00,28.05,1.00,28.32,1.00,36.1977,1.00,23.2163,1.00,28.17,1.00,36.2338,1.00,23.3308,1.00
2006-12-25 00:00:00,2006-12-25 10:00:00,-999,0.00,-999,0.00,-999,0.00,-999,0.00,-999,0.00,-999,0.00,-999,0.00,-999,0.00,-999,0.00,-999,0.00,2.947e+05,1.00,0.54,1.00,9.1,1.00,10.289,1.00,28.46,1.00,28.43,1.00,28.34,1.00,28.53,1.00,36.1784,1.00,23.1307,1.00,28.42,1.00,36.2048,1.00,23.2269,1.00
2007-01-01 00:00:00,2007-01-01 10:00:00,-999,0.00,-999,0.00,-999,0.00,-999,0.00,-999,0.00,-999,0.00,-999,0.00,-999,0.00,-999,0.00,-999,0.00,2.701e+05,1.00,0.57,1.00,7.6,1.00,10.298,1.00,28.90,1.00,28.87,1.00,28.78,1.00,29.00,1.00,36.1540,1.00,22.9580,1.00,28.86,1.00,36.1772,1.00,23.0586,1.00
2007-01-08 00:00:00,2007-01-08 10:00:00,-999,0.00,-999,0.00,-999,0.00,-999,0.00,-999,0.00,-999,0.00,-999,0.00,-999,0.00,-999,0.00,-999,0.00,7.224e+05,1.00,0.77,1.00,10.3,1.00,10.349,1.00,28.79,1.00,28.77,1.00,28.74,1.00,28.80,1.00,36.0797,1.00,22.9696,1.00,28.77,1.00,36.0934,1.00,23.0253,1.00
2007-01-15 00:00:00,2007-01-15 10:00:00,-999,0.00,-999,0.00,-999,0.00,-999,0.00,-999,0.00,-999,0.00,-999,0.00,-999,0.00,-999,0.00,-999,0.00,6.524e+05,1.00,0.76,1.00,10.8,1.00,10.335,1.00,28.15,1.00,28.14,1.00,28.12,1.00,28.16,1.00,35.8999,1.00,23.0466,1.00,28.14,1.00,35.9326,1.00,23.1131,1.00
2007-01-22 00:00:00,2007-01-22 10:00:00,-999,0.00,-999,0.00,-999,0.00,-999,0.00,-999,0.00,-999,0.00,-999,0.00,-999,0.00,-999,0.00,-999,0.00,2.796e+05,1.00,0.49,1.00,10.5,1.00,10.350,1.00,27.85,1.00,27.83,1.00,27.79,1.00,27.89,1.00,35.8690,1.00,23.1105,1.00,27.82,1.00,35.9025,1.00,23.1944,1.00
2007-01-29 00:00:00,2007-01-29 10:00:00,-999,0.00,-999,0.00,-999,0.00,-999,0.00,-999,0.00,-999,0.00,-999,0.00,-999,0.00,-999,0.00,-999,0.00,7.812e+05,1.00,0.79,1.00,10.2,1.00,10.321,1.00,28.35,1.00,28.32,1.00,28.26,1.00,28.43,1.00,35.9008,1.00,22.9582,1.00,28.31,1.00,35.9141,1.00,23.0435,1.00
2007-02-05 00:00:00,2007-02-05 10:00:00,-999,0.00,-999,0.00,-999,0.00,-999,0.00,-999,0.00,-999,0.00,-999,0.00,-999,0.00,-999,0.00,-999,0.00,1.012e+06,1.00,0.99,1.00,10.0,1.00,10.360,1.00,28.69,1.00,28.67,1.00,28.61,1.00,28.75,1.00,35.7760,1.00,22.7581,1.00,28.67,1.00,35.8161,1.00,22.8518,1.00
2007-02-12 00:00:00,2007-02-12 10:00:00,-999,0.00,-999,0.00,-999,0.00,-999,0.00,-999,0.00,-999,0.00,-999,0.00,-999,0.00,-999,0.00,-999,0.00,7.637e+05,1.00,0.73,1.00,11.7,1.00,10.327,1.00,28.90,1.00,28.86,1.00,28.71,1.00,29.05,1.00,35.7496,1.00,22.6379,1.00,28.83,1.00,35.7990,1.00,22.7830,1.00
2007-02-19 00:00:00,2007-02-19 10:00:00,-999,0.00,-999,0.00,-999,0.00,-999,0.00,-999,0.00,-999,0.00,-999,0.00,-999,0.00,-999,0.00,-999,0.00,9.174e+05,1.00,0.93,1.00,10.1,1.00,10.371,1.00,29.22,1.00,29.18,1.00,29.08,1.00,29.30,1.00,35.8820,1.00,22.6507,1.00,29.17,1.00,35.9004,1.00,22.7464,1.00
2007-02-26 00:00:00,2007-02-26 10:00:00,-999,0.00,-999,0.00,-999,0.00,-999,0.00,-999,0.00,-999,0.00,-999,0.00,-999,0.00,-999,0.00,-999,0.00,6.240e+05,1.00,0.75,1.00,9.6,1.00,10.371,1.00,29.45,1.00,29.43,1.00,29.40,1.00,29.49,1.00,36.0133,1.00,22.6860,1.00,29.43,1.00,36.0104,1.00,22.7428,1.00
2007-03-05 00:00:00,2007-03-05 10:00:00,-999,0.00,-999,0.00,-999,0.00,-999,0.00,-999,0.00,-999,0.00,-999,0.00,-999,0.00,-999,0.00,-999,0.00,1.964e+06,1.00,1.19,1.00,12.5,1.00,10.384,1.00,29.46,1.00,29.45,1.00,29.43,1.00,29.46,1.00,36.0045,1.00,22.6889,1.00,29.45,1.00,36.0020,1.00,22.7302,1.00
2007-03-12 00:00:00,2007-03-12 10:00:00,-999,0.00,-999,0.00,-999,0.00,-999,0.00,-999,0.00,-999,0.00,-999,0.00,-999,0.00,-999,0.00,-999,0.00,9.108e+05,1.00,0.90,1.00,10.9,1.00,10.373,1.00,29.43,1.00,29.41,1.00,29.39,1.00,29.44,1.00,35.9597,1.00,22.6631,1.00,29.41,1.00,35.9586,1.00,22.7103,1.00
2007-03-19 00:00:00,2007-03-19 10:00:00,-999,0.00,-999,0.00,-999,0.00,-999,0.00,-999,0.00,-999,0.00,-999,0.00,-999,0.00,-999,0.00,-999,0.00,6.668e+05,1.00,0.77,1.00,11.0,1.00,10.381,1.00,29.35,1.00,29.34,1.00,29.30,1.00,29.38,1.00,35.9713,1.00,22.6930,1.00,29.33,1.00,35.9763,1.00,22.7497,1.00
2007-03-26 00:00:00,2007-03-26 10:00:00,-999,0.00,-999,0.00,-999,0.00,-999,0.00,-999,0.00,-999,0.00,-999,0.00,-999,0.00,-999,0.00,-999,0.00,2.297e+06,1.00,1.38,1.00,11.9,1.00,10.375,1.00,29.24,1.00,29.24,1.00,29.23,0.99,29.25,1.00,35.8672,1.00,22.6592,1.00,29.23,1.00,35.8965,1.00,22.7229,1.00
2007-04-02 00:00:00,2007-04-02 10:00:00,0.018,0.80,0.072,0.80,0.001,0.80,0.122,0.80,0.070,0.80,0.161,0.80,3.071e+06,0.79,1.44,0.79,13.5,0.79,149.0,0.79,3.382e+06,1.00,1.57,1.00,11.9,1.00,10.356,1.00,29.29,1.00,29.30,1.00,29.27,1.00,29.31,1.00,35.8191,1.00,22.6004,1.00,29.27,1.00,35.8316,1.00,22.6601,1.00
2007-04-09 00:00:00,2007-04-09 10:00:00,0.037,1.00,0.073,1.00,-0.001,1.00,0.096,1.00,0.061,1.00,0.136,1.00,1.581e+06,1.00,1.15,1.00,11.5,1.00,156.7,1.00,1.180e+06,1.00,1.05,1.00,10.6,1.00,10.328,1.00,29.33,1.00,29.33,1.00,29.30,1.00,29.34,1.00,35.7940,1.00,22.5723,1.00,29.31,1.00,35.8154,1.00,22.6370,1.00
2007-04-16 00:00:00,2007-04-16 10:00:00,0.031,1.00,0.007,1.00,0.001,1.00,0.056,1.00,0.087,1.00,0.120,1.00,8.249e+05,1.00,0.80,1.00,12.7,1.00,157.2,1.00,5.846e+05,1.00,0.70,1.00,11.4,1.00,10.329,1.00,29.11,1.00,29.11,1.00,29.09,1.00,29.12,1.00,35.9895,1.00,22.7919,1.00,29.09,1.00,36.0045,1.00,22.8527,1.00
2007-04-23 00:00:00,2007-04-23 10:00:00,0.017,1.00,-0.005,1.00,0.001,1.00,0.079,1.00,0.071,1.00,0.123,1.00,1.844e+06,1.00,1.14,1.00,13.6,1.00,161.3,1.00,1.854e+06,1.00,1.19,1.00,12.5,1.00,10.327,1.00,29.10,1.00,29.10,1.00,29.09,1.00,29.10,1.00,36.0692,1.00,22.8591,1.00,29.09,1.00,36.0764,1.00,22.9063,1.00
2007-04-30 00:00:00,2007-04-30 10:00:00,0.007,1.00,-0.007,1.00,0.003,1.00,0.098,1.00,0.065,1.00,0.130,1.00,1.710e+06,1.00,1.24,1.00,11.0,1.00,154.0,1.00,1.281e+06,1.00,1.11,1.00,10.0,1.00,10.352,1.00,28.82,1.00,28.82,1.00,28.81,1.00,28.82,1.00,36.0393,1.00,22.9321,1.00,28.81,1.00,36.0443,1.00,22.9742,1.00
2007-05-07 00:00:00,2007-05-07 10:00:00,0.024,1.00,0.025,1.00,-0.000,1.00,0.060,1.00,0.049,1.00,0.088,1.00,8.040e+05,0.99,0.87,0.99,10.7,0.99,154.4,0.99,6.970e+05,1.00,0.84,1.00,10.0,1.00,10.369,1.00,28.77,1.00,28.77,1.00,28.75,1.00,28.78,1.00,36.0787,1.00,22.9747,1.00,28.76,1.00,36.0871,1.00,23.0262,1.00
2007-05-14 00:00:00,2007-05-14 10:00:00,0.014,1.00,-0.015,1.00,0.001,1.00,0.056,1.00,0.072,1.00,0.111,1.00,1.146e+06,1.00,0.90,1.00,13.1,1.00,157.0,1.00,8.260e+05,1.00,0.81,1.00,11.6,1.00,10.337,1.00,28.75,1.00,28.75,1.00,28.74,1.00,28.76,1.00,36.0536,1.00,22.9630,1.00,28.74,1.00,36.0665,1.00,23.0151,1.00
2007-05-21 00:00:00,2007-05-21 10:00:00,0.051,1.00,0.051,1.00,0.007,1.00,0.092,1.00,0.082,1.00,0.130,1.00,2.196e+06,1.00,1.24,1.00,13.8,1.00,161.3,1.00,2.198e+06,1.00,1.29,1.00,12.6,1.00,10.344,1.00,28.64,1.00,28.64,1.00,28.63,1.00,28.64,1.00,36.0488,1.00,22.9998,1.00,28.63,1.00,36.0585,1.00,23.0451,1.00
2007-05-28 00:00:00,2007-05-28 10:00:00,0.029,1.00,0.037,1.00,0.004,1.00,0.110,1.00,0.066,1.00,0.144,1.00,2.427e+06,1.00,1.37,1.00,12.4,1.00,157.8,1.00,2.104e+06,1.00,1.32,1.00,11.1,1.00,10.314,1.00,28.48,1.00,28.47,1.00,28.47,1.00,28.48,1.00,36.0425,1.00,23.0468,1.00,28.47,1.00,36.0526,1.00,23.0968,1.00
2007-06-04 00:00:00,2007-06-04 10:00:00,0.005,1.00,-0.009,1.00,0.001,1.00,0.061,1.00,0.080,1.00,0.118,1.00,1.025e+06,0.99,0.87,0.99,13.3,0.99,160.7,0.99,7.990e+05,1.00,0.83,1.00,11.7,1.00,10.321,1.00,28.38,1.00,28.38,1.00,28.37,1.00,28.38,1.00,36.0662,1.00,23.0976,1.00,28.37,1.00,36.0765,1.00,23.1463,1.00
2007-06-11 00:00:00,2007-06-11 10:00:00,0.033,1.00,0.066,1.00,0.001,1.00,0.082,1.00,0.073,1.00,0.134,1.00,1.158e+06,1.00,0.98,1.00,11.7,1.00,155.9,1.00,8.931e+05,1.00,0.90,1.00,10.6,1.00,10.331,1.00,28.04,1.00,28.03,1.00,28.03,1.00,28.04,1.00,35.9895,1.00,23.1531,1.00,28.03,1.00,36.0080,1.00,23.2063,1.00
2007-06-18 00:00:00,2007-06-18 10:00:00,0.032,1.00,0.015,1.00,0.003,1.00,0.078,1.00,0.077,1.00,0.120,1.00,1.087e+06,1.00,1.01,1.00,10.8,1.00,150.5,1.00,6.910e+05,1.00,0.84,1.00,9.9,1.00,10.292,1.00,27.82,1.00,27.81,1.00,27.80,1.00,27.82,1.00,35.9229,1.00,23.1734,1.00,27.81,1.00,35.9375,1.00,23.2270,1.00
2007-06-25 00:00:00,2007-06-25 10:00:00,0.039,0.48,-0.006,0.48,0.003,0.48,0.059,0.48,0.101,0.48,0.134,0.48,1.017e+06,0.48,0.99,0.48,10.9,0.48,133.0,0.48,1.705e+06,0.94,1.14,0.94,11.1,0.94,10.317,0.94,27.52,1.00,27.52,1.00,27.52,1.00,27.52,1.00,36.0338,1.00,23.3560,1.00,27.52,1.00,36.0227,1.00,23.3853,1.00
2007-07-02 00:00:00,2007-07-02 10:00:00,-999,0.00,-999,0.00,-999,0.00,-999,0.00,-999,0.00,-999,0.00,5.431e+05,0.22,0.73,0.22,10.4,0.22,139.5,0.22,1.570e+06,1.00,1.17,1.00,10.1,1.00,10.326,1.00,27.15,1.00,27.14,1.00,27.13,1.00,27.15,1.00,36.0864,1.00,23.5149,1.00,27.13,1.00,36.0535,1.00,23.5326,1.00
2007-07-09 00:00:00,2007-07-09 10:00:00,-999,0.00,-999,0.00,-999,0.00,-999,0.00,-999,0.00,-999,0.00,1.193e+06,1.00,0.94,1.00,12.2,1.00,141.9,1.00,9.666e+05,1.00,0.85,1.00,11.4,1.00,10.307,1.00,27.06,1.00,27.05,1.00,27.04,1.00,27.06,1.00,36.1040,1.00,23.5570,1.00,27.04,1.00,36.0682,1.00,23.5731,1.00
2007-07-16 00:00:00,2007-07-16 10:00:00,-999,0.00,-999,0.00,-999,0.00,-999,0.00,-999,0.00,-999,0.00,1.926e+06,1.00,1.32,1.00,11.0,1.00,140.2,1.00,1.389e+06,1.00,1.12,1.00,10.5,1.00,10.306,1.00,27.08,1.00,27.07,1.00,27.07,1.00,27.08,1.00,36.1474,1.00,23.5826,1.00,27.07,1.00,36.1144,1.00,23.5993,1.00
2007-07-23 00:00:00,2007-07-23 10:00:00,-999,0.00,-999,0.00,-999,0.00,-999,0.00,-999,0.00,-999,0.00,2.698e+06,1.00,1.57,1.00,10.9,1.00,138.4,1.00,1.990e+06,1.00,1.36,1.00,10.6,1.00,10.304,1.00,27.01,1.00,27.00,1.00,26.99,1.00,27.01,1.00,36.1971,1.00,23.6443,1.00,26.99,1.00,36.1603,1.00,23.6575,1.00
2007-07-30 00:00:00,2007-07-30 10:00:00,-999,0.00,-999,0.00,-999,0.00,-999,0.00,-999,0.00,-999,0.00,1.108e+06,1.00,1.00,1.00,10.8,1.00,139.6,1.00,8.303e+05,1.00,0.87,1.00,10.4,1.00,10.362,1.00,27.18,1.00,27.17,1.00,27.17,1.00,27.18,1.00,36.2830,1.00,23.6547,1.00,27.17,1.00,36.2466,1.00,23.6672,1.00
2007-08-06 00:00:00,2007-08-06 10:00:00,-999,0.00,-999,0.00,-999,0.00,-999,0.00,-999,0.00,-999,0.00,1.453e+06,0.99,1.17,0.99,10.2,0.99,155.0,0.99,9.829e+05,1.00,0.96,1.00,9.7,1.00,10.334,1.00,27.13,1.00,27.12,1.00,27.11,1.00,27.12,1.00,36.2916,1.00,23.6778,1.00,27.11,1.00,36.2551,1.00,23.6916,1.00
2007-08-13 00:00:00,2007-08-13 10:00:00,-999,0.00,-999,0.00,-999,0.00,-999,0.00,-999,0.00,-999,0.00,1.159e+06,0.25,1.17,0.25,8.3,0.25,161.1,0.25,1.745e+06,1.00,1.19,1.00,9.3,1.00,10.349,1.00,26.86,1.00,26.85,1.00,26.85,1.00,26.86,1.00,36.2346,1.00,23.7209,1.00,26.85,1.00,36.1988,1.00,23.7333,1.00
2007-08-20 00:00:00,2007-08-20 10:00:00,-0.009,0.80,-0.053,0.80,0.001,0.80,0.067,0.80,0.082,0.80,0.132,0.80,1.306e+06,0.79,0.96,0.79,13.0,0.79,158.4,0.79,1.286e+06,1.00,0.98,1.00,11.8,1.00,10.312,1.00,26.72,0.19,26.75,1.00,26.75,1.00,26.76,1.00,36.1988,1.00,23.7237,1.00,26.75,1.00,36.1864,1.00,23.7568,1.00
2007-08-27 00:00:00,2007-08-27 10:00:00,0.031,1.00,0.022,1.00,0.000,1.00,0.108,1.00,0.076,1.00,0.151,1.00,2.116e+06,1.00,1.31,1.00,12.2,1.00,154.5,1.00,1.568e+06,1.00,1.17,1.00,10.9,1.00,10.323,1.00,-999,0.00,27.01,1.00,27.00,1.00,27.01,1.00,36.2823,1.00,23.7063,1.00,27.00,1.00,36.2731,1.00,23.7412,1.00
2007-09-03 00:00:00,2007-09-03 10:00:00,0.030,1.00,0.064,1.00,-0.001,1.00,0.095,1.00,0.060,1.00,0.134,1.00,2.084e+06,1.00,1.34,1.00,10.8,1.00,162.4,1.00,1.488e+06,1.00,1.19,1.00,9.9,1.00,10.297,1.00,-999,0.00,26.92,1.00,26.92,1.00,26.93,1.00,36.2582,1.00,23.7155,1.00,26.92,1.00,36.2493,1.00,23.7476,1.00
2007-09-10 00:00:00,2007-09-10 10:00:00,0.033,1.00,0.057,1.00,-0.004,1.00,0.130,1.00,0.060,1.00,0.164,1.00,3.154e+06,1.00,1.62,1.00,12.2,1.00,162.6,1.00,2.513e+06,1.00,1.48,1.00,11.2,1.00,10.288,1.00,-999,0.00,26.86,1.00,26.83,1.00,26.88,1.00,36.2611,1.00,23.7315,1.00,26.84,1.00,36.2494,1.00,23.7752,1.00
2007-09-17 00:00:00,2007-09-17 10:00:00,0.037,1.00,0.063,1.00,-0.001,1.00,0.099,1.00,0.065,1.00,0.145,1.00,2.029e+06,1.00,1.25,1.00,11.1,1.00,157.6,1.00,1.446e+06,1.00,1.12,1.00,10.2,1.00,10.286,1.00,-999,0.00,26.77,1.00,26.74,1.00,26.80,1.00,36.3048,1.00,23.7897,1.00,26.74,1.00,36.2918,1.00,23.8364,1.00
2007-09-24 00:00:00,2007-09-24 10:00:00,0.017,1.00,0.051,1.00,-0.004,1.00,0.089,1.00,0.051,1.00,0.121,1.00,1.734e+06,0.99,1.17,0.99,11.6,0.99,157.9,0.99,1.522e+06,1.00,1.11,1.00,10.9,1.00,10.311,1.00,-999,0.00,27.02,1.00,26.98,1.00,27.06,1.00,36.3229,1.00,23.7207,1.00,26.99,1.00,36.3113,1.00,23.7732,1.00
2007-10-01 00:00:00,2007-10-01 10:00:00,0.031,1.00,0.019,1.00,-0.002,1.00,0.089,1.00,0.063,1.00,0.129,1.00,1.279e+06,1.00,1.12,1.00,10.5,1.00,159.6,1.00,8.992e+05,1.00,0.95,1.00,9.8,1.00,10.299,1.00,-999,0.00,27.00,1.00,26.97,1.00,27.04,1.00,36.3144,1.00,23.7216,1.00,26.97,1.00,36.3021,1.00,23.7710,1.00
2007-10-08 00:00:00,2007-10-08 10:00:00,0.015,1.00,0.029,1.00,-0.003,1.00,0.121,1.00,0.048,1.00,0.147,1.00,2.528e+06,1.00,1.57,1.00,9.2,1.00,159.8,1.00,1.598e+06,1.00,1.29,1.00,8.7,1.00,10.291,1.00,-999,0.00,26.91,1.00,26.90,1.00,26.93,1.00,36.3287,1.00,23.7691,1.00,26.90,1.00,36.3167,1.00,23.8057,1.00
2007-10-15 00:00:00,2007-10-15 10:00:00,0.018,1.00,-0.008,1.00,-0.003,1.00,0.075,1.00,0.063,1.00,0.125,1.00,1.782e+06,1.00,1.17,1.00,10.7,1.00,155.3,1.00,1.408e+06,1.00,1.08,1.00,10.1,1.00,10.257,1.00,-999,0.00,26.60,1.00,26.59,1.00,26.61,1.00,36.1980,1.00,23.7697,1.00,26.59,1.00,36.2292,1.00,23.8384,1.00
2007-10-22 00:00:00,2007-10-22 10:00:00,0.014,1.00,-0.033,1.00,-0.004,1.00,0.058,1.00,0.068,1.00,0.117,1.00,9.386e+05,0.99,0.87,0.99,12.3,0.99,159.1,0.99,6.261e+05,1.00,0.72,1.00,11.3,1.00,10.282,1.00,-999,0.00,26.86,1.00,26.79,1.00,26.94,1.00,36.2444,1.00,23.7014,1.00,26.81,1.00,36.2367,1.00,23.7746,1.00
2007-10-29 00:00:00,2007-10-29 10:00:00,0.034,1.00,0.015,1.00,-0.001,1.00,0.102,1.00,0.081,1.00,0.145,1.00,3.357e+06,1.00,1.41,1.00,15.0,1.00,165.5,1.00,3.921e+06,1.00,1.55,1.00,13.3,1.00,10.281,1.00,-999,0.00,27.30,1.00,27.27,1.00,27.33,1.00,36.2560,1.00,23.5832,1.00,27.28,1.00,36.2477,1.00,23.6317,1.00
2007-11-05 00:00:00,2007-11-05 10:00:00,0.042,1.00,0.073,1.00,-0.004,1.00,0.097,1.00,0.071,1.00,0.146,1.00,1.898e+06,1.00,1.28,1.00,11.4,1.00,158.6,1.00,1.498e+06,1.00,1.18,1.00,10.2,1.00,10.299,1.00,-999,0.00,27.52,1.00,27.49,1.00,27.46,0.25,36.2434,0.25,23.5313,0.25,27.49,1.00,36.2359,1.00,23.5525,1.00
2007-11-12 00:00:00,2007-11-12 10:00:00,0.033,1.00,0.024,1.00,-0.003,1.00,0.093,1.00,0.068,1.00,0.138,1.00,1.927e+06,1.00,1.32,1.00,11.0,1.00,157.0,1.00,1.345e+06,1.00,1.16,1.00,9.9,1.00,10.300,1.00,-999,0.00,27.25,1.00,27.23,1.00,-999,0.00,-999,0.00,-999,0.00,27.23,1.00,36.2124,1.00,23.6188,1.00
2007-11-19 00:00:00,2007-11-19 10:00:00,0.036,1.00,0.038,1.00,-0.004,1.00,0.071,1.00,0.068,1.00,0.128,1.00,1.207e+06,1.00,0.97,1.00,10.9,1.00,159.0,1.00,8.892e+05,1.00,0.86,1.00,10.3,1.00,10.317,1.00,-999,0.00,27.48,1.00,27.45,1.00,-999,0.00,-999,0.00,-999,0.00,27.46,1.00,36.1673,1.00,23.5121,1.00
2007-11-26 00:00:00,2007-11-26 10:00:00,0.031,1.00,-0.005,1.00,-0.001,1.00,0.040,1.00,0.068,1.00,0.085,1.00,7.536e+05,0.99,0.71,0.99,11.7,0.99,163.4,0.99,5.790e+05,0.89,0.66,0.89,10.6,0.89,10.289,0.89,-999,0.00,27.69,1.00,27.67,1.00,27.96,0.08,36.2015,0.08,23.3389,0.08,27.67,1.00,36.1878,1.00,23.4579,1.00
2007-12-03 00:00:00,2007-12-03 10:00:00,0.041,1.00,0.097,1.00,-0.005,1.00,0.085,1.00,0.081,1.00,0.151,1.00,1.919e+06,1.00,1.16,1.00,11.7,1.00,166.1,1.00,1.857e+06,1.00,1.14,1.00,10.6,1.00,10.270,1.00,-999,0.00,27.76,1.00,27.73,1.00,27.78,1.00,35.9893,1.00,23.2365,1.00,27.75,1.00,36.0199,1.00,23.3076,1.00
2007-12-10 00:00:00,2007-12-10 10:00:00,0.048,1.00,0.038,1.00,-0.001,1.00,0.069,1.00,0.099,1.00,0.138,1.00,1.255e+06,1.00,1.05,1.00,10.8,1.00,165.7,1.00,1.004e+06,1.00,0.96,1.00,10.4,1.00,10.246,1.00,-999,0.00,27.66,1.00,27.64,1.00,27.68,1.00,36.0462,1.00,23.3129,1.00,27.65,1.00,36.0584,1.00,23.3676,1.00
2007-12-17 00:00:00,2007-12-17 10:00:00,0.044,1.00,0.054,1.00,-0.001,1.00,0.093,1.00,0.100,1.00,0.157,1.00,1.428e+06,1.00,1.17,1.00,10.2,1.00,164.5,1.00,9.745e+05,1.00,0.98,1.00,9.5,1.00,10.241,1.00,-999,0.00,27.79,1.00,27.73,1.00,27.82,1.00,36.1177,1.00,23.3186,1.00,27.76,1.00,36.1123,1.00,23.3733,1.00
2007-12-24 00:00:00,2007-12-24 10:00:00,0.020,1.00,-0.009,1.00,-0.002,1.00,0.054,1.00,0.089,1.00,0.117,1.00,6.584e+05,1.00,0.88,1.00,8.4,1.00,153.4,1.00,4.705e+05,1.00,0.74,1.00,8.4,1.00,10.273,1.00,-999,0.00,27.52,1.00,27.51,1.00,27.53,1.00,36.0877,1.00,23.3921,1.00,27.52,1.00,36.0760,1.00,23.4237,1.00
2007-12-31 00:00:00,2007-12-31 10:00:00,0.028,1.00,-0.021,1.00,-0.002,1.00,0.036,1.00,0.074,1.00,0.111,1.00,3.875e+05,1.00,0.70,1.00,8.1,1.00,135.2,1.00,1.982e+05,1.00,0.48,1.00,8.5,1.00,10.282,1.00,-999,0.00,27.56,1.00,27.53,1.00,27.59,1.00,36.0522,1.00,23.3446,1.00,27.54,1.00,36.0431,1.00,23.3932,1.00
2008-01-07 00:00:00,2008-01-07 10:00:00,0.019,1.00,-0.017,1.00,-0.003,1.00,0.046,1.00,0.062,1.00,0.094,1.00,8.398e+05,1.00,0.77,1.00,12.4,1.00,164.4,1.00,8.146e+05,1.00,0.75,1.00,11.7,1.00,10.292,1.00,-999,0.00,27.84,1.00,27.82,1.00,27.87,1.00,36.0108,1.00,23.2241,1.00,27.83,1.00,36.0112,1.00,23.2747,1.00
2008-01-14 00:00:00,2008-01-14 10:00:00,0.021,1.00,-0.015,1.00,0.001,1.00,0.059,1.00,0.079,1.00,0.118,1.00,1.368e+06,1.00,1.06,1.00,12.1,1.00,157.3,1.00,9.170e+05,1.00,0.90,1.00,11.0,1.00,10.326,1.00,-999,0.00,27.86,1.00,27.85,1.00,27.87,1.00,36.0092,1.00,23.2227,1.00,27.86,1.00,35.9900,1.00,23.2490,1.00
2008-01-21 00:00:00,2008-01-21 10:00:00,0.023,1.00,-0.008,1.00,-0.001,1.00,0.058,1.00,0.069,1.00,0.105,1.00,8.213e+05,1.00,0.94,1.00,9.6,1.00,140.6,1.00,5.244e+05,1.00,0.72,1.00,9.8,1.00,10.286,1.00,-999,0.00,27.83,1.00,27.83,1.00,27.84,1.00,36.0925,1.00,23.2952,1.00,27.83,1.00,36.0711,1.00,23.3189,1.00
2008-01-28 00:00:00,2008-01-28 10:00:00,0.032,1.00,-0.002,1.00,-0.000,1.00,0.074,1.00,0.067,1.00,0.111,1.00,1.135e+06,1.00,1.03,1.00,10.8,1.00,156.3,1.00,7.555e+05,1.00,0.85,1.00,10.1,1.00,10.300,1.00,-999,0.00,27.89,1.00,27.87,1.00,27.91,1.00,36.1197,1.00,23.2909,1.00,27.88,1.00,36.0983,1.00,23.3241,1.00
2008-02-04 00:00:00,2008-02-04 10:00:00,0.026,1.00,0.007,1.00,-0.000,1.00,0.056,1.00,0.062,1.00,0.100,1.00,5.391e+05,0.99,0.76,0.99,9.5,0.99,154.6,0.99,3.391e+05,1.00,0.59,1.00,9.7,1.00,10.324,1.00,-999,0.00,28.09,1.00,28.05,1.00,28.13,1.00,36.1355,1.00,23.2325,1.00,28.07,1.00,36.1077,1.00,23.2688,1.00
2008-02-11 00:00:00,2008-02-11 10:00:00,0.039,1.00,0.018,1.00,0.000,1.00,0.030,1.00,0.072,1.00,0.088,1.00,4.113e+05,1.00,0.61,1.00,10.4,1.00,159.5,1.00,2.989e+05,1.00,0.53,1.00,10.0,1.00,10.339,1.00,-999,0.00,28.18,1.00,28.16,1.00,28.15,0.47,36.1227,0.47,23.2163,0.47,28.17,1.00,36.0828,1.00,23.2157,1.00
2008-02-18 00:00:00,2008-02-18 10:00:00,0.034,1.00,0.020,1.00,-0.001,1.00,0.058,1.00,0.074,1.00,0.117,1.00,9.679e+05,1.00,0.84,1.00,12.8,1.00,159.9,1.00,7.413e+05,1.00,0.74,1.00,11.6,1.00,10.337,1.00,-999,0.00,28.58,1.00,28.51,1.00,-999,0.00,-999,0.00,-999,0.00,28.54,1.00,36.0954,1.00,23.1014,1.00
2008-02-25 00:00:00,2008-02-25 10:00:00,0.043,1.00,0.032,1.00,0.000,1.00,0.069,1.00,0.077,1.00,0.119,1.00,9.649e+05,1.00,0.98,1.00,10.0,1.00,153.0,1.00,6.943e+05,1.00,0.82,1.00,10.0,1.00,10.317,1.00,-999,0.00,28.42,1.00,28.38,1.00,-999,0.00,-999,0.00,-999,0.00,28.40,1.00,36.1114,1.00,23.1629,1.00
2008-03-03 00:00:00,2008-03-03 10:00:00,0.035,1.00,0.017,1.00,0.002,1.00,0.076,1.00,0.087,1.00,0.127,1.00,1.367e+06,1.00,1.13,1.00,10.7,1.00,157.0,1.00,1.149e+06,1.00,0.99,1.00,10.4,1.00,10.321,1.00,-999,0.00,28.28,1.00,28.27,1.00,-999,0.00,-999,0.00,-999,0.00,28.27,1.00,36.1061,1.00,23.1995,1.00
2008-03-10 00:00:00,2008-03-10 10:00:00,0.033,1.00,-0.007,1.00,0.002,1.00,0.061,1.00,0.074,1.00,0.107,1.00,8.394e+05,0.99,0.92,0.99,10.0,0.99,146.0,0.99,5.417e+05,1.00,0.72,1.00,9.9,1.00,10.321,1.00,-999,0.00,28.25,1.00,28.24,1.00,-999,0.00,-999,0.00,-999,0.00,28.24,1.00,36.1032,1.00,23.2077,1.00
2008-03-17 00:00:00,2008-03-17 10:00:00,0.034,0.51,0.025,0.51,0.001,0.51,0.095,0.51,0.070,0.51,0.126,0.51,1.282e+06,0.51,1.19,0.51,9.4,0.51,148.4,0.51,1.569e+06,1.00,1.11,1.00,11.2,1.00,10.357,1.00,-999,0.00,28.17,1.00,28.14,1.00,-999,0.00,-999,0.00,-999,0.00,28.15,1.00,36.1019,1.00,23.2373,1.00
2008-03-24 00:00:00,2008-03-24 10:00:00,0.002,0.65,-0.032,0.65,0.002,0.65,0.020,0.65,0.058,0.65,0.090,0.65,1.035e+06,0.65,0.85,0.65,14.1,0.65,159.5,0.65,9.308e+05,1.00,0.87,1.00,12.1,1.00,10.336,1.00,-999,0.00,28.11,1.00,28.10,1.00,28.11,0.65,36.0906,0.65,23.2048,0.65,28.10,1.00,36.1260,1.00,23.2703,1.00
2008-03-31 00:00:00,2008-03-31 10:00:00,0.025,1.00,0.013,1.00,-0.001,1.00,0.032,1.00,0.057,1.00,0.092,1.00,1.202e+06,1.00,0.98,1.00,11.9,1.00,156.6,1.00,1.013e+06,1.00,0.92,1.00,11.2,1.00,10.359,1.00,-999,0.00,28.36,1.00,28.33,1.00,28.38,1.00,36.1143,1.00,23.1336,1.00,28.34,1.00,36.1666,1.00,23.2221,1.00
2008-04-07 00:00:00,2008-04-07 10:00:00,0.017,1.00,0.005,1.00,-0.000,1.00,0.035,1.00,0.061,1.00,0.095,1.00,1.294e+06,1.00,0.96,1.00,13.2,1.00,155.2,1.00,1.657e+06,1.00,1.11,1.00,12.6,1.00,10.351,1.00,-999,0.00,28.34,1.00,28.33,1.00,28.35,1.00,36.0942,1.00,23.1280,1.00,28.34,1.00,36.1517,1.00,23.2128,1.00
2008-04-14 00:00:00,2008-04-14 10:00:00,0.041,1.00,0.052,1.00,0.000,1.00,0.048,1.00,0.067,1.00,0.106,1.00,2.071e+06,1.00,1.23,1.00,12.8,1.00,160.2,1.00,2.087e+06,1.00,1.27,1.00,12.0,1.00,10.359,1.00,-999,0.00,28.34,1.00,28.33,1.00,28.35,1.00,36.0414,1.00,23.0871,1.00,28.33,1.00,36.0994,1.00,23.1742,1.00
2008-04-21 00:00:00,2008-04-21 10:00:00,0.036,1.00,0.042,1.00,0.002,1.00,0.046,1.00,0.069,1.00,0.109,1.00,1.570e+06,1.00,1.08,1.00,12.9,1.00,158.1,1.00,1.609e+06,1.00,1.10,1.00,11.8,1.00,10.311,1.00,-999,0.00,28.34,1.00,28.33,1.00,28.35,1.00,36.0721,1.00,23.1117,1.00,28.34,1.00,36.1272,1.00,23.1942,1.00
2008-04-28 00:00:00,2008-04-28 10:00:00,0.031,1.00,0.041,1.00,0.001,1.00,0.035,1.00,0.053,1.00,0.080,1.00,1.305e+06,0.99,1.04,0.99,11.8,0.99,159.8,0.99,1.409e+06,1.00,1.09,1.00,11.3,1.00,10.346,1.00,-999,0.00,28.23,1.00,28.22,1.00,28.24,1.00,36.0093,1.00,23.1020,1.00,28.23,1.00,36.0627,1.00,23.1824,1.00
2008-05-05 00:00:00,2008-05-05 10:00:00,0.016,1.00,0.008,1.00,0.001,1.00,0.017,1.00,0.056,1.00,0.081,1.00,5.562e+05,1.00,0.69,1.00,10.5,1.00,151.7,1.00,4.835e+05,1.00,0.64,1.00,10.5,1.00,10.352,1.00,-999,0.00,28.33,1.00,28.32,1.00,28.34,1.00,36.0602,1.00,23.1064,1.00,28.32,1.00,36.1134,1.00,23.1886,1.00
2008-05-12 00:00:00,2008-05-12 10:00:00,0.024,1.00,0.022,1.00,-0.000,1.00,0.011,1.00,0.052,1.00,0.069,1.00,3.691e+05,1.00,0.57,1.00,11.2,1.00,150.9,1.00,3.230e+05,1.00,0.52,1.00,11.2,1.00,10.353,1.00,-999,0.00,28.23,1.00,28.23,1.00,28.24,1.00,35.9409,1.00,23.0479,1.00,28.23,1.00,35.9987,1.00,23.1328,1.00
2008-05-19 00:00:00,2008-05-19 10:00:00,0.030,1.00,0.038,1.00,-0.001,1.00,0.034,1.00,0.064,1.00,0.094,1.00,1.046e+06,1.00,0.92,1.00,12.1,1.00,153.6,1.00,1.115e+06,1.00,0.97,1.00,11.6,1.00,10.323,1.00,-999,0.00,28.16,1.00,28.15,1.00,28.17,1.00,35.9813,1.00,23.1030,1.00,28.15,1.00,36.0388,1.00,23.1887,1.00
2008-05-26 00:00:00,2008-05-26 10:00:00,0.057,1.00,0.062,1.00,0.004,1.00,0.035,1.00,0.083,1.00,0.118,1.00,1.294e+06,1.00,0.96,1.00,12.9,1.00,155.2,1.00,1.521e+06,1.00,1.06,1.00,12.0,1.00,10.344,1.00,-999,0.00,28.10,1.00,28.09,1.00,28.11,1.00,36.0754,1.00,23.1923,1.00,28.09,1.00,36.1310,1.00,23.2779,1.00
2008-06-02 00:00:00,2008-06-02 10:00:00,0.040,1.00,0.030,1.00,0.004,1.00,0.064,1.00,0.086,1.00,0.135,1.00,2.452e+06,0.99,1.39,0.99,12.6,0.99,151.5,0.99,2.593e+06,1.00,1.40,1.00,11.7,1.00,10.323,1.00,-999,0.00,27.91,1.00,27.91,1.00,27.92,1.00,36.0127,1.00,23.2098,1.00,27.91,1.00,36.0693,1.00,23.2899,1.00
2008-06-09 00:00:00,2008-06-09 10:00:00,0.033,1.00,0.043,1.00,0.002,1.00,0.068,1.00,0.074,1.00,0.130,1.00,3.696e+06,1.00,1.68,1.00,12.0,1.00,154.8,1.00,3.211e+06,1.00,1.58,1.00,11.6,1.00,10.358,1.00,-999,0.00,27.68,1.00,27.68,1.00,27.68,1.00,36.0325,1.00,23.3012,1.00,27.68,1.00,36.0891,1.00,23.3805,1.00
2008-06-16 00:00:00,2008-06-16 10:00:00,0.036,1.00,0.047,1.00,0.002,1.00,0.059,1.00,0.079,1.00,0.132,1.00,2.061e+06,1.00,1.34,1.00,11.7,1.00,155.4,1.00,1.691e+06,1.00,1.24,1.00,11.0,1.00,10.311,1.00,-999,0.00,27.37,1.00,27.37,1.00,27.37,1.00,36.1864,1.00,23.5186,1.00,27.37,1.00,36.2472,1.00,23.6011,1.00
2008-06-23 00:00:00,2008-06-23 10:00:00,0.059,0.50,0.089,0.50,0.002,0.50,0.074,0.50,0.088,0.50,0.145,0.50,3.038e+06,0.49,1.48,0.49,13.7,0.49,158.2,0.49,2.069e+06,0.96,1.30,0.96,11.7,0.96,10.303,0.95,-999,0.00,27.19,1.00,27.19,1.00,27.19,1.00,36.2307,1.00,23.6086,1.00,27.19,1.00,36.2741,1.00,23.6800,1.00
2008-06-30 00:00:00,2008-06-30 10:00:00,0.008,0.65,-0.002,0.65,0.000,0.65,0.037,0.65,0.053,0.65,0.089,0.65,9.766e+05,0.65,0.95,0.65,10.8,0.65,155.8,0.65,6.689e+05,1.00,0.80,1.00,10.4,1.00,10.284,1.00,-999,0.00,27.15,1.00,27.14,1.00,27.16,1.00,36.3269,1.00,23.6925,1.00,27.14,1.00,36.3557,1.00,23.7554,1.00
2008-07-07 00:00:00,2008-07-07 10:00:00,0.028,1.00,0.015,1.00,0.003,1.00,0.023,1.00,0.064,1.00,0.094,1.00,9.964e+05,1.00,0.85,1.00,13.3,1.00,157.2,1.00,7.766e+05,1.00,0.80,1.00,11.8,1.00,10.314,1.00,-999,0.00,26.98,1.00,26.98,1.00,26.98,1.00,36.3223,1.00,23.7459,1.00,26.98,1.00,36.3542,1.00,23.8077,1.00
2008-07-14 00:00:00,2008-07-14 10:00:00,0.015,1.00,0.017,1.00,-0.001,1.00,0.059,1.00,0.060,1.00,0.116,1.00,2.630e+06,1.00,1.45,1.00,11.8,1.00,160.4,1.00,2.152e+06,1.00,1.35,1.00,11.3,1.00,10.271,1.00,-999,0.00,26.85,1.00,26.85,1.00,26.85,1.00,36.2939,1.00,23.7660,1.00,26.85,1.00,36.3266,1.00,23.8284,1.00
2008-07-21 00:00:00,2008-07-21 10:00:00,0.041,1.00,0.061,1.00,0.003,1.00,0.046,1.00,0.062,1.00,0.102,1.00,1.742e+06,1.00,1.19,1.00,12.0,1.00,155.0,1.00,1.608e+06,1.00,1.17,1.00,11.2,1.00,10.329,1.00,-999,0.00,26.70,1.00,26.70,1.00,26.71,1.00,36.3283,1.00,23.8372,1.00,26.70,1.00,36.3559,1.00,23.8967,1.00
2008-07-28 00:00:00,2008-07-28 10:00:00,0.033,1.00,0.060,1.00,0.000,1.00,0.085,1.00,0.059,1.00,0.127,1.00,2.794e+06,1.00,1.61,1.00,10.4,1.00,158.4,1.00,2.165e+06,1.00,1.46,1.00,9.8,1.00,10.302,1.00,-999,0.00,26.58,1.00,26.57,1.00,26.58,1.00,36.3671,1.00,23.9079,1.00,26.57,1.00,36.3947,1.00,23.9678,1.00
2008-08-04 00:00:00,2008-08-04 10:00:00,0.019,0.57,0.023,0.57,0.002,0.57,0.079,0.57,0.053,0.57,0.121,0.57,2.277e+06,0.54,1.50,0.54,9.7,0.54,151.2,0.54,1.235e+06,1.00,1.14,1.00,9.1,1.00,10.295,1.00,-999,0.00,26.47,1.00,26.47,1.00,26.47,1.00,36.4113,1.00,23.9737,1.00,26.47,1.00,36.4292,1.00,24.0260,1.00
2008-08-11 00:00:00,2008-08-11 10:00:00,0.016,1.00,0.009,1.00,-0.002,1.00,0.060,1.00,0.049,1.00,0.100,1.00,1.682e+06,1.00,1.25,1.00,10.7,1.00,156.1,1.00,1.150e+06,1.00,1.05,1.00,10.1,1.00,10.248,1.00,-999,0.00,26.19,1.00,26.17,1.00,26.20,1.00,36.3898,1.00,24.0455,1.00,26.17,1.00,36.3958,1.00,24.0942,1.00
2008-08-18 00:00:00,2008-08-18 10:00:00,0.019,1.00,0.020,1.00,-0.001,1.00,0.034,1.00,0.047,1.00,0.075,1.00,1.175e+06,1.00,0.93,1.00,12.3,1.00,157.9,1.00,1.091e+06,1.00,0.86,1.00,11.6,1.00,10.269,1.00,-999,0.00,26.16,1.00,26.14,1.00,26.18,1.00,36.4203,1.00,24.0744,1.00,26.14,1.00,36.4278,1.00,24.1289,1.00
2008-08-25 00:00:00,2008-08-25 10:00:00,0.013,1.00,0.003,1.00,0.001,1.00,0.058,1.00,0.065,1.00,0.124,1.00,1.918e+06,1.00,1.26,1.00,11.9,1.00,153.4,1.00,1.510e+06,1.00,1.14,1.00,10.9,1.00,10.262,1.00,-999,0.00,26.10,1.00,26.08,1.00,26.11,1.00,36.4200,1.00,24.0939,1.00,26.09,1.00,36.4258,1.00,24.1448,1.00
2008-09-01 00:00:00,2008-09-01 10:00:00,0.027,1.00,0.053,1.00,-0.005,1.00,0.125,1.00,0.064,1.00,0.165,1.00,6.542e+06,1.00,2.47,1.00,10.5,1.00,160.9,1.00,5.456e+06,1.00,2.26,1.00,10.2,1.00,10.221,1.00,-999,0.00,25.89,1.00,25.88,1.00,25.89,1.00,36.4330,1.00,24.1734,1.00,25.88,1.00,36.4424,1.00,24.2207,1.00
2008-09-08 00:00:00,2008-09-08 10:00:00,0.028,1.00,0.054,1.00,-0.003,1.00,0.116,1.00,0.048,1.00,0.144,1.00,3.329e+06,0.99,1.84,0.99,9.8,0.99,159.8,0.99,2.391e+06,1.00,1.59,1.00,9.4,1.00,10.219,1.00,-999,0.00,25.84,1.00,25.84,1.00,25.85,1.00,36.4558,1.00,24.2033,1.00,25.84,1.00,36.4634,1.00,24.2506,1.00
2008-09-15 00:00:00,2008-09-15 10:00:00,0.010,1.00,-0.021,1.00,-0.000,1.00,0.065,1.00,0.052,1.00,0.112,1.00,1.094e+06,1.00,1.07,1.00,9.5,1.00,149.7,1.00,7.201e+05,1.00,0.86,1.00,9.5,1.00,10.232,1.00,-999,0.00,25.94,1.00,25.90,1.00,25.97,1.00,36.4738,1.00,24.1791,1.00,25.92,1.00,36.4796,1.00,24.2382,1.00
2008-09-22 00:00:00,2008-09-22 10:00:00,0.024,1.00,-0.005,1.00,-0.001,1.00,0.051,1.00,0.057,1.00,0.100,1.00,1.284e+06,1.00,0.94,1.00,14.0,1.00,157.5,1.00,1.153e+06,1.00,0.91,1.00,12.7,1.00,10.240,1.00,-999,0.00,25.93,1.00,25.91,1.00,25.96,1.00,36.5044,1.00,24.2070,1.00,25.92,1.00,36.5134,1.00,24.2635,1.00
2008-09-29 00:00:00,2008-09-29 10:00:00,0.028,1.00,0.011,1.00,-0.003,1.00,0.052,1.00,0.061,1.00,0.113,1.00,1.403e+06,1.00,1.02,1.00,13.3,1.00,158.6,1.00,1.231e+06,1.00,0.98,1.00,12.5,1.00,10.248,1.00,-999,0.00,26.30,1.00,26.25,1.00,26.33,1.00,36.5033,1.00,24.0875,1.00,26.27,1.00,36.5165,1.00,24.1556,1.00
2008-10-06 00:00:00,2008-10-06 10:00:00,0.014,1.00,-0.013,1.00,-0.003,1.00,0.063,1.00,0.062,1.00,0.119,1.00,1.721e+06,1.00,1.25,1.00,11.1,1.00,155.2,1.00,1.171e+06,1.00,1.06,1.00,10.2,1.00,10.243,1.00,-999,0.00,26.45,1.00,26.40,1.00,26.49,1.00,36.4995,1.00,24.0346,1.00,26.42,1.00,36.5109,1.00,24.1038,1.00
2008-10-13 00:00:00,2008-10-13 10:00:00,0.036,1.00,0.012,1.00,-0.000,1.00,0.074,1.00,0.079,1.00,0.129,1.00,1.825e+06,0.99,1.25,0.99,11.7,0.99,154.8,0.99,1.374e+06,1.00,1.09,1.00,11.1,1.00,10.259,1.00,-999,0.00,26.37,1.00,26.35,1.00,26.38,1.00,36.4830,1.00,24.0585,1.00,26.35,1.00,36.4957,1.00,24.1127,1.00
2008-10-20 00:00:00,2008-10-20 10:00:00,0.036,1.00,0.011,1.00,-0.002,1.00,0.053,1.00,0.071,1.00,0.112,1.00,1.245e+06,1.00,0.96,1.00,13.0,1.00,156.1,1.00,9.657e+05,1.00,0.87,1.00,11.9,1.00,10.260,1.00,-999,0.00,26.66,1.00,26.61,1.00,26.70,1.00,36.4956,1.00,23.9642,1.00,26.63,1.00,36.5050,1.00,24.0326,1.00
2008-10-27 00:00:00,2008-10-27 10:00:00,0.002,1.00,-0.039,1.00,-0.002,1.00,0.047,1.00,0.054,1.00,0.099,1.00,1.063e+06,1.00,0.89,1.00,13.1,1.00,160.5,1.00,9.229e+05,1.00,0.85,1.00,12.2,1.00,10.262,1.00,-999,0.00,27.04,1.00,26.95,1.00,27.09,1.00,36.4924,1.00,23.8383,1.00,26.99,1.00,36.5002,1.00,23.9135,1.00
2008-11-03 00:00:00,2008-11-03 10:00:00,0.016,1.00,0.015,1.00,-0.007,1.00,0.071,1.00,0.062,1.00,0.116,1.00,1.567e+06,1.00,1.20,1.00,10.6,1.00,156.8,1.00,1.353e+06,1.00,1.10,1.00,10.5,1.00,10.241,1.00,-999,0.00,27.22,1.00,27.04,1.00,27.33,1.00,36.5163,1.00,23.7796,1.00,27.12,1.00,36.5214,1.00,23.8867,1.00
2008-11-10 00:00:00,2008-11-10 10:00:00,0.035,1.00,0.021,1.00,-0.003,1.00,0.053,1.00,0.080,1.00,0.123,1.00,1.004e+06,1.00,0.97,1.00,10.1,1.00,157.1,1.00,7.415e+05,1.00,0.84,1.00,9.9,1.00,10.246,1.00,-999,0.00,27.01,1.00,26.87,1.00,27.10,1.00,36.5313,1.00,23.8635,1.00,26.93,1.00,36.5428,1.00,23.9647,1.00
2008-11-17 00:00:00,2008-11-17 10:00:00,0.025,1.00,0.005,1.00,-0.004,1.00,0.038,1.00,0.068,1.00,0.106,1.00,8.014e+05,0.99,0.84,0.99,11.6,0.99,159.4,0.99,6.298e+05,1.00,0.76,1.00,10.7,1.00,10.253,1.00,-999,0.00,27.52,1.00,27.37,1.00,27.63,1.00,36.5207,1.00,23.6836,1.00,27.44,1.00,36.5355,1.00,23.7958,1.00
2008-11-24 00:00:00,2008-11-24 10:00:00,0.003,1.00,-0.050,1.00,-0.003,1.00,0.039,1.00,0.065,1.00,0.112,1.00,8.059e+05,0.99,0.95,0.99,9.2,0.99,145.1,0.99,4.231e+05,1.00,0.69,1.00,8.9,1.00,10.262,1.00,-999,0.00,27.74,1.00,27.67,1.00,27.77,1.00,36.4237,1.00,23.5664,1.00,27.70,1.00,36.4479,1.00,23.6439,1.00
2008-12-01 00:00:00,2008-12-01 10:00:00,0.025,0.76,0.016,0.76,-0.002,0.76,0.049,0.76,0.061,0.76,0.110,0.76,5.839e+05,0.27,0.79,0.27,9.4,0.27,151.8,0.27,7.749e+05,1.00,0.87,1.00,9.6,1.00,10.289,1.00,-999,0.00,27.78,1.00,27.74,1.00,27.81,1.00,36.4096,1.00,23.5423,1.00,27.76,1.00,36.4266,1.00,23.6087,1.00
2008-12-08 00:00:00,2008-12-08 10:00:00,0.043,0.65,0.046,0.65,-0.006,0.65,0.015,0.65,0.078,0.65,0.096,0.65,2.612e+05,0.65,0.52,0.65,9.6,0.65,169.8,0.65,2.397e+05,0.93,0.49,0.93,9.4,0.93,10.290,0.92,-999,0.00,28.12,1.00,28.02,1.00,28.18,1.00,36.3882,1.00,23.4057,1.00,28.07,1.00,36.4193,1.00,23.4954,1.00
2008-12-15 00:00:00,2008-12-15 10:00:00,0.044,1.00,0.051,1.00,-0.007,1.00,0.014,1.00,0.088,1.00,0.114,1.00,2.323e+05,1.00,0.49,1.00,9.4,1.00,160.2,1.00,1.710e+05,1.00,0.42,1.00,9.5,1.00,10.307,1.00,-999,0.00,28.36,1.00,28.19,1.00,28.45,1.00,36.3567,1.00,23.2918,1.00,28.28,1.00,36.4053,1.00,23.4164,1.00
2008-12-22 00:00:00,2008-12-22 10:00:00,0.008,1.00,-0.030,1.00,-0.003,1.00,0.046,1.00,0.086,1.00,0.135,1.00,8.076e+05,1.00,0.93,1.00,9.2,1.00,155.9,1.00,4.292e+05,1.00,0.67,1.00,9.3,1.00,10.282,1.00,-999,0.00,28.43,1.00,28.30,1.00,28.49,1.00,36.3474,1.00,23.2708,1.00,28.38,1.00,36.3788,1.00,23.3646,1.00
2008-12-29 00:00:00,2008-12-29 10:00:00,0.043,1.00,0.037,1.00,-0.004,1.00,0.056,1.00,0.097,1.00,0.153,1.00,1.485e+06,1.01,1.07,1.01,11.3,1.01,164.2,1.01,1.214e+06,1.00,0.93,1.00,10.7,1.00,10.294,1.00,-999,0.00,28.42,1.00,28.36,1.00,28.46,1.00,36.3272,1.00,23.2658,1.00,28.40,1.00,36.3541,1.00,23.3377,1.00
2009-01-05 00:00:00,2009-01-05 10:00:00,0.030,1.00,0.035,1.00,-0.005,1.00,0.018,1.00,0.081,1.00,0.117,1.00,2.864e+05,1.00,0.58,1.00,8.6,1.00,161.7,1.00,1.888e+05,1.00,0.47,1.00,8.5,1.00,10.319,1.00,-999,0.00,28.63,1.00,28.53,1.00,28.70,1.00,36.2377,1.00,23.1174,1.00,28.59,1.00,36.2761,1.00,23.2178,1.00
2009-01-12 00:00:00,2009-01-12 10:00:00,0.039,1.00,0.054,1.00,-0.005,1.00,0.031,1.00,0.086,1.00,0.123,1.00,1.089e+06,0.99,0.78,0.99,11.5,0.99,164.3,0.99,1.081e+06,1.00,0.75,1.00,11.4,1.00,10.300,1.00,-999,0.00,28.60,1.00,28.46,1.00,28.66,1.00,36.1940,1.00,23.1007,1.00,28.56,1.00,36.2322,1.00,23.1928,1.00
2009-01-19 00:00:00,2009-01-19 10:00:00,0.037,1.00,0.021,1.00,-0.006,1.00,0.052,1.00,0.077,1.00,0.110,1.00,1.399e+06,1.00,0.98,1.00,11.3,1.00,152.2,1.00,1.212e+06,1.00,0.88,1.00,11.0,1.00,10.265,1.00,-999,0.00,28.58,1.00,28.49,1.00,28.63,1.00,36.2493,1.00,23.1522,1.00,28.55,1.00,36.2722,1.00,23.2264,1.00
2009-01-26 00:00:00,2009-01-26 10:00:00,0.022,1.00,0.008,1.00,-0.001,1.00,0.032,1.00,0.070,1.00,0.094,1.00,5.218e+05,1.00,0.75,1.00,9.5,1.00,150.5,1.00,2.811e+05,1.00,0.53,1.00,9.8,1.00,10.284,1.00,-999,0.00,28.94,1.00,28.89,1.00,28.97,1.00,36.2454,1.00,23.0327,1.00,28.93,1.00,36.2610,1.00,23.0923,1.00
2009-02-02 00:00:00,2009-02-02 10:00:00,0.028,1.00,-0.003,1.00,-0.001,1.00,0.049,1.00,0.075,1.00,0.115,1.00,1.258e+06,1.00,0.99,1.00,12.8,1.00,165.6,1.00,7.720e+05,1.00,0.82,1.00,11.5,1.00,10.280,1.00,-999,0.00,28.65,1.00,28.62,1.00,28.68,1.00,36.3040,1.00,23.1763,1.00,28.64,1.00,36.3350,1.00,23.2438,1.00
2009-02-09 00:00:00,2009-02-09 10:00:00,0.029,1.00,0.023,1.00,-0.002,1.00,0.029,1.00,0.077,1.00,0.106,1.00,7.566e+05,1.00,0.76,1.00,12.2,1.00,168.3,1.00,5.475e+05,1.00,0.66,1.00,11.8,1.00,10.285,1.00,-999,0.00,28.87,1.00,28.82,1.00,28.92,1.00,36.3208,1.00,23.1091,1.00,28.86,1.00,36.3449,1.00,23.1799,1.00
2009-02-16 00:00:00,2009-02-16 10:00:00,0.050,1.00,0.041,1.00,-0.005,1.00,0.052,1.00,0.094,1.00,0.146,1.00,1.615e+06,0.99,1.21,0.99,11.0,0.99,157.6,0.99,9.610e+05,1.00,0.95,1.00,10.3,1.00,10.284,1.00,-999,0.00,29.01,1.00,28.96,1.00,29.04,1.00,36.3423,1.00,23.0834,1.00,28.99,1.00,36.3590,1.00,23.1449,1.00
2009-02-23 00:00:00,2009-02-23 10:00:00,0.032,1.00,0.031,1.00,-0.001,1.00,0.043,1.00,0.081,1.00,0.124,1.00,1.195e+06,1.00,1.00,1.00,11.5,1.00,164.4,1.00,6.588e+05,1.00,0.80,1.00,10.1,1.00,10.320,1.00,-999,0.00,28.68,1.00,28.66,1.00,28.69,0.88,36.3622,0.88,23.2145,0.88,28.67,1.00,36.3709,1.00,23.2621,1.00
2009-03-02 00:00:00,2009-03-02 10:00:00,0.039,1.00,0.028,1.00,-0.003,1.00,0.035,1.00,0.089,1.00,0.122,1.00,5.614e+05,1.00,0.75,1.00,9.9,1.00,149.8,1.00,3.148e+05,1.00,0.54,1.00,10.2,1.00,10.311,1.00,-999,0.00,28.67,1.00,28.63,1.00,-999,0.00,-999,0.00,-999,0.00,28.66,1.00,36.3211,1.00,23.2275,1.00
2009-03-09 00:00:00,2009-03-09 10:00:00,0.014,1.00,-0.009,1.00,-0.002,1.00,0.055,1.00,0.076,1.00,0.114,1.00,1.242e+06,1.00,1.06,1.00,10.9,1.00,152.2,1.00,7.559e+05,1.00,0.84,1.00,10.5,1.00,10.325,1.00,-999,0.00,28.57,1.00,28.55,1.00,-999,0.00,-999,0.00,-999,0.00,28.57,1.00,36.2336,1.00,23.1929,1.00
2009-03-16 00:00:00,2009-03-16 10:00:00,0.021,1.00,-0.009,1.00,-0.002,1.00,0.046,1.00,0.069,1.00,0.111,1.00,9.955e+05,1.00,0.93,1.00,11.5,1.00,158.9,1.00,5.641e+05,1.00,0.73,1.00,10.6,1.00,10.329,1.00,-999,0.00,28.61,1.00,28.58,1.00,-999,0.00,-999,0.00,-999,0.00,28.60,1.00,36.0674,1.00,23.0561,1.00
2009-03-23 00:00:00,2009-03-23 10:00:00,0.056,0.26,0.071,0.26,-0.009,0.26,0.022,0.26,0.099,0.26,0.138,0.26,5.531e+05,0.25,0.68,0.25,11.5,0.25,161.9,0.25,8.527e+05,1.00,0.81,1.00,11.8,1.00,10.347,1.00,-999,0.00,28.81,1.00,28.76,1.00,-999,0.00,-999,0.00,-999,0.00,28.79,1.00,36.0166,1.00,22.9548,1.00
2009-03-30 00:00:00,2009-03-30 10:00:00,0.031,0.65,0.004,0.65,0.001,0.65,0.057,0.65,0.087,0.65,0.142,0.65,-999,0.00,-999,0.00,-999,0.00,-999,0.00,8.742e+05,1.00,0.91,1.00,10.5,1.00,10.344,1.00,-999,0.00,28.85,1.00,28.81,1.00,-999,0.00,-999,0.00,-999,0.00,28.83,1.00,36.0328,1.00,22.9532,1.00
2009-04-06 00:00:00,2009-04-06 10:00:00,0.029,1.00,0.010,1.00,-0.001,1.00,0.061,1.00,0.072,1.00,0.123,1.00,-999,0.00,-999,0.00,-999,0.00,-999,0.00,1.117e+06,1.00,1.01,1.00,10.7,1.00,10.331,1.00,-999,0.00,28.90,1.00,28.85,1.00,-999,0.00,-999,0.00,-999,0.00,28.87,1.00,36.1751,1.00,23.0492,1.00
2009-04-13 00:00:00,2009-04-13 10:00:00,-0.003,1.00,-0.054,1.00,0.002,1.00,0.052,1.00,0.071,1.00,0.132,1.00,-999,0.00,-999,0.00,-999,0.00,-999,0.00,1.141e+06,1.00,0.89,1.00,11.4,1.00,10.324,1.00,-999,0.00,28.74,1.00,28.71,1.00,-999,0.00,-999,0.00,-999,0.00,28.73,1.00,36.2493,1.00,23.1514,1.00
2009-04-20 00:00:00,2009-04-20 10:00:00,0.028,1.00,0.014,1.00,0.003,1.00,0.038,1.00,0.074,1.00,0.107,1.00,-999,0.00,-999,0.00,-999,0.00,-999,0.00,9.687e+05,1.00,0.88,1.00,12.1,1.00,10.351,1.00,-999,0.00,28.92,1.00,28.90,1.00,-999,0.00,-999,0.00,-999,0.00,28.92,1.00,36.2159,1.00,23.0631,1.00
2009-04-27 00:00:00,2009-04-27 10:00:00,0.039,1.00,0.034,1.00,0.003,1.00,0.028,1.00,0.073,1.00,0.097,1.00,-999,0.00,-999,0.00,-999,0.00,-999,0.00,7.901e+05,1.00,0.80,1.00,11.7,1.00,10.338,1.00,-999,0.00,28.65,1.00,28.63,1.00,-999,0.00,-999,0.00,-999,0.00,28.64,0.98,36.2415,0.98,23.1744,0.98
2009-05-04 00:00:00,2009-05-04 10:00:00,0.020,1.00,0.030,1.00,0.001,1.00,0.059,1.00,0.049,1.00,0.089,1.00,-999,0.00,-999,0.00,-999,0.00,-999,0.00,2.170e+06,1.00,1.29,1.00,11.7,1.00,10.341,1.00,-999,0.00,28.59,1.00,28.58,1.00,-999,0.00,-999,0.00,-999,0.00,-999,0.00,-999,0.00,-999,0.00
2009-05-11 00:00:00,2009-05-11 10:00:00,0.024,1.00,0.019,1.00,0.000,1.00,0.089,1.00,0.066,1.00,0.127,1.00,-999,0.00,-999,0.00,-999,0.00,-999,0.00,1.744e+06,1.00,1.28,1.00,10.5,1.00,10.338,1.00,-999,0.00,28.23,1.00,28.23,1.00,-999,0.00,-999,0.00,-999,0.00,-999,0.00,-999,0.00,-999,0.00
2009-05-18 00:00:00,2009-05-18 10:00:00,0.022,1.00,0.021,1.00,0.002,1.00,0.070,1.00,0.058,1.00,0.111,1.00,-999,0.00,-999,0.00,-999,0.00,-999,0.00,1.984e+06,1.00,1.27,1.00,11.7,1.00,10.357,1.00,-999,0.00,28.15,1.00,28.14,1.00,-999,0.00,-999,0.00,-999,0.00,-999,0.00,-999,0.00,-999,0.00
2009-05-25 00:00:00,2009-05-25 10:00:00,0.028,1.00,0.027,1.00,0.001,1.00,0.080,1.00,0.073,1.00,0.130,1.00,-999,0.00,-999,0.00,-999,0.00,-999,0.00,1.995e+06,1.00,1.22,1.00,11.7,1.00,10.324,1.00,-999,0.00,27.99,1.00,27.99,1.00,-999,0.00,-999,0.00,-999,0.00,-999,0.00,-999,0.00,-999,0.00
2009-06-01 00:00:00,2009-06-01 10:00:00,0.000,1.00,-0.025,1.00,-0.000,1.00,0.065,1.00,0.068,1.00,0.120,1.00,-999,0.00,-999,0.00,-999,0.00,-999,0.00,1.720e+06,1.00,1.11,1.00,12.4,1.00,10.329,1.00,-999,0.00,27.93,1.00,27.93,1.00,-999,0.00,-999,0.00,-999,0.00,-999,0.00,-999,0.00,-999,0.00
2009-06-08 00:00:00,2009-06-08 10:00:00,0.035,1.00,0.049,1.00,0.003,1.00,0.086,1.00,0.087,1.00,0.154,1.00,-999,0.00,-999,0.00,-999,0.00,-999,0.00,3.192e+06,1.00,1.54,1.00,12.5,1.00,10.314,1.00,-999,0.00,27.57,1.00,27.56,1.00,-999,0.00,-999,0.00,-999,0.00,-999,0.00,-999,0.00,-999,0.00
2009-06-15 00:00:00,2009-06-15 10:00:00,0.058,1.00,0.061,1.00,0.003,1.00,0.044,1.00,0.081,1.00,0.109,1.00,-999,0.00,-999,0.00,-999,0.00,-999,0.00,1.015e+06,1.00,0.87,1.00,11.5,1.00,10.324,1.00,-999,0.00,27.33,1.00,27.33,1.00,-999,0.00,-999,0.00,-999,0.00,-999,0.00,-999,0.00,-999,0.00
2009-06-22 00:00:00,2009-06-22 10:00:00,0.025,1.00,0.025,1.00,-0.001,1.00,0.095,1.00,0.061,1.00,0.131,1.00,-999,0.00,-999,0.00,-999,0.00,-999,0.00,2.044e+06,1.00,1.36,1.00,11.4,1.00,10.271,1.00,-999,0.00,27.34,1.00,27.32,1.00,-999,0.00,-999,0.00,-999,0.00,-999,0.00,-999,0.00,-999,0.00
2009-06-29 00:00:00,2009-06-29 10:00:00,0.005,1.00,-0.027,1.00,0.000,1.00,0.069,1.00,0.065,1.00,0.119,1.00,-999,0.00,-999,0.00,-999,0.00,-999,0.00,1.681e+06,1.00,1.09,1.00,12.1,1.00,10.286,1.00,-999,0.00,27.13,1.00,27.12,1.00,-999,0.00,-999,0.00,-999,0.00,-999,0.00,-999,0.00,-999,0.00
2009-07-06 00:00:00,2009-07-06 10:00:00,0.021,1.00,0.025,1.00,-0.001,1.00,0.065,1.00,0.058,1.00,0.111,1.00,-999,0.00,-999,0.00,-999,0.00,-999,0.00,1.407e+06,0.94,1.04,0.94,11.2,0.94,10.272,0.93,27.09,0.65,27.05,0.98,27.03,0.98,27.09,0.65,36.4079,0.65,23.7734,0.65,27.06,0.65,36.3807,0.65,23.7970,0.65
2009-07-13 00:00:00,2009-07-13 10:00:00,0.027,1.00,0.037,1.00,-0.003,1.00,0.091,1.00,0.062,1.00,0.133,1.00,-999,0.00,-999,0.00,-999,0.00,-999,0.00,2.772e+06,1.00,1.35,1.00,11.8,1.00,10.247,1.00,27.00,1.00,27.00,1.00,26.98,1.00,27.01,1.00,36.3890,1.00,23.7857,1.00,26.99,1.00,36.4606,1.00,23.8794,1.00
2009-07-20 00:00:00,2009-07-20 10:00:00,0.016,1.00,-0.004,1.00,0.002,1.00,0.089,1.00,0.067,1.00,0.134,1.00,-999,0.00,-999,0.00,-999,0.00,-999,0.00,1.820e+06,1.00,1.27,1.00,11.0,1.00,10.296,1.00,26.93,1.00,26.93,1.00,26.92,1.00,26.94,1.00,36.4048,1.00,23.8214,1.00,26.93,1.00,36.4771,1.00,23.9122,1.00
2009-07-27 00:00:00,2009-07-27 10:00:00,0.021,1.00,0.014,1.00,0.001,1.00,0.079,1.00,0.066,1.00,0.131,1.00,-999,0.00,-999,0.00,-999,0.00,-999,0.00,1.635e+06,1.00,1.16,1.00,11.6,1.00,10.270,1.00,26.73,1.00,26.72,1.00,26.72,1.00,26.73,1.00,36.4171,1.00,23.8950,1.00,26.72,1.00,36.4881,1.00,23.9863,1.00
2009-08-03 00:00:00,2009-08-03 10:00:00,0.049,1.00,0.045,1.00,0.001,1.00,0.070,1.00,0.080,1.00,0.138,1.00,-999,0.00,-999,0.00,-999,0.00,-999,0.00,1.438e+06,1.00,1.10,1.00,9.8,1.00,10.262,1.00,26.37,1.00,26.36,1.00,26.34,1.00,26.38,1.00,36.3870,1.00,23.9853,1.00,26.34,1.00,36.4549,1.00,24.0801,1.00
2009-08-10 00:00:00,2009-08-10 10:00:00,0.017,1.00,0.036,1.00,-0.005,1.00,0.101,1.00,0.056,1.00,0.139,1.00,-999,0.00,-999,0.00,-999,0.00,-999,0.00,3.021e+06,1.00,1.60,1.00,10.5,1.00,10.237,1.00,26.35,1.00,26.34,1.00,26.33,1.00,26.35,1.00,36.3342,1.00,23.9539,1.00,26.33,1.00,36.4149,1.00,24.0533,1.00
2009-08-17 00:00:00,2009-08-17 10:00:00,0.003,1.00,-0.013,1.00,0.000,1.00,0.092,1.00,0.063,1.00,0.136,1.00,3.306e+06,0.38,1.54,0.38,13.8,0.38,168.3,0.38,2.731e+06,1.00,1.44,1.00,12.8,1.00,10.273,1.00,26.65,1.00,26.65,1.00,26.64,1.00,26.65,1.00,36.3821,1.00,23.8943,1.00,26.64,1.00,36.4540,1.00,23.9857,1.00
2009-08-24 00:00:00,2009-08-24 10:00:00,0.036,1.00,0.044,1.00,-0.006,1.00,0.065,1.00,0.062,1.00,0.109,1.00,1.643e+06,1.00,1.23,1.00,10.5,1.00,167.3,1.00,1.068e+06,1.00,0.96,1.00,10.3,1.00,10.272,1.00,26.71,1.00,26.71,1.00,26.70,1.00,26.71,1.00,36.3912,1.00,23.8826,1.00,26.70,1.00,36.4623,1.00,23.9727,1.00
2009-08-31 00:00:00,2009-08-31 10:00:00,0.065,1.00,0.084,1.00,-0.005,1.00,0.112,1.00,0.110,1.00,0.188,1.00,3.303e+06,1.00,1.97,1.00,8.4,1.00,163.4,1.00,1.978e+06,1.00,1.50,1.00,8.5,1.00,10.249,1.00,26.29,1.00,26.29,1.00,26.28,1.00,26.30,1.00,36.3957,1.00,24.0182,1.00,26.29,1.00,36.4663,1.00,24.1076,1.00
2009-09-07 00:00:00,2009-09-07 10:00:00,-0.004,1.00,-0.046,1.00,0.001,1.00,0.086,1.00,0.059,1.00,0.125,1.00,2.294e+06,1.00,1.37,1.00,12.3,1.00,163.3,1.00,1.597e+06,1.00,1.17,1.00,11.4,1.00,10.277,1.00,26.47,1.00,26.47,1.00,26.46,1.00,26.47,1.00,36.3715,1.00,23.9435,1.00,26.46,1.00,36.4449,1.00,24.0355,1.00
2009-09-14 00:00:00,2009-09-14 10:00:00,0.045,1.00,0.057,0.99,-0.005,1.00,0.101,0.99,0.085,1.00,0.155,0.99,2.182e+06,1.00,1.45,1.00,10.2,1.00,167.1,1.00,1.262e+06,1.00,1.12,1.00,9.8,1.00,10.263,1.00,26.65,1.00,26.63,1.00,26.60,1.00,26.66,1.00,36.2877,1.00,23.8226,1.00,26.61,1.00,36.3654,1.00,23.9283,1.00
2009-09-21 00:00:00,2009-09-21 10:00:00,0.020,1.00,-0.014,1.00,-0.002,1.00,0.068,1.00,0.080,1.00,0.131,1.00,1.624e+06,1.00,1.23,1.00,11.0,1.00,155.7,1.00,7.988e+05,1.00,0.89,1.00,10.2,1.00,10.305,1.00,26.83,1.00,26.81,1.00,26.79,1.00,26.83,1.00,36.2954,1.00,23.7713,1.00,26.80,1.00,36.3696,1.00,23.8725,1.00
2009-09-28 00:00:00,2009-09-28 10:00:00,0.014,1.00,-0.005,1.00,-0.003,1.00,0.095,1.00,0.072,1.00,0.154,1.00,3.468e+06,1.00,1.75,1.00,11.6,1.00,151.2,1.00,2.499e+06,1.00,1.48,1.00,11.1,1.00,10.285,1.00,26.84,1.00,26.83,1.00,26.83,1.00,26.84,1.00,36.2034,1.00,23.7005,1.00,26.83,1.00,36.2785,1.00,23.7926,1.00
2009-10-05 00:00:00,2009-10-05 10:00:00,0.024,1.00,0.010,0.99,-0.001,1.00,0.084,0.99,0.060,1.00,0.121,0.99,1.431e+06,0.98,1.20,0.98,9.6,0.98,159.1,0.98,7.292e+05,1.00,0.87,1.00,9.2,1.00,10.257,1.00,26.68,1.00,26.65,1.00,26.62,1.00,26.69,1.00,36.2750,1.00,23.8012,1.00,26.63,1.00,36.3486,1.00,23.9091,1.00
2009-10-12 00:00:00,2009-10-12 10:00:00,0.031,1.00,0.036,1.00,-0.001,1.00,0.068,1.00,0.080,1.00,0.120,1.00,1.887e+06,1.00,1.12,1.00,13.5,1.00,166.7,1.00,1.203e+06,1.00,0.94,1.00,11.9,1.00,10.291,1.00,26.96,1.00,26.95,1.00,26.92,1.00,26.96,1.00,36.2647,1.00,23.7066,1.00,26.93,1.00,36.3377,1.00,23.8055,1.00
2009-10-19 00:00:00,2009-10-19 10:00:00,0.047,1.00,0.064,1.00,-0.004,1.00,0.076,1.00,0.088,1.00,0.140,1.00,1.453e+06,1.00,1.16,1.00,10.2,1.00,166.2,1.00,1.033e+06,1.00,0.95,1.00,10.1,1.00,10.278,1.00,26.96,1.00,26.94,1.00,26.91,1.00,26.98,1.00,36.2784,1.00,23.7128,1.00,26.92,1.00,36.3459,1.00,23.8148,1.00
2009-10-26 00:00:00,2009-10-26 10:00:00,0.018,1.00,0.022,1.00,-0.002,1.00,0.061,1.00,0.061,1.00,0.111,1.00,1.087e+06,1.00,0.97,1.00,11.1,1.00,162.2,1.00,7.090e+05,1.00,0.79,1.00,10.8,1.00,10.286,1.00,27.06,1.00,27.03,1.00,26.97,1.00,27.08,1.00,36.2162,1.00,23.6326,1.00,26.99,1.00,36.3078,1.00,23.7625,1.00
2009-11-02 00:00:00,2009-11-02 10:00:00,0.025,1.00,0.044,1.00,-0.005,1.00,0.082,1.00,0.057,1.00,0.129,1.00,1.717e+06,1.00,1.21,1.00,11.4,1.00,168.8,1.00,1.128e+06,1.00,0.97,1.00,11.2,1.00,10.260,1.00,27.33,1.00,27.28,1.00,27.20,1.00,27.35,1.00,36.2644,1.00,23.5814,1.00,27.23,1.00,36.3413,1.00,23.7111,1.00
2009-11-09 00:00:00,2009-11-09 10:00:00,0.034,1.00,0.033,1.00,-0.005,1.00,0.054,1.00,0.092,1.00,0.132,1.00,1.011e+06,1.00,0.97,1.00,10.6,1.00,166.0,1.00,6.923e+05,1.00,0.79,1.00,10.6,1.00,10.326,1.00,27.88,1.00,27.84,1.00,27.76,1.00,27.90,1.00,36.2373,1.00,23.3805,1.00,27.80,1.00,36.3109,1.00,23.5045,1.00
2009-11-16 00:00:00,2009-11-16 10:00:00,0.061,1.00,0.085,1.00,-0.007,1.00,0.070,1.00,0.101,1.00,0.159,1.00,1.153e+06,1.00,1.15,1.00,8.4,1.00,164.6,1.00,6.371e+05,1.00,0.84,1.00,8.7,1.00,10.328,1.00,28.11,1.00,28.07,1.00,28.00,1.00,28.12,1.00,36.1142,1.00,23.2170,1.00,28.03,1.00,36.2143,1.00,23.3564,1.00
2009-11-23 00:00:00,2009-11-23 10:00:00,0.033,1.00,0.002,1.00,-0.003,1.00,0.037,1.00,0.075,1.00,0.097,1.00,5.597e+05,1.00,0.76,1.00,9.7,1.00,152.2,1.00,3.085e+05,1.00,0.54,1.00,10.4,1.00,10.321,1.00,27.77,1.00,27.74,1.00,27.70,1.00,27.79,1.00,36.1068,1.00,23.3217,1.00,27.72,1.00,36.1860,1.00,23.4368,1.00
2009-11-30 00:00:00,2009-11-30 10:00:00,0.020,0.92,0.024,0.92,-0.002,0.92,0.085,0.92,0.079,0.92,0.137,0.92,1.670e+06,0.88,1.37,0.88,8.7,0.88,158.7,0.88,9.477e+05,0.89,1.00,0.89,9.1,0.89,10.318,0.90,27.82,0.95,27.80,0.95,27.77,0.95,27.83,0.91,36.1549,0.91,23.3435,0.91,27.77,0.91,36.2282,0.91,23.4499,0.91
2009-12-07 00:00:00,2009-12-07 10:00:00,0.039,0.51,0.032,0.51,-0.000,0.51,0.063,0.51,0.089,0.51,0.127,0.51,4.531e+05,0.50,0.75,0.50,8.0,0.50,151.0,0.50,3.167e+05,0.98,0.59,0.98,9.2,0.98,10.327,0.97,28.36,1.00,28.28,1.00,28.16,1.00,-999,0.00,-999,0.00,-999,0.00,-999,0.00,-999,0.00,-999,0.00
2009-12-14 00:00:00,2009-12-14 10:00:00,0.041,1.00,0.070,1.00,0.001,1.00,0.048,1.00,0.074,1.00,0.108,1.00,2.929e+05,1.00,0.60,1.00,8.2,1.00,155.5,1.00,2.067e+05,1.00,0.48,1.00,9.0,1.00,10.334,1.00,28.82,1.00,28.78,1.00,28.70,1.00,-999,0.00,-999,0.00,-999,0.00,-999,0.00,-999,0.00,-999,0.00
2009-12-21 00:00:00,2009-12-21 10:00:00,0.021,1.00,-0.007,1.00,0.000,1.00,0.062,1.00,0.089,1.00,0.135,1.00,7.365e+05,1.00,0.85,1.00,10.5,1.00,146.3,1.00,4.955e+05,1.00,0.68,1.00,10.4,1.00,10.341,1.00,28.63,1.00,28.58,1.00,28.50,1.00,-999,0.00,-999,0.00,-999,0.00,-999,0.00,-999,0.00,-999,0.00
2009-12-28 00:00:00,2009-12-28 10:00:00,0.029,1.00,-0.009,1.00,0.001,1.00,0.041,1.00,0.088,1.00,0.108,1.00,4.468e+05,1.02,0.69,1.02,9.7,1.02,154.8,1.02,2.595e+05,1.00,0.52,1.00,9.7,1.00,10.324,1.00,28.84,1.00,28.80,1.00,28.71,1.00,-999,0.00,-999,0.00,-999,0.00,-999,0.00,-999,0.00,-999,0.00
2010-01-04 00:00:00,2010-01-04 10:00:00,0.047,1.00,0.038,1.00,-0.001,1.00,0.056,1.00,0.097,1.00,0.128,1.00,8.474e+05,1.00,0.95,1.00,9.3,1.00,150.1,1.00,6.230e+05,1.00,0.77,1.00,10.2,1.00,10.372,1.00,29.08,1.00,29.04,1.00,28.94,1.00,-999,0.00,-999,0.00,-999,0.00,-999,0.00,-999,0.00,-999,0.00
2010-01-11 00:00:00,2010-01-11 10:00:00,0.051,1.00,0.050,1.00,-0.002,1.00,0.079,1.00,0.092,1.00,0.129,1.00,2.123e+06,1.00,1.38,1.00,8.2,1.00,160.2,1.00,8.284e+05,1.00,0.87,1.00,8.8,1.00,10.292,1.00,28.92,1.00,28.89,1.00,28.81,1.00,-999,0.00,-999,0.00,-999,0.00,-999,0.00,-999,0.00,-999,0.00
2010-01-18 00:00:00,2010-01-18 10:00:00,0.046,1.00,0.002,1.00,0.001,1.00,0.077,1.00,0.090,1.00,0.136,1.00,2.040e+06,1.00,1.45,1.00,9.3,1.00,161.2,1.00,9.628e+05,1.00,0.98,1.00,10.0,1.00,10.294,1.00,28.68,1.00,28.65,1.00,28.59,1.00,-999,0.00,-999,0.00,-999,0.00,-999,0.00,-999,0.00,-999,0.00
2010-01-25 00:00:00,2010-01-25 10:00:00,0.019,1.00,0.042,1.00,-0.004,1.00,0.081,1.00,0.069,1.00,0.134,1.00,1.651e+06,0.98,1.34,0.98,8.8,0.98,178.1,0.98,1.012e+06,1.00,1.02,1.00,9.2,1.00,10.332,1.00,28.75,1.00,28.73,1.00,28.68,1.00,-999,0.00,-999,0.00,-999,0.00,-999,0.00,-999,0.00,-999,0.00
2010-02-01 00:00:00,2010-02-01 10:00:00,0.024,1.00,0.028,1.00,0.001,1.00,0.091,1.00,0.084,1.00,0.179,1.00,2.130e+06,1.00,1.52,1.00,8.8,1.00,154.9,1.00,1.773e+06,1.00,1.23,1.00,9.5,1.00,10.353,1.00,28.18,1.00,28.15,1.00,28.08,1.00,-999,0.00,-999,0.00,-999,0.00,-999,0.00,-999,0.00,-999,0.00
2010-02-08 00:00:00,2010-02-08 10:00:00,0.048,1.00,0.027,1.00,0.000,1.00,0.093,1.00,0.124,1.00,0.178,1.00,1.803e+06,1.00,1.20,1.00,11.3,1.00,155.2,1.00,1.450e+06,1.00,1.05,1.00,11.0,1.00,10.266,1.00,28.55,1.00,28.51,1.00,28.45,1.00,-999,0.00,-999,0.00,-999,0.00,-999,0.00,-999,0.00,-999,0.00
2010-02-15 00:00:00,2010-02-15 10:00:00,0.029,1.00,0.017,1.00,0.003,1.00,0.069,1.00,0.078,1.00,0.115,1.00,1.114e+06,1.00,1.00,1.00,10.9,1.00,169.4,1.00,8.141e+05,1.00,0.86,1.00,10.7,1.00,10.298,1.00,28.90,1.00,28.88,1.00,28.84,1.00,-999,0.00,-999,0.00,-999,0.00,-999,0.00,-999,0.00,-999,0.00
2010-02-22 00:00:00,2010-02-22 10:00:00,-0.010,1.00,-0.052,0.99,-0.002,1.00,0.056,0.99,0.065,1.00,0.109,0.99,7.744e+05,1.00,0.88,1.00,10.0,1.00,146.4,1.00,5.165e+05,1.00,0.71,1.00,9.8,1.00,10.303,1.00,28.66,1.00,28.65,1.00,28.64,1.00,-999,0.00,-999,0.00,-999,0.00,-999,0.00,-999,0.00,-999,0.00
2010-03-01 00:00:00,2010-03-01 10:00:00,0.032,1.00,0.032,1.00,0.001,1.00,0.085,1.00,0.077,1.00,0.135,1.00,2.150e+06,1.00,1.36,1.00,10.4,1.00,172.5,1.00,1.740e+06,1.00,1.22,1.00,10.2,1.00,10.308,1.00,28.50,1.00,28.49,1.00,28.47,1.00,-999,0.00,-999,0.00,-999,0.00,-999,0.00,-999,0.00,-999,0.00
2010-03-08 00:00:00,2010-03-08 10:00:00,0.031,1.00,0.059,0.98,-0.002,1.00,0.082,0.98,0.075,1.00,0.129,0.98,1.393e+06,1.00,1.02,1.00,11.3,1.00,177.4,1.00,1.041e+06,1.00,0.90,1.00,10.5,1.00,10.254,1.00,28.70,1.00,28.66,1.00,28.58,1.00,-999,0.00,-999,0.00,-999,0.00,-999,0.00,-999,0.00,-999,0.00
2010-03-15 00:00:00,2010-03-15 10:00:00,0.048,1.00,0.073,1.00,0.000,1.00,0.106,1.00,0.093,1.00,0.157,1.00,2.125e+06,1.00,1.24,1.00,13.0,1.00,164.0,1.00,1.499e+06,1.00,1.07,1.00,11.7,1.00,10.262,1.00,28.68,1.00,28.65,1.00,28.60,1.00,-999,0.00,-999,0.00,-999,0.00,-999,0.00,-999,0.00,-999,0.00
2010-03-22 00:00:00,2010-03-22 10:00:00,0.010,1.00,-0.019,1.00,-0.000,1.00,0.069,1.00,0.079,1.00,0.111,1.00,1.046e+06,0.98,0.97,0.98,10.6,0.98,162.6,0.98,8.184e+05,1.00,0.85,1.00,10.9,1.00,10.270,1.00,28.76,1.00,28.74,1.00,28.72,1.00,28.84,0.51,35.7091,0.51,22.6742,0.51,-999,0.00,-999,0.00,-999,0.00
2010-03-29 00:00:00,2010-03-29 10:00:00,0.042,0.69,0.011,0.68,0.000,0.69,0.059,0.68,0.096,0.69,0.122,0.68,9.430e+05,0.66,0.90,0.66,11.8,0.66,177.8,0.66,1.064e+06,1.00,0.91,1.00,11.9,1.00,10.294,1.00,28.96,1.00,28.94,1.00,28.89,1.00,28.97,1.00,35.7338,1.00,22.6492,1.00,-999,0.00,-999,0.00,-999,0.00
2010-04-05 00:00:00,2010-04-05 10:00:00,-999,0.00,-999,0.00,-999,0.00,-999,0.00,-999,0.00,-999,0.00,-999,0.00,-999,0.00,-999,0.00,-999,0.00,1.162e+06,1.00,0.98,1.00,11.4,1.00,10.284,1.00,29.06,1.00,29.04,1.00,29.02,1.00,29.07,1.00,35.7563,1.00,22.6347,1.00,-999,0.00,-999,0.00,-999,0.00
2010-04-12 00:00:00,2010-04-12 10:00:00,-999,0.00,-999,0.00,-999,0.00,-999,0.00,-999,0.00,-999,0.00,-999,0.00,-999,0.00,-999,0.00,-999,0.00,1.106e+06,1.00,0.96,1.00,12.0,1.00,10.302,1.00,29.08,1.00,29.05,1.00,29.01,1.00,29.09,1.00,35.7655,1.00,22.6322,1.00,-999,0.00,-999,0.00,-999,0.00
2010-04-19 00:00:00,2010-04-19 10:00:00,-999,0.00,-999,0.00,-999,0.00,-999,0.00,-999,0.00,-999,0.00,-999,0.00,-999,0.00,-999,0.00,-999,0.00,1.477e+06,1.00,1.04,1.00,12.6,1.00,10.322,1.00,29.01,1.00,29.00,1.00,28.98,1.00,29.02,1.00,35.7908,1.00,22.6771,1.00,-999,0.00,-999,0.00,-999,0.00
2010-04-26 00:00:00,2010-04-26 10:00:00,-999,0.00,-999,0.00,-999,0.00,-999,0.00,-999,0.00,-999,0.00,-999,0.00,-999,0.00,-999,0.00,-999,0.00,2.893e+06,1.00,1.48,1.00,12.1,1.00,10.290,1.00,28.96,1.00,28.95,1.00,28.93,1.00,28.96,1.00,35.7865,1.00,22.6921,1.00,-999,0.00,-999,0.00,-999,0.00
2010-05-03 00:00:00,2010-05-03 10:00:00,-999,0.00,-999,0.00,-999,0.00,-999,0.00,-999,0.00,-999,0.00,-999,0.00,-999,0.00,-999,0.00,-999,0.00,6.807e+05,1.00,0.81,1.00,10.4,1.00,10.276,1.00,28.94,1.00,28.93,1.00,28.90,1.00,28.94,1.00,35.8411,1.00,22.7391,1.00,-999,0.00,-999,0.00,-999,0.00
2010-05-10 00:00:00,2010-05-10 10:00:00,-999,0.00,-999,0.00,-999,0.00,-999,0.00,-999,0.00,-999,0.00,-999,0.00,-999,0.00,-999,0.00,-999,0.00,2.437e+06,1.00,1.39,1.00,11.2,1.00,10.256,1.00,28.53,1.00,28.52,1.00,28.49,1.00,28.55,1.00,35.9111,1.00,22.9240,1.00,-999,0.00,-999,0.00,-999,0.00
2010-05-17 00:00:00,2010-05-17 10:00:00,-999,0.00,-999,0.00,-999,0.00,-999,0.00,-999,0.00,-999,0.00,-999,0.00,-999,0.00,-999,0.00,-999,0.00,3.055e+06,0.77,1.47,0.77,12.0,0.77,10.223,0.77,27.79,1.00,27.78,1.00,27.78,1.00,27.79,1.00,35.9485,1.00,23.2003,1.00,-999,0.00,-999,0.00,-999,0.00
2010-05-24 00:00:00,2010-05-24 10:00:00,-999,0.00,-999,0.00,-999,0.00,-999,0.00,-999,0.00,-999,0.00,-999,0.00,-999,0.00,-999,0.00,-999,0.00,-999,0.00,-999,0.00,-999,0.00,-999,0.00,27.84,1.00,27.83,1.00,27.82,1.00,27.84,1.00,35.9469,1.00,23.1829,1.00,-999,0.00,-999,0.00,-999,0.00
2010-05-31 00:00:00,2010-05-31 10:00:00,-999,0.00,-999,0.00,-999,0.00,-999,0.00,-999,0.00,-999,0.00,-999,0.00,-999,0.00,-999,0.00,-999,0.00,-999,0.00,-999,0.00,-999,0.00,-999,0.00,27.95,1.00,27.94,1.00,27.94,1.00,27.95,1.00,35.9572,1.00,23.1546,1.00,-999,0.00,-999,0.00,-999,0.00
2010-06-07 00:00:00,2010-06-07 10:00:00,-999,0.00,-999,0.00,-999,0.00,-999,0.00,-999,0.00,-999,0.00,-999,0.00,-999,0.00,-999,0.00,-999,0.00,-999,0.00,-999,0.00,-999,0.00,-999,0.00,27.98,1.00,27.98,1.00,27.97,1.00,27.98,1.00,35.9450,1.00,23.1351,1.00,-999,0.00,-999,0.00,-999,0.00
2010-06-14 00:00:00,2010-06-14 10:00:00,-999,0.00,-999,0.00,-999,0.00,-999,0.00,-999,0.00,-999,0.00,-999,0.00,-999,0.00,-999,0.00,-999,0.00,-999,0.00,-999,0.00,-999,0.00,-999,0.00,27.81,1.00,27.81,1.00,27.80,1.00,27.82,1.00,35.9527,1.00,23.1959,1.00,-999,0.00,-999,0.00,-999,0.00
2010-06-21 00:00:00,2010-06-21 10:00:00,-999,0.00,-999,0.00,-999,0.00,-999,0.00,-999,0.00,-999,0.00,-999,0.00,-999,0.00,-999,0.00,-999,0.00,-999,0.00,-999,0.00,-999,0.00,-999,0.00,27.43,0.99,27.42,0.99,27.41,0.99,27.44,1.00,36.0120,1.00,23.3632,1.00,27.28,0.50,36.0132,0.50,23.4476,0.50
2010-06-28 00:00:00,2010-06-28 10:00:00,-999,0.00,-999,0.00,-999,0.00,-999,0.00,-999,0.00,-999,0.00,-999,0.00,-999,0.00,-999,0.00,-999,0.00,-999,0.00,-999,0.00,-999,0.00,-999,0.00,27.33,1.00,27.32,1.00,27.31,1.00,27.33,1.00,36.0340,1.00,23.4145,1.00,27.31,1.00,36.0009,1.00,23.4279,1.00
2010-07-05 00:00:00,2010-07-05 10:00:00,-999,0.00,-999,0.00,-999,0.00,-999,0.00,-999,0.00,-999,0.00,-999,0.00,-999,0.00,-999,0.00,-999,0.00,-999,0.00,-999,0.00,-999,0.00,-999,0.00,27.41,1.00,27.41,1.00,27.40,1.00,27.41,1.00,36.0114,1.00,23.3712,1.00,27.40,1.00,35.9791,1.00,23.3838,1.00
2010-07-12 00:00:00,2010-07-12 10:00:00,-999,0.00,-999,0.00,-999,0.00,-999,0.00,-999,0.00,-999,0.00,-999,0.00,-999,0.00,-999,0.00,-999,0.00,-999,0.00,-999,0.00,-999,0.00,-999,0.00,27.13,1.00,27.13,1.00,27.12,1.00,27.13,1.00,36.0597,1.00,23.4994,1.00,27.12,1.00,36.0263,1.00,23.5098,1.00
2010-07-19 00:00:00,2010-07-19 10:00:00,-999,0.00,-999,0.00,-999,0.00,-999,0.00,-999,0.00,-999,0.00,-999,0.00,-999,0.00,-999,0.00,-999,0.00,-999,0.00,-999,0.00,-999,0.00,-999,0.00,26.88,1.00,26.88,1.00,26.87,1.00,26.88,1.00,36.0946,1.00,23.6050,1.00,26.87,1.00,36.0615,1.00,23.6153,1.00
2010-07-26 00:00:00,2010-07-26 10:00:00,-999,0.00,-999,0.00,-999,0.00,-999,0.00,-999,0.00,-999,0.00,-999,0.00,-999,0.00,-999,0.00,-999,0.00,-999,0.00,-999,0.00,-999,0.00,-999,0.00,26.91,1.00,26.91,1.00,26.90,1.00,26.91,1.00,36.0972,1.00,23.5991,1.00,26.90,1.00,36.0648,1.00,23.6087,1.00
2010-08-02 00:00:00,2010-08-02 10:00:00,-999,0.00,-999,0.00,-999,0.00,-999,0.00,-999,0.00,-999,0.00,-999,0.00,-999,0.00,-999,0.00,-999,0.00,-999,0.00,-999,0.00,-999,0.00,-999,0.00,26.74,1.00,26.74,1.00,26.72,1.00,26.74,1.00,36.1122,1.00,23.6619,1.00,26.73,1.00,36.0806,1.00,23.6770,1.00
2010-08-09 00:00:00,2010-08-09 10:00:00,-999,0.00,-999,0.00,-999,0.00,-999,0.00,-999,0.00,-999,0.00,-999,0.00,-999,0.00,-999,0.00,-999,0.00,-999,0.00,-999,0.00,-999,0.00,-999,0.00,26.59,1.00,26.59,1.00,26.59,1.00,26.59,1.00,36.1027,1.00,23.7022,1.00,26.59,1.00,36.0697,1.00,23.7114,1.00
2010-08-16 00:00:00,2010-08-16 10:00:00,-999,0.00,-999,0.00,-999,0.00,-999,0.00,-999,0.00,-999,0.00,-999,0.00,-999,0.00,-999,0.00,-999,0.00,1.942e+06,0.50,1.31,0.50,11.0,0.50,10.139,0.49,26.50,1.00,26.49,1.00,26.47,1.00,26.51,1.00,36.1264,1.00,23.7481,1.00,26.48,1.00,36.0966,1.00,23.7678,1.00
2010-08-23 00:00:00,2010-08-23 10:00:00,-999,0.00,-999,0.00,-999,0.00,-999,0.00,-999,0.00,-999,0.00,-999,0.00,-999,0.00,-999,0.00,-999,0.00,3.550e+05,1.00,0.58,1.00,9.7,1.00,10.167,1.00,26.52,1.00,26.51,1.00,26.50,1.00,26.53,1.00,36.1301,1.00,23.7451,1.00,26.50,1.00,36.0988,1.00,23.7608,1.00
2010-08-30 00:00:00,2010-08-30 10:00:00,-999,0.00,-999,0.00,-999,0.00,-999,0.00,-999,0.00,-999,0.00,-999,0.00,-999,0.00,-999,0.00,-999,0.00,4.756e+05,1.00,0.69,1.00,9.6,1.00,10.137,1.00,26.62,1.00,26.60,1.00,26.55,1.00,26.63,1.00,36.1483,1.00,23.7247,1.00,26.57,1.00,36.1225,1.00,23.7570,1.00
2010-09-06 00:00:00,2010-09-06 10:00:00,0.031,0.81,-999,0.00,-0.004,0.81,-999,0.00,0.071,0.81,-999,0.00,4.908e+06,0.79,1.88,0.79,12.5,0.79,157.5,0.79,2.494e+06,1.00,1.30,1.00,10.5,1.00,10.175,1.00,26.46,1.00,26.45,1.00,26.41,1.00,26.47,1.00,36.1824,1.00,23.8006,1.00,26.43,1.00,36.1537,1.00,23.8262,1.00
2010-09-13 00:00:00,2010-09-13 10:00:00,0.022,1.00,-999,0.00,-0.003,1.00,-999,0.00,0.062,1.00,-999,0.00,3.841e+06,1.00,1.76,1.00,9.8,1.00,147.7,1.00,2.594e+06,1.00,1.42,1.00,9.7,1.00,10.108,1.00,26.17,1.00,26.16,1.00,26.15,1.00,26.17,1.00,36.1422,1.00,23.8663,1.00,26.15,1.00,36.1152,1.00,23.8841,1.00
2010-09-20 00:00:00,2010-09-20 10:00:00,0.050,1.00,-999,0.00,-0.000,1.00,-999,0.00,0.081,1.00,-999,0.00,1.632e+06,1.00,1.31,1.00,9.7,1.00,138.4,1.00,6.232e+05,1.00,0.82,1.00,9.3,1.00,10.119,1.00,26.30,1.00,26.29,1.00,26.28,1.00,26.30,1.00,36.1221,1.00,23.8090,1.00,26.28,1.00,36.0945,1.00,23.8282,1.00
2010-09-27 00:00:00,2010-09-27 10:00:00,0.046,1.00,-999,0.00,0.000,1.00,-999,0.00,0.061,1.00,-999,0.00,3.282e+06,1.00,1.73,1.00,11.0,1.00,147.7,1.00,1.678e+06,1.00,1.28,1.00,9.9,1.00,10.166,1.00,26.33,1.00,26.33,1.00,26.32,1.00,26.33,1.00,36.1254,1.00,23.8026,1.00,26.32,1.00,36.0990,1.00,23.8196,1.00
2010-10-04 00:00:00,2010-10-04 10:00:00,0.008,1.00,-999,0.00,0.003,1.00,-999,0.00,0.060,1.00,-999,0.00,1.694e+06,1.00,1.16,1.00,12.4,1.00,157.9,1.00,1.003e+06,1.00,0.89,1.00,11.9,1.00,10.187,1.00,26.32,1.00,26.31,1.00,26.30,1.00,26.33,1.00,36.1150,1.00,23.7967,1.00,26.30,1.00,36.0911,1.00,23.8189,1.00
2010-10-11 00:00:00,2010-10-11 10:00:00,0.029,1.00,-999,0.00,-0.001,1.00,-999,0.00,0.057,1.00,-999,0.00,3.151e+06,1.00,1.78,1.00,10.1,1.00,155.7,1.00,1.949e+06,1.00,1.40,1.00,9.8,1.00,10.159,1.00,26.63,1.00,26.62,1.00,26.60,1.00,26.64,1.00,36.1002,1.00,23.6887,1.00,26.61,1.00,36.0755,1.00,23.7132,1.00
2010-10-18 00:00:00,2010-10-18 10:00:00,0.033,1.00,-999,0.00,0.001,1.00,-999,0.00,0.067,1.00,-999,0.00,1.377e+06,1.00,1.28,1.00,8.3,1.00,133.8,1.00,6.667e+05,1.00,0.82,1.00,8.8,1.00,10.159,1.00,26.60,1.00,26.59,1.00,26.57,1.00,26.61,1.00,36.1350,1.00,23.7248,1.00,26.58,1.00,36.1107,1.00,23.7490,1.00
2010-10-25 00:00:00,2010-10-25 10:00:00,0.034,1.00,-999,0.00,-0.001,1.00,-999,0.00,0.060,1.00,-999,0.00,1.712e+06,1.00,1.09,1.00,12.4,1.00,159.3,1.00,1.328e+06,1.00,0.96,1.00,11.6,1.00,10.198,1.00,26.65,1.00,26.63,1.00,26.60,1.00,26.65,1.00,36.1271,1.00,23.7043,1.00,26.61,1.00,36.1076,1.00,23.7347,1.00
2010-11-01 00:00:00,2010-11-01 10:00:00,0.025,1.00,-999,0.00,-0.005,1.00,-999,0.00,0.067,1.00,-999,0.00,1.464e+06,1.00,1.14,1.00,11.2,1.00,158.4,1.00,7.995e+05,1.00,0.86,1.00,10.6,1.00,10.192,1.00,27.00,1.00,26.93,1.00,26.78,1.00,27.03,1.00,36.1318,1.00,23.5868,1.00,26.86,1.00,36.1214,1.00,23.6678,1.00
2010-11-08 00:00:00,2010-11-08 10:00:00,0.013,1.00,-999,0.00,-0.000,1.00,-999,0.00,0.070,1.00,-999,0.00,1.554e+06,1.00,1.18,1.00,10.8,1.00,149.5,1.00,6.931e+05,1.00,0.82,1.00,10.1,1.00,10.211,1.00,27.19,1.00,27.17,1.00,27.11,1.00,27.20,1.00,36.0952,1.00,23.5046,1.00,27.14,1.00,36.0770,1.00,23.5433,1.00
2010-11-15 00:00:00,2010-11-15 10:00:00,-0.001,1.00,-999,0.00,0.000,1.00,-999,0.00,0.046,1.00,-999,0.00,1.064e+06,1.00,0.92,1.00,12.2,1.00,160.5,1.00,7.946e+05,1.00,0.80,1.00,11.6,1.00,10.237,1.00,27.36,1.00,27.35,1.00,27.33,1.00,27.37,1.00,36.0320,1.00,23.4025,1.00,27.34,1.00,36.0197,1.00,23.4365,1.00
2010-11-22 00:00:00,2010-11-22 10:00:00,0.020,0.53,-999,0.00,-0.002,0.53,-999,0.00,0.054,0.53,-999,0.00,7.743e+05,0.52,0.89,0.52,9.8,0.52,157.6,0.52,3.689e+05,1.00,0.63,1.00,9.2,1.00,10.244,1.00,27.80,1.00,27.78,1.00,27.74,1.00,27.81,1.00,35.9777,1.00,23.2182,1.00,27.76,1.00,35.9693,1.00,23.2621,1.00
2010-11-29 00:00:00,2010-11-29 10:00:00,-999,0.00,-999,0.00,-999,0.00,-999,0.00,-999,0.00,-999,0.00,-999,0.00,-999,0.00,-999,0.00,-999,0.00,6.450e+05,1.00,0.72,1.00,10.8,1.00,10.267,1.00,28.00,1.00,27.99,1.00,27.97,1.00,28.01,1.00,35.9438,1.00,23.1290,1.00,27.98,1.00,35.9425,1.00,23.1700,1.00
2010-12-06 00:00:00,2010-12-06 10:00:00,-999,0.00,-999,0.00,-999,0.00,-999,0.00,-999,0.00,-999,0.00,-999,0.00,-999,0.00,-999,0.00,-999,0.00,5.237e+05,1.00,0.68,1.00,11.1,1.00,10.262,1.00,28.05,1.00,28.04,1.00,28.02,1.00,28.09,0.64,35.8123,0.64,23.0010,0.64,28.03,1.00,35.9346,1.00,23.1475,1.00
2010-12-13 00:00:00,2010-12-13 10:00:00,-999,0.00,-999,0.00,-999,0.00,-999,0.00,-999,0.00,-999,0.00,-999,0.00,-999,0.00,-999,0.00,-999,0.00,6.692e+05,1.00,0.75,1.00,10.5,1.00,10.272,1.00,28.15,1.00,28.14,1.00,28.11,1.00,-999,0.00,-999,0.00,-999,0.00,28.13,1.00,35.9501,1.00,23.1276,1.00
2010-12-20 00:00:00,2010-12-20 10:00:00,-999,0.00,-999,0.00,-999,0.00,-999,0.00,-999,0.00,-999,0.00,-999,0.00,-999,0.00,-999,0.00,-999,0.00,2.307e+05,1.00,0.52,1.00,8.5,1.00,10.258,1.00,28.22,1.00,28.21,1.00,28.19,1.00,-999,0.00,-999,0.00,-999,0.00,28.20,1.00,35.9480,1.00,23.1004,1.00
2010-12-27 00:00:00,2010-12-27 10:00:00,-999,0.00,-999,0.00,-999,0.00,-999,0.00,-999,0.00,-999,0.00,6.125e+05,0.02,0.84,0.02,8.8,0.02,156.0,0.02,6.070e+05,1.00,0.77,1.00,9.7,1.00,10.258,1.00,27.98,1.00,27.96,1.00,27.94,1.00,-999,0.00,-999,0.00,-999,0.00,27.95,1.00,35.9814,1.00,23.2089,1.00
2011-01-03 00:00:00,2011-01-03 10:00:00,-999,0.00,-999,0.00,-999,0.00,-999,0.00,-999,0.00,-999,0.00,-999,0.00,-999,0.00,-999,0.00,-999,0.00,3.475e+05,1.00,0.58,1.00,9.6,1.00,10.243,1.00,28.00,1.00,27.99,1.00,27.98,1.00,-999,0.00,-999,0.00,-999,0.00,27.96,0.61,35.9736,0.61,23.2000,0.61
2011-01-10 00:00:00,2011-01-10 10:00:00,-999,0.00,-999,0.00,-999,0.00,-999,0.00,-999,0.00,-999,0.00,-999,0.00,-999,0.00,-999,0.00,-999,0.00,5.448e+05,1.00,0.78,1.00,8.4,1.00,10.213,1.00,27.82,1.00,27.81,1.00,27.80,1.00,-999,0.00,-999,0.00,-999,0.00,-999,0.00,-999,0.00,-999,0.00
2011-01-17 00:00:00,2011-01-17 10:00:00,0.014,0.66,-0.059,0.65,0.002,0.66,0.047,0.65,0.069,0.66,0.123,0.65,6.776e+05,0.66,0.75,0.66,12.1,0.66,163.8,0.66,5.591e+05,1.62,0.75,1.62,9.9,1.62,10.255,0.96,27.58,0.97,27.58,0.98,27.57,0.98,27.51,0.66,35.9792,0.66,23.3166,0.66,27.50,0.66,36.1012,0.66,23.4447,0.66
2011-01-24 00:00:00,2011-01-24 10:00:00,0.030,1.00,-0.053,0.97,0.001,1.00,0.052,0.97,0.066,1.00,0.108,0.97,6.014e+05,1.00,0.73,1.00,10.9,1.00,169.7,1.00,6.295e+05,1.94,0.79,1.94,9.7,1.94,10.226,0.97,27.57,1.00,27.56,1.00,27.53,1.00,27.58,1.00,35.9905,1.00,23.3026,1.00,27.54,1.00,36.1091,1.00,23.4355,1.00
2011-01-31 00:00:00,2011-01-31 10:00:00,0.024,1.00,-0.047,0.97,0.000,1.00,0.065,0.97,0.065,1.00,0.123,0.97,9.208e+05,1.00,0.83,1.00,12.0,1.00,162.3,1.00,7.597e+05,2.00,0.85,2.00,9.8,2.00,10.236,1.00,27.87,1.00,27.85,1.00,27.83,1.00,27.88,1.00,35.9811,1.00,23.1966,1.00,27.84,1.00,36.1005,1.00,23.3323,1.00
2011-02-07 00:00:00,2011-02-07 10:00:00,0.032,1.00,-0.036,0.97,0.001,1.00,0.051,0.97,0.060,1.00,0.101,0.97,5.121e+05,1.00,0.70,1.00,10.6,1.00,154.7,1.00,4.995e+05,2.00,0.73,2.00,9.2,2.00,10.236,1.00,27.57,1.00,27.57,1.00,27.56,1.00,27.57,1.00,36.0227,1.00,23.3283,1.00,27.56,1.00,36.1450,1.00,23.4565,1.00
2011-02-14 00:00:00,2011-02-14 10:00:00,0.017,1.00,-0.077,0.97,-0.002,1.00,0.048,0.97,0.046,1.00,0.107,0.97,9.548e+05,1.00,0.88,1.00,11.8,1.00,170.3,1.00,1.042e+06,2.00,0.93,2.00,10.8,2.00,10.230,1.00,27.62,1.00,27.61,1.00,27.59,1.00,27.63,1.00,36.1421,1.00,23.3992,1.00,27.60,1.00,36.2625,1.00,23.5341,1.00
2011-02-21 00:00:00,2011-02-21 10:00:00,0.006,1.00,-0.066,0.95,0.001,1.00,0.051,0.95,0.051,1.00,0.103,0.95,8.749e+05,1.00,0.86,1.00,11.7,1.00,156.6,1.00,9.592e+05,2.00,0.92,2.00,11.1,2.00,10.238,1.00,27.66,1.00,27.65,1.00,27.63,1.00,27.67,1.00,36.2118,1.00,23.4400,1.00,27.64,1.00,36.3276,1.00,23.5680,1.00
2011-02-28 00:00:00,2011-02-28 10:00:00,0.005,1.00,-0.079,0.98,-0.000,1.00,0.043,0.98,0.048,1.00,0.106,0.98,5.554e+05,1.00,0.68,1.00,11.0,1.00,157.3,1.00,6.210e+05,2.00,0.72,2.00,10.5,2.00,10.238,1.00,27.68,1.00,27.67,1.00,27.66,1.00,27.69,1.00,36.2244,1.00,23.4430,1.00,27.66,1.00,36.3427,1.00,23.5720,1.00
2011-03-07 00:00:00,2011-03-07 10:00:00,-0.004,1.00,-0.068,0.92,0.000,1.00,0.041,0.92,0.036,1.00,0.105,0.92,7.993e+05,1.00,0.75,1.00,13.0,1.00,167.4,1.00,8.317e+05,2.00,0.78,2.00,12.0,2.00,10.245,1.00,27.84,1.00,27.81,1.00,27.77,1.00,27.85,1.00,36.2015,1.00,23.3719,1.00,27.79,1.00,36.3242,1.00,23.5159,1.00
2011-03-14 00:00:00,2011-03-14 10:00:00,0.018,1.00,-0.030,0.95,0.001,1.00,0.076,0.95,0.044,1.00,0.110,0.95,1.354e+06,1.00,1.03,1.00,12.0,1.00,167.6,1.00,1.458e+06,2.00,1.11,2.00,11.4,2.00,10.270,1.00,27.80,1.00,27.79,1.00,27.78,1.00,27.80,1.00,36.2418,1.00,23.4194,1.00,27.79,1.00,36.3622,1.00,23.5471,1.00
2011-03-21 00:00:00,2011-03-21 10:00:00,-0.008,1.00,-0.076,0.89,-0.001,1.00,0.053,0.89,0.041,1.00,0.113,0.89,1.153e+06,1.00,0.90,1.00,13.9,1.00,172.2,1.00,1.194e+06,2.00,0.98,2.00,12.2,2.00,10.283,1.00,27.95,1.00,27.93,1.00,27.90,1.00,27.96,1.00,36.1843,1.00,23.3227,1.00,27.92,1.00,36.3205,1.00,23.4726,1.00
2011-03-28 00:00:00,2011-03-28 10:00:00,0.022,1.00,0.003,0.93,0.001,1.00,0.092,0.93,0.047,1.00,0.129,0.93,1.429e+06,1.00,1.01,1.00,13.5,1.00,172.7,1.00,1.621e+06,2.00,1.11,2.00,12.5,2.00,10.281,1.00,28.13,1.00,28.11,1.00,28.09,1.00,28.14,1.00,36.1267,1.00,23.2219,1.00,28.10,1.00,36.2550,1.00,23.3627,1.00
2011-04-04 00:00:00,2011-04-04 10:00:00,0.036,1.00,0.021,0.91,0.002,1.00,0.087,0.91,0.054,1.00,0.127,0.91,1.286e+06,1.00,0.99,1.00,12.5,1.00,166.1,1.00,1.551e+06,2.00,1.11,2.00,12.0,2.00,10.266,1.00,27.99,1.00,27.98,1.00,27.97,1.00,27.99,1.00,36.1366,1.00,23.2783,1.00,27.97,1.00,36.2586,1.00,23.4076,1.00
2011-04-11 00:00:00,2011-04-11 10:00:00,0.023,1.00,-0.036,0.89,0.002,1.00,0.054,0.89,0.057,1.00,0.097,0.89,1.380e+06,1.00,0.95,1.00,13.9,1.00,171.8,1.00,1.655e+06,2.00,1.08,2.00,12.8,2.00,10.282,1.00,27.96,1.00,27.95,1.00,27.94,1.00,27.96,1.00,36.1642,1.00,23.3088,1.00,27.95,1.00,36.2869,1.00,23.4380,1.00
2011-04-18 00:00:00,2011-04-18 10:00:00,0.008,1.00,-0.068,0.99,0.002,1.00,0.049,0.99,0.066,1.00,0.109,0.99,6.503e+05,1.00,0.71,1.00,10.9,1.00,149.1,1.00,7.008e+05,2.00,0.77,2.00,10.1,2.00,10.271,1.00,27.87,1.00,27.87,1.00,27.86,1.00,27.88,1.00,36.2084,1.00,23.3697,1.00,27.86,1.00,36.3322,1.00,23.4989,1.00
2011-04-25 00:00:00,2011-04-25 10:00:00,0.036,1.00,-0.037,0.98,0.002,1.00,0.035,0.98,0.068,1.00,0.092,0.98,6.741e+05,1.00,0.71,1.00,12.4,1.00,169.5,1.00,8.464e+05,2.00,0.82,2.00,11.7,2.00,10.265,1.00,27.86,1.00,27.85,1.00,27.84,1.00,27.86,1.00,36.2162,1.00,23.3802,1.00,27.85,1.00,36.3386,1.00,23.5089,1.00
2011-05-02 00:00:00,2011-05-02 10:00:00,0.028,1.00,0.086,0.96,0.001,1.00,0.113,0.96,0.058,1.00,0.178,0.96,3.404e+06,1.00,1.67,1.00,11.6,1.00,181.4,1.00,4.096e+06,2.00,1.89,2.00,11.0,2.00,10.252,1.00,27.62,1.00,27.62,1.00,27.62,1.00,27.62,1.00,36.1798,1.00,23.4316,1.00,27.62,1.00,36.3108,1.00,23.5636,1.00
2011-05-09 00:00:00,2011-05-09 10:00:00,0.021,1.00,-0.029,0.95,0.001,1.00,0.057,0.95,0.055,1.00,0.132,0.95,1.778e+06,1.00,1.14,1.00,11.9,1.00,173.4,1.00,2.470e+06,2.00,1.35,2.00,11.6,2.00,10.215,1.00,27.46,1.00,27.46,1.00,27.45,1.00,27.47,1.00,36.2181,1.00,23.5105,1.00,27.45,1.00,36.3448,1.00,23.6420,1.00
2011-05-16 00:00:00,2011-05-16 10:00:00,0.019,1.00,0.013,0.89,0.003,1.00,0.083,0.89,0.051,1.00,0.130,0.89,1.605e+06,1.00,1.08,1.00,12.8,1.00,165.6,1.00,2.061e+06,2.00,1.25,2.00,11.7,2.00,10.224,1.00,27.42,1.00,27.41,1.00,27.41,1.00,27.42,1.00,36.2231,1.00,23.5292,1.00,27.41,1.00,36.3507,1.00,23.6601,1.00
2011-05-23 00:00:00,2011-05-23 10:00:00,0.006,1.00,-0.040,0.97,0.002,1.00,0.054,0.97,0.053,1.00,0.117,0.97,1.274e+06,0.98,0.94,0.98,14.1,0.98,166.8,0.98,1.234e+06,2.00,0.99,2.00,12.5,2.00,10.205,1.00,27.33,1.00,27.32,1.00,27.32,1.00,27.33,1.00,36.2395,1.00,23.5713,1.00,27.32,1.00,36.3671,1.00,23.7018,1.00
2011-05-30 00:00:00,2011-05-30 10:00:00,-0.017,1.00,-0.024,0.80,0.001,1.00,0.064,0.80,0.053,1.00,0.129,0.80,1.993e+06,1.00,1.11,1.00,13.9,1.00,170.0,1.00,2.206e+06,2.00,1.23,2.00,12.6,2.00,10.195,1.00,27.14,1.00,27.14,1.00,27.14,1.00,27.14,1.00,36.1966,1.00,23.5993,1.00,27.14,1.00,36.3261,1.00,23.7294,1.00
2011-06-06 00:00:00,2011-06-06 10:00:00,0.012,1.00,-0.009,0.96,0.002,1.00,0.084,0.96,0.067,1.00,0.161,0.96,2.607e+06,1.00,1.48,1.00,11.2,1.00,176.9,1.00,3.026e+06,2.00,1.68,2.00,10.2,2.00,10.192,1.00,26.72,1.00,26.72,1.00,26.72,1.00,26.72,1.00,36.2296,1.00,23.7581,1.00,26.72,1.00,36.3571,1.00,23.8877,1.00
2011-06-13 00:00:00,2011-06-13 10:00:00,0.036,1.00,-0.022,0.81,0.000,1.00,0.039,0.81,0.065,1.00,0.112,0.81,1.105e+06,1.00,0.86,1.00,13.3,1.00,168.3,1.00,1.281e+06,2.00,0.96,2.00,11.9,2.00,10.187,1.00,26.74,1.00,26.74,1.00,26.73,1.00,26.75,1.00,36.1888,1.00,23.7199,1.00,26.73,1.00,36.3169,1.00,23.8535,1.00
2011-06-20 00:00:00,2011-06-20 10:00:00,0.045,1.00,-0.010,0.92,0.003,1.00,0.060,0.92,0.075,1.00,0.127,0.92,1.671e+06,1.00,1.01,1.00,12.6,1.00,165.8,1.00,1.766e+06,2.00,1.11,2.00,10.9,2.00,10.199,1.00,26.85,1.00,26.84,1.00,26.84,1.00,26.85,1.00,36.2332,1.00,23.7201,1.00,26.84,1.00,36.3584,1.00,23.8500,1.00
2011-06-27 00:00:00,2011-06-27 10:00:00,0.009,1.00,0.001,0.82,0.002,1.00,0.064,0.82,0.041,1.00,0.120,0.82,1.625e+06,1.00,0.99,1.00,12.6,1.00,170.6,1.00,1.788e+06,2.00,1.09,2.00,11.6,2.00,10.222,1.00,26.85,1.00,26.85,1.00,26.85,1.00,26.86,1.00,36.2770,1.00,23.7513,1.00,26.85,1.00,36.4029,1.00,23.8795,1.00
2011-07-04 00:00:00,2011-07-04 10:00:00,0.024,0.86,0.014,0.63,0.005,0.86,0.116,0.63,0.068,0.86,0.183,0.63,3.362e+06,0.82,1.53,0.82,13.0,0.82,160.4,0.82,2.690e+06,2.00,1.47,2.00,10.9,2.00,10.213,1.00,26.71,1.00,26.71,1.00,26.70,1.00,26.71,1.00,36.2715,1.00,23.7926,1.00,26.71,1.00,36.4098,1.00,23.9313,1.00
2011-07-11 00:00:00,2011-07-11 10:00:00,0.010,1.00,-999,0.00,0.001,1.00,-999,0.00,0.055,1.00,-999,0.00,1.621e+06,1.00,1.33,1.00,9.1,1.00,146.9,1.00,8.233e+05,2.00,0.93,2.00,9.2,2.00,10.207,1.00,26.58,1.00,26.58,1.00,26.57,1.00,26.58,1.00,36.2807,1.00,23.8407,1.00,26.57,1.00,36.4018,1.00,23.9675,1.00
2011-07-18 00:00:00,2011-07-18 10:00:00,0.009,1.00,-999,0.00,0.004,1.00,-999,0.00,0.055,1.00,-999,0.00,1.589e+06,1.00,1.18,1.00,11.7,1.00,144.4,1.00,8.169e+05,1.67,0.86,1.67,11.0,1.67,10.239,0.93,26.40,0.98,26.40,0.99,26.39,0.99,26.40,1.00,36.2798,1.00,23.8977,1.00,26.39,1.00,36.4023,1.00,24.0250,1.00
2011-07-25 00:00:00,2011-07-25 10:00:00,0.005,1.00,-999,0.00,0.000,1.00,-999,0.00,0.031,1.00,-999,0.00,3.238e+06,1.00,1.49,1.00,13.0,1.00,153.1,1.00,1.796e+06,1.00,1.18,1.00,11.6,1.00,10.303,1.00,26.37,1.00,26.36,1.00,26.35,1.00,26.38,1.00,36.2512,1.00,23.8829,1.00,26.35,1.00,36.3790,1.00,24.0199,1.00
2011-08-01 00:00:00,2011-08-01 10:00:00,-0.005,1.00,-999,0.00,0.003,1.00,-999,0.00,0.039,1.00,-999,0.00,2.082e+06,1.00,1.23,1.00,13.5,1.00,152.2,1.00,1.430e+06,1.00,1.04,1.00,12.8,1.00,10.333,1.00,26.31,1.00,26.33,0.51,26.30,1.00,26.31,1.00,36.2381,1.00,23.8950,1.00,26.30,1.00,36.3674,1.00,24.0287,1.00
2011-08-08 00:00:00,2011-08-08 10:00:00,0.026,0.99,-999,0.00,0.004,0.99,-999,0.00,0.048,0.99,-999,0.00,1.935e+06,0.98,1.19,0.98,13.1,0.98,151.7,0.98,1.549e+06,1.00,1.07,1.00,12.6,1.00,10.316,1.00,26.34,1.00,-999,0.00,26.33,1.00,26.35,1.00,36.2379,1.00,23.8836,1.00,26.34,1.00,36.3684,1.00,24.0178,1.00
2011-08-15 00:00:00,2011-08-15 10:00:00,0.023,1.00,-999,0.00,0.003,1.00,-999,0.00,0.047,1.00,-999,0.00,1.327e+06,1.00,1.00,1.00,12.4,1.00,148.8,1.00,8.374e+05,1.00,0.80,1.00,11.8,1.00,10.325,1.00,26.36,1.00,-999,0.00,26.33,1.00,26.37,1.00,36.2576,1.00,23.8924,1.00,26.33,1.00,36.3881,1.00,24.0328,1.00
2011-08-22 00:00:00,2011-08-22 10:00:00,-0.003,1.00,-999,0.00,0.002,1.00,-999,0.00,0.038,1.00,-999,0.00,6.138e+06,1.00,2.00,1.00,14.1,1.00,154.6,1.00,4.614e+06,1.00,1.74,1.00,13.2,1.00,10.292,1.00,26.18,1.00,-999,0.00,26.16,1.00,26.18,1.00,36.2651,1.00,23.9569,1.00,26.16,1.00,36.3976,1.00,24.0943,1.00
2011-08-29 00:00:00,2011-08-29 10:00:00,0.007,1.00,-999,0.00,0.002,1.00,-999,0.00,0.057,1.00,-999,0.00,1.713e+06,1.00,1.20,1.00,11.6,1.00,151.5,1.00,1.174e+06,1.00,0.96,1.00,11.4,1.00,10.306,1.00,26.27,1.00,-999,0.00,26.24,1.00,26.27,1.00,36.2516,1.00,23.9175,1.00,26.24,1.00,36.3852,1.00,24.0596,1.00
2011-09-05 00:00:00,2011-09-05 10:00:00,0.023,1.00,-999,0.00,0.004,1.00,-999,0.00,0.061,1.00,-999,0.00,2.758e+06,1.00,1.49,1.00,12.1,1.00,149.9,1.00,1.807e+06,1.00,1.22,1.00,11.5,1.00,10.294,1.00,26.30,1.00,-999,0.00,26.29,1.00,26.31,1.00,36.2891,1.00,23.9350,1.00,26.29,1.00,36.4221,1.00,24.0722,1.00
2011-09-12 00:00:00,2011-09-12 10:00:00,0.018,1.00,-999,0.00,0.002,1.00,-999,0.00,0.047,1.00,-999,0.00,8.993e+05,1.00,0.96,1.00,10.3,1.00,131.3,1.00,4.757e+05,1.00,0.66,1.00,10.9,1.00,10.272,1.00,26.43,1.00,-999,0.00,26.39,1.00,26.44,1.00,36.3206,1.00,23.9182,1.00,26.40,1.00,36.4538,1.00,24.0606,1.00
2011-09-19 00:00:00,2011-09-19 10:00:00,0.018,1.00,-999,0.00,0.003,1.00,-999,0.00,0.059,1.00,-999,0.00,9.035e+05,1.00,1.03,1.00,8.6,1.00,119.1,1.00,3.413e+05,1.00,0.57,1.00,10.2,1.00,10.322,1.00,26.49,1.00,-999,0.00,26.46,1.00,26.49,1.00,36.2881,1.00,23.8750,1.00,26.47,1.00,36.4208,1.00,24.0145,1.00
2011-09-26 00:00:00,2011-09-26 10:00:00,0.032,1.00,-999,0.00,0.006,1.00,-999,0.00,0.068,1.00,-999,0.00,1.518e+06,1.00,1.13,1.00,10.5,1.00,127.6,1.00,8.968e+05,1.00,0.75,1.00,11.2,1.00,10.349,1.00,26.45,1.00,-999,0.00,26.42,1.00,26.46,1.00,36.3223,1.00,23.9126,1.00,26.43,1.00,36.4561,1.00,24.0540,1.00
2011-10-03 00:00:00,2011-10-03 10:00:00,0.016,1.00,-999,0.00,0.002,1.00,-999,0.00,0.036,1.00,-999,0.00,2.454e+06,1.00,1.44,1.00,11.8,1.00,151.8,1.00,1.658e+06,1.00,1.21,1.00,11.2,1.00,10.341,1.00,26.49,1.00,-999,0.00,26.47,1.00,26.50,1.00,36.3000,1.00,23.8828,1.00,26.48,1.00,36.4352,1.00,24.0240,1.00
2011-10-10 00:00:00,2011-10-10 10:00:00,0.012,1.00,-999,0.00,-0.001,1.00,-999,0.00,0.041,1.00,-999,0.00,3.519e+06,1.00,1.76,1.00,10.1,1.00,152.6,1.00,2.123e+06,1.00,1.35,1.00,10.6,1.00,10.318,1.00,26.59,1.00,-999,0.00,26.57,1.00,26.60,1.00,36.3046,1.00,23.8551,1.00,26.57,1.00,36.4386,1.00,23.9956,1.00
2011-10-17 00:00:00,2011-10-17 10:00:00,0.011,1.00,-999,0.00,0.004,1.00,-999,0.00,0.051,1.00,-999,0.00,1.946e+06,1.00,1.49,1.00,8.5,1.00,133.3,1.00,8.596e+05,1.00,0.95,1.00,9.0,1.00,10.291,1.00,26.36,1.00,-999,0.00,26.34,1.00,26.36,1.00,36.3249,1.00,23.9445,1.00,26.35,1.00,36.4594,1.00,24.0838,1.00
2011-10-24 00:00:00,2011-10-24 10:00:00,0.008,1.00,-999,0.00,0.003,1.00,-999,0.00,0.056,1.00,-999,0.00,1.684e+06,1.00,1.18,1.00,11.9,1.00,142.1,1.00,6.989e+05,1.00,0.76,1.00,11.4,1.00,10.342,1.00,26.47,1.00,-999,0.00,26.41,1.00,26.49,1.00,36.3567,1.00,23.9310,1.00,26.43,1.00,36.4897,1.00,24.0812,1.00
2011-10-31 00:00:00,2011-10-31 10:00:00,0.030,1.00,-999,0.00,0.006,1.00,-999,0.00,0.054,1.00,-999,0.00,1.039e+06,1.00,0.89,1.00,12.3,1.00,150.5,1.00,7.586e+05,1.00,0.76,1.00,12.2,1.00,10.320,1.00,26.32,1.00,-999,0.00,26.32,1.00,26.32,1.00,36.2779,1.00,23.9227,1.00,26.32,1.00,36.4226,1.00,24.0652,1.00
2011-11-07 00:00:00,2011-11-07 10:00:00,0.001,0.39,-999,0.00,-0.000,0.39,-999,0.00,0.064,0.39,-999,0.00,4.792e+05,0.36,0.74,0.36,9.2,0.36,130.2,0.36,2.929e+05,1.00,0.52,1.00,10.9,1.00,10.328,1.00,26.76,1.00,-999,0.00,26.71,1.00,26.78,1.00,36.2496,1.00,23.7565,1.00,26.72,1.00,36.3973,1.00,23.9176,1.00
2011-11-14 00:00:00,2011-11-14 10:00:00,-999,0.00,-999,0.00,-999,0.00,-999,0.00,-999,0.00,-999,0.00,-999,0.00,-999,0.00,-999,0.00,-999,0.00,5.088e+05,1.00,0.63,1.00,10.6,1.00,10.361,1.00,27.10,1.00,-999,0.00,27.03,1.00,27.12,1.00,36.2667,1.00,23.6616,1.00,27.05,1.00,36.4111,1.00,23.8223,1.00
2011-11-21 00:00:00,2011-11-21 10:00:00,-999,0.00,-999,0.00,-999,0.00,-999,0.00,-999,0.00,-999,0.00,-999,0.00,-999,0.00,-999,0.00,-999,0.00,5.665e+05,1.00,0.67,1.00,10.7,1.00,10.346,1.00,27.31,1.00,-999,0.00,27.22,1.00,27.32,1.00,36.2655,1.00,23.5942,1.00,27.25,1.00,36.4088,1.00,23.7575,1.00
2011-11-28 00:00:00,2011-11-28 10:00:00,-999,0.00,-999,0.00,-999,0.00,-999,0.00,-999,0.00,-999,0.00,-999,0.00,-999,0.00,-999,0.00,-999,0.00,6.222e+05,1.00,0.73,1.00,10.8,1.00,10.329,1.00,27.08,1.00,-999,0.00,26.96,1.00,27.10,1.00,36.3094,1.00,23.6981,1.00,27.00,1.00,36.4542,1.00,23.8707,1.00
2011-12-05 00:00:00,2011-12-05 10:00:00,-999,0.00,-999,0.00,-999,0.00,-999,0.00,-999,0.00,-999,0.00,-999,0.00,-999,0.00,-999,0.00,-999,0.00,6.646e+05,1.00,0.78,1.00,10.4,1.00,10.298,1.00,27.37,1.00,-999,0.00,27.31,1.00,27.39,1.00,36.3342,1.00,23.6248,1.00,27.33,1.00,36.4732,1.00,23.7788,1.00
2011-12-12 00:00:00,2011-12-12 10:00:00,-999,0.00,-999,0.00,-999,0.00,-999,0.00,-999,0.00,-999,0.00,-999,0.00,-999,0.00,-999,0.00,-999,0.00,4.084e+05,1.00,0.62,1.00,10.5,1.00,10.290,1.00,27.75,1.00,-999,0.00,27.64,1.00,27.78,1.00,36.3064,1.00,23.4765,1.00,27.68,1.00,36.4509,1.00,23.6503,1.00
2011-12-19 00:00:00,2011-12-19 10:00:00,-999,0.00,-999,0.00,-999,0.00,-999,0.00,-999,0.00,-999,0.00,-999,0.00,-999,0.00,-999,0.00,-999,0.00,3.701e+05,1.00,0.59,1.00,10.3,1.00,10.328,1.00,27.71,1.00,-999,0.00,27.64,1.00,27.73,1.00,36.2422,1.00,23.4445,1.00,27.67,1.00,36.3807,1.00,23.5995,1.00
2011-12-26 00:00:00,2011-12-26 10:00:00,-999,0.00,-999,0.00,-999,0.00,-999,0.00,-999,0.00,-999,0.00,4.453e+05,0.02,1.09,0.02,3.8,0.02,82.0,0.02,2.676e+05,1.00,0.50,1.00,9.5,1.00,10.334,1.00,27.66,1.00,-999,0.00,27.62,1.00,27.67,1.00,36.1668,1.00,23.4076,1.00,27.64,1.00,36.3071,1.00,23.5548,1.00
2012-01-02 00:00:00,2012-01-02 10:00:00,0.019,0.27,-999,0.00,0.005,0.27,-999,0.00,0.058,0.27,-999,0.00,7.596e+05,0.27,0.84,0.27,10.9,0.27,142.9,0.27,2.978e+05,1.00,0.51,1.00,10.5,1.00,10.328,1.00,27.92,1.00,-999,0.00,27.90,1.00,27.92,1.00,36.1619,1.00,23.3216,1.00,27.91,1.00,36.3052,1.00,23.4657,1.00
2012-01-09 00:00:00,2012-01-09 10:00:00,0.023,0.08,-999,0.00,0.004,0.08,-999,0.00,0.049,0.08,-999,0.00,6.478e+05,0.07,0.77,0.07,10.6,0.07,149.8,0.07,7.514e+05,1.00,0.78,1.00,11.4,1.00,10.345,1.00,27.31,1.00,-999,0.00,27.29,1.00,27.31,1.00,36.0078,1.00,23.4027,1.00,27.30,1.00,36.1575,1.00,23.5523,1.00
2012-01-16 00:00:00,2012-01-16 10:00:00,0.016,0.94,-0.047,0.84,0.001,0.94,0.031,0.84,0.054,0.94,0.100,0.84,6.787e+05,0.93,0.72,0.93,11.9,0.93,171.6,0.93,6.319e+05,0.92,0.71,0.92,10.8,0.92,10.250,0.92,27.42,1.00,-999,0.00,27.38,1.00,27.43,1.00,36.0178,1.00,23.3719,1.00,27.39,1.00,36.1905,1.00,23.5484,1.00
2012-01-23 00:00:00,2012-01-23 10:00:00,0.017,1.00,-0.009,0.78,-0.001,1.00,0.035,0.78,0.065,1.00,0.091,0.78,3.353e+05,1.00,0.53,1.00,11.4,1.00,166.1,1.00,3.657e+05,1.00,0.56,1.00,10.6,1.00,10.287,1.00,27.99,1.00,-999,0.00,27.85,1.00,28.03,1.00,35.9984,1.00,23.1632,1.00,27.89,1.00,36.1785,1.00,23.3747,1.00
2012-01-30 00:00:00,2012-01-30 10:00:00,0.018,1.00,-0.015,0.98,0.002,1.00,-0.027,0.98,0.054,1.00,0.083,0.98,3.902e+05,1.00,0.57,1.00,11.5,1.00,172.5,1.00,4.402e+05,1.00,0.61,1.00,11.5,1.00,10.292,1.00,27.90,1.00,-999,0.00,27.83,1.00,27.91,1.00,35.9966,1.00,23.2002,1.00,27.86,1.00,36.1783,1.00,23.3864,1.00
2012-02-06 00:00:00,2012-02-06 10:00:00,0.024,1.00,0.031,0.81,-0.000,1.00,0.031,0.81,0.075,1.00,0.089,0.81,2.276e+05,1.00,0.43,1.00,11.9,1.00,173.1,1.00,2.442e+05,1.00,0.45,1.00,11.2,1.00,10.253,1.00,28.19,1.00,-999,0.00,28.06,1.00,28.23,1.00,36.0314,1.00,23.1223,1.00,28.11,1.00,36.2241,1.00,23.3394,1.00
2012-02-13 00:00:00,2012-02-13 10:00:00,0.049,1.00,0.033,0.92,-0.001,1.00,0.040,0.92,0.089,1.00,0.096,0.92,6.118e+05,1.00,0.65,1.00,13.4,1.00,170.9,1.00,6.067e+05,1.00,0.69,1.00,11.9,1.00,10.246,1.00,28.62,1.00,-999,0.00,28.40,1.00,28.67,1.00,36.0141,1.00,22.9627,1.00,28.49,1.00,36.2079,1.00,23.2002,1.00
2012-02-20 00:00:00,2012-02-20 10:00:00,0.034,1.00,0.001,0.90,0.001,1.00,0.067,0.90,0.077,1.00,0.114,0.90,8.280e+05,1.00,0.83,1.00,11.3,1.00,168.0,1.00,8.338e+05,1.00,0.87,1.00,10.1,1.00,10.276,1.00,28.92,1.00,-999,0.00,28.76,1.00,28.95,1.00,36.0447,1.00,22.8937,1.00,28.83,1.00,36.2287,1.00,23.1033,1.00
2012-02-27 00:00:00,2012-02-27 10:00:00,0.018,1.00,-0.010,0.94,0.000,1.00,0.084,0.94,0.052,1.00,0.125,0.94,1.415e+06,1.00,1.06,1.00,11.1,1.00,167.2,1.00,1.485e+06,1.00,1.13,1.00,10.2,1.00,10.293,1.00,29.10,1.00,-999,0.00,29.05,1.00,29.12,1.00,36.1683,1.00,22.9276,1.00,29.06,1.00,36.3462,1.00,23.1130,1.00
2012-03-05 00:00:00,2012-03-05 10:00:00,0.042,1.00,0.098,0.91,-0.002,1.00,0.120,0.91,0.067,1.00,0.173,0.91,1.583e+06,1.00,1.12,1.00,11.5,1.00,159.3,1.00,1.762e+06,1.00,1.25,1.00,10.5,1.00,10.327,1.00,29.33,1.00,-999,0.00,29.24,1.00,29.34,1.00,36.1353,1.00,22.8289,1.00,29.28,1.00,36.3279,1.00,23.0268,1.00
2012-03-12 00:00:00,2012-03-12 10:00:00,0.031,1.00,0.026,0.94,-0.001,1.00,0.079,0.94,0.085,1.00,0.128,0.94,1.243e+06,1.00,1.01,1.00,12.2,1.00,157.9,1.00,1.237e+06,1.00,1.09,1.00,10.3,1.00,10.315,1.00,28.85,1.00,-999,0.00,28.78,1.00,28.86,1.00,35.9234,1.00,22.8326,1.00,28.82,1.00,36.1502,1.00,23.0483,1.00
2012-03-19 00:00:00,2012-03-19 10:00:00,0.030,1.00,0.003,0.94,0.001,1.00,0.064,0.94,0.070,1.00,0.133,0.94,1.737e+06,1.00,1.06,1.00,13.7,1.00,180.6,1.00,1.553e+06,1.00,1.12,1.00,11.1,1.00,10.263,1.00,28.31,1.00,-999,0.00,28.26,1.00,28.33,1.00,35.9937,1.00,23.0621,1.00,28.28,1.00,36.1889,1.00,23.2551,1.00
2012-03-26 00:00:00,2012-03-26 10:00:00,0.040,1.00,-0.030,0.85,0.001,1.00,0.056,0.85,0.073,1.00,0.114,0.85,2.018e+06,1.00,1.12,1.00,13.7,1.00,181.9,1.00,2.216e+06,1.00,1.22,1.00,12.5,1.00,10.252,1.00,28.64,1.00,-999,0.00,28.54,1.00,28.67,1.00,36.0401,1.00,22.9841,1.00,28.58,1.00,36.2266,1.00,23.1859,1.00
2012-04-02 00:00:00,2012-04-02 10:00:00,0.013,1.00,0.092,0.89,-0.001,1.00,0.113,0.89,0.062,1.00,0.160,0.89,1.790e+06,1.00,1.13,1.00,13.1,1.00,168.1,1.00,1.798e+06,1.00,1.20,1.00,12.0,1.00,10.265,1.00,28.78,1.00,-999,0.00,28.70,1.00,28.79,1.00,36.0379,1.00,22.9416,1.00,28.73,1.00,36.2215,1.00,23.1300,1.00
2012-04-09 00:00:00,2012-04-09 10:00:00,0.021,1.00,0.043,0.87,0.002,1.00,0.091,0.87,0.060,1.00,0.133,0.87,1.722e+06,1.00,1.16,1.00,11.8,1.00,183.0,1.00,1.837e+06,1.00,1.25,1.00,11.2,1.00,10.236,1.00,28.85,1.00,-999,0.00,28.81,1.00,28.86,1.00,36.0629,1.00,22.9362,1.00,28.83,1.00,36.2408,1.00,23.1116,1.00
2012-04-16 00:00:00,2012-04-16 10:00:00,0.001,1.00,-0.060,0.90,0.003,1.00,0.060,0.90,0.054,1.00,0.119,0.90,9.951e+05,1.00,0.88,1.00,12.3,1.00,166.8,1.00,1.031e+06,1.00,0.94,1.00,10.7,1.00,10.264,1.00,28.84,1.00,-999,0.00,28.81,1.00,28.84,1.00,36.0642,1.00,22.9423,1.00,28.82,1.00,36.2454,1.00,23.1183,1.00
2012-04-23 00:00:00,2012-04-23 10:00:00,0.016,1.00,0.004,0.93,-0.001,1.00,0.104,0.93,0.059,1.00,0.150,0.93,2.381e+06,1.00,1.42,1.00,11.7,1.00,176.2,1.00,2.767e+06,1.00,1.56,1.00,11.3,1.00,10.258,1.00,28.75,1.00,-999,0.00,28.73,1.00,28.75,1.00,35.9911,1.00,22.9194,1.00,28.74,1.00,36.1847,1.00,23.1000,1.00
2012-04-30 00:00:00,2012-04-30 10:00:00,0.028,1.00,0.030,0.97,0.002,1.00,0.101,0.97,0.048,1.00,0.142,0.97,1.384e+06,1.00,1.09,1.00,11.6,1.00,183.4,1.00,1.635e+06,1.00,1.24,1.00,10.3,1.00,10.262,1.00,28.46,1.00,-999,0.00,28.45,1.00,28.46,1.00,35.9392,1.00,22.9765,1.00,28.45,1.00,36.1183,1.00,23.1453,1.00
2012-05-07 00:00:00,2012-05-07 10:00:00,0.020,1.00,-0.012,0.91,0.002,1.00,0.075,0.91,0.072,1.00,0.131,0.91,1.896e+06,1.00,1.10,1.00,13.9,1.00,189.1,1.00,1.878e+06,1.00,1.19,1.00,12.1,1.00,10.235,1.00,28.32,1.00,-999,0.00,28.28,1.00,28.33,1.00,35.9390,1.00,23.0196,1.00,28.30,1.00,36.1236,1.00,23.2002,1.00
2012-05-14 00:00:00,2012-05-14 10:00:00,0.025,1.00,0.009,0.84,0.002,1.00,0.068,0.84,0.066,1.00,0.113,0.84,5.175e+05,1.00,0.61,1.00,12.3,1.00,163.5,1.00,5.988e+05,1.00,0.67,1.00,11.5,1.00,10.241,1.00,28.00,1.00,-999,0.00,27.97,1.00,28.01,1.00,36.0506,1.00,23.2083,1.00,27.98,1.00,36.2286,1.00,23.3842,1.00
2012-05-21 00:00:00,2012-05-21 10:00:00,0.025,1.00,-0.049,0.99,0.002,1.00,0.034,0.99,0.067,1.00,0.112,0.99,7.210e+05,0.98,0.82,0.98,10.6,0.98,173.2,0.98,8.445e+05,1.00,0.91,1.00,10.1,1.00,10.237,1.00,27.90,1.00,-999,0.00,27.86,1.00,27.91,1.00,36.0773,1.00,23.2617,1.00,27.88,1.00,36.2601,1.00,23.4419,1.00
2012-05-28 00:00:00,2012-05-28 10:00:00,0.024,1.00,-0.054,0.88,0.003,1.00,0.036,0.88,0.060,1.00,0.103,0.88,1.142e+06,1.00,0.91,1.00,13.6,1.00,173.8,1.00,1.376e+06,1.00,1.05,1.00,12.4,1.00,10.229,1.00,27.83,1.00,-999,0.00,27.80,1.00,27.83,1.00,36.0828,1.00,23.2906,1.00,27.81,1.00,36.2622,1.00,23.4642,1.00
2012-06-04 00:00:00,2012-06-04 10:00:00,0.044,1.00,0.069,0.89,0.001,1.00,0.087,0.89,0.070,1.00,0.152,0.89,9.997e+05,1.00,0.90,1.00,12.3,1.00,165.6,1.00,1.126e+06,1.00,1.00,1.00,11.0,1.00,10.213,1.00,27.61,1.00,-999,0.00,27.60,1.00,27.61,1.00,36.0863,1.00,23.3656,1.00,27.60,1.00,36.2691,1.00,23.5377,1.00
2012-06-11 00:00:00,2012-06-11 10:00:00,0.028,1.00,0.029,0.83,0.002,1.00,0.064,0.83,0.058,1.00,0.109,0.83,5.941e+05,1.00,0.67,1.00,12.5,1.00,170.4,1.00,5.370e+05,1.00,0.70,1.00,10.6,1.00,10.199,1.00,27.56,1.00,-999,0.00,27.54,1.00,27.56,1.00,36.1403,1.00,23.4214,1.00,27.54,1.00,36.3166,1.00,23.5928,1.00
2012-06-18 00:00:00,2012-06-18 10:00:00,0.032,1.00,0.033,0.99,-0.001,1.00,0.093,0.99,0.068,1.00,0.161,0.99,1.535e+06,1.00,1.14,1.00,11.4,1.00,177.9,1.00,1.553e+06,1.00,1.22,1.00,9.5,1.00,10.207,1.00,27.34,1.00,-999,0.00,27.33,1.00,27.34,1.00,36.1372,1.00,23.4913,1.00,27.33,1.00,36.3144,1.00,23.6589,1.00
2012-06-25 00:00:00,2012-06-25 10:00:00,0.010,1.00,0.060,0.91,0.001,1.00,0.100,0.91,0.050,1.00,0.157,0.91,1.321e+06,1.00,1.04,1.00,11.0,1.00,169.5,1.00,1.643e+06,1.00,1.19,1.00,10.5,1.00,10.192,1.00,27.09,1.00,-999,0.00,27.08,1.00,27.09,1.00,36.1378,1.00,23.5731,1.00,27.08,1.00,36.3158,1.00,23.7414,1.00
2012-07-02 00:00:00,2012-07-02 10:00:00,0.024,0.92,-0.010,0.87,-0.000,0.92,0.072,0.87,0.062,0.92,0.130,0.87,1.160e+06,0.89,0.93,0.89,12.9,0.89,179.1,0.89,1.230e+06,0.95,1.02,0.95,11.5,0.95,10.206,0.94,26.80,0.98,26.87,0.08,26.76,0.98,26.81,1.00,36.1618,1.00,23.6818,1.00,26.78,1.00,36.3248,1.00,23.8466,1.00
2012-07-09 00:00:00,2012-07-09 10:00:00,-999,0.00,-999,0.00,-999,0.00,-999,0.00,-999,0.00,-999,0.00,-999,0.00,-999,0.00,-999,0.00,-999,0.00,1.775e+06,1.00,1.31,1.00,10.2,1.00,10.228,1.00,26.77,1.00,26.77,1.00,26.76,1.00,26.77,1.00,36.2879,1.00,23.7871,1.00,26.76,1.00,36.2144,1.00,23.7671,1.00
2012-07-16 00:00:00,2012-07-16 10:00:00,0.047,0.08,0.080,0.08,-0.006,0.08,0.117,0.08,0.060,0.08,0.174,0.08,2.739e+06,0.07,1.39,0.07,14.1,0.07,189.5,0.07,9.653e+05,1.00,0.97,1.00,10.2,1.00,10.269,1.00,26.87,1.00,26.86,1.00,26.85,1.00,26.87,1.00,36.2913,1.00,23.7592,1.00,26.86,1.00,36.2175,1.00,23.7394,1.00
2012-07-23 00:00:00,2012-07-23 10:00:00,0.022,1.00,0.011,0.99,0.001,1.00,0.087,0.99,0.049,1.00,0.146,0.99,2.692e+06,1.00,1.52,1.00,12.1,1.00,189.1,1.00,1.492e+06,1.00,1.20,1.00,10.6,1.00,10.270,1.00,26.67,1.00,26.67,1.00,26.67,1.00,26.67,1.00,36.3039,1.00,23.8309,1.00,26.67,1.00,36.2317,1.00,23.8107,1.00
2012-07-30 00:00:00,2012-07-30 10:00:00,0.012,1.00,0.070,0.92,-0.002,1.00,0.102,0.92,0.045,1.00,0.161,0.92,2.527e+06,1.00,1.43,1.00,11.8,1.00,183.8,1.00,1.538e+06,1.00,1.19,1.00,10.6,1.00,10.263,1.00,26.59,1.00,26.59,1.00,26.58,1.00,26.59,1.00,36.3340,1.00,23.8792,1.00,26.59,1.00,36.2635,1.00,23.8609,1.00
2012-08-06 00:00:00,2012-08-06 10:00:00,0.030,1.00,0.069,0.99,-0.003,1.00,0.116,0.99,0.047,1.00,0.166,0.99,1.956e+06,1.00,1.29,1.00,11.5,1.00,181.8,1.00,1.154e+06,1.00,1.01,1.00,10.8,1.00,10.242,1.00,26.44,1.00,26.43,1.00,26.43,1.00,26.44,1.00,36.3685,1.00,23.9539,1.00,26.43,1.00,36.2989,1.00,23.9362,1.00
2012-08-13 00:00:00,2012-08-13 10:00:00,0.018,1.00,0.079,0.88,-0.000,1.00,0.095,0.88,0.043,1.00,0.150,0.88,1.323e+06,1.00,1.12,1.00,10.6,1.00,179.8,1.00,8.976e+05,1.00,0.91,1.00,10.6,1.00,10.259,1.00,26.22,1.00,26.21,1.00,26.20,1.00,26.22,1.00,36.3852,1.00,24.0352,1.00,26.21,1.00,36.3178,1.00,24.0215,1.00
2012-08-20 00:00:00,2012-08-20 10:00:00,0.035,1.00,0.035,0.98,-0.002,1.00,0.093,0.98,0.064,1.00,0.152,0.98,1.589e+06,1.00,1.15,1.00,9.8,1.00,158.8,1.00,8.565e+05,1.00,0.84,1.00,9.7,1.00,10.258,1.00,26.26,1.00,26.25,1.00,26.22,1.00,26.27,1.00,36.4105,1.00,24.0394,1.00,26.24,1.00,36.3419,1.00,24.0309,1.00
2012-08-27 00:00:00,2012-08-27 10:00:00,0.011,1.00,-0.013,0.96,0.001,1.00,0.076,0.96,0.060,1.00,0.146,0.96,3.338e+06,1.00,1.63,1.00,11.8,1.00,186.2,1.00,2.161e+06,1.00,1.32,1.00,11.3,1.00,10.266,1.00,26.20,1.00,26.19,1.00,26.18,1.00,26.21,1.00,36.3999,1.00,24.0519,1.00,26.19,1.00,36.3338,1.00,24.0404,1.00
2012-09-03 00:00:00,2012-09-03 10:00:00,0.002,1.00,-0.020,0.98,-0.001,1.00,0.103,0.98,0.051,1.00,0.179,0.98,3.125e+06,1.00,1.74,1.00,10.1,1.00,179.8,1.00,1.702e+06,1.00,1.34,1.00,9.1,1.00,10.225,1.00,25.96,1.00,25.95,1.00,25.93,1.00,25.97,1.00,36.4273,1.00,24.1469,1.00,25.94,1.00,36.3607,1.00,24.1390,1.00
2012-09-10 00:00:00,2012-09-10 10:00:00,0.030,1.00,0.034,0.91,-0.003,1.00,0.084,0.91,0.055,1.00,0.143,0.91,1.273e+06,1.00,1.03,1.00,11.9,1.00,171.2,1.00,7.304e+05,1.00,0.79,1.00,10.8,1.00,10.235,1.00,26.17,1.00,26.14,1.00,26.09,1.00,26.20,1.00,36.4576,1.00,24.0979,1.00,26.12,1.00,36.3890,1.00,24.1028,1.00
2012-09-17 00:00:00,2012-09-17 10:00:00,0.028,1.00,-0.041,0.97,-0.000,1.00,0.069,0.97,0.066,1.00,0.152,0.97,3.255e+06,1.00,1.59,1.00,12.9,1.00,188.4,1.00,1.895e+06,1.00,1.29,1.00,11.1,1.00,10.234,1.00,26.00,1.00,25.99,1.00,25.97,1.00,26.01,1.00,36.4614,1.00,24.1594,1.00,25.98,1.00,36.3964,1.00,24.1531,1.00
2012-09-24 00:00:00,2012-09-24 10:00:00,0.014,1.00,0.047,0.96,-0.006,1.00,0.118,0.96,0.056,1.00,0.174,0.96,6.781e+06,1.00,2.23,1.00,13.3,1.00,197.5,1.00,4.282e+06,1.00,1.89,1.00,11.8,1.00,10.224,1.00,26.30,1.00,26.28,1.00,26.23,1.00,26.32,1.00,36.4490,1.00,24.0525,1.00,26.25,1.00,36.3858,1.00,24.0579,1.00
2012-10-01 00:00:00,2012-10-01 10:00:00,0.007,1.00,0.014,0.90,-0.002,1.00,0.091,0.90,0.044,1.00,0.150,0.90,3.031e+06,1.00,1.47,1.00,12.3,1.00,187.6,1.00,2.118e+06,1.00,1.25,1.00,11.5,1.00,10.202,1.00,26.05,1.00,26.03,1.00,25.98,1.00,26.07,0.99,36.4506,0.99,24.1363,0.99,26.00,0.99,36.3858,0.99,24.1422,0.99
2012-10-08 00:00:00,2012-10-08 10:00:00,0.014,1.00,-0.025,0.96,-0.004,1.00,0.082,0.96,0.053,1.00,0.148,0.96,1.929e+06,1.00,1.25,1.00,11.8,1.00,177.2,1.00,9.764e+05,1.00,0.95,1.00,10.2,1.00,10.213,1.00,26.24,1.00,26.22,1.00,26.15,1.00,26.26,1.00,36.4374,1.00,24.0694,1.00,26.18,1.00,36.3872,1.00,24.0868,1.00
2012-10-15 00:00:00,2012-10-15 10:00:00,0.034,1.00,-0.005,0.88,-0.000,1.00,0.073,0.88,0.068,1.00,0.113,0.88,1.918e+06,1.00,1.17,1.00,13.1,1.00,181.4,1.00,9.931e+05,1.00,0.88,1.00,11.5,1.00,10.255,1.00,26.90,1.00,26.88,1.00,26.83,1.00,26.92,1.00,36.3384,1.00,23.7849,1.00,26.85,1.00,36.2886,1.00,23.8013,1.00
2012-10-22 00:00:00,2012-10-22 10:00:00,0.035,1.00,0.011,0.96,-0.001,1.00,0.097,0.96,0.070,1.00,0.140,0.96,1.895e+06,1.00,1.38,1.00,9.8,1.00,180.0,1.00,1.038e+06,1.00,1.06,1.00,8.8,1.00,10.271,1.00,27.16,1.00,27.15,1.00,27.11,1.00,27.17,1.00,36.2952,1.00,23.6720,1.00,27.13,1.00,36.2433,1.00,23.6784,1.00
2012-10-29 00:00:00,2012-10-29 10:00:00,0.029,1.00,-0.047,0.94,0.001,1.00,0.045,0.94,0.070,1.00,0.115,0.94,7.887e+05,1.00,0.83,1.00,11.5,1.00,166.7,1.00,5.032e+05,1.00,0.64,1.00,11.4,1.00,10.251,1.00,27.01,1.00,26.99,1.00,26.93,1.00,27.03,1.00,36.3570,1.00,23.7626,1.00,26.96,1.00,36.3032,1.00,23.7783,1.00
2012-11-05 00:00:00,2012-11-05 10:00:00,0.035,1.00,-0.003,0.96,0.000,1.00,0.080,0.96,0.075,1.00,0.141,0.96,1.000e+06,1.00,1.02,1.00,9.8,1.00,166.4,1.00,5.186e+05,1.00,0.75,1.00,9.4,1.00,10.254,1.00,27.34,1.00,27.31,1.00,27.21,1.00,27.36,1.00,36.2905,1.00,23.6069,1.00,27.26,1.00,36.2755,1.00,23.6596,1.00
2012-11-12 00:00:00,2012-11-12 10:00:00,0.038,1.00,0.001,0.95,-0.002,1.00,0.057,0.95,0.071,1.00,0.117,0.95,1.681e+06,1.00,1.14,1.00,12.0,1.00,178.6,1.00,9.612e+05,1.00,0.86,1.00,11.2,1.00,10.227,1.00,27.72,1.00,27.71,1.00,27.65,1.00,27.74,1.00,36.3084,1.00,23.4966,1.00,27.68,1.00,36.2590,1.00,23.5112,1.00
2012-11-19 00:00:00,2012-11-19 10:00:00,0.030,1.00,-0.067,0.97,0.001,1.00,0.042,0.97,0.075,1.00,0.110,0.97,6.301e+05,1.00,0.77,1.00,10.6,1.00,159.1,1.00,2.686e+05,1.00,0.52,1.00,9.7,1.00,10.279,1.00,28.15,1.00,28.14,1.00,28.08,1.00,28.16,1.00,36.3029,1.00,23.3532,1.00,28.11,1.00,36.2493,1.00,23.3633,1.00
2012-11-26 00:00:00,2012-11-26 10:00:00,0.030,1.00,-0.041,0.88,-0.003,1.00,0.050,0.88,0.064,1.00,0.113,0.88,1.682e+06,1.00,1.07,1.00,12.1,1.00,179.3,1.00,1.368e+06,1.00,0.97,1.00,11.5,1.00,10.252,1.00,28.53,1.00,28.50,1.00,28.39,1.00,28.55,1.00,36.2906,1.00,23.2165,1.00,28.45,1.00,36.2390,1.00,23.2432,1.00
2012-12-03 00:00:00,2012-12-03 10:00:00,0.027,1.00,-0.026,0.98,-0.003,1.00,0.081,0.98,0.067,1.00,0.141,0.98,3.207e+06,1.00,1.66,1.00,11.2,1.00,190.8,1.00,2.231e+06,1.00,1.39,1.00,10.4,1.00,10.296,1.00,28.46,1.00,28.43,1.00,28.32,1.00,28.48,1.00,36.2970,1.00,23.2450,1.00,28.38,1.00,36.2515,1.00,23.2752,1.00
2012-12-10 00:00:00,2012-12-10 10:00:00,0.026,1.00,-0.035,0.95,0.001,1.00,0.008,0.95,0.074,1.00,0.095,0.95,8.298e+05,1.00,0.85,1.00,11.0,1.00,176.8,1.00,5.719e+05,1.00,0.73,1.00,10.2,1.00,10.273,1.00,27.99,1.00,27.97,1.00,27.87,1.00,28.01,1.00,36.3076,1.00,23.4087,1.00,27.92,1.00,36.2750,1.00,23.4435,1.00
2012-12-17 00:00:00,2012-12-17 10:00:00,0.033,1.00,-0.021,0.95,-0.001,1.00,0.067,0.95,0.080,1.00,0.142,0.95,1.862e+06,1.00,1.23,1.00,11.9,1.00,180.9,1.00,1.149e+06,1.00,0.98,1.00,11.1,1.00,10.235,1.00,27.52,1.00,27.49,1.00,27.39,1.00,27.54,1.00,36.0582,1.00,23.3737,1.00,27.44,1.00,36.0587,1.00,23.4374,1.00
2012-12-24 00:00:00,2012-12-24 10:00:00,0.004,1.00,-0.065,0.94,-0.005,1.00,0.068,0.94,0.063,1.00,0.142,0.94,1.795e+06,1.00,1.37,1.00,9.3,1.00,189.1,1.00,1.295e+06,1.00,1.17,1.00,9.1,1.00,10.216,1.00,27.74,1.00,27.72,1.00,27.63,1.00,27.77,1.00,36.0522,1.00,23.2934,1.00,27.67,1.00,36.0393,1.00,23.3478,1.00
2012-12-31 00:00:00,2012-12-31 10:00:00,0.053,1.00,0.069,0.96,-0.001,1.00,0.110,0.96,0.095,1.00,0.191,0.96,2.524e+06,1.02,1.57,1.02,10.4,1.02,175.7,1.02,1.505e+06,1.00,1.28,1.00,9.3,1.00,10.262,1.00,28.29,1.00,28.27,1.00,28.20,1.00,28.30,1.00,35.9639,1.00,23.0520,1.00,28.23,1.00,35.9424,1.00,23.0909,1.00
2013-01-07 00:00:00,2013-01-07 10:00:00,0.024,0.92,-0.004,0.78,-0.001,0.92,0.058,0.78,0.066,0.92,0.109,0.78,1.878e+06,0.89,1.31,0.89,10.6,0.89,182.4,0.89,1.420e+06,0.89,1.18,0.89,9.8,0.89,10.264,0.89,28.02,1.00,28.02,1.00,28.01,1.00,28.03,1.00,35.8698,1.00,23.0722,1.00,28.01,0.99,35.8586,0.99,23.1009,0.99
2013-01-14 00:00:00,2013-01-14 10:00:00,-999,0.00,-999,0.00,-999,0.00,-999,0.00,-999,0.00,-999,0.00,-999,0.00,-999,0.00,-999,0.00,-999,0.00,-999,0.00,-999,0.00,-999,0.00,-999,0.00,27.99,1.00,27.99,1.00,27.98,1.00,27.99,1.00,35.6293,1.00,22.9036,1.00,27.98,1.00,35.7421,1.00,23.0227,1.00
2013-01-21 00:00:00,2013-01-21 10:00:00,0.012,0.80,-0.093,0.80,0.003,0.80,0.065,0.80,0.060,0.80,0.144,0.80,9.657e+05,0.79,0.91,0.79,11.4,0.79,154.3,0.79,-999,0.00,-999,0.00,-999,0.00,-999,0.00,27.99,1.00,27.99,1.00,27.98,1.00,28.00,1.00,35.6206,1.00,22.8947,1.00,27.98,1.00,35.7266,1.00,23.0111,1.00
2013-01-28 00:00:00,2013-01-28 10:00:00,0.037,1.00,0.012,0.96,0.001,1.00,0.055,0.96,0.068,1.00,0.127,0.96,1.127e+06,1.00,0.99,1.00,10.5,1.00,161.5,1.00,-999,0.00,-999,0.00,-999,0.00,-999,0.00,28.17,1.00,28.16,1.00,28.13,1.00,28.18,1.00,35.6018,1.00,22.8191,1.00,28.15,1.00,35.7145,1.00,22.9476,1.00
2013-02-04 00:00:00,2013-02-04 10:00:00,0.039,1.00,-0.007,0.94,0.001,1.00,0.013,0.94,0.084,1.00,0.092,0.94,6.187e+05,1.00,0.75,1.00,9.7,1.00,154.0,1.00,-999,0.00,-999,0.00,-999,0.00,-999,0.00,28.04,1.00,28.03,1.00,28.00,1.00,28.04,1.00,35.6079,1.00,22.8700,1.00,28.02,1.00,35.7246,1.00,22.9982,1.00
2013-02-11 00:00:00,2013-02-11 10:00:00,0.024,1.00,0.068,0.95,-0.004,1.00,0.071,0.95,0.072,1.00,0.145,0.95,9.045e+05,1.00,0.97,1.00,9.4,1.00,160.3,1.00,-999,0.00,-999,0.00,-999,0.00,-999,0.00,28.34,1.00,28.30,1.00,28.16,1.00,28.39,1.00,35.5740,1.00,22.7305,1.00,28.22,1.00,35.7351,1.00,22.9390,1.00
2013-02-18 00:00:00,2013-02-18 10:00:00,0.048,1.00,0.020,0.96,-0.003,1.00,0.094,0.96,0.073,1.00,0.149,0.96,2.221e+06,1.00,1.34,1.00,11.7,1.00,161.3,1.00,-999,0.00,-999,0.00,-999,0.00,-999,0.00,28.31,1.00,28.30,1.00,28.24,1.00,28.32,1.00,35.6468,1.00,22.8077,1.00,28.27,1.00,35.7671,1.00,22.9475,1.00
2013-02-25 00:00:00,2013-02-25 10:00:00,0.039,1.00,0.038,0.94,-0.002,1.00,0.076,0.94,0.065,1.00,0.130,0.94,1.794e+06,1.00,1.18,1.00,12.1,1.00,163.2,1.00,-999,0.00,-999,0.00,-999,0.00,-999,0.00,28.30,1.00,28.29,1.00,28.27,1.00,28.30,1.00,35.6723,1.00,22.8323,1.00,28.28,1.00,35.7810,1.00,22.9531,1.00
2013-03-04 00:00:00,2013-03-04 10:00:00,0.038,1.00,0.073,0.92,-0.001,1.00,0.089,0.92,0.072,1.00,0.158,0.92,1.236e+06,1.00,1.14,1.00,9.8,1.00,151.7,1.00,-999,0.00,-999,0.00,-999,0.00,-999,0.00,28.03,1.00,28.02,1.00,27.98,1.00,28.04,1.00,35.6713,1.00,22.9195,1.00,28.01,1.00,35.7865,1.00,23.0481,1.00
2013-03-11 00:00:00,2013-03-11 10:00:00,0.024,1.00,0.043,0.85,-0.003,1.00,0.067,0.85,0.071,1.00,0.135,0.85,1.741e+06,1.00,1.07,1.00,13.3,1.00,167.1,1.00,-999,0.00,-999,0.00,-999,0.00,-999,0.00,28.27,1.00,28.24,1.00,28.13,1.00,28.30,1.00,35.7147,1.00,22.8646,1.00,28.19,1.00,35.8391,1.00,23.0291,1.00
2013-03-18 00:00:00,2013-03-18 10:00:00,0.020,1.00,0.037,0.92,0.000,1.00,0.061,0.92,0.057,1.00,0.116,0.92,1.102e+06,1.00,0.95,1.00,11.0,1.00,156.4,1.00,-999,0.00,-999,0.00,-999,0.00,-999,0.00,28.57,1.00,28.55,1.00,28.49,1.00,28.58,1.00,35.6584,1.00,22.7293,1.00,28.52,1.00,35.7977,1.00,22.8867,1.00
2013-03-25 00:00:00,2013-03-25 10:00:00,0.005,1.00,-0.027,0.87,-0.002,1.00,0.073,0.87,0.049,1.00,0.118,0.87,1.430e+06,1.00,1.04,1.00,12.7,1.00,163.0,1.00,-999,0.00,-999,0.00,-999,0.00,-999,0.00,28.75,1.00,28.73,1.00,28.65,1.00,28.77,1.00,35.6123,1.00,22.6340,1.00,28.70,1.00,35.7300,1.00,22.7781,1.00
2013-04-01 00:00:00,2013-04-01 10:00:00,0.024,1.00,-0.059,0.87,-0.004,1.00,0.057,0.87,0.063,1.00,0.120,0.87,1.236e+06,1.00,1.02,1.00,11.1,1.00,160.5,1.00,-999,0.00,-999,0.00,-999,0.00,-999,0.00,28.89,1.00,28.88,1.00,28.80,1.00,28.91,1.00,35.6599,1.00,22.6211,1.00,28.84,1.00,35.7799,1.00,22.7682,1.00
2013-04-08 00:00:00,2013-04-08 10:00:00,0.018,1.00,-0.009,0.96,0.000,1.00,0.083,0.96,0.062,1.00,0.133,0.96,1.431e+06,1.00,1.16,1.00,9.7,1.00,152.0,1.00,-999,0.00,-999,0.00,-999,0.00,-999,0.00,28.78,1.00,28.77,1.00,28.74,1.00,28.79,1.00,35.6408,1.00,22.6477,1.00,28.76,1.00,35.7660,1.00,22.7850,1.00
2013-04-15 00:00:00,2013-04-15 10:00:00,0.026,1.00,-0.018,0.88,-0.002,1.00,0.027,0.88,0.067,1.00,0.096,0.88,6.856e+05,1.00,0.74,1.00,12.1,1.00,164.3,1.00,-999,0.00,-999,0.00,-999,0.00,-999,0.00,28.64,1.00,28.63,1.00,28.60,1.00,28.64,1.00,35.5492,1.00,22.6272,1.00,28.61,1.00,35.6896,1.00,22.7757,1.00
2013-04-22 00:00:00,2013-04-22 10:00:00,0.009,1.00,-0.036,0.93,-0.002,1.00,0.094,0.93,0.061,1.00,0.166,0.93,2.527e+06,1.00,1.32,1.00,12.6,1.00,167.5,1.00,-999,0.00,-999,0.00,-999,0.00,-999,0.00,28.68,1.00,28.66,1.00,28.61,1.00,28.69,1.00,35.4977,1.00,22.5725,1.00,28.64,1.00,35.6451,1.00,22.7341,1.00
2013-04-29 00:00:00,2013-04-29 10:00:00,0.020,1.00,0.022,0.95,-0.000,1.00,0.083,0.95,0.062,1.00,0.134,0.95,9.242e+05,1.00,1.04,1.00,8.6,1.00,160.9,1.00,-999,0.00,-999,0.00,-999,0.00,-999,0.00,28.61,1.00,28.60,1.00,28.59,1.00,28.61,1.00,35.4968,1.00,22.5995,1.00,28.60,1.00,35.6255,1.00,22.7324,1.00
2013-05-06 00:00:00,2013-05-06 10:00:00,0.029,1.00,0.007,0.93,-0.001,1.00,0.093,0.93,0.074,1.00,0.161,0.93,2.348e+06,1.00,1.42,1.00,11.3,1.00,156.4,1.00,-999,0.00,-999,0.00,-999,0.00,-999,0.00,28.52,1.00,28.52,1.00,28.50,1.00,28.52,1.00,35.4903,1.00,22.6228,1.00,28.51,1.00,35.6153,1.00,22.7536,1.00
2013-05-13 00:00:00,2013-05-13 10:00:00,0.018,1.00,0.020,0.86,0.003,1.00,0.109,0.86,0.069,1.00,0.167,0.86,5.710e+06,1.00,1.87,1.00,15.2,1.00,169.8,1.00,-999,0.00,-999,0.00,-999,0.00,-999,0.00,28.44,1.00,28.44,1.00,28.42,1.00,28.45,1.00,35.4972,1.00,22.6534,1.00,28.43,1.00,35.6198,1.00,22.7834,1.00
2013-05-20 00:00:00,2013-05-20 10:00:00,0.017,1.00,0.035,0.93,-0.001,1.00,0.102,0.93,0.045,1.00,0.146,0.93,2.267e+06,1.00,1.36,1.00,11.7,1.00,163.0,1.00,-999,0.00,-999,0.00,-999,0.00,-999,0.00,28.30,1.00,28.30,1.00,28.29,1.00,28.31,1.00,35.4942,1.00,22.6978,1.00,28.30,1.00,35.6142,1.00,22.8227,1.00
2013-05-27 00:00:00,2013-05-27 10:00:00,0.036,1.00,0.068,0.92,0.001,1.00,0.113,0.92,0.081,1.00,0.171,0.92,4.411e+06,0.98,1.76,0.98,11.6,0.98,164.1,0.98,-999,0.00,-999,0.00,-999,0.00,-999,0.00,27.97,1.00,27.96,1.00,27.94,1.00,27.97,1.00,35.6001,1.00,22.8875,1.00,27.95,1.00,35.7275,1.00,23.0214,1.00
2013-06-03 00:00:00,2013-06-03 10:00:00,0.043,1.00,0.057,0.90,-0.001,1.00,0.097,0.90,0.076,1.00,0.160,0.90,2.364e+06,1.00,1.39,1.00,11.7,1.00,163.8,1.00,-999,0.00,-999,0.00,-999,0.00,-999,0.00,27.64,1.00,27.64,1.00,27.62,1.00,27.64,1.00,35.6637,1.00,23.0420,1.00,27.63,1.00,35.7919,1.00,23.1752,1.00
2013-06-10 00:00:00,2013-06-10 10:00:00,0.013,1.00,-0.039,0.91,-0.003,1.00,0.099,0.91,0.062,1.00,0.176,0.91,3.386e+06,1.00,1.69,1.00,11.3,1.00,157.7,1.00,-999,0.00,-999,0.00,-999,0.00,-999,0.00,27.20,1.00,27.19,1.00,27.16,1.00,27.21,1.00,35.7412,1.00,23.2406,1.00,27.18,1.00,35.8714,1.00,23.3819,1.00
2013-06-17 00:00:00,2013-06-17 10:00:00,0.030,1.00,0.041,0.83,-0.002,1.00,0.096,0.83,0.053,1.00,0.160,0.83,2.902e+06,1.00,1.54,1.00,10.9,1.00,159.7,1.00,-999,0.00,-999,0.00,-999,0.00,-999,0.00,27.04,1.00,27.03,1.00,27.02,1.00,27.04,1.00,35.7397,1.00,23.2946,1.00,27.03,1.00,35.8617,1.00,23.4217,1.00
2013-06-24 00:00:00,2013-06-24 10:00:00,0.028,1.00,-0.011,0.91,-0.000,1.00,0.071,0.91,0.059,1.00,0.134,0.91,1.922e+06,1.00,1.21,1.00,13.0,1.00,164.6,1.00,-999,0.00,-999,0.00,-999,0.00,-999,0.00,27.07,1.00,27.07,1.00,27.05,1.00,27.07,1.00,35.7644,1.00,23.3023,1.00,27.06,1.00,35.8825,1.00,23.4279,1.00
2013-07-01 00:00:00,2013-07-01 10:00:00,0.037,1.00,0.077,0.97,-0.003,1.00,0.109,0.97,0.074,1.00,0.179,0.97,4.547e+06,0.96,1.93,0.96,11.4,0.96,162.0,0.96,-999,0.00,-999,0.00,-999,0.00,-999,0.00,26.87,1.00,26.86,1.00,26.86,1.00,26.87,1.00,35.8010,1.00,23.3958,1.00,26.86,1.00,35.9173,1.00,23.5174,1.00
2013-07-08 00:00:00,2013-07-08 10:00:00,0.045,0.28,0.126,0.23,0.003,0.28,0.106,0.23,0.072,0.28,0.185,0.23,3.615e+06,0.27,1.82,0.27,10.8,0.27,159.4,0.27,-999,0.00,-999,0.00,-999,0.00,-999,0.00,26.67,1.00,26.67,1.00,26.66,1.00,26.67,1.00,35.8676,1.00,23.5084,1.00,26.67,1.00,35.9779,1.00,23.6254,1.00
2013-07-15 00:00:00,2013-07-15 10:00:00,-999,0.00,-999,0.00,-999,0.00,-999,0.00,-999,0.00,-999,0.00,-999,0.00,-999,0.00,-999,0.00,-999,0.00,-999,0.00,-999,0.00,-999,0.00,-999,0.00,26.49,1.00,26.49,1.00,26.49,1.00,26.49,1.00,35.9240,1.00,23.6082,1.00,26.49,1.00,36.0277,1.00,23.7200,1.00
2013-07-22 00:00:00,2013-07-22 10:00:00,-999,0.00,-999,0.00,-999,0.00,-999,0.00,-999,0.00,-999,0.00,-999,0.00,-999,0.00,-999,0.00,-999,0.00,-999,0.00,-999,0.00,-999,0.00,-999,0.00,26.13,1.00,26.13,1.00,26.13,1.00,26.13,1.00,35.9962,1.00,23.7758,1.00,26.13,1.00,36.0907,1.00,23.8797,1.00
2013-07-29 00:00:00,2013-07-29 10:00:00,-999,0.00,-999,0.00,-999,0.00,-999,0.00,-999,0.00,-999,0.00,-999,0.00,-999,0.00,-999,0.00,-999,0.00,-999,0.00,-999,0.00,-999,0.00,-999,0.00,25.89,1.00,25.88,1.00,25.88,1.00,25.89,1.00,35.9898,1.00,23.8462,1.00,25.88,1.00,36.0785,1.00,23.9482,1.00
2013-08-05 00:00:00,2013-08-05 10:00:00,0.044,0.79,-999,0.00,-0.005,0.79,-999,0.00,0.065,0.79,-999,0.00,3.522e+06,0.75,1.73,0.75,11.4,0.75,157.4,0.75,2.148e+06,0.90,1.41,0.90,10.2,0.90,10.175,0.90,25.80,0.07,25.69,0.96,25.68,0.96,25.80,0.06,35.9743,0.06,23.8612,0.06,25.81,0.06,36.0619,0.06,23.9594,0.06
2013-08-12 00:00:00,2013-08-12 10:00:00,-999,0.00,-999,0.00,-999,0.00,-999,0.00,-999,0.00,-999,0.00,-999,0.00,-999,0.00,-999,0.00,-999,0.00,6.355e+05,1.00,0.82,1.00,9.2,1.00,10.212,1.00,-999,0.00,25.53,1.00,25.51,1.00,25.51,0.23,36.1036,0.23,24.0423,0.23,-999,0.00,-999,0.00,-999,0.00
2013-08-19 00:00:00,2013-08-19 10:00:00,-999,0.00,-999,0.00,-999,0.00,-999,0.00,-999,0.00,-999,0.00,-999,0.00,-999,0.00,-999,0.00,-999,0.00,1.634e+06,1.00,1.09,1.00,11.9,1.00,10.197,1.00,-999,0.00,25.71,1.00,25.67,1.00,25.74,1.00,36.1017,1.00,23.9700,1.00,25.72,0.77,36.2112,0.77,24.0914,0.77
2013-08-26 00:00:00,2013-08-26 10:00:00,-999,0.00,-999,0.00,-999,0.00,-999,0.00,-999,0.00,-999,0.00,-999,0.00,-999,0.00,-999,0.00,-999,0.00,8.415e+05,1.00,0.85,1.00,10.7,1.00,10.183,1.00,-999,0.00,25.84,1.00,25.80,1.00,25.88,1.00,36.1456,1.00,23.9612,1.00,25.82,1.00,36.2624,1.00,24.0972,1.00
2013-09-02 00:00:00,2013-09-02 10:00:00,-999,0.00,-999,0.00,-999,0.00,-999,0.00,-999,0.00,-999,0.00,-999,0.00,-999,0.00,-999,0.00,-999,0.00,1.296e+06,1.00,0.97,1.00,12.5,1.00,10.177,1.00,-999,0.00,25.81,1.00,25.72,1.00,25.89,1.00,36.1578,1.00,23.9659,1.00,25.77,1.00,36.2741,1.00,24.1235,1.00
2013-09-09 00:00:00,2013-09-09 10:00:00,-999,0.00,-999,0.00,-999,0.00,-999,0.00,-999,0.00,-999,0.00,-999,0.00,-999,0.00,-999,0.00,-999,0.00,2.347e+06,1.00,1.50,1.00,9.3,1.00,10.151,1.00,-999,0.00,25.67,1.00,25.52,1.00,25.79,1.00,36.2238,1.00,24.0478,1.00,25.60,1.00,36.3420,1.00,24.2277,1.00
2013-09-16 00:00:00,2013-09-16 10:00:00,-999,0.00,-999,0.00,-999,0.00,-999,0.00,-999,0.00,-999,0.00,-999,0.00,-999,0.00,-999,0.00,-999,0.00,1.439e+06,1.00,1.22,1.00,9.4,1.00,10.184,1.00,-999,0.00,25.51,1.00,25.48,1.00,25.54,1.00,36.2325,1.00,24.1315,1.00,25.50,1.00,36.3482,1.00,24.2624,1.00
2013-09-23 00:00:00,2013-09-23 10:00:00,-999,0.00,-999,0.00,-999,0.00,-999,0.00,-999,0.00,-999,0.00,-999,0.00,-999,0.00,-999,0.00,-999,0.00,1.661e+06,1.00,1.22,1.00,10.9,1.00,10.189,1.00,-999,0.00,25.53,1.00,25.46,1.00,25.60,1.00,36.1561,1.00,24.0535,1.00,25.50,1.00,36.2712,1.00,24.2051,1.00
2013-09-30 00:00:00,2013-09-30 10:00:00,-999,0.00,-999,0.00,-999,0.00,-999,0.00,-999,0.00,-999,0.00,-999,0.00,-999,0.00,-999,0.00,-999,0.00,5.830e+05,1.00,0.69,1.00,11.3,1.00,10.203,1.00,-999,0.00,25.97,1.00,25.93,1.00,26.01,1.00,36.1557,1.00,23.9262,1.00,25.95,1.00,36.2833,1.00,24.0722,1.00
2013-10-07 00:00:00,2013-10-07 10:00:00,-999,0.00,-999,0.00,-999,0.00,-999,0.00,-999,0.00,-999,0.00,-999,0.00,-999,0.00,-999,0.00,-999,0.00,5.182e+05,1.00,0.65,1.00,11.6,1.00,10.206,1.00,-999,0.00,26.47,1.00,26.42,1.00,26.52,1.00,36.1300,1.00,23.7467,1.00,26.45,1.00,36.2463,1.00,23.8879,1.00
2013-10-14 00:00:00,2013-10-14 10:00:00,-999,0.00,-999,0.00,-999,0.00,-999,0.00,-999,0.00,-999,0.00,-999,0.00,-999,0.00,-999,0.00,-999,0.00,8.264e+05,1.00,0.91,1.00,9.4,1.00,10.223,1.00,-999,0.00,26.41,1.00,26.36,1.00,26.45,1.00,36.1424,1.00,23.7784,1.00,26.38,1.00,36.2638,1.00,23.9220,1.00
2013-10-21 00:00:00,2013-10-21 10:00:00,-999,0.00,-999,0.00,-999,0.00,-999,0.00,-999,0.00,-999,0.00,-999,0.00,-999,0.00,-999,0.00,-999,0.00,1.389e+06,1.00,1.21,1.00,9.1,1.00,10.185,1.00,-999,0.00,26.45,1.00,26.40,1.00,26.51,1.00,36.0497,1.00,23.6890,1.00,26.43,1.00,36.2451,1.00,23.8939,1.00
2013-10-28 00:00:00,2013-10-28 10:00:00,-999,0.00,-999,0.00,-999,0.00,-999,0.00,-999,0.00,-999,0.00,-999,0.00,-999,0.00,-999,0.00,-999,0.00,9.991e+05,1.00,0.94,1.00,9.6,1.00,10.164,1.00,-999,0.00,26.43,1.00,26.35,1.00,26.48,1.00,36.1314,1.00,23.7602,1.00,26.40,1.00,36.2631,1.00,23.9172,1.00
2013-11-04 00:00:00,2013-11-04 10:00:00,-999,0.00,-999,0.00,-999,0.00,-999,0.00,-999,0.00,-999,0.00,-999,0.00,-999,0.00,-999,0.00,-999,0.00,1.238e+06,1.00,1.05,1.00,9.7,1.00,10.217,1.00,-999,0.00,26.64,1.00,26.62,1.00,26.66,1.00,36.1958,1.00,23.7524,1.00,26.63,1.00,36.3148,1.00,23.8826,1.00
2013-11-11 00:00:00,2013-11-11 10:00:00,-999,0.00,-999,0.00,-999,0.00,-999,0.00,-999,0.00,-999,0.00,-999,0.00,-999,0.00,-999,0.00,-999,0.00,1.517e+06,1.00,1.26,1.00,9.5,1.00,10.228,1.00,-999,0.00,26.51,1.00,26.50,1.00,26.53,1.00,36.1905,1.00,23.7898,1.00,26.51,1.00,36.3086,1.00,23.9166,1.00
2013-11-18 00:00:00,2013-11-18 10:00:00,-999,0.00,-999,0.00,-999,0.00,-999,0.00,-999,0.00,-999,0.00,-999,0.00,-999,0.00,-999,0.00,-999,0.00,3.956e+05,1.00,0.65,1.00,9.2,1.00,10.204,1.00,-999,0.00,26.76,1.00,26.69,1.00,26.85,1.00,36.1578,1.00,23.6622,1.00,26.73,1.00,36.2815,1.00,23.8269,1.00
2013-11-25 00:00:00,2013-11-25 10:00:00,-999,0.00,-999,0.00,-999,0.00,-999,0.00,-999,0.00,-999,0.00,-999,0.00,-999,0.00,-999,0.00,-999,0.00,6.069e+05,1.00,0.84,1.00,8.4,1.00,10.213,1.00,-999,0.00,27.12,1.00,27.01,1.00,27.17,1.00,36.1760,1.00,23.5725,1.00,27.07,1.00,36.2946,1.00,23.7259,1.00
2013-12-02 00:00:00,2013-12-02 10:00:00,-999,0.00,-999,0.00,-999,0.00,-999,0.00,-999,0.00,-999,0.00,-999,0.00,-999,0.00,-999,0.00,-999,0.00,8.802e+05,1.00,0.92,1.00,9.6,1.00,10.188,1.00,-999,0.00,26.78,1.00,26.71,1.00,26.82,1.00,36.2183,1.00,23.7178,1.00,26.75,1.00,36.3436,1.00,23.8653,1.00
2013-12-09 00:00:00,2013-12-09 10:00:00,-999,0.00,-999,0.00,-999,0.00,-999,0.00,-999,0.00,-999,0.00,-999,0.00,-999,0.00,-999,0.00,-999,0.00,7.227e+05,1.00,0.78,1.00,11.0,1.00,10.154,1.00,-999,0.00,26.77,1.00,26.61,1.00,26.93,1.00,36.2215,1.00,23.6838,1.00,26.70,1.00,36.3622,1.00,23.8961,1.00
2013-12-16 00:00:00,2013-12-16 10:00:00,-999,0.00,-999,0.00,-999,0.00,-999,0.00,-999,0.00,-999,0.00,-999,0.00,-999,0.00,-999,0.00,-999,0.00,4.089e+05,1.00,0.63,1.00,9.5,1.00,10.158,1.00,-999,0.00,27.76,1.00,27.56,1.00,27.90,1.00,36.1589,1.00,23.3233,1.00,27.68,1.00,36.2931,1.00,23.5279,1.00
2013-12-23 00:00:00,2013-12-23 10:00:00,-999,0.00,-999,0.00,-999,0.00,-999,0.00,-999,0.00,-999,0.00,-999,0.00,-999,0.00,-999,0.00,-999,0.00,1.541e+05,1.00,0.40,1.00,9.5,1.00,10.207,1.00,-999,0.00,27.78,1.00,27.68,1.00,27.84,1.00,36.1155,1.00,23.3119,1.00,27.74,1.00,36.2630,1.00,23.4853,1.00
2013-12-30 00:00:00,2013-12-30 10:00:00,-999,0.00,-999,0.00,-999,0.00,-999,0.00,-999,0.00,-999,0.00,4.870e+06,0.02,2.02,0.02,12.1,0.02,144.0,0.02,8.878e+05,1.00,0.94,1.00,9.5,1.00,10.210,1.00,-999,0.00,28.12,1.00,27.96,1.00,28.20,1.00,36.1404,1.00,23.2110,1.00,28.06,1.00,36.2817,1.00,23.3932,1.00
2014-01-06 00:00:00,2014-01-06 10:00:00,-999,0.00,-999,0.00,-999,0.00,-999,0.00,-999,0.00,-999,0.00,-999,0.00,-999,0.00,-999,0.00,-999,0.00,2.445e+05,1.00,0.52,1.00,8.5,1.00,10.193,1.00,-999,0.00,27.93,1.00,27.81,1.00,28.00,1.00,36.1447,1.00,23.2796,1.00,27.88,1.00,36.2868,1.00,23.4561,1.00
2014-01-13 00:00:00,2014-01-13 10:00:00,-999,0.00,-999,0.00,-999,0.00,-999,0.00,-999,0.00,-999,0.00,-999,0.00,-999,0.00,-999,0.00,-999,0.00,2.605e+05,0.99,0.51,0.99,9.7,0.99,10.173,1.00,-999,0.00,28.10,1.00,27.96,1.00,28.20,1.00,36.0965,1.00,23.1780,1.00,28.04,1.00,36.2491,1.00,23.3770,1.00
2014-01-20 00:00:00,2014-01-20 10:00:00,0.030,0.93,-0.035,0.85,0.001,0.93,0.027,0.85,0.076,0.93,0.089,0.85,5.588e+05,0.91,0.74,0.91,10.3,0.91,161.1,0.91,3.908e+05,0.90,0.62,0.90,10.3,0.90,10.223,0.90,-999,0.00,28.26,1.00,28.10,1.00,28.36,0.99,35.9636,0.99,23.0246,0.99,28.20,1.00,36.0175,1.00,23.1488,1.00
2014-01-27 00:00:00,2014-01-27 10:00:00,0.032,1.00,-0.039,0.85,-0.001,1.00,0.031,0.85,0.069,1.00,0.086,0.85,5.182e+05,1.00,0.69,1.00,10.5,1.00,161.7,1.00,3.680e+05,1.00,0.59,1.00,10.3,1.00,10.225,1.00,-999,0.00,28.19,1.00,28.03,1.00,28.26,1.00,35.9171,1.00,23.0245,1.00,28.14,1.00,35.9645,1.00,23.1304,1.00
2014-02-03 00:00:00,2014-02-03 10:00:00,0.047,1.00,-0.033,0.94,0.000,1.00,0.039,0.94,0.086,1.00,0.114,0.94,8.998e+05,1.00,0.89,1.00,10.8,1.00,138.2,1.00,4.650e+05,1.00,0.65,1.00,10.2,1.00,10.241,1.00,-999,0.00,28.09,1.00,27.91,1.00,28.17,1.00,35.9110,1.00,23.0470,1.00,28.03,1.00,35.9633,1.00,23.1649,1.00
2014-02-10 00:00:00,2014-02-10 10:00:00,0.026,1.00,-0.101,0.98,0.002,1.00,0.041,0.98,0.064,1.00,0.135,0.98,7.183e+05,1.00,0.80,1.00,10.5,1.00,137.8,1.00,3.893e+05,1.00,0.59,1.00,10.5,1.00,10.252,1.00,-999,0.00,27.84,1.00,27.82,1.00,27.83,1.00,35.6734,1.00,22.9797,1.00,27.84,1.00,35.7633,1.00,23.0787,1.00
2014-02-17 00:00:00,2014-02-17 10:00:00,0.009,1.00,-0.086,1.00,-0.000,1.00,0.038,1.00,0.069,1.00,0.120,1.00,4.786e+05,1.00,0.69,1.00,9.7,1.00,142.4,1.00,2.487e+05,1.00,0.49,1.00,9.8,1.00,10.324,1.00,-999,0.00,28.12,1.00,28.10,1.00,28.14,1.00,35.5719,1.00,22.8038,1.00,28.11,1.00,35.6148,1.00,22.8766,1.00
2014-02-24 00:00:00,2014-02-24 10:00:00,0.012,1.00,0.006,0.91,0.003,1.00,0.052,0.91,0.047,1.00,0.085,0.91,6.392e+05,1.00,0.75,1.00,11.4,1.00,149.1,1.00,4.390e+05,1.00,0.64,1.00,10.4,1.00,10.359,1.00,-999,0.00,28.61,1.00,28.59,1.00,28.62,1.00,35.3728,1.00,22.4947,1.00,28.60,1.00,35.3969,1.00,22.5532,1.00
2014-03-03 00:00:00,2014-03-03 10:00:00,0.027,1.00,-0.007,0.95,0.003,1.00,0.050,0.95,0.068,1.00,0.101,0.95,8.398e+05,1.00,0.84,1.00,11.6,1.00,148.4,1.00,6.266e+05,1.00,0.74,1.00,11.0,1.00,10.377,1.00,-999,0.00,28.72,1.00,28.71,1.00,28.73,1.00,35.2861,1.00,22.3928,1.00,28.72,1.00,35.3158,1.00,22.4510,1.00
2014-03-10 00:00:00,2014-03-10 10:00:00,0.043,1.00,-0.015,1.00,0.007,1.00,0.035,1.00,0.072,1.00,0.089,1.00,1.146e+06,1.00,0.89,1.00,11.2,1.00,158.6,1.00,1.033e+06,1.00,0.80,1.00,11.7,1.00,10.375,1.00,-999,0.00,28.55,1.00,28.55,1.00,28.55,1.00,35.2474,1.00,22.4240,1.00,28.55,1.00,35.2761,1.00,22.4780,1.00
2014-03-17 00:00:00,2014-03-17 10:00:00,-0.016,1.00,-0.077,0.94,-0.001,1.00,0.078,0.94,0.049,1.00,0.145,0.94,1.659e+06,1.00,1.15,1.00,11.4,1.00,159.4,1.00,1.320e+06,1.00,1.04,1.00,11.0,1.00,10.364,1.00,-999,0.00,28.34,1.00,28.32,1.00,28.37,1.00,35.3087,1.00,22.5310,1.00,28.33,1.00,35.3526,1.00,22.6081,1.00
2014-03-24 00:00:00,2014-03-24 10:00:00,0.022,1.00,-0.013,0.94,0.002,1.00,0.077,0.94,0.059,1.00,0.118,0.94,1.117e+06,1.00,1.02,1.00,10.6,1.00,144.7,1.00,6.852e+05,1.00,0.82,1.00,10.1,1.00,10.335,1.00,-999,0.00,28.52,1.00,28.49,1.00,28.55,1.00,35.4515,1.00,22.5784,1.00,28.51,1.00,35.4752,1.00,22.6403,1.00
2014-03-31 00:00:00,2014-03-31 10:00:00,0.008,1.00,-0.003,0.92,0.004,1.00,0.085,0.92,0.048,1.00,0.120,0.92,1.901e+06,1.00,1.23,1.00,12.4,1.00,160.0,1.00,1.238e+06,1.00,1.04,1.00,11.2,1.00,10.327,1.00,-999,0.00,28.65,1.00,28.64,1.00,28.66,1.00,35.4564,1.00,22.5457,1.00,28.64,1.00,35.4753,1.00,22.5968,1.00
2014-04-07 00:00:00,2014-04-07 10:00:00,0.026,1.00,0.065,0.95,0.003,1.00,0.125,0.95,0.073,1.00,0.178,0.95,1.796e+06,1.00,1.44,1.00,8.7,1.00,145.4,1.00,1.218e+06,1.00,1.16,1.00,9.0,1.00,10.323,1.00,-999,0.00,28.45,1.00,28.43,1.00,28.45,1.00,35.4931,1.00,22.6410,1.00,28.44,1.00,35.5092,1.00,22.6887,1.00
2014-04-14 00:00:00,2014-04-14 10:00:00,0.008,1.00,-0.059,0.93,0.002,1.00,0.094,0.93,0.049,1.00,0.130,0.93,1.603e+06,1.00,1.24,1.00,10.5,1.00,148.8,1.00,1.230e+06,1.00,1.09,1.00,10.2,1.00,10.289,1.00,-999,0.00,28.34,1.00,28.33,1.00,28.35,1.00,35.4983,1.00,22.6773,1.00,28.34,1.00,35.5156,1.00,22.7279,1.00
2014-04-21 00:00:00,2014-04-21 10:00:00,0.017,1.00,-0.015,0.91,-0.000,1.00,0.063,0.91,0.059,1.00,0.111,0.91,1.203e+06,1.00,0.95,1.00,12.8,1.00,158.6,1.00,9.269e+05,1.00,0.83,1.00,12.1,1.00,10.295,1.00,-999,0.00,28.32,1.00,28.29,1.00,28.33,1.00,35.5254,1.00,22.7066,1.00,28.31,1.00,35.5418,1.00,22.7580,1.00
2014-04-28 00:00:00,2014-04-28 10:00:00,0.031,1.00,0.063,0.97,0.002,1.00,0.137,0.97,0.067,1.00,0.182,0.97,4.215e+06,1.00,1.91,1.00,11.2,1.00,157.9,1.00,2.914e+06,1.00,1.62,1.00,10.4,1.00,10.301,1.00,-999,0.00,28.08,1.00,28.07,1.00,28.08,1.00,35.4695,1.00,22.7457,1.00,28.08,1.00,35.4835,1.00,22.7901,1.00
2014-05-05 00:00:00,2014-05-05 10:00:00,0.040,1.00,0.046,0.92,0.005,1.00,0.053,0.92,0.068,1.00,0.110,0.92,6.578e+05,1.00,0.79,1.00,10.5,1.00,153.9,1.00,4.706e+05,1.00,0.66,1.00,10.5,1.00,10.279,1.00,-999,0.00,28.02,1.00,28.00,1.00,28.02,1.00,35.4827,1.00,22.7747,1.00,28.01,1.00,35.5007,1.00,22.8249,1.00
2014-05-12 00:00:00,2014-05-12 10:00:00,0.040,1.00,0.026,0.97,0.004,1.00,0.098,0.97,0.063,1.00,0.141,0.97,2.396e+06,1.00,1.27,1.00,14.3,1.00,160.9,1.00,1.647e+06,1.00,1.09,1.00,12.8,1.00,10.298,1.00,-999,0.00,27.96,1.00,27.94,1.00,27.97,1.00,35.5019,1.00,22.8071,1.00,27.95,1.00,35.5191,1.00,22.8579,1.00
2014-05-19 00:00:00,2014-05-19 10:00:00,0.028,1.00,-0.013,0.90,0.004,1.00,0.068,0.90,0.064,1.00,0.103,0.90,1.693e+06,1.00,1.14,1.00,12.7,1.00,159.6,1.00,1.204e+06,1.00,0.97,1.00,11.9,1.00,10.312,1.00,-999,0.00,27.90,1.00,27.89,1.00,27.91,1.00,35.4907,1.00,22.8172,1.00,27.90,1.00,35.5098,1.00,22.8689,1.00
2014-05-26 00:00:00,2014-05-26 10:00:00,0.025,1.00,0.016,0.92,0.003,1.00,0.083,0.92,0.056,1.00,0.117,0.92,1.312e+06,0.98,1.11,0.98,10.5,0.98,153.7,0.98,7.640e+05,1.00,0.85,1.00,10.1,1.00,10.294,1.00,-999,0.00,27.83,1.00,27.83,1.00,27.84,1.00,35.4979,1.00,22.8454,1.00,27.83,1.00,35.5118,1.00,22.8920,1.00
2014-06-02 00:00:00,2014-06-02 10:00:00,0.005,1.00,-0.033,0.97,0.005,1.00,0.081,0.97,0.043,1.00,0.113,0.97,1.834e+06,1.00,1.19,1.00,13.0,1.00,159.1,1.00,1.358e+06,1.00,1.05,1.00,11.9,1.00,10.337,1.00,-999,0.00,27.57,1.00,27.57,1.00,27.57,1.00,35.5420,1.00,22.9662,1.00,27.57,1.00,35.5545,1.00,23.0094,1.00
2014-06-09 00:00:00,2014-06-09 10:00:00,0.026,1.00,0.015,0.97,0.003,1.00,0.106,0.97,0.061,1.00,0.148,0.97,2.078e+06,1.00,1.33,1.00,11.6,1.00,159.8,1.00,1.172e+06,1.00,1.06,1.00,10.2,1.00,10.286,1.00,-999,0.00,27.30,1.00,27.30,1.00,27.30,1.00,35.5483,1.00,23.0581,1.00,27.30,1.00,35.5605,1.00,23.1007,1.00
2014-06-16 00:00:00,2014-06-16 10:00:00,0.031,1.00,0.074,0.91,0.002,1.00,0.099,0.91,0.059,1.00,0.147,0.91,1.439e+06,1.00,1.15,1.00,9.9,1.00,151.1,1.00,7.367e+05,1.00,0.87,1.00,9.3,1.00,10.262,1.00,-999,0.00,27.19,1.00,27.18,1.00,27.19,1.00,35.5488,1.00,23.0930,1.00,27.18,1.00,35.5651,1.00,23.1416,1.00
2014-06-23 00:00:00,2014-06-23 10:00:00,0.008,1.00,-0.031,0.89,-0.000,1.00,0.045,0.89,0.050,1.00,0.098,0.89,1.082e+06,1.00,0.93,1.00,12.3,1.00,157.3,1.00,6.898e+05,1.00,0.78,1.00,11.0,1.00,10.254,1.00,-999,0.00,27.00,1.00,26.99,1.00,27.01,1.00,35.5898,1.00,23.1839,1.00,27.00,1.00,35.6287,1.00,23.2478,1.00
2014-06-30 00:00:00,2014-06-30 10:00:00,0.024,1.00,0.026,0.61,0.001,1.00,0.076,0.61,0.059,1.00,0.132,0.61,1.184e+06,1.00,0.97,1.00,11.7,1.00,153.3,1.00,6.909e+05,0.95,0.74,0.95,11.3,0.95,10.246,0.95,26.68,0.37,26.67,1.00,26.65,1.00,26.68,1.00,35.6785,1.00,23.3545,1.00,26.66,1.00,35.6631,1.00,23.3826,1.00
2014-07-07 00:00:00,2014-07-07 10:00:00,0.019,1.00,-999,0.00,0.003,1.00,-999,0.00,0.042,1.00,-999,0.00,2.314e+06,1.00,1.26,1.00,13.0,1.00,170.7,1.00,1.833e+06,1.00,1.13,1.00,12.4,1.00,10.255,1.00,26.72,1.00,26.72,1.00,26.72,1.00,26.72,1.00,35.8296,1.00,23.4550,1.00,26.72,1.00,35.7325,1.00,23.4152,1.00
2014-07-14 00:00:00,2014-07-14 10:00:00,0.030,1.00,-999,0.00,0.001,1.00,-999,0.00,0.057,1.00,-999,0.00,1.212e+06,1.00,0.97,1.00,11.9,1.00,160.7,1.00,9.473e+05,1.00,0.85,1.00,11.9,1.00,10.237,1.00,26.74,1.00,26.74,1.00,26.73,1.00,26.75,1.00,35.8449,1.00,23.4595,1.00,26.73,1.00,35.7491,1.00,23.4233,1.00
2014-07-21 00:00:00,2014-07-21 10:00:00,0.031,1.00,-999,0.00,0.001,1.00,-999,0.00,0.063,1.00,-999,0.00,7.711e+05,1.00,0.76,1.00,12.9,1.00,165.0,1.00,4.563e+05,1.00,0.60,1.00,12.3,1.00,10.275,1.00,26.77,1.00,26.77,1.00,26.77,1.00,26.77,1.00,35.8594,1.00,23.4616,1.00,26.77,1.00,35.7616,1.00,23.4223,1.00
2014-07-28 00:00:00,2014-07-28 10:00:00,0.042,1.00,-999,0.00,0.002,1.00,-999,0.00,0.074,1.00,-999,0.00,2.973e+06,1.00,1.63,1.00,11.4,1.00,168.1,1.00,2.099e+06,1.00,1.37,1.00,10.9,1.00,10.278,1.00,26.86,1.00,26.86,1.00,26.85,1.00,26.86,1.00,35.8636,1.00,23.4385,1.00,26.85,1.00,35.7662,1.00,23.3981,1.00
2014-08-04 00:00:00,2014-08-04 10:00:00,0.033,1.00,-999,0.00,0.002,1.00,-999,0.00,0.068,1.00,-999,0.00,2.806e+06,1.00,1.48,1.00,12.4,1.00,160.4,1.00,1.884e+06,1.00,1.26,1.00,11.5,1.00,10.253,1.00,26.73,1.00,26.73,1.00,26.73,1.00,26.73,1.00,35.8651,1.00,23.4791,1.00,26.73,1.00,35.7683,1.00,23.4400,1.00
2014-08-11 00:00:00,2014-08-11 10:00:00,0.020,1.00,-999,0.00,0.004,1.00,-999,0.00,0.056,1.00,-999,0.00,1.372e+06,1.00,0.99,1.00,13.0,1.00,166.6,1.00,9.323e+05,1.00,0.82,1.00,12.1,1.00,10.287,1.00,26.84,1.00,26.83,1.00,26.83,1.00,26.84,1.00,35.8895,1.00,23.4641,1.00,26.83,1.00,35.7920,1.00,23.4255,1.00
2014-08-18 00:00:00,2014-08-18 10:00:00,0.032,1.00,-999,0.00,0.002,1.00,-999,0.00,0.054,1.00,-999,0.00,1.795e+06,1.00,1.06,1.00,14.0,1.00,168.6,1.00,1.113e+06,1.00,0.89,1.00,12.9,1.00,10.283,1.00,27.00,1.00,27.00,1.00,27.00,1.00,27.00,1.00,35.9097,1.00,23.4260,1.00,27.00,1.00,35.8123,1.00,23.3862,1.00
2014-08-25 00:00:00,2014-08-25 10:00:00,0.027,1.00,-999,0.00,0.006,1.00,-999,0.00,0.059,1.00,-999,0.00,3.392e+06,1.00,1.51,1.00,13.8,1.00,173.0,1.00,2.472e+06,1.00,1.30,1.00,13.1,1.00,10.284,1.00,26.84,1.00,26.85,1.00,26.84,1.00,26.85,1.00,35.8758,1.00,23.4513,1.00,26.85,1.00,35.7809,1.00,23.4122,1.00
2014-09-01 00:00:00,2014-09-01 10:00:00,0.043,1.00,-999,0.00,0.001,1.00,-999,0.00,0.081,1.00,-999,0.00,3.134e+06,1.00,1.68,1.00,10.8,1.00,165.1,1.00,1.925e+06,1.00,1.31,1.00,10.5,1.00,10.271,1.00,26.75,1.00,26.75,1.00,26.74,1.00,26.76,1.00,35.9442,1.00,23.5316,1.00,26.75,1.00,35.8486,1.00,23.4947,1.00
2014-09-08 00:00:00,2014-09-08 10:00:00,0.014,1.00,-999,0.00,0.000,1.00,-999,0.00,0.051,1.00,-999,0.00,1.896e+06,1.00,1.15,1.00,12.3,1.00,159.4,1.00,1.382e+06,1.00,0.96,1.00,11.7,1.00,10.307,1.00,26.88,1.00,26.88,1.00,26.86,1.00,26.88,1.00,35.8647,1.00,23.4315,1.00,26.87,1.00,35.7810,1.00,23.4041,1.00
2014-09-15 00:00:00,2014-09-15 10:00:00,0.013,1.00,-999,0.00,0.000,1.00,-999,0.00,0.050,1.00,-999,0.00,1.061e+06,1.00,0.95,1.00,10.7,1.00,165.4,1.00,5.281e+05,1.00,0.69,1.00,10.2,1.00,10.283,1.00,26.91,1.00,26.90,1.00,26.89,1.00,26.98,0.28,35.7277,0.28,23.2974,0.28,26.98,0.28,35.6429,0.28,23.2638,0.28
2014-09-22 00:00:00,2014-09-22 10:00:00,0.019,1.00,-999,0.00,0.001,1.00,-999,0.00,0.052,1.00,-999,0.00,1.863e+06,1.00,1.08,1.00,12.5,1.00,165.8,1.00,1.299e+06,1.00,0.87,1.00,11.7,1.00,10.294,1.00,27.12,1.00,27.10,1.00,27.08,1.00,-999,0.00,-999,0.00,-999,0.00,-999,0.00,-999,0.00,-999,0.00
2014-09-29 00:00:00,2014-09-29 10:00:00,0.016,1.00,-999,0.00,0.002,1.00,-999,0.00,0.044,1.00,-999,0.00,2.317e+06,1.00,1.41,1.00,10.8,1.00,162.7,1.00,1.361e+06,1.00,1.09,1.00,10.6,1.00,10.284,1.00,27.19,1.00,27.18,1.00,27.17,1.00,-999,0.00,-999,0.00,-999,0.00,-999,0.00,-999,0.00,-999,0.00
2014-10-06 00:00:00,2014-10-06 10:00:00,0.043,1.00,-999,0.00,-0.001,1.00,-999,0.00,0.069,1.00,-999,0.00,1.048e+06,1.00,1.02,1.00,10.5,1.00,163.5,1.00,5.778e+05,1.00,0.76,1.00,10.2,1.00,10.289,1.00,26.73,1.00,26.72,1.00,26.70,1.00,-999,0.00,-999,0.00,-999,0.00,-999,0.00,-999,0.00,-999,0.00
2014-10-13 00:00:00,2014-10-13 10:00:00,0.026,1.00,-999,0.00,0.002,1.00,-999,0.00,0.064,1.00,-999,0.00,7.592e+05,1.00,0.84,1.00,10.9,1.00,161.8,1.00,5.018e+05,1.00,0.67,1.00,10.7,1.00,10.280,1.00,26.88,1.00,26.87,1.00,26.85,1.00,-999,0.00,-999,0.00,-999,0.00,-999,0.00,-999,0.00,-999,0.00
2014-10-20 00:00:00,2014-10-20 10:00:00,0.029,1.00,-999,0.00,-0.002,1.00,-999,0.00,0.066,1.00,-999,0.00,1.644e+06,1.00,1.16,1.00,12.0,1.00,167.1,1.00,1.117e+06,1.00,0.99,1.00,11.3,1.00,10.261,1.00,27.07,1.00,27.04,1.00,27.00,1.00,-999,0.00,-999,0.00,-999,0.00,-999,0.00,-999,0.00,-999,0.00
2014-10-27 00:00:00,2014-10-27 10:00:00,0.023,1.00,-999,0.00,-0.003,1.00,-999,0.00,0.061,1.00,-999,0.00,1.206e+06,1.00,1.06,1.00,10.4,1.00,163.7,1.00,7.417e+05,1.00,0.84,1.00,10.2,1.00,10.228,1.00,27.28,1.00,27.24,1.00,27.17,1.00,-999,0.00,-999,0.00,-999,0.00,-999,0.00,-999,0.00,-999,0.00
2014-11-03 00:00:00,2014-11-03 10:00:00,0.016,1.00,-999,0.00,-0.001,1.00,-999,0.00,0.053,1.00,-999,0.00,1.524e+06,1.00,1.20,1.00,9.5,1.00,168.5,1.00,7.517e+05,1.00,0.86,1.00,9.4,1.00,10.238,1.00,27.32,1.00,27.29,1.00,27.24,1.00,-999,0.00,-999,0.00,-999,0.00,-999,0.00,-999,0.00,-999,0.00
2014-11-10 00:00:00,2014-11-10 10:00:00,0.021,1.00,-999,0.00,-0.002,1.00,-999,0.00,0.055,1.00,-999,0.00,4.442e+05,1.00,0.70,1.00,9.4,1.00,157.4,1.00,2.218e+05,1.00,0.46,1.00,9.8,1.00,10.197,1.00,27.46,1.00,27.42,1.00,27.37,1.00,-999,0.00,-999,0.00,-999,0.00,-999,0.00,-999,0.00,-999,0.00
2014-11-17 00:00:00,2014-11-17 10:00:00,0.016,1.00,-999,0.00,-0.003,1.00,-999,0.00,0.051,1.00,-999,0.00,1.368e+06,1.00,1.14,1.00,10.5,1.00,156.5,1.00,7.428e+05,1.00,0.86,1.00,9.9,1.00,10.184,1.00,27.56,1.00,27.47,1.00,27.43,1.00,-999,0.00,-999,0.00,-999,0.00,-999,0.00,-999,0.00,-999,0.00
2014-11-24 00:00:00,2014-11-24 10:00:00,0.030,1.00,-999,0.00,-0.003,1.00,-999,0.00,0.073,1.00,-999,0.00,8.686e+05,1.00,1.10,1.00,7.0,1.00,150.7,1.00,3.660e+05,1.00,0.69,1.00,7.5,1.00,10.215,1.00,27.67,1.00,27.58,1.00,27.55,1.00,-999,0.00,-999,0.00,-999,0.00,-999,0.00,-999,0.00,-999,0.00
2014-12-01 00:00:00,2014-12-01 10:00:00,0.037,1.00,-999,0.00,-0.003,1.00,-999,0.00,0.069,1.00,-999,0.00,4.764e+05,1.00,0.74,1.00,8.6,1.00,156.4,1.00,2.435e+05,1.00,0.52,1.00,8.7,1.00,10.214,1.00,27.74,1.00,27.66,1.00,27.63,1.00,-999,0.00,-999,0.00,-999,0.00,-999,0.00,-999,0.00,-999,0.00
2014-12-08 00:00:00,2014-12-08 10:00:00,0.049,1.00,-999,0.00,-0.003,1.00,-999,0.00,0.079,1.00,-999,0.00,7.732e+05,1.00,0.78,1.00,11.6,1.00,163.4,1.00,4.240e+05,1.00,0.61,1.00,10.7,1.00,10.229,1.00,27.86,1.00,27.75,1.00,27.71,1.00,-999,0.00,-999,0.00,-999,0.00,-999,0.00,-999,0.00,-999,0.00
2014-12-15 00:00:00,2014-12-15 10:00:00,0.039,1.00,-999,0.00,-0.003,1.00,-999,0.00,0.082,1.00,-999,0.00,1.403e+06,1.00,1.14,1.00,10.8,1.00,168.6,1.00,9.472e+05,1.00,0.94,1.00,10.5,1.00,10.270,1.00,27.94,1.00,27.85,1.00,27.81,1.00,-999,0.00,-999,0.00,-999,0.00,-999,0.00,-999,0.00,-999,0.00
2014-12-22 00:00:00,2014-12-22 10:00:00,0.030,1.00,-999,0.00,-0.005,1.00,-999,0.00,0.084,1.00,-999,0.00,1.273e+06,1.00,1.08,1.00,9.6,1.00,158.4,1.00,8.282e+05,1.00,0.86,1.00,9.5,1.00,10.269,1.00,27.53,1.00,27.45,1.00,27.42,1.00,-999,0.00,-999,0.00,-999,0.00,-999,0.00,-999,0.00,-999,0.00
2014-12-29 00:00:00,2014-12-29 10:00:00,0.026,1.00,-999,0.00,-0.004,1.00,-999,0.00,0.073,1.00,-999,0.00,1.259e+06,1.00,1.09,1.00,10.7,1.00,166.7,1.00,8.257e+05,1.00,0.89,1.00,10.2,1.00,10.274,1.00,27.96,1.00,27.85,1.00,27.81,1.00,-999,0.00,-999,0.00,-999,0.00,-999,0.00,-999,0.00,-999,0.00
2015-01-05 00:00:00,2015-01-05 10:00:00,0.027,1.00,-999,0.00,-0.003,1.00,-999,0.00,0.068,1.00,-999,0.00,8.151e+05,1.00,0.86,1.00,10.4,1.00,163.0,1.00,5.927e+05,1.00,0.75,1.00,10.0,1.00,10.292,1.00,28.55,1.00,28.41,1.00,28.36,1.00,-999,0.00,-999,0.00,-999,0.00,-999,0.00,-999,0.00,-999,0.00
2015-01-12 00:00:00,2015-01-12 10:00:00,0.001,1.00,-999,0.00,-0.003,1.00,-999,0.00,0.075,1.00,-999,0.00,6.577e+05,1.00,0.80,1.00,9.8,1.00,165.3,1.00,3.755e+05,1.00,0.62,1.00,9.7,1.00,10.290,1.00,28.64,1.00,28.47,1.00,28.43,1.00,-999,0.00,-999,0.00,-999,0.00,-999,0.00,-999,0.00,-999,0.00
2015-01-19 00:00:00,2015-01-19 10:00:00,0.024,1.00,-999,0.00,-0.004,1.00,-999,0.00,0.081,1.00,-999,0.00,2.055e+06,1.00,1.28,1.00,10.0,1.00,156.9,1.00,1.501e+06,1.00,1.09,1.00,10.0,1.00,10.286,1.00,28.23,1.00,28.07,1.00,28.03,1.00,-999,0.00,-999,0.00,-999,0.00,-999,0.00,-999,0.00,-999,0.00
2015-01-26 00:00:00,2015-01-26 10:00:00,0.044,1.00,-0.056,0.66,-0.000,1.00,0.038,0.66,0.077,1.00,0.093,0.66,4.653e+05,0.96,0.67,0.96,10.0,0.96,161.5,0.96,2.990e+05,0.93,0.53,0.93,10.3,0.93,10.243,0.92,28.42,1.00,28.33,1.00,28.25,1.00,-999,0.00,-999,0.00,-999,0.00,-999,0.00,-999,0.00,-999,0.00
2015-02-02 00:00:00,2015-02-02 10:00:00,0.024,1.00,-0.066,0.95,-0.001,1.00,0.047,0.95,0.070,1.00,0.124,0.95,8.267e+05,1.00,0.84,1.00,11.5,1.00,156.1,1.00,4.045e+05,1.00,0.58,1.00,11.4,1.00,10.262,1.00,28.94,1.00,28.91,1.00,28.84,1.00,28.98,0.94,35.3483,0.94,22.3602,0.94,28.90,0.94,35.2018,0.94,22.3089,0.94
2015-02-09 00:00:00,2015-02-09 10:00:00,0.038,1.00,0.005,0.96,0.002,1.00,0.059,0.96,0.083,1.00,0.119,0.96,1.263e+06,1.00,1.12,1.00,10.2,1.00,144.1,1.00,6.459e+05,1.00,0.80,1.00,10.1,1.00,10.269,1.00,28.96,1.00,28.95,1.00,28.93,1.00,28.97,1.00,35.4272,1.00,22.4223,1.00,28.94,1.00,35.2766,1.00,22.3500,1.00
2015-02-16 00:00:00,2015-02-16 10:00:00,0.025,1.00,-0.046,0.98,0.002,1.00,0.068,0.98,0.073,1.00,0.127,0.98,1.476e+06,1.00,1.11,1.00,11.0,1.00,156.6,1.00,7.541e+05,1.00,0.81,1.00,10.4,1.00,10.291,1.00,28.79,1.00,28.78,1.00,28.74,1.00,28.81,1.00,35.5783,1.00,22.5896,1.00,28.76,1.00,35.4273,1.00,22.5240,1.00
2015-02-23 00:00:00,2015-02-23 10:00:00,0.025,1.00,-0.024,0.96,0.004,1.00,0.077,0.96,0.074,1.00,0.123,0.96,1.912e+06,1.00,1.18,1.00,12.9,1.00,157.6,1.00,1.347e+06,1.00,1.01,1.00,11.9,1.00,10.300,1.00,28.76,1.00,28.75,1.00,28.73,1.00,28.77,1.00,35.7112,1.00,22.7024,1.00,28.74,1.00,35.5519,1.00,22.6242,1.00
2015-03-02 00:00:00,2015-03-02 10:00:00,0.022,1.00,-0.050,0.96,0.003,1.00,0.042,0.96,0.058,1.00,0.091,0.96,7.288e+05,1.00,0.79,1.00,11.2,1.00,153.9,1.00,4.285e+05,1.00,0.61,1.00,11.2,1.00,10.333,1.00,28.92,1.00,28.92,1.00,28.90,1.00,28.93,1.00,35.7272,1.00,22.6612,1.00,28.91,1.00,35.5653,1.00,22.5772,1.00
2015-03-09 00:00:00,2015-03-09 10:00:00,0.047,1.00,0.022,0.95,0.003,1.00,0.045,0.95,0.071,1.00,0.098,0.95,8.486e+05,1.00,0.90,1.00,10.4,1.00,156.6,1.00,7.290e+05,1.00,0.82,1.00,10.6,1.00,10.346,1.00,29.14,1.00,29.13,1.00,29.09,1.00,29.15,1.00,35.7349,1.00,22.5926,1.00,29.12,1.00,35.5764,1.00,22.5178,1.00
2015-03-16 00:00:00,2015-03-16 10:00:00,0.054,1.00,0.045,0.99,0.003,1.00,0.064,0.99,0.090,1.00,0.139,0.99,9.785e+05,1.00,1.03,1.00,9.7,1.00,151.5,1.00,5.337e+05,1.00,0.73,1.00,10.2,1.00,10.301,1.00,28.84,1.00,28.83,1.00,28.80,1.00,28.84,1.00,35.7107,1.00,22.6781,1.00,28.82,1.00,35.5517,1.00,22.5988,1.00
2015-03-23 00:00:00,2015-03-23 10:00:00,0.038,1.00,0.030,0.86,0.003,1.00,0.071,0.86,0.082,1.00,0.112,0.86,3.099e+06,1.00,1.47,1.00,12.4,1.00,161.7,1.00,3.034e+06,1.00,1.45,1.00,12.5,1.00,10.277,1.00,28.89,1.00,28.87,1.00,28.84,1.00,28.90,1.00,35.7095,1.00,22.6586,1.00,28.86,1.00,35.5483,1.00,22.5813,1.00
2015-03-30 00:00:00,2015-03-30 10:00:00,0.018,1.00,-0.023,0.97,0.004,1.00,0.072,0.97,0.067,1.00,0.123,0.97,1.992e+06,1.00,1.19,1.00,12.8,1.00,160.4,1.00,1.470e+06,1.00,1.05,1.00,11.9,1.00,10.293,1.00,29.03,1.00,29.02,1.00,28.99,1.00,29.03,1.00,35.7275,1.00,22.6265,1.00,29.01,1.00,35.5647,1.00,22.5447,1.00
2015-04-06 00:00:00,2015-04-06 10:00:00,0.055,1.00,0.022,0.92,0.003,1.00,0.063,0.92,0.092,1.00,0.119,0.92,1.494e+06,1.00,1.07,1.00,12.2,1.00,164.3,1.00,1.061e+06,1.00,0.94,1.00,11.5,1.00,10.290,1.00,29.04,1.00,29.03,1.00,29.00,1.00,29.06,1.00,35.7879,1.00,22.6649,1.00,29.02,1.00,35.6237,1.00,22.5864,1.00
2015-04-13 00:00:00,2015-04-13 10:00:00,0.063,1.00,0.073,0.90,0.002,1.00,0.078,0.90,0.101,1.00,0.142,0.90,1.530e+06,1.00,1.10,1.00,12.5,1.00,161.1,1.00,9.401e+05,1.00,0.91,1.00,11.1,1.00,10.298,1.00,29.08,1.00,29.07,1.00,29.05,1.00,29.09,1.00,35.8407,1.00,22.6943,1.00,29.07,1.00,35.6811,1.00,22.6136,1.00
2015-04-20 00:00:00,2015-04-20 10:00:00,0.036,1.00,-0.021,0.98,0.005,1.00,0.078,0.98,0.097,1.00,0.138,0.98,1.709e+06,1.00,1.31,1.00,9.8,1.00,149.1,1.00,9.715e+05,1.00,0.96,1.00,10.2,1.00,10.300,1.00,28.90,1.00,28.90,1.00,28.89,1.00,28.90,1.00,35.9589,1.00,22.8443,1.00,28.90,1.00,35.7919,1.00,22.7534,1.00
2015-04-27 00:00:00,2015-04-27 10:00:00,0.027,1.00,0.001,0.94,0.007,1.00,0.080,0.94,0.064,1.00,0.119,0.94,2.241e+06,1.00,1.28,1.00,13.3,1.00,157.4,1.00,1.589e+06,1.00,1.08,1.00,12.6,1.00,10.299,1.00,28.84,1.00,28.84,1.00,28.83,1.00,28.84,1.00,35.9436,1.00,22.8535,1.00,28.84,1.00,35.7757,1.00,22.7612,1.00
2015-05-04 00:00:00,2015-05-04 10:00:00,0.020,1.00,0.046,0.99,0.007,1.00,0.097,0.99,0.055,1.00,0.154,0.99,3.529e+06,1.00,1.63,1.00,13.0,1.00,163.7,1.00,2.746e+06,1.00,1.48,1.00,12.3,1.00,10.319,1.00,28.70,1.00,28.70,1.00,28.71,1.00,28.71,1.00,35.9550,1.00,22.9077,1.00,28.71,1.00,35.7908,1.00,22.8155,1.00
2015-05-11 00:00:00,2015-05-11 10:00:00,0.036,1.00,0.077,0.93,0.007,1.00,0.059,0.93,0.058,1.00,0.118,0.93,1.893e+06,1.00,1.20,1.00,12.0,1.00,159.9,1.00,1.680e+06,1.00,1.12,1.00,11.4,1.00,10.317,1.00,28.56,1.00,28.56,1.00,28.56,1.00,28.56,1.00,35.9796,1.00,22.9749,1.00,28.56,1.00,35.8090,1.00,22.8791,1.00
2015-05-18 00:00:00,2015-05-18 10:00:00,0.035,1.00,0.018,0.93,0.002,1.00,0.055,0.93,0.063,1.00,0.093,0.93,2.126e+06,1.00,1.25,1.00,13.0,1.00,162.6,1.00,1.794e+06,1.00,1.17,1.00,12.5,1.00,10.274,1.00,28.44,1.00,28.45,1.00,28.45,1.00,28.45,1.00,35.7932,1.00,22.8722,1.00,28.45,1.00,35.6447,1.00,22.7909,1.00
2015-05-25 00:00:00,2015-05-25 10:00:00,0.048,1.00,0.055,0.93,0.003,1.00,0.019,0.93,0.071,1.00,0.110,0.93,2.252e+06,1.00,1.27,1.00,13.2,1.00,162.9,1.00,1.402e+06,1.00,1.03,1.00,12.1,1.00,10.271,1.00,28.45,1.00,28.45,1.00,28.45,1.00,28.45,1.00,35.8844,1.00,22.9390,1.00,28.45,1.00,35.7236,1.00,22.8498,1.00
2015-06-01 00:00:00,2015-06-01 10:00:00,-0.002,1.00,0.054,0.96,0.005,1.00,0.068,0.96,0.044,1.00,0.133,0.96,2.406e+06,0.98,1.42,0.98,11.8,0.98,159.9,0.98,1.830e+06,1.00,1.28,1.00,11.0,1.00,10.266,1.00,28.31,1.00,28.31,1.00,28.31,1.00,28.32,1.00,35.7982,1.00,22.9190,1.00,28.31,1.00,35.6261,1.00,22.8234,1.00
2015-06-08 00:00:00,2015-06-08 10:00:00,0.029,1.00,0.052,0.95,0.005,1.00,0.036,0.95,0.063,1.00,0.116,0.95,2.329e+06,1.00,1.30,1.00,11.8,1.00,160.1,1.00,1.372e+06,1.00,1.05,1.00,10.9,1.00,10.291,1.00,28.16,1.00,28.16,1.00,28.16,1.00,28.16,1.00,35.8418,1.00,23.0027,1.00,28.16,1.00,35.6683,1.00,22.9053,1.00
2015-06-15 00:00:00,2015-06-15 10:00:00,0.019,1.00,0.004,1.00,0.004,1.00,0.045,1.00,0.063,1.00,0.124,1.00,2.361e+06,1.00,1.38,1.00,12.1,1.00,157.7,1.00,1.392e+06,1.00,1.06,1.00,11.1,1.00,10.285,1.00,27.91,1.00,27.91,1.00,27.91,1.00,27.91,1.00,35.8685,1.00,23.1044,1.00,27.91,1.00,35.6963,1.00,23.0065,1.00
2015-06-22 00:00:00,2015-06-22 10:00:00,0.029,1.00,0.110,0.84,0.007,1.00,0.036,0.84,0.066,1.00,0.148,0.84,2.893e+06,1.00,1.41,1.00,11.7,1.00,158.4,1.00,2.333e+06,1.00,1.28,1.00,11.1,1.00,10.280,1.00,27.67,1.00,27.67,1.00,27.67,1.00,27.67,1.00,35.8974,1.00,23.2045,1.00,27.67,1.00,35.7216,1.00,23.1047,1.00
2015-06-29 00:00:00,2015-06-29 10:00:00,0.025,1.00,0.084,0.92,0.005,1.00,0.034,0.92,0.063,1.00,0.149,0.92,3.910e+06,1.00,1.76,1.00,12.2,1.00,162.8,1.00,2.307e+06,1.00,1.43,1.00,11.2,1.00,10.276,1.00,27.60,1.00,27.60,1.00,27.60,1.00,27.60,1.00,35.9630,1.00,23.2771,1.00,27.60,1.00,35.7858,1.00,23.1768,1.00
2015-07-06 00:00:00,2015-07-06 10:00:00,0.039,1.00,0.040,0.91,0.005,1.00,0.019,0.91,0.076,1.00,0.113,0.91,1.438e+06,1.00,1.08,1.00,11.6,1.00,156.3,1.00,9.459e+05,1.00,0.90,1.00,11.0,1.00,10.280,1.00,27.43,1.00,27.43,1.00,27.43,1.00,27.44,1.00,36.0726,1.00,23.4132,1.00,27.44,1.00,35.8924,1.00,23.3098,1.00
2015-07-13 00:00:00,2015-07-13 10:00:00,0.023,1.00,0.009,0.19,0.003,1.00,-0.013,0.19,0.047,1.00,0.085,0.19,1.247e+06,0.98,1.09,0.98,10.4,0.98,160.9,0.98,7.186e+05,0.95,0.84,0.95,10.2,0.95,10.322,0.94,27.22,1.00,27.22,0.99,27.23,1.00,27.22,1.00,35.9444,1.00,23.3860,1.00,27.22,1.00,35.8896,1.00,23.3757,1.00
2015-07-20 00:00:00,2015-07-20 10:00:00,0.008,1.00,-999,0.00,0.007,1.00,-999,0.00,0.047,1.00,-999,0.00,2.334e+06,1.00,1.25,1.00,14.3,1.00,165.0,1.00,1.520e+06,1.00,1.05,1.00,12.6,1.00,10.346,1.00,27.24,1.00,27.24,1.00,27.25,1.00,27.24,1.00,36.0312,1.00,23.4444,1.00,27.24,1.00,36.0096,1.00,23.4597,1.00
2015-07-27 00:00:00,2015-07-27 10:00:00,0.002,1.00,-999,0.00,0.006,1.00,-999,0.00,0.040,1.00,-999,0.00,2.051e+06,1.00,1.31,1.00,11.9,1.00,161.0,1.00,1.433e+06,1.00,1.11,1.00,11.4,1.00,10.361,1.00,27.21,1.00,27.21,1.00,27.21,1.00,27.21,1.00,36.0804,1.00,23.4924,1.00,27.21,1.00,36.0544,1.00,23.5049,1.00
2015-08-03 00:00:00,2015-08-03 10:00:00,0.014,1.00,-999,0.00,0.004,1.00,-999,0.00,0.047,1.00,-999,0.00,3.983e+06,1.00,1.74,1.00,12.5,1.00,161.8,1.00,2.473e+06,1.00,1.42,1.00,11.5,1.00,10.326,1.00,26.81,1.00,26.81,1.00,26.81,1.00,26.81,1.00,36.0585,1.00,23.6020,1.00,26.81,1.00,36.0323,1.00,23.6150,1.00
2015-08-10 00:00:00,2015-08-10 10:00:00,0.024,1.00,-999,0.00,0.003,1.00,-999,0.00,0.043,1.00,-999,0.00,2.478e+06,1.00,1.43,1.00,11.6,1.00,158.9,1.00,1.398e+06,1.00,1.09,1.00,11.0,1.00,10.301,1.00,26.62,1.00,26.62,1.00,26.62,1.00,26.62,1.00,36.0872,1.00,23.6831,1.00,26.62,1.00,36.0633,1.00,23.6985,1.00
2015-08-17 00:00:00,2015-08-17 10:00:00,0.021,1.00,-999,0.00,0.003,1.00,-999,0.00,0.040,1.00,-999,0.00,2.692e+06,1.00,1.40,1.00,12.5,1.00,163.2,1.00,1.601e+06,1.00,1.11,1.00,11.6,1.00,10.314,1.00,26.55,1.00,26.54,1.00,26.54,1.00,26.55,1.00,36.0875,1.00,23.7071,1.00,26.54,1.00,36.0643,1.00,23.7242,1.00
2015-08-24 00:00:00,2015-08-24 10:00:00,0.033,1.00,-999,0.00,0.005,1.00,-999,0.00,0.061,1.00,-999,0.00,2.305e+06,1.00,1.32,1.00,12.5,1.00,161.4,1.00,1.131e+06,1.00,0.99,1.00,11.1,1.00,10.334,1.00,26.48,1.00,26.47,1.00,26.47,1.00,26.50,0.71,36.1019,0.71,23.7353,0.71,26.47,1.00,36.0779,1.00,23.7566,1.00
2015-08-31 00:00:00,2015-08-31 10:00:00,0.016,1.00,-999,0.00,0.005,1.00,-999,0.00,0.053,1.00,-999,0.00,4.806e+06,1.00,1.74,1.00,14.3,1.00,159.7,1.00,3.111e+06,1.00,1.43,1.00,13.3,1.00,10.283,1.00,26.34,1.00,26.33,1.00,26.33,1.00,-999,0.00,-999,0.00,-999,0.00,26.33,1.00,36.0602,1.00,23.7880,1.00
2015-09-07 00:00:00,2015-09-07 10:00:00,0.026,1.00,-999,0.00,0.004,1.00,-999,0.00,0.059,1.00,-999,0.00,1.911e+06,1.00,1.18,1.00,11.3,1.00,154.1,1.00,7.666e+05,1.00,0.82,1.00,9.9,1.00,10.317,1.00,26.11,1.00,26.11,1.00,26.10,1.00,-999,0.00,-999,0.00,-999,0.00,26.11,1.00,36.0763,1.00,23.8708,1.00
2015-09-14 00:00:00,2015-09-14 10:00:00,0.037,1.00,-999,0.00,-0.000,1.00,-999,0.00,0.057,1.00,-999,0.00,1.880e+06,1.00,1.29,1.00,11.0,1.00,161.9,1.00,1.047e+06,1.00,0.97,1.00,10.6,1.00,10.302,1.00,26.16,1.00,26.15,1.00,26.13,1.00,26.20,0.14,36.1167,0.14,23.8388,0.14,26.14,1.00,36.0977,1.00,23.8747,1.00
2015-09-21 00:00:00,2015-09-21 10:00:00,0.050,1.00,-999,0.00,0.001,1.00,-999,0.00,0.066,1.00,-999,0.00,1.243e+06,1.00,1.02,1.00,11.3,1.00,162.9,1.00,8.120e+05,1.00,0.85,1.00,10.6,1.00,10.334,1.00,26.36,1.00,26.35,1.00,26.33,1.00,26.37,1.00,36.1172,1.00,23.7848,1.00,26.35,1.00,36.1005,1.00,23.8132,1.00
2015-09-28 00:00:00,2015-09-28 10:00:00,0.058,1.00,-999,0.00,0.002,1.00,-999,0.00,0.080,1.00,-999,0.00,3.590e+06,1.00,1.68,1.00,12.1,1.00,163.6,1.00,1.652e+06,1.00,1.23,1.00,10.6,1.00,10.306,1.00,26.25,1.00,26.25,1.00,26.25,1.00,26.25,1.00,36.2040,1.00,23.8899,1.00,26.25,1.00,36.1856,1.00,23.9087,1.00
2015-10-05 00:00:00,2015-10-05 10:00:00,0.020,1.00,-999,0.00,0.005,1.00,-999,0.00,0.069,1.00,-999,0.00,3.245e+06,1.00,1.53,1.00,13.5,1.00,162.2,1.00,1.709e+06,1.00,1.20,1.00,11.8,1.00,10.281,1.00,26.29,1.00,26.28,1.00,26.26,1.00,26.30,1.00,36.3131,1.00,23.9569,1.00,26.27,1.00,36.2903,1.00,23.9803,1.00
2015-10-12 00:00:00,2015-10-12 10:00:00,0.007,1.00,-999,0.00,0.001,1.00,-999,0.00,0.056,1.00,-999,0.00,3.544e+06,1.00,1.64,1.00,13.2,1.00,164.2,1.00,1.876e+06,1.00,1.26,1.00,11.7,1.00,10.280,1.00,26.36,1.00,26.35,1.00,26.34,1.00,26.37,1.00,36.2811,1.00,23.9102,1.00,26.35,1.00,36.2610,1.00,23.9334,1.00
2015-10-19 00:00:00,2015-10-19 10:00:00,0.045,0.97,-999,0.00,-0.001,0.97,-999,0.00,0.075,0.97,-999,0.00,3.571e+06,0.96,1.64,0.96,12.5,0.96,163.1,0.96,2.297e+06,1.00,1.35,1.00,11.7,1.00,10.247,1.00,26.18,1.00,26.16,1.00,26.11,1.00,26.19,1.00,36.1983,1.00,23.9029,1.00,26.14,1.00,36.1956,1.00,23.9493,1.00
2015-10-26 00:00:00,2015-10-26 10:00:00,0.032,0.99,-999,0.00,-0.004,0.99,-999,0.00,0.068,0.99,-999,0.00,1.857e+06,0.96,1.19,0.96,12.9,0.96,164.4,0.96,1.021e+06,1.00,0.93,1.00,11.4,1.00,10.247,1.00,26.36,1.00,26.30,1.00,26.19,1.00,26.40,1.00,36.1564,1.00,23.8045,1.00,26.27,1.00,36.1432,1.00,23.8704,1.00
2015-11-02 00:00:00,2015-11-02 10:00:00,0.033,1.00,-999,0.00,-0.002,1.00,-999,0.00,0.059,1.00,-999,0.00,4.130e+06,1.00,1.74,1.00,13.3,1.00,166.3,1.00,2.129e+06,1.00,1.31,1.00,11.5,1.00,10.242,1.00,27.02,1.00,27.01,1.00,26.94,1.00,27.03,1.00,36.1727,1.00,23.6174,1.00,27.00,1.00,36.1668,1.00,23.6558,1.00
2015-11-09 00:00:00,2015-11-09 10:00:00,0.002,1.00,-999,0.00,0.001,1.00,-999,0.00,0.062,1.00,-999,0.00,1.505e+06,1.00,1.04,1.00,12.9,1.00,157.1,1.00,8.740e+05,1.00,0.81,1.00,11.1,1.00,10.254,1.00,27.45,1.00,27.43,1.00,27.38,1.00,27.48,1.00,36.3487,1.00,23.6059,1.00,27.41,1.00,36.3352,1.00,23.6479,1.00
2015-11-16 00:00:00,2015-11-16 10:00:00,0.013,1.00,-999,0.00,0.000,1.00,-999,0.00,0.055,1.00,-999,0.00,1.043e+06,1.00,1.04,1.00,9.9,1.00,141.1,1.00,4.609e+05,1.00,0.68,1.00,9.9,1.00,10.284,1.00,27.84,1.00,27.82,1.00,27.78,1.00,27.85,1.00,36.4026,1.00,23.5240,1.00,27.81,1.00,36.3828,1.00,23.5570,1.00
2015-11-23 00:00:00,2015-11-23 10:00:00,0.043,1.00,-999,0.00,0.002,1.00,-999,0.00,0.069,1.00,-999,0.00,2.450e+06,1.00,1.66,1.00,8.4,1.00,150.7,1.00,1.318e+06,1.00,1.22,1.00,8.3,1.00,10.301,1.00,27.75,1.00,27.74,1.00,27.70,1.00,27.77,1.00,36.4015,1.00,23.5503,1.00,27.73,1.00,36.3801,1.00,23.5807,1.00
2015-11-30 00:00:00,2015-11-30 10:00:00,0.029,0.06,-999,0.00,0.004,0.06,-999,0.00,0.037,0.06,-999,0.00,3.102e+06,0.04,1.86,0.04,9.1,0.04,152.0,0.04,8.360e+05,1.00,0.91,1.00,9.5,1.00,10.295,1.00,27.74,1.00,27.72,1.00,27.67,1.00,27.76,1.00,36.3707,1.00,23.5290,1.00,27.71,1.00,36.3510,1.00,23.5645,1.00
2015-12-07 00:00:00,2015-12-07 10:00:00,-999,0.00,-999,0.00,-999,0.00,-999,0.00,-999,0.00,-999,0.00,-999,0.00,-999,0.00,-999,0.00,-999,0.00,8.433e+05,1.00,0.85,1.00,10.5,1.00,10.270,1.00,27.71,1.00,27.69,1.00,27.66,1.00,27.73,1.00,36.3427,1.00,23.5204,1.00,27.68,1.00,36.3417,1.00,23.5657,1.00
2015-12-14 00:00:00,2015-12-14 10:00:00,-999,0.00,-999,0.00,-999,0.00,-999,0.00,-999,0.00,-999,0.00,-999,0.00,-999,0.00,-999,0.00,-999,0.00,3.740e+05,1.00,0.63,1.00,9.2,1.00,10.310,1.00,27.89,1.00,27.87,1.00,27.82,1.00,27.92,1.00,36.2902,1.00,23.4183,1.00,27.85,1.00,36.2863,1.00,23.4681,1.00
2015-12-21 00:00:00,2015-12-21 10:00:00,-999,0.00,-999,0.00,-999,0.00,-999,0.00,-999,0.00,-999,0.00,-999,0.00,-999,0.00,-999,0.00,-999,0.00,7.408e+05,1.00,0.72,1.00,11.6,1.00,10.347,1.00,28.10,1.00,28.10,1.00,28.08,1.00,28.10,0.93,36.2937,0.93,23.3599,0.93,28.09,1.00,36.2834,1.00,23.3879,1.00
2015-12-28 00:00:00,2015-12-28 10:00:00,-999,0.00,-999,0.00,-999,0.00,-999,0.00,-999,0.00,-999,0.00,3.200e+06,0.02,1.92,0.02,8.8,0.02,140.0,0.02,7.684e+05,1.00,0.86,1.00,10.2,1.00,10.327,1.00,28.42,1.00,28.38,1.00,28.28,1.00,28.45,1.00,36.2827,1.00,23.2357,1.00,28.35,1.00,36.2594,1.00,23.2846,1.00
2016-01-04 00:00:00,2016-01-04 10:00:00,-999,0.00,-999,0.00,-999,0.00,-999,0.00,-999,0.00,-999,0.00,-999,0.00,-999,0.00,-999,0.00,-999,0.00,5.365e+05,1.00,0.71,1.00,9.4,1.00,10.268,1.00,27.88,1.00,27.85,1.00,27.77,1.00,27.91,1.00,36.2768,1.00,23.4118,1.00,27.82,1.00,36.2533,1.00,23.4535,1.00
2016-01-11 00:00:00,2016-01-11 10:00:00,0.045,0.50,0.155,0.49,0.000,0.50,0.015,0.49,0.069,0.50,0.160,0.49,1.902e+06,0.50,1.22,0.50,11.9,0.50,165.1,0.50,1.073e+06,0.92,0.91,0.92,11.1,0.92,10.285,0.91,28.36,1.00,28.33,1.00,28.10,0.49,28.38,0.99,36.3752,0.99,23.3308,0.99,28.30,1.00,36.1869,1.00,23.2455,1.00
2016-01-18 00:00:00,2016-01-18 10:00:00,0.020,1.00,0.145,0.98,-0.002,1.00,0.013,0.98,0.052,1.00,0.154,0.98,2.091e+06,1.00,1.45,1.00,9.9,1.00,160.9,1.00,1.145e+06,1.00,1.11,1.00,9.2,1.00,10.252,1.00,28.20,1.00,28.19,1.00,-999,0.00,28.21,1.00,36.4942,1.00,23.4745,1.00,28.17,1.00,36.1715,1.00,23.2781,1.00
2016-01-25 00:00:00,2016-01-25 10:00:00,0.028,1.00,0.099,0.94,0.001,1.00,-0.017,0.94,0.069,1.00,0.126,0.94,1.405e+06,1.00,1.25,1.00,8.6,1.00,153.3,1.00,8.309e+05,1.00,0.97,1.00,8.4,1.00,10.249,1.00,28.31,1.00,28.29,1.00,-999,0.00,28.32,1.00,36.5440,1.00,23.4751,1.00,28.27,1.00,36.2054,1.00,23.2711,1.00
2016-02-01 00:00:00,2016-02-01 10:00:00,0.022,1.00,0.021,0.95,0.001,1.00,-0.020,0.95,0.053,1.00,0.083,0.95,1.489e+06,1.00,1.15,1.00,11.0,1.00,158.1,1.00,8.219e+05,1.00,0.88,1.00,10.2,1.00,10.273,1.00,28.81,1.00,28.79,1.00,-999,0.00,28.84,1.00,36.5106,1.00,23.2793,1.00,28.76,1.00,36.1823,1.00,23.0888,1.00
2016-02-08 00:00:00,2016-02-08 10:00:00,0.017,1.00,-0.028,0.95,0.004,1.00,-0.002,0.95,0.060,1.00,0.074,0.95,7.120e+05,1.00,0.74,1.00,12.1,1.00,154.4,1.00,3.695e+05,1.00,0.56,1.00,11.2,1.00,10.333,1.00,28.89,1.00,28.87,1.00,-999,0.00,28.90,1.00,36.4418,1.00,23.2069,1.00,28.85,1.00,36.1229,1.00,23.0150,1.00
2016-02-15 00:00:00,2016-02-15 10:00:00,0.028,1.00,-0.008,0.98,0.006,1.00,0.012,0.98,0.067,1.00,0.083,0.98,7.718e+05,1.00,0.85,1.00,10.7,1.00,163.0,1.00,5.923e+05,1.00,0.73,1.00,10.7,1.00,10.351,1.00,28.70,1.00,28.70,1.00,-999,0.00,28.70,1.00,36.2999,1.00,23.1689,1.00,28.69,1.00,35.9773,1.00,22.9587,1.00
2016-02-22 00:00:00,2016-02-22 10:00:00,0.029,1.00,-0.001,0.96,0.002,1.00,0.016,0.96,0.064,1.00,0.102,0.96,9.781e+05,1.00,0.95,1.00,10.0,1.00,165.4,1.00,7.283e+05,1.00,0.81,1.00,10.0,1.00,10.317,1.00,28.43,1.00,28.43,1.00,-999,0.00,28.44,1.00,36.2543,1.00,23.2193,1.00,28.42,1.00,35.9421,1.00,23.0230,1.00
2016-02-29 00:00:00,2016-02-29 10:00:00,0.023,1.00,0.017,0.98,0.001,1.00,0.006,0.98,0.062,1.00,0.106,0.98,1.687e+06,1.00,1.11,1.00,13.4,1.00,161.4,1.00,1.251e+06,1.00,0.99,1.00,12.5,1.00,10.287,1.00,28.28,1.00,28.26,1.00,-999,0.00,28.30,1.00,36.1482,1.00,23.1870,1.00,28.24,1.00,35.8652,1.00,23.0246,1.00
2016-03-07 00:00:00,2016-03-07 10:00:00,0.047,1.00,0.112,0.93,-0.002,1.00,0.019,0.93,0.076,1.00,0.144,0.93,2.033e+06,1.00,1.30,1.00,12.0,1.00,163.6,1.00,1.374e+06,1.00,1.12,1.00,10.8,1.00,10.298,1.00,28.62,1.00,28.60,1.00,-999,0.00,28.65,1.00,36.0603,1.00,23.0038,1.00,28.56,1.00,35.7717,1.00,22.8490,1.00
2016-03-14 00:00:00,2016-03-14 10:00:00,0.021,1.00,0.007,0.92,-0.001,1.00,0.010,0.92,0.069,1.00,0.081,0.92,8.041e+05,1.00,0.85,1.00,11.2,1.00,164.0,1.00,5.567e+05,1.00,0.70,1.00,11.0,1.00,10.320,1.00,29.04,1.00,29.01,1.00,-999,0.00,29.08,1.00,36.1651,1.00,22.9401,1.00,28.97,1.00,35.7968,1.00,22.7315,1.00
2016-03-21 00:00:00,2016-03-21 10:00:00,0.040,1.00,0.019,0.93,-0.004,1.00,0.013,0.93,0.074,1.00,0.101,0.93,1.907e+06,1.00,1.27,1.00,11.7,1.00,164.1,1.00,1.597e+06,1.00,1.16,1.00,11.5,1.00,10.322,1.00,29.14,1.00,29.10,1.00,-999,0.00,29.17,1.00,36.1410,1.00,22.8907,1.00,29.07,1.00,35.8148,1.00,22.7126,1.00
2016-03-28 00:00:00,2016-03-28 10:00:00,0.015,1.00,-0.013,0.96,0.001,1.00,0.005,0.96,0.059,1.00,0.082,0.96,1.393e+06,1.00,1.00,1.00,13.1,1.00,164.9,1.00,1.202e+06,1.00,0.92,1.00,12.2,1.00,10.331,1.00,29.44,1.00,29.42,1.00,-999,0.00,29.46,1.00,36.1053,1.00,22.7650,1.00,29.39,1.00,35.7810,1.00,22.5792,1.00
2016-04-04 00:00:00,2016-04-04 10:00:00,0.026,1.00,0.016,0.89,-0.001,1.00,0.015,0.89,0.061,1.00,0.079,0.89,9.029e+05,1.00,0.83,1.00,12.2,1.00,162.7,1.00,7.335e+05,1.00,0.74,1.00,11.5,1.00,10.341,1.00,29.58,1.00,29.56,1.00,-999,0.00,29.61,1.00,36.0787,1.00,22.6952,1.00,29.53,1.00,35.7310,1.00,22.4922,1.00
2016-04-11 00:00:00,2016-04-11 10:00:00,0.038,1.00,0.105,0.99,0.000,1.00,0.025,0.99,0.081,1.00,0.139,0.99,2.681e+06,1.00,1.54,1.00,11.4,1.00,155.7,1.00,1.829e+06,1.00,1.31,1.00,10.7,1.00,10.338,1.00,29.43,1.00,29.41,1.00,-999,0.00,29.45,1.00,36.1068,1.00,22.7714,1.00,29.38,1.00,35.7587,1.00,22.5630,1.00
2016-04-18 00:00:00,2016-04-18 10:00:00,0.025,1.00,0.049,0.96,-0.001,1.00,0.008,0.96,0.074,1.00,0.128,0.96,2.709e+06,1.00,1.56,1.00,10.6,1.00,155.7,1.00,2.127e+06,1.00,1.39,1.00,10.5,1.00,10.301,1.00,28.62,1.00,28.61,1.00,-999,0.00,28.64,1.00,36.1456,1.00,23.0728,1.00,28.59,1.00,35.8063,1.00,22.8656,1.00
2016-04-25 00:00:00,2016-04-25 10:00:00,0.059,1.00,0.123,0.89,-0.000,1.00,0.018,0.89,0.082,1.00,0.140,0.89,2.132e+06,1.00,1.37,1.00,11.1,1.00,160.0,1.00,1.688e+06,1.00,1.24,1.00,10.3,1.00,10.277,1.00,28.34,1.00,28.33,1.00,-999,0.00,28.35,1.00,36.0037,1.00,23.0622,1.00,28.31,1.00,35.6738,1.00,22.8562,1.00
2016-05-02 00:00:00,2016-05-02 10:00:00,0.033,1.00,0.139,0.97,-0.001,1.00,0.017,0.97,0.066,1.00,0.160,0.97,3.267e+06,1.00,1.60,1.00,11.8,1.00,165.2,1.00,2.006e+06,1.00,1.32,1.00,10.8,1.00,10.279,1.00,28.04,1.00,28.03,1.00,-999,0.00,28.04,1.00,36.1029,1.00,23.2364,1.00,28.03,1.00,35.7263,1.00,22.9902,1.00
2016-05-09 00:00:00,2016-05-09 10:00:00,0.021,1.00,0.105,0.96,0.001,1.00,-0.007,0.96,0.071,1.00,0.147,0.96,3.301e+06,1.00,1.63,1.00,12.3,1.00,159.2,1.00,2.510e+06,1.00,1.46,1.00,11.3,1.00,10.287,1.00,28.21,1.00,28.20,1.00,-999,0.00,28.22,1.00,36.1355,0.65,23.2121,0.65,28.19,1.00,35.7289,1.00,22.9394,1.00
2016-05-16 00:00:00,2016-05-16 10:00:00,0.020,1.00,0.070,0.93,0.001,1.00,-0.007,0.93,0.063,1.00,0.101,0.93,7.579e+05,1.00,0.85,1.00,10.5,1.00,160.9,1.00,4.291e+05,1.00,0.64,1.00,10.5,1.00,10.280,1.00,28.28,1.00,28.28,1.00,-999,0.00,28.29,1.00,-999,0.00,-999,0.00,28.27,1.00,35.6277,1.00,22.8364,1.00
2016-05-23 00:00:00,2016-05-23 10:00:00,0.037,1.00,0.136,0.93,0.002,1.00,0.008,0.93,0.073,1.00,0.154,0.93,2.650e+06,0.98,1.35,0.98,12.6,0.98,164.0,0.98,2.303e+06,1.00,1.26,1.00,11.8,1.00,10.273,1.00,28.24,1.00,28.23,1.00,-999,0.00,28.24,1.00,-999,0.00,-999,0.00,28.23,1.00,35.5558,1.00,22.7956,1.00
2016-05-30 00:00:00,2016-05-30 10:00:00,0.045,1.00,0.072,0.92,0.002,1.00,0.001,0.92,0.086,1.00,0.109,0.92,7.694e+05,1.00,0.99,1.00,8.1,1.00,145.5,1.00,4.443e+05,1.00,0.71,1.00,8.8,1.00,10.316,1.00,28.28,1.00,28.28,1.00,-999,0.00,28.29,1.00,-999,0.00,-999,0.00,28.28,1.00,35.6067,1.00,22.8177,1.00
2016-06-06 00:00:00,2016-06-06 10:00:00,-0.000,1.00,0.069,0.99,0.003,1.00,0.101,0.99,0.077,1.00,0.188,0.99,9.068e+06,1.00,2.38,1.00,14.8,1.00,164.9,1.00,6.197e+06,1.00,2.13,1.00,13.0,1.00,10.243,1.00,27.79,1.00,27.78,1.00,-999,0.00,27.80,1.00,-999,0.00,-999,0.00,27.78,1.00,35.6519,1.00,23.0164,1.00
2016-06-13 00:00:00,2016-06-13 10:00:00,0.070,1.00,0.075,0.94,0.005,1.00,0.121,0.94,0.111,1.00,0.192,0.94,3.111e+06,1.00,1.52,1.00,12.5,1.00,157.0,1.00,2.372e+06,1.00,1.31,1.00,11.3,1.00,10.239,1.00,27.76,1.00,27.76,1.00,-999,0.00,27.77,1.00,-999,0.00,-999,0.00,27.76,1.00,35.7270,1.00,23.0784,1.00
2016-06-20 00:00:00,2016-06-20 10:00:00,0.034,1.00,0.052,0.95,0.005,1.00,0.106,0.95,0.078,1.00,0.165,0.95,3.769e+06,1.00,1.57,1.00,14.3,1.00,162.8,1.00,2.813e+06,1.00,1.44,1.00,13.0,1.00,10.247,1.00,27.43,1.00,27.42,1.00,-999,0.00,27.43,1.00,-999,0.00,-999,0.00,27.42,1.00,35.6642,1.00,23.1414,1.00
2016-06-27 00:00:00,2016-06-27 10:00:00,0.041,1.00,0.092,0.95,0.003,1.00,0.105,0.95,0.090,1.00,0.169,0.95,2.859e+06,1.00,1.46,1.00,10.8,1.00,152.9,1.00,1.884e+06,1.00,1.22,1.00,10.2,1.00,10.230,1.00,27.04,1.00,27.04,1.00,-999,0.00,27.05,1.00,-999,0.00,-999,0.00,27.03,1.00,35.7743,1.00,23.3500,1.00
2016-07-04 00:00:00,2016-07-04 10:00:00,0.032,1.00,0.062,0.94,0.003,1.00,0.094,0.94,0.074,1.00,0.153,0.94,3.496e+06,1.00,1.62,1.00,13.1,1.00,159.5,1.00,2.200e+06,1.00,1.36,1.00,11.3,1.00,10.222,1.00,26.92,1.00,26.92,1.00,-999,0.00,26.93,1.00,-999,0.00,-999,0.00,26.92,1.00,35.8280,1.00,23.4263,1.00
2016-07-11 00:00:00,2016-07-11 10:00:00,0.043,1.00,-0.019,0.96,0.005,1.00,0.048,0.96,0.077,1.00,0.108,0.96,2.054e+06,1.00,1.16,1.00,14.7,1.00,161.9,1.00,1.283e+06,0.96,0.98,0.96,13.1,0.96,10.214,0.96,26.81,0.99,26.81,1.00,26.80,0.23,26.82,1.00,35.8147,0.22,23.4043,0.22,26.80,1.00,35.8425,1.00,23.4736,1.00
2016-07-18 00:00:00,2016-07-18 10:00:00,0.028,1.00,-0.017,0.98,0.002,1.00,0.028,0.98,0.078,1.00,0.119,0.98,1.270e+06,1.00,1.13,1.00,10.0,1.00,141.9,1.00,6.817e+05,1.00,0.81,1.00,9.8,1.00,10.191,1.00,26.79,1.00,26.79,1.00,26.77,1.00,26.80,1.00,35.8536,1.00,23.4515,1.00,26.78,1.00,35.8603,1.00,23.4937,1.00
2016-07-25 00:00:00,2016-07-25 10:00:00,0.036,1.00,0.112,0.97,0.006,1.00,0.044,0.97,0.070,1.00,0.157,0.97,2.616e+06,1.00,1.48,1.00,11.1,1.00,153.6,1.00,1.918e+06,1.00,1.23,1.00,10.7,1.00,10.218,1.00,26.86,1.00,26.85,1.00,26.85,1.00,26.86,1.00,35.9077,1.00,23.4729,1.00,26.85,1.00,35.9146,1.00,23.5130,1.00
2016-08-01 00:00:00,2016-08-01 10:00:00,0.040,1.00,0.048,0.93,0.002,1.00,0.028,0.93,0.065,1.00,0.108,0.93,1.099e+06,1.00,1.00,1.00,10.5,1.00,151.8,1.00,5.923e+05,1.00,0.74,1.00,10.2,1.00,10.221,1.00,26.80,1.00,26.79,1.00,26.76,1.00,26.81,1.00,35.9663,1.00,23.5326,1.00,26.78,1.00,35.9714,1.00,23.5786,1.00
2016-08-08 00:00:00,2016-08-08 10:00:00,0.032,1.00,0.060,0.95,0.002,1.00,0.015,0.95,0.057,1.00,0.118,0.95,2.332e+06,1.00,1.33,1.00,12.5,1.00,157.0,1.00,1.434e+06,1.00,1.09,1.00,11.2,1.00,10.236,1.00,26.90,1.00,26.90,1.00,26.88,1.00,26.91,1.00,36.0023,1.00,23.5290,1.00,26.89,1.00,36.0096,1.00,23.5725,1.00
2016-08-15 00:00:00,2016-08-15 10:00:00,0.022,0.21,0.013,0.20,0.003,0.21,0.021,0.20,0.034,0.21,0.081,0.20,2.425e+06,0.20,1.36,0.20,13.2,0.20,160.5,0.20,1.501e+06,1.00,1.13,1.00,11.3,1.00,10.254,1.00,26.89,1.00,26.89,0.85,26.88,1.00,26.90,0.85,36.0632,0.85,23.5781,0.85,26.88,1.00,36.0609,1.00,23.6136,1.00
2016-08-22 00:00:00,2016-08-22 10:00:00,-999,0.00,-999,0.00,-999,0.00,-999,0.00,-999,0.00,-999,0.00,-999,0.00,-999,0.00,-999,0.00,-999,0.00,1.124e+06,1.00,1.02,1.00,11.0,1.00,10.228,1.00,26.75,1.00,-999,0.00,26.75,1.00,-999,0.00,-999,0.00,-999,0.00,26.75,1.00,35.9592,1.00,23.5807,1.00
2016-08-29 00:00:00,2016-08-29 10:00:00,-999,0.00,-999,0.00,-999,0.00,-999,0.00,-999,0.00,-999,0.00,-999,0.00,-999,0.00,-999,0.00,-999,0.00,1.162e+06,1.00,0.98,1.00,11.2,1.00,10.236,1.00,26.85,1.00,-999,0.00,26.85,1.00,-999,0.00,-999,0.00,-999,0.00,26.85,1.00,36.0143,1.00,23.5878,1.00
2016-09-05 00:00:00,2016-09-05 10:00:00,-999,0.00,-999,0.00,-999,0.00,-999,0.00,-999,0.00,-999,0.00,-999,0.00,-999,0.00,-999,0.00,-999,0.00,8.313e+05,1.00,0.85,1.00,10.7,1.00,10.243,1.00,26.87,1.00,-999,0.00,26.86,1.00,-999,0.00,-999,0.00,-999,0.00,26.87,1.00,36.0374,1.00,23.6000,1.00
2016-09-12 00:00:00,2016-09-12 10:00:00,-999,0.00,-999,0.00,-999,0.00,-999,0.00,-999,0.00,-999,0.00,-999,0.00,-999,0.00,-999,0.00,-999,0.00,1.289e+06,1.00,0.98,1.00,11.5,1.00,10.249,1.00,26.96,1.00,-999,0.00,26.87,1.00,-999,0.00,-999,0.00,-999,0.00,26.97,1.00,36.0572,1.00,23.5844,1.00
2016-09-19 00:00:00,2016-09-19 10:00:00,-999,0.00,-999,0.00,-999,0.00,-999,0.00,-999,0.00,-999,0.00,-999,0.00,-999,0.00,-999,0.00,-999,0.00,1.109e+06,1.00,0.91,1.00,12.2,1.00,10.257,1.00,27.04,1.00,-999,0.00,26.90,1.00,-999,0.00,-999,0.00,-999,0.00,27.06,1.00,36.0724,1.00,23.5671,1.00
2016-09-26 00:00:00,2016-09-26 10:00:00,-999,0.00,-999,0.00,-999,0.00,-999,0.00,-999,0.00,-999,0.00,-999,0.00,-999,0.00,-999,0.00,-999,0.00,1.008e+06,1.00,0.86,1.00,12.2,1.00,10.259,1.00,27.10,1.00,-999,0.00,26.95,1.00,-999,0.00,-999,0.00,-999,0.00,27.12,1.00,36.0117,1.00,23.4998,1.00
2016-10-03 00:00:00,2016-10-03 10:00:00,-999,0.00,-999,0.00,-999,0.00,-999,0.00,-999,0.00,-999,0.00,-999,0.00,-999,0.00,-999,0.00,-999,0.00,1.162e+06,1.00,1.00,1.00,11.0,1.00,10.255,1.00,27.29,1.00,-999,0.00,27.17,1.00,-999,0.00,-999,0.00,-999,0.00,27.31,1.00,35.9270,1.00,23.3766,1.00
2016-10-10 00:00:00,2016-10-10 10:00:00,-999,0.00,-999,0.00,-999,0.00,-999,0.00,-999,0.00,-999,0.00,-999,0.00,-999,0.00,-999,0.00,-999,0.00,6.626e+05,1.00,0.76,1.00,10.3,1.00,10.308,1.00,27.67,1.00,-999,0.00,27.60,1.00,-999,0.00,-999,0.00,-999,0.00,27.68,1.00,36.0099,1.00,23.3179,1.00
2016-10-17 00:00:00,2016-10-17 10:00:00,-999,0.00,-999,0.00,-999,0.00,-999,0.00,-999,0.00,-999,0.00,-999,0.00,-999,0.00,-999,0.00,-999,0.00,7.432e+05,1.00,0.79,1.00,10.3,1.00,10.289,1.00,27.74,1.00,-999,0.00,27.76,1.00,-999,0.00,-999,0.00,-999,0.00,27.75,1.00,36.0010,1.00,23.2895,1.00
2016-10-24 00:00:00,2016-10-24 10:00:00,-999,0.00,-999,0.00,-999,0.00,-999,0.00,-999,0.00,-999,0.00,-999,0.00,-999,0.00,-999,0.00,-999,0.00,8.057e+05,1.00,0.83,1.00,10.6,1.00,10.287,1.00,27.84,1.00,-999,0.00,27.87,1.00,-999,0.00,-999,0.00,-999,0.00,27.86,1.00,36.0063,1.00,23.2581,1.00
2016-10-31 00:00:00,2016-10-31 10:00:00,-999,0.00,-999,0.00,-999,0.00,-999,0.00,-999,0.00,-999,0.00,-999,0.00,-999,0.00,-999,0.00,-999,0.00,5.554e+05,1.00,0.77,1.00,9.2,1.00,10.260,1.00,27.97,1.00,-999,0.00,27.98,1.00,-999,0.00,-999,0.00,-999,0.00,27.99,1.00,35.9825,1.00,23.1959,1.00
2016-11-07 00:00:00,2016-11-07 10:00:00,-999,0.00,-999,0.00,-999,0.00,-999,0.00,-999,0.00,-999,0.00,-999,0.00,-999,0.00,-999,0.00,-999,0.00,3.050e+05,1.00,0.52,1.00,9.8,1.00,10.288,1.00,28.19,1.00,-999,0.00,28.21,1.00,-999,0.00,-999,0.00,-999,0.00,28.20,1.00,36.0360,1.00,23.1660,1.00
2016-11-14 00:00:00,2016-11-14 10:00:00,-999,0.00,-999,0.00,-999,0.00,-999,0.00,-999,0.00,-999,0.00,-999,0.00,-999,0.00,-999,0.00,-999,0.00,1.407e+06,1.00,1.28,1.00,8.3,1.00,10.289,1.00,28.11,1.00,-999,0.00,28.13,1.00,-999,0.00,-999,0.00,-999,0.00,28.12,1.00,36.0279,1.00,23.1873,1.00
2016-11-21 00:00:00,2016-11-21 10:00:00,-999,0.00,-999,0.00,-999,0.00,-999,0.00,-999,0.00,-999,0.00,-999,0.00,-999,0.00,-999,0.00,-999,0.00,1.125e+06,1.00,0.94,1.00,10.7,1.00,10.276,1.00,28.20,1.00,-999,0.00,28.21,1.00,-999,0.00,-999,0.00,-999,0.00,28.21,1.00,36.1117,1.00,23.2208,1.00
2016-11-28 00:00:00,2016-11-28 10:00:00,-999,0.00,-999,0.00,-999,0.00,-999,0.00,-999,0.00,-999,0.00,-999,0.00,-999,0.00,-999,0.00,-999,0.00,3.654e+05,1.00,0.58,1.00,10.0,1.00,10.282,1.00,28.18,1.00,-999,0.00,28.20,1.00,-999,0.00,-999,0.00,-999,0.00,28.19,1.00,36.0775,1.00,23.2025,1.00
2016-12-05 00:00:00,2016-12-05 10:00:00,-999,0.00,-999,0.00,-999,0.00,-999,0.00,-999,0.00,-999,0.00,-999,0.00,-999,0.00,-999,0.00,-999,0.00,2.894e+05,1.00,0.55,1.00,9.7,1.00,10.288,1.00,28.38,1.00,-999,0.00,28.39,1.00,-999,0.00,-999,0.00,-999,0.00,28.39,1.00,36.0422,1.00,23.1090,1.00
2016-12-12 00:00:00,2016-12-12 10:00:00,-999,0.00,-999,0.00,-999,0.00,-999,0.00,-999,0.00,-999,0.00,-999,0.00,-999,0.00,-999,0.00,-999,0.00,1.715e+05,1.00,0.43,1.00,9.2,1.00,10.270,1.00,28.62,1.00,-999,0.00,28.61,1.00,-999,0.00,-999,0.00,-999,0.00,28.67,1.00,35.9916,1.00,22.9772,1.00
2016-12-19 00:00:00,2016-12-19 10:00:00,-999,0.00,-999,0.00,-999,0.00,-999,0.00,-999,0.00,-999,0.00,-999,0.00,-999,0.00,-999,0.00,-999,0.00,9.902e+05,1.00,1.03,1.00,9.0,1.00,10.270,1.00,28.64,1.00,-999,0.00,28.64,1.00,-999,0.00,-999,0.00,-999,0.00,28.65,1.00,35.9596,1.00,22.9606,1.00
2016-12-26 00:00:00,2016-12-26 10:00:00,-999,0.00,-999,0.00,-999,0.00,-999,0.00,-999,0.00,-999,0.00,1.967e+06,0.02,1.22,0.02,13.4,0.02,168.0,0.02,3.382e+05,1.00,0.55,1.00,9.9,1.00,10.233,1.00,28.62,1.00,-999,0.00,28.63,1.00,-999,0.00,-999,0.00,-999,0.00,28.63,1.00,35.9006,1.00,22.9215,1.00
2017-01-02 00:00:00,2017-01-02 10:00:00,-999,0.00,-999,0.00,-999,0.00,-999,0.00,-999,0.00,-999,0.00,-999,0.00,-999,0.00,-999,0.00,-999,0.00,4.960e+05,1.00,0.61,1.00,11.0,1.00,10.269,1.00,28.95,1.00,-999,0.00,28.94,1.00,-999,0.00,-999,0.00,-999,0.00,28.97,1.00,35.9284,1.00,22.8290,1.00
2017-01-09 00:00:00,2017-01-09 10:00:00,0.019,0.51,-999,0.00,-0.001,0.51,-999,0.00,0.060,0.51,-999,0.00,-999,0.00,-999,0.00,-999,0.00,-999,0.00,2.220e+05,0.94,0.49,0.94,9.0,0.94,10.288,0.94,29.15,1.00,29.08,0.37,29.08,1.00,29.12,0.38,35.9563,0.38,22.7701,0.38,29.07,1.00,35.9587,1.00,22.8214,1.00
2017-01-16 00:00:00,2017-01-16 10:00:00,0.085,1.00,-999,0.00,0.007,1.00,-999,0.00,0.107,1.00,-999,0.00,-999,0.00,-999,0.00,-999,0.00,-999,0.00,1.699e+05,1.00,0.42,1.00,9.2,1.00,10.336,1.00,28.74,1.00,28.73,1.00,28.69,1.00,28.74,1.00,35.8933,1.00,22.8497,1.00,28.55,1.00,35.9451,1.00,22.9839,1.00
2017-01-23 00:00:00,2017-01-23 10:00:00,0.045,1.00,-999,0.00,0.002,1.00,-999,0.00,0.089,1.00,-999,0.00,-999,0.00,-999,0.00,-999,0.00,-999,0.00,1.466e+05,1.00,0.40,1.00,8.9,1.00,10.249,1.00,28.46,1.00,28.43,1.00,28.34,1.00,28.50,1.00,35.7953,1.00,22.8567,1.00,28.78,1.00,35.9635,1.00,22.9232,1.00
2017-01-30 00:00:00,2017-01-30 10:00:00,0.038,1.00,-999,0.00,0.000,1.00,-999,0.00,0.083,1.00,-999,0.00,-999,0.00,-999,0.00,-999,0.00,-999,0.00,5.235e+05,1.00,0.69,1.00,10.4,1.00,10.277,1.00,28.77,1.00,28.76,1.00,28.71,1.00,28.78,1.00,35.8382,1.00,22.7958,1.00,28.96,0.27,37.5509,0.27,24.0578,0.27
2017-02-06 00:00:00,2017-02-06 10:00:00,0.035,0.74,-999,0.00,-0.001,0.74,-999,0.00,0.072,0.74,-999,0.00,-999,0.00,-999,0.00,-999,0.00,-999,0.00,2.388e+05,1.00,0.47,1.00,10.8,1.00,10.258,1.00,28.84,1.00,28.81,1.00,28.73,1.00,28.87,1.00,35.8632,1.00,22.7838,1.00,-999,0.00,-999,0.00,-999,0.00
2017-02-13 00:00:00,2017-02-13 10:00:00,0.044,1.00,-999,0.00,-0.002,1.00,-999,0.00,0.081,1.00,-999,0.00,-999,0.00,-999,0.00,-999,0.00,-999,0.00,2.748e+05,1.00,0.55,1.00,9.2,1.00,10.293,1.00,28.95,1.00,28.92,1.00,28.83,1.00,28.97,1.00,35.9195,1.00,22.7941,1.00,-999,0.00,-999,0.00,-999,0.00
2017-02-20 00:00:00,2017-02-20 10:00:00,0.005,0.12,-999,0.00,-0.001,0.12,-999,0.00,0.046,0.12,-999,0.00,-999,0.00,-999,0.00,-999,0.00,-999,0.00,7.680e+05,1.00,0.78,1.00,12.0,1.00,10.223,1.00,28.87,1.00,28.85,1.00,28.77,1.00,28.90,1.00,35.7797,1.00,22.7121,1.00,-999,0.00,-999,0.00,-999,0.00
2017-02-27 00:00:00,2017-02-27 10:00:00,-999,0.00,-999,0.00,-999,0.00,-999,0.00,-999,0.00,-999,0.00,-999,0.00,-999,0.00,-999,0.00,-999,0.00,1.088e+06,1.00,0.96,1.00,11.1,1.00,10.267,1.00,29.18,1.00,29.16,1.00,29.11,1.00,29.20,1.00,35.8838,1.00,22.6887,1.00,-999,0.00,-999,0.00,-999,0.00
2017-03-06 00:00:00,2017-03-06 10:00:00,-999,0.00,-999,0.00,-999,0.00,-999,0.00,-999,0.00,-999,0.00,-999,0.00,-999,0.00,-999,0.00,-999,0.00,5.599e+05,1.00,0.65,1.00,12.2,1.00,10.270,1.00,29.31,1.00,29.31,1.00,29.28,1.00,29.33,1.00,35.8801,1.00,22.6447,1.00,-999,0.00,-999,0.00,-999,0.00
2017-03-13 00:00:00,2017-03-13 10:00:00,-999,0.00,-999,0.00,-999,0.00,-999,0.00,-999,0.00,-999,0.00,-999,0.00,-999,0.00,-999,0.00,-999,0.00,4.954e+05,1.00,0.68,1.00,10.1,1.00,10.263,1.00,29.32,1.00,29.31,1.00,29.29,1.00,29.33,1.00,35.9022,1.00,22.6605,1.00,-999,0.00,-999,0.00,-999,0.00
2017-03-20 00:00:00,2017-03-20 10:00:00,-999,0.00,-999,0.00,-999,0.00,-999,0.00,-999,0.00,-999,0.00,-999,0.00,-999,0.00,-999,0.00,-999,0.00,9.936e+05,1.00,0.88,1.00,12.5,1.00,10.258,1.00,29.24,1.00,29.23,1.00,29.21,1.00,29.25,1.00,35.9191,1.00,22.7007,1.00,29.23,0.69,35.9679,0.69,22.7751,0.69
2017-03-27 00:00:00,2017-03-27 10:00:00,-999,0.00,-999,0.00,-999,0.00,-999,0.00,-999,0.00,-999,0.00,-999,0.00,-999,0.00,-999,0.00,-999,0.00,1.632e+06,1.00,1.15,1.00,11.8,1.00,10.308,1.00,29.13,1.00,29.13,1.00,29.12,1.00,29.13,1.00,35.8973,1.00,22.7226,1.00,29.13,1.00,35.9445,1.00,22.7914,1.00
2017-04-03 00:00:00,2017-04-03 10:00:00,-999,0.00,-999,0.00,-999,0.00,-999,0.00,-999,0.00,-999,0.00,-999,0.00,-999,0.00,-999,0.00,-999,0.00,1.815e+06,1.00,1.19,1.00,12.2,1.00,10.307,1.00,28.99,1.00,28.99,1.00,28.99,1.00,29.00,1.00,35.8323,1.00,22.7192,1.00,28.99,1.00,35.8825,1.00,22.7908,1.00
2017-04-10 00:00:00,2017-04-10 10:00:00,-999,0.00,-999,0.00,-999,0.00,-999,0.00,-999,0.00,-999,0.00,-999,0.00,-999,0.00,-999,0.00,-999,0.00,1.877e+06,1.00,1.12,1.00,13.1,1.00,10.319,1.00,28.97,1.00,28.97,1.00,28.97,1.00,28.98,1.00,35.8398,1.00,22.7312,1.00,28.97,1.00,35.8898,1.00,22.8026,1.00
2017-04-17 00:00:00,2017-04-17 10:00:00,-999,0.00,-999,0.00,-999,0.00,-999,0.00,-999,0.00,-999,0.00,-999,0.00,-999,0.00,-999,0.00,-999,0.00,2.310e+06,1.00,1.40,1.00,10.2,1.00,10.277,1.00,28.88,1.00,28.88,1.00,28.86,1.00,28.89,1.00,35.8522,1.00,22.7693,1.00,28.87,1.00,35.9047,1.00,22.8482,1.00
2017-04-24 00:00:00,2017-04-24 10:00:00,-999,0.00,-999,0.00,-999,0.00,-999,0.00,-999,0.00,-999,0.00,-999,0.00,-999,0.00,-999,0.00,-999,0.00,2.023e+06,1.00,1.21,1.00,12.6,1.00,10.303,1.00,28.71,1.00,28.71,1.00,28.70,1.00,28.72,1.00,35.8901,1.00,22.8557,1.00,28.71,1.00,35.9426,1.00,22.9315,1.00
2017-05-01 00:00:00,2017-05-01 10:00:00,-999,0.00,-999,0.00,-999,0.00,-999,0.00,-999,0.00,-999,0.00,-999,0.00,-999,0.00,-999,0.00,-999,0.00,7.730e+05,1.00,0.77,1.00,12.1,1.00,10.306,1.00,28.69,1.00,28.69,1.00,28.68,1.00,28.69,1.00,35.9296,1.00,22.8934,1.00,28.68,1.00,35.9811,1.00,22.9679,1.00
2017-05-08 00:00:00,2017-05-08 10:00:00,-999,0.00,-999,0.00,-999,0.00,-999,0.00,-999,0.00,-999,0.00,-999,0.00,-999,0.00,-999,0.00,-999,0.00,2.192e+06,1.00,1.42,1.00,10.6,1.00,10.266,1.00,28.43,1.00,28.43,1.00,28.43,1.00,28.43,1.00,35.9159,1.00,22.9704,1.00,28.43,1.00,35.9672,1.00,23.0411,1.00
2017-05-15 00:00:00,2017-05-15 10:00:00,-999,0.00,-999,0.00,-999,0.00,-999,0.00,-999,0.00,-999,0.00,-999,0.00,-999,0.00,-999,0.00,-999,0.00,1.666e+06,1.00,1.26,1.00,10.4,1.00,10.251,1.00,28.30,1.00,28.30,1.00,28.29,1.00,28.30,1.00,35.9681,1.00,23.0529,1.00,28.30,1.00,36.0198,1.00,23.1253,1.00
2017-05-22 00:00:00,2017-05-22 10:00:00,-999,0.00,-999,0.00,-999,0.00,-999,0.00,-999,0.00,-999,0.00,-999,0.00,-999,0.00,-999,0.00,-999,0.00,2.308e+06,1.00,1.39,1.00,10.9,1.00,10.238,1.00,28.28,1.00,28.28,1.00,28.28,1.00,28.29,1.00,35.9874,1.00,23.0724,1.00,28.28,1.00,36.0404,1.00,23.1460,1.00
2017-05-29 00:00:00,2017-05-29 10:00:00,-999,0.00,-999,0.00,-999,0.00,-999,0.00,-999,0.00,-999,0.00,-999,0.00,-999,0.00,-999,0.00,-999,0.00,1.723e+06,1.00,1.14,1.00,11.3,1.00,10.236,1.00,28.06,1.00,28.06,1.00,28.05,1.00,28.07,1.00,36.0022,1.00,23.1556,1.00,28.06,1.00,36.0547,1.00,23.2297,1.00
2017-06-05 00:00:00,2017-06-05 10:00:00,-999,0.00,-999,0.00,-999,0.00,-999,0.00,-999,0.00,-999,0.00,-999,0.00,-999,0.00,-999,0.00,-999,0.00,7.350e+05,1.00,0.78,1.00,11.4,1.00,10.248,1.00,27.88,1.00,27.88,1.00,27.87,1.00,27.89,1.00,35.9466,1.00,23.1713,1.00,27.88,1.00,36.0003,1.00,23.2485,1.00
2017-06-12 00:00:00,2017-06-12 10:00:00,-999,0.00,-999,0.00,-999,0.00,-999,0.00,-999,0.00,-999,0.00,-999,0.00,-999,0.00,-999,0.00,-999,0.00,1.108e+06,1.00,0.91,1.00,12.6,1.00,10.233,1.00,27.84,1.00,27.84,1.00,27.84,1.00,27.84,1.00,35.9241,1.00,23.1697,1.00,27.84,1.00,35.9801,1.00,23.2444,1.00
2017-06-19 00:00:00,2017-06-19 10:00:00,-999,0.00,-999,0.00,-999,0.00,-999,0.00,-999,0.00,-999,0.00,-999,0.00,-999,0.00,-999,0.00,-999,0.00,3.168e+06,1.00,1.60,1.00,11.3,1.00,10.233,1.00,27.75,1.00,27.75,1.00,27.75,1.00,27.75,1.00,35.9458,1.00,23.2163,1.00,27.75,1.00,36.0146,1.00,23.2997,1.00
2017-06-26 00:00:00,2017-06-26 10:00:00,-999,0.00,-999,0.00,-999,0.00,-999,0.00,-999,0.00,-999,0.00,-999,0.00,-999,0.00,-999,0.00,-999,0.00,1.565e+06,1.00,1.12,1.00,11.7,1.00,10.248,1.00,27.67,1.00,27.67,1.00,27.67,1.00,27.68,1.00,36.0391,1.00,23.3113,1.00,27.67,1.00,36.0991,1.00,23.3900,1.00
2017-07-03 00:00:00,2017-07-03 10:00:00,-0.029,0.21,-999,0.00,0.003,0.21,-999,0.00,0.045,0.21,-999,0.00,7.505e+05,0.20,0.81,0.20,11.6,0.20,155.1,0.20,2.054e+06,0.99,1.25,0.99,11.6,0.99,10.227,0.98,27.51,0.91,27.51,0.94,27.52,1.00,27.53,1.00,36.1243,1.00,23.4236,1.00,27.50,0.77,36.1059,0.77,23.4508,0.77
2017-07-10 00:00:00,2017-07-10 10:00:00,0.020,1.00,-999,0.00,0.004,1.00,-999,0.00,0.040,1.00,-999,0.00,1.494e+06,1.00,0.94,1.00,12.6,1.00,160.1,1.00,1.057e+06,1.00,0.82,1.00,11.6,1.00,10.218,1.00,27.65,1.00,27.64,1.00,27.63,1.00,27.65,1.00,36.4026,1.00,23.5923,1.00,-999,0.00,-999,0.00,-999,0.00
2017-07-17 00:00:00,2017-07-17 10:00:00,0.036,1.00,-999,0.00,0.006,1.00,-999,0.00,0.064,1.00,-999,0.00,2.252e+06,1.00,1.50,1.00,10.1,1.00,158.6,1.00,1.385e+06,1.00,1.21,1.00,9.6,1.00,10.220,1.00,27.53,1.00,27.52,1.00,27.51,1.00,27.53,1.00,36.4055,1.00,23.6336,1.00,-999,0.00,-999,0.00,-999,0.00
2017-07-24 00:00:00,2017-07-24 10:00:00,0.023,1.00,-999,0.00,0.005,1.00,-999,0.00,0.051,1.00,-999,0.00,1.620e+06,1.00,1.20,1.00,11.2,1.00,150.9,1.00,9.715e+05,1.00,0.95,1.00,10.5,1.00,10.229,1.00,27.44,1.00,27.44,1.00,27.43,1.00,27.45,1.00,36.4039,1.00,23.6610,1.00,-999,0.00,-999,0.00,-999,0.00
2017-07-31 00:00:00,2017-07-31 10:00:00,0.001,1.00,-999,0.00,0.004,1.00,-999,0.00,0.046,1.00,-999,0.00,9.610e+05,1.00,0.91,1.00,11.3,1.00,150.1,1.00,6.271e+05,1.00,0.75,1.00,10.7,1.00,10.226,1.00,27.44,1.00,27.44,1.00,27.44,1.00,27.44,1.00,36.4666,1.00,23.7086,1.00,-999,0.00,-999,0.00,-999,0.00
2017-08-07 00:00:00,2017-08-07 10:00:00,0.024,1.00,-999,0.00,0.004,1.00,-999,0.00,0.050,1.00,-999,0.00,2.585e+06,1.00,1.49,1.00,11.4,1.00,159.7,1.00,1.919e+06,1.00,1.26,1.00,10.9,1.00,10.208,1.00,27.21,1.00,27.21,1.00,27.21,1.00,27.21,1.00,36.4780,1.00,23.7934,1.00,-999,0.00,-999,0.00,-999,0.00
2017-08-14 00:00:00,2017-08-14 10:00:00,0.038,1.00,-999,0.00,0.005,1.00,-999,0.00,0.066,1.00,-999,0.00,4.621e+06,1.00,2.06,1.00,10.4,1.00,154.8,1.00,3.077e+06,1.00,1.73,1.00,9.7,1.00,10.192,1.00,26.87,1.00,26.87,1.00,26.88,1.00,26.88,1.00,36.4733,1.00,23.8969,1.00,-999,0.00,-999,0.00,-999,0.00
2017-08-21 00:00:00,2017-08-21 10:00:00,0.011,1.00,-999,0.00,0.003,1.00,-999,0.00,0.058,1.00,-999,0.00,2.296e+06,1.00,1.31,1.00,12.1,1.00,150.2,1.00,1.454e+06,1.00,1.07,1.00,11.2,1.00,10.209,1.00,26.67,1.00,26.66,1.00,26.66,1.00,26.67,1.00,36.4486,1.00,23.9439,1.00,-999,0.00,-999,0.00,-999,0.00
2017-08-28 00:00:00,2017-08-28 10:00:00,0.014,1.00,-999,0.00,0.001,1.00,-999,0.00,0.042,1.00,-999,0.00,6.851e+06,1.00,2.35,1.00,12.0,1.00,159.7,1.00,3.801e+06,1.00,1.90,1.00,10.1,1.00,10.175,1.00,26.39,1.00,26.39,1.00,26.39,1.00,26.39,1.00,36.4771,1.00,24.0540,1.00,-999,0.00,-999,0.00,-999,0.00
2017-09-04 00:00:00,2017-09-04 10:00:00,0.015,1.00,-999,0.00,0.002,1.00,-999,0.00,0.045,1.00,-999,0.00,1.307e+06,1.00,1.08,1.00,10.8,1.00,152.6,1.00,8.264e+05,1.00,0.88,1.00,10.2,1.00,10.191,1.00,26.58,1.00,26.56,1.00,26.53,1.00,26.60,1.00,36.5467,1.00,24.0408,1.00,-999,0.00,-999,0.00,-999,0.00
2017-09-11 00:00:00,2017-09-11 10:00:00,0.011,1.00,-999,0.00,0.002,1.00,-999,0.00,0.035,1.00,-999,0.00,1.138e+06,1.00,1.11,1.00,9.0,1.00,151.1,1.00,6.452e+05,1.00,0.81,1.00,9.3,1.00,10.205,1.00,26.59,1.00,26.58,1.00,26.57,1.00,26.60,1.00,36.5860,1.00,24.0701,1.00,-999,0.00,-999,0.00,-999,0.00
2017-09-18 00:00:00,2017-09-18 10:00:00,0.022,1.00,-999,0.00,0.002,1.00,-999,0.00,0.039,1.00,-999,0.00,5.614e+05,1.00,0.72,1.00,10.9,1.00,155.6,1.00,3.943e+05,1.00,0.61,1.00,10.6,1.00,10.224,1.00,26.71,1.00,26.70,1.00,26.68,1.00,26.72,1.00,36.5685,1.00,24.0187,1.00,-999,0.00,-999,0.00,-999,0.00
2017-09-25 00:00:00,2017-09-25 10:00:00,0.021,1.00,-999,0.00,-0.001,1.00,-999,0.00,0.039,1.00,-999,0.00,3.767e+06,1.00,1.91,1.00,8.8,1.00,157.5,1.00,2.226e+06,1.00,1.44,1.00,8.6,1.00,10.178,1.00,26.70,1.00,26.68,1.00,26.66,1.00,26.71,1.00,36.5559,1.00,24.0128,1.00,-999,0.00,-999,0.00,-999,0.00
2017-10-02 00:00:00,2017-10-02 10:00:00,0.034,1.00,-999,0.00,0.006,1.00,-999,0.00,0.068,1.00,-999,0.00,3.392e+06,1.00,1.69,1.00,11.4,1.00,152.0,1.00,2.030e+06,1.00,1.34,1.00,10.3,1.00,10.198,1.00,26.54,1.00,26.53,1.00,26.51,1.00,26.55,1.00,36.6371,1.00,24.1228,1.00,-999,0.00,-999,0.00,-999,0.00
2017-10-09 00:00:00,2017-10-09 10:00:00,0.015,1.00,-999,0.00,0.003,1.00,-999,0.00,0.050,1.00,-999,0.00,5.855e+06,1.00,2.08,1.00,12.3,1.00,161.7,1.00,4.060e+06,1.00,1.74,1.00,10.8,1.00,10.176,1.00,26.30,1.00,26.29,1.00,26.26,1.00,26.32,1.00,36.6215,1.00,24.1866,1.00,-999,0.00,-999,0.00,-999,0.00
2017-10-16 00:00:00,2017-10-16 10:00:00,0.020,0.99,-999,0.00,0.002,0.99,-999,0.00,0.053,0.99,-999,0.00,2.124e+06,0.96,1.37,0.96,11.2,0.96,146.7,0.96,1.106e+06,1.00,1.04,1.00,9.9,1.00,10.164,1.00,26.25,1.00,26.24,1.00,26.22,1.00,26.26,1.00,36.6299,1.00,24.2110,1.00,-999,0.00,-999,0.00,-999,0.00
2017-10-23 00:00:00,2017-10-23 10:00:00,0.021,1.00,-999,0.00,0.000,1.00,-999,0.00,0.049,1.00,-999,0.00,6.385e+05,1.00,0.76,1.00,11.3,1.00,149.4,1.00,3.670e+05,1.00,0.57,1.00,11.0,1.00,10.184,1.00,26.57,1.00,26.51,1.00,26.42,1.00,26.61,1.00,36.6531,1.00,24.1158,1.00,-999,0.00,-999,0.00,-999,0.00
2017-10-30 00:00:00,2017-10-30 10:00:00,0.024,1.00,-999,0.00,0.001,1.00,-999,0.00,0.052,1.00,-999,0.00,2.144e+06,1.00,1.27,1.00,12.3,1.00,162.8,1.00,1.641e+06,1.00,1.14,1.00,11.5,1.00,10.227,1.00,27.12,1.00,27.10,1.00,27.06,1.00,27.14,1.00,36.6467,1.00,23.9435,1.00,-999,0.00,-999,0.00,-999,0.00
2017-11-06 00:00:00,2017-11-06 10:00:00,0.035,1.00,-999,0.00,0.001,1.00,-999,0.00,0.060,1.00,-999,0.00,2.151e+06,1.00,1.28,1.00,11.5,1.00,160.6,1.00,1.859e+06,1.00,1.19,1.00,10.7,1.00,10.200,1.00,27.40,1.00,27.37,1.00,27.33,1.00,27.42,1.00,36.5353,1.00,23.7681,1.00,-999,0.00,-999,0.00,-999,0.00
2017-11-13 00:00:00,2017-11-13 10:00:00,0.007,1.00,-999,0.00,-0.001,1.00,-999,0.00,0.060,1.00,-999,0.00,1.590e+06,1.00,1.18,1.00,11.3,1.00,161.7,1.00,8.140e+05,1.00,0.88,1.00,10.3,1.00,10.211,1.00,27.76,1.00,27.71,1.00,27.60,1.00,27.79,1.00,36.5579,1.00,23.6636,1.00,-999,0.00,-999,0.00,-999,0.00
2017-11-20 00:00:00,2017-11-20 10:00:00,0.024,1.00,-999,0.00,0.001,1.00,-999,0.00,0.060,1.00,-999,0.00,9.455e+05,1.00,0.91,1.00,11.4,1.00,160.0,1.00,5.699e+05,1.00,0.73,1.00,10.6,1.00,10.192,1.00,27.20,1.00,27.17,1.00,27.11,1.00,27.23,1.00,36.5558,1.00,23.8459,1.00,-999,0.00,-999,0.00,-999,0.00
2017-11-27 00:00:00,2017-11-27 10:00:00,0.028,1.00,-999,0.00,-0.000,1.00,-999,0.00,0.060,1.00,-999,0.00,1.996e+06,1.00,1.27,1.00,12.1,1.00,161.9,1.00,1.324e+06,1.00,1.07,1.00,11.1,1.00,10.208,1.00,27.91,1.00,27.88,1.00,27.83,1.00,27.93,1.00,36.5012,1.00,23.5769,1.00,-999,0.00,-999,0.00,-999,0.00
2017-12-04 00:00:00,2017-12-04 10:00:00,0.029,1.00,-999,0.00,0.003,1.00,-999,0.00,0.067,1.00,-999,0.00,1.099e+06,1.00,0.88,1.00,12.3,1.00,163.2,1.00,8.059e+05,1.00,0.76,1.00,11.6,1.00,10.232,1.00,28.05,1.00,28.03,1.00,27.99,1.00,28.06,1.00,36.5397,1.00,23.5627,1.00,-999,0.00,-999,0.00,-999,0.00
2017-12-11 00:00:00,2017-12-11 10:00:00,0.031,1.00,-999,0.00,0.002,1.00,-999,0.00,0.063,1.00,-999,0.00,6.819e+05,1.00,0.80,1.00,10.7,1.00,157.9,1.00,5.482e+05,1.00,0.72,1.00,10.3,1.00,10.269,1.00,28.29,1.00,28.26,1.00,28.22,1.00,28.30,1.00,36.5173,1.00,23.4655,1.00,-999,0.00,-999,0.00,-999,0.00
2017-12-18 00:00:00,2017-12-18 10:00:00,0.030,1.00,-999,0.00,-0.000,1.00,-999,0.00,0.065,1.00,-999,0.00,4.116e+05,1.00,0.60,1.00,11.2,1.00,162.1,1.00,3.058e+05,1.00,0.54,1.00,10.5,1.00,10.267,1.00,28.70,1.00,28.64,1.00,28.54,1.00,28.74,1.00,36.3460,1.00,23.1914,1.00,-999,0.00,-999,0.00,-999,0.00
2017-12-25 00:00:00,2017-12-25 10:00:00,0.048,1.00,-999,0.00,0.002,1.00,-999,0.00,0.077,1.00,-999,0.00,5.234e+05,1.02,0.69,1.02,10.3,1.02,158.7,1.02,4.397e+05,1.00,0.62,1.00,10.3,1.00,10.248,1.00,28.68,1.00,28.63,1.00,28.52,1.00,28.71,1.00,36.3470,1.00,23.2025,1.00,-999,0.00,-999,0.00,-999,0.00
2018-01-01 00:00:00,2018-01-01 10:00:00,0.049,1.00,-999,0.00,0.001,1.00,-999,0.00,0.083,1.00,-999,0.00,1.421e+06,1.00,1.16,1.00,8.7,1.00,153.6,1.00,1.011e+06,1.00,0.97,1.00,8.7,1.00,10.244,1.00,28.81,1.00,28.76,1.00,28.66,1.00,28.83,1.00,36.3382,1.00,23.1549,1.00,-999,0.00,-999,0.00,-999,0.00
2018-01-08 00:00:00,2018-01-08 10:00:00,0.026,1.00,-999,0.00,-0.001,1.00,-999,0.00,0.065,1.00,-999,0.00,1.069e+06,1.00,0.99,1.00,10.7,1.00,154.5,1.00,8.274e+05,1.00,0.89,1.00,9.9,1.00,10.187,1.00,28.64,1.00,28.59,1.00,28.46,1.00,28.68,1.00,36.2068,1.00,23.1080,1.00,-999,0.00,-999,0.00,-999,0.00
2018-01-15 00:00:00,2018-01-15 10:00:00,0.019,1.00,-999,0.00,0.001,1.00,-999,0.00,0.067,1.00,-999,0.00,1.309e+06,1.00,1.11,1.00,10.5,1.00,156.1,1.00,7.572e+05,1.00,0.85,1.00,10.1,1.00,10.232,1.00,28.98,1.00,28.93,1.00,28.85,1.00,29.00,1.00,36.2781,1.00,23.0529,1.00,-999,0.00,-999,0.00,-999,0.00
2018-01-22 00:00:00,2018-01-22 10:00:00,0.024,1.00,-999,0.00,0.001,1.00,-999,0.00,0.063,1.00,-999,0.00,6.938e+05,0.96,0.95,0.96,7.8,0.96,147.6,0.96,4.217e+05,0.93,0.71,0.93,8.5,0.93,10.310,0.93,28.94,1.00,28.92,1.00,28.84,1.00,28.96,1.00,35.9962,1.00,22.8563,1.00,28.88,0.80,36.0448,0.80,22.9499,0.80
2018-01-29 00:00:00,2018-01-29 10:00:00,0.025,1.00,-999,0.00,0.001,1.00,-999,0.00,0.058,1.00,-999,0.00,5.967e+05,1.00,0.74,1.00,10.8,1.00,157.4,1.00,4.195e+05,1.00,0.63,1.00,10.2,1.00,10.351,1.00,28.65,1.00,28.64,1.00,28.62,1.00,28.65,1.00,35.9916,1.00,22.9544,1.00,28.64,1.00,36.1230,1.00,23.0911,1.00
2018-02-05 00:00:00,2018-02-05 10:00:00,0.045,1.00,-999,0.00,0.002,1.00,-999,0.00,0.076,1.00,-999,0.00,3.858e+05,1.00,0.62,1.00,10.1,1.00,154.7,1.00,2.564e+05,1.00,0.50,1.00,10.2,1.00,10.324,1.00,28.37,1.00,28.36,1.00,28.34,1.00,28.36,1.00,35.8805,1.00,22.9666,1.00,28.36,1.00,36.0293,1.00,23.1115,1.00
2018-02-12 00:00:00,2018-02-12 10:00:00,0.049,1.00,-999,0.00,0.006,1.00,-999,0.00,0.106,1.00,-999,0.00,9.958e+05,1.00,0.90,1.00,12.0,1.00,163.5,1.00,6.982e+05,1.00,0.76,1.00,11.3,1.00,10.316,1.00,28.01,1.00,28.00,1.00,27.96,1.00,28.01,1.00,35.7958,1.00,23.0183,1.00,27.99,1.00,35.9332,1.00,23.1616,1.00
2018-02-19 00:00:00,2018-02-19 10:00:00,0.031,1.00,-999,0.00,0.002,1.00,-999,0.00,0.074,1.00,-999,0.00,4.893e+05,1.00,0.67,1.00,11.0,1.00,158.0,1.00,2.797e+05,1.00,0.50,1.00,11.0,1.00,10.295,1.00,28.03,1.00,28.01,1.00,27.97,1.00,28.05,1.00,35.7512,1.00,22.9740,1.00,28.00,1.00,35.8861,1.00,23.1237,1.00
2018-02-26 00:00:00,2018-02-26 10:00:00,0.047,1.00,-999,0.00,0.002,1.00,-999,0.00,0.090,1.00,-999,0.00,9.944e+05,1.00,0.91,1.00,11.7,1.00,160.2,1.00,6.067e+05,1.00,0.72,1.00,11.0,1.00,10.332,1.00,28.43,1.00,28.41,1.00,28.37,1.00,28.44,1.00,35.8767,1.00,22.9377,1.00,28.40,1.00,36.0056,1.00,23.0817,1.00
2018-03-05 00:00:00,2018-03-05 10:00:00,0.037,1.00,-999,0.00,0.002,1.00,-999,0.00,0.081,1.00,-999,0.00,1.119e+06,1.00,0.98,1.00,11.1,1.00,161.2,1.00,9.110e+05,1.00,0.87,1.00,10.8,1.00,10.340,1.00,28.53,1.00,28.51,1.00,28.45,1.00,28.55,1.00,35.9101,1.00,22.9261,1.00,28.49,1.00,36.0357,1.00,23.0731,1.00
2018-03-12 00:00:00,2018-03-12 10:00:00,0.021,1.00,-999,0.00,0.002,1.00,-999,0.00,0.052,1.00,-999,0.00,6.216e+05,1.00,0.70,1.00,12.2,1.00,156.8,1.00,4.468e+05,1.00,0.59,1.00,11.5,1.00,10.335,1.00,28.49,1.00,28.48,1.00,28.47,1.00,28.49,1.00,35.8535,1.00,22.9036,1.00,28.48,1.00,35.9748,1.00,23.0312,1.00
2018-03-19 00:00:00,2018-03-19 10:00:00,-0.000,1.00,-999,0.00,0.000,1.00,-999,0.00,0.046,1.00,-999,0.00,1.416e+06,1.00,1.03,1.00,12.3,1.00,162.4,1.00,1.207e+06,1.00,0.94,1.00,11.4,1.00,10.348,1.00,28.52,1.00,28.51,1.00,28.49,1.00,28.53,1.00,35.8540,1.00,22.8902,1.00,28.51,1.00,35.9814,1.00,23.0277,1.00
2018-03-26 00:00:00,2018-03-26 10:00:00,0.023,1.00,-999,0.00,0.001,1.00,-999,0.00,0.059,1.00,-999,0.00,7.798e+05,1.00,0.86,1.00,10.2,1.00,151.7,1.00,5.621e+05,1.00,0.72,1.00,10.5,1.00,10.330,1.00,28.66,1.00,28.65,1.00,28.63,1.00,28.67,1.00,35.8810,1.00,22.8649,1.00,28.64,1.00,35.9981,1.00,22.9941,1.00
2018-04-02 00:00:00,2018-04-02 10:00:00,0.006,1.00,-999,0.00,0.002,1.00,-999,0.00,0.056,1.00,-999,0.00,6.227e+05,1.00,0.76,1.00,10.3,1.00,155.3,1.00,5.371e+05,1.00,0.70,1.00,10.3,1.00,10.309,1.00,28.78,1.00,28.77,1.00,28.75,1.00,28.78,1.00,35.8640,1.00,22.8153,1.00,28.76,1.00,35.9868,1.00,22.9469,1.00
2018-04-09 00:00:00,2018-04-09 10:00:00,0.025,1.00,-999,0.00,0.002,1.00,-999,0.00,0.054,1.00,-999,0.00,1.387e+06,1.00,1.05,1.00,12.0,1.00,157.9,1.00,1.330e+06,1.00,1.03,1.00,11.6,1.00,10.290,1.00,28.84,1.00,28.84,1.00,28.82,1.00,28.85,1.00,35.9203,1.00,22.8349,1.00,28.83,1.00,36.0545,1.00,22.9740,1.00
2018-04-16 00:00:00,2018-04-16 10:00:00,0.019,1.00,-999,0.00,0.003,1.00,-999,0.00,0.059,1.00,-999,0.00,1.053e+06,1.00,0.89,1.00,13.0,1.00,160.1,1.00,8.059e+05,1.00,0.79,1.00,12.2,1.00,10.299,1.00,28.75,1.00,28.74,1.00,28.74,1.00,28.75,1.00,35.8271,1.00,22.7975,1.00,28.74,1.00,35.9617,1.00,22.9339,1.00
2018-04-23 00:00:00,2018-04-23 10:00:00,0.029,1.00,-999,0.00,0.003,1.00,-999,0.00,0.067,1.00,-999,0.00,8.490e+05,1.00,0.81,1.00,12.6,1.00,158.8,1.00,6.788e+05,1.00,0.74,1.00,11.8,1.00,10.302,1.00,28.51,1.00,28.51,1.00,28.50,1.00,28.51,1.00,35.7521,1.00,22.8206,1.00,28.51,1.00,35.8821,1.00,22.9531,1.00
2018-04-30 00:00:00,2018-04-30 10:00:00,-0.001,1.00,-999,0.00,-0.001,1.00,-999,0.00,0.046,1.00,-999,0.00,9.691e+05,1.00,0.93,1.00,11.1,1.00,161.2,1.00,6.960e+05,1.00,0.79,1.00,10.8,1.00,10.296,1.00,28.53,1.00,28.52,1.00,28.51,1.00,28.53,1.00,35.7133,1.00,22.7853,1.00,28.52,1.00,35.8577,1.00,22.9301,1.00
2018-05-07 00:00:00,2018-05-07 10:00:00,0.014,1.00,-999,0.00,0.003,1.00,-999,0.00,0.047,1.00,-999,0.00,1.407e+06,1.00,1.05,1.00,12.5,1.00,161.0,1.00,1.081e+06,1.00,0.94,1.00,11.8,1.00,10.287,1.00,28.40,1.00,28.40,1.00,28.41,1.00,28.40,1.00,35.8255,1.00,22.9139,1.00,28.41,1.00,35.9635,1.00,23.0471,1.00
2018-05-14 00:00:00,2018-05-14 10:00:00,0.006,1.00,-999,0.00,0.005,1.00,-999,0.00,0.060,1.00,-999,0.00,3.300e+06,1.00,1.59,1.00,12.7,1.00,162.5,1.00,2.110e+06,1.00,1.36,1.00,10.9,1.00,10.292,1.00,28.34,1.00,28.33,1.00,28.33,1.00,28.34,1.00,35.8457,1.00,22.9496,1.00,28.33,1.00,35.9803,1.00,23.0838,1.00
2018-05-21 00:00:00,2018-05-21 10:00:00,0.038,1.00,-999,0.00,0.004,1.00,-999,0.00,0.056,1.00,-999,0.00,8.976e+05,1.00,0.85,1.00,12.0,1.00,158.9,1.00,5.583e+05,1.00,0.70,1.00,11.1,1.00,10.316,1.00,28.23,1.00,28.22,1.00,28.22,1.00,28.23,1.00,35.8904,1.00,23.0178,1.00,28.23,1.00,36.0162,1.00,23.1465,1.00
2018-05-28 00:00:00,2018-05-28 10:00:00,0.026,1.00,-999,0.00,0.005,1.00,-999,0.00,0.053,1.00,-999,0.00,1.465e+06,0.98,1.03,0.98,12.6,0.98,159.5,0.98,1.145e+06,1.00,0.94,1.00,12.0,1.00,10.318,1.00,28.09,1.00,28.09,1.00,28.10,1.00,28.09,1.00,35.9163,1.00,23.0822,1.00,28.10,1.00,36.0427,1.00,23.2089,1.00
2018-06-04 00:00:00,2018-06-04 10:00:00,0.031,1.00,-999,0.00,0.008,1.00,-999,0.00,0.054,1.00,-999,0.00,4.581e+06,1.00,1.60,1.00,13.3,1.00,161.8,1.00,4.646e+06,1.00,1.60,1.00,12.4,1.00,10.291,1.00,27.92,1.00,27.92,1.00,27.92,1.00,27.93,1.00,35.9203,1.00,23.1401,1.00,27.92,1.00,36.0456,1.00,23.2688,1.00
2018-06-11 00:00:00,2018-06-11 10:00:00,0.020,1.00,-999,0.00,0.006,1.00,-999,0.00,0.069,1.00,-999,0.00,4.355e+06,1.00,1.85,1.00,10.9,1.00,160.1,1.00,3.630e+06,1.00,1.68,1.00,10.6,1.00,10.291,1.00,27.54,1.00,27.53,1.00,27.53,1.00,27.54,1.00,35.9238,1.00,23.2683,1.00,27.53,1.00,36.0482,1.00,23.3976,1.00
2018-06-18 00:00:00,2018-06-18 10:00:00,0.023,1.00,-999,0.00,0.004,1.00,-999,0.00,0.072,1.00,-999,0.00,1.922e+06,1.00,1.22,1.00,12.1,1.00,159.6,1.00,1.316e+06,1.00,1.00,1.00,11.2,1.00,10.264,1.00,27.51,1.00,27.50,1.00,27.51,1.00,27.51,1.00,35.9929,1.00,23.3309,1.00,27.51,1.00,36.1171,1.00,23.4579,1.00
2018-06-25 00:00:00,2018-06-25 10:00:00,0.002,1.00,-999,0.00,0.002,1.00,-999,0.00,0.043,1.00,-999,0.00,1.191e+06,1.00,0.91,1.00,12.6,1.00,161.8,1.00,8.148e+05,1.00,0.78,1.00,11.3,1.00,10.272,1.00,27.45,1.00,27.45,1.00,27.44,1.00,27.46,1.00,36.0271,1.00,23.3725,1.00,27.45,1.00,36.1517,1.00,23.5031,1.00
2018-07-02 00:00:00,2018-07-02 10:00:00,0.030,1.00,-999,0.00,0.005,1.00,-999,0.00,0.050,1.00,-999,0.00,2.674e+06,1.00,1.43,1.00,12.2,1.00,160.5,1.00,1.940e+06,1.00,1.28,1.00,11.2,1.00,10.289,1.00,27.32,1.00,27.32,1.00,27.32,1.00,27.32,1.00,36.0973,1.00,23.4706,1.00,27.32,1.00,36.2230,1.00,23.5981,1.00
2018-07-09 00:00:00,2018-07-09 10:00:00,0.044,0.99,0.099,0.22,0.004,0.99,0.051,0.22,0.070,0.99,0.137,0.22,2.355e+06,0.98,1.54,0.98,9.7,0.98,161.9,0.98,1.397e+06,0.96,1.20,0.96,9.2,0.96,10.269,0.97,27.20,0.88,27.20,0.94,27.20,0.99,27.21,1.00,36.2262,1.00,23.6050,1.00,27.20,1.00,36.3177,1.00,23.7067,1.00
2018-07-16 00:00:00,2018-07-16 10:00:00,0.022,1.00,0.029,0.97,0.007,1.00,0.033,0.97,0.059,1.00,0.132,0.97,4.657e+06,1.00,1.78,1.00,12.8,1.00,157.6,1.00,2.835e+06,1.00,1.42,1.00,11.6,1.00,10.258,1.00,27.08,1.00,27.08,1.00,27.08,1.00,27.08,1.00,36.3293,1.00,23.7229,1.00,27.08,1.00,36.3066,1.00,23.7393,1.00
2018-07-23 00:00:00,2018-07-23 10:00:00,0.032,1.00,-0.028,0.85,0.002,1.00,0.027,0.85,0.049,1.00,0.092,0.85,7.480e+05,1.00,0.82,1.00,11.0,1.00,154.3,1.00,4.347e+05,1.00,0.61,1.00,11.3,1.00,10.251,1.00,27.06,1.00,27.06,1.00,27.05,1.00,27.06,1.00,36.3253,1.00,23.7253,1.00,27.06,1.00,36.3040,1.00,23.7440,1.00
2018-07-30 00:00:00,2018-07-30 10:00:00,0.028,1.00,-0.014,0.93,0.007,1.00,0.025,0.93,0.050,1.00,0.087,0.93,2.266e+06,1.00,1.20,1.00,12.8,1.00,163.5,1.00,1.972e+06,1.00,1.13,1.00,12.2,1.00,10.287,1.00,27.02,1.00,27.02,1.00,27.02,1.00,27.02,1.00,36.3245,1.00,23.7385,1.00,27.02,1.00,36.3041,1.00,23.7565,1.00
2018-08-06 00:00:00,2018-08-06 10:00:00,0.041,0.99,0.037,0.97,0.010,0.99,0.025,0.97,0.068,0.99,0.104,0.97,2.566e+06,0.96,1.25,0.96,13.4,0.96,161.1,0.96,1.982e+06,1.00,1.11,1.00,12.4,1.00,10.297,1.00,26.94,1.00,26.94,1.00,26.94,1.00,26.94,1.00,36.2946,1.00,23.7422,1.00,26.94,1.00,36.2787,1.00,23.7632,1.00
2018-08-13 00:00:00,2018-08-13 10:00:00,0.026,0.99,0.040,0.88,0.004,0.99,0.026,0.88,0.064,0.99,0.101,0.88,1.192e+06,0.96,0.93,0.96,12.5,0.96,157.9,0.96,7.127e+05,1.00,0.73,1.00,11.6,1.00,10.264,1.00,26.86,1.00,26.85,1.00,26.83,1.00,26.87,1.00,36.3009,1.00,23.7687,1.00,26.84,1.00,36.2849,1.00,23.7988,1.00
2018-08-20 00:00:00,2018-08-20 10:00:00,0.004,0.96,0.024,0.88,0.001,0.96,0.023,0.88,0.049,0.96,0.133,0.88,2.216e+06,0.89,1.37,0.89,10.9,0.89,154.9,0.89,1.462e+06,1.00,1.09,1.00,10.4,1.00,10.213,1.00,26.36,1.00,26.35,1.00,26.31,1.00,26.37,1.00,36.2691,1.00,23.9029,1.00,26.33,1.00,36.2481,1.00,23.9321,1.00
2018-08-27 00:00:00,2018-08-27 10:00:00,0.000,0.99,0.065,0.91,-0.003,0.99,0.009,0.91,0.041,0.99,0.174,0.91,4.041e+06,0.96,1.93,0.96,10.0,0.96,163.9,0.96,2.806e+06,1.00,1.57,1.00,10.0,1.00,10.198,1.00,26.15,1.00,26.14,1.00,26.12,1.00,26.16,1.00,36.2499,1.00,23.9558,1.00,26.13,1.00,36.2576,1.00,24.0014,1.00
2018-09-03 00:00:00,2018-09-03 10:00:00,0.001,0.99,0.138,0.93,0.005,0.99,-0.010,0.93,0.050,0.99,0.183,0.93,3.935e+06,0.96,1.82,0.96,12.0,0.96,154.4,0.96,2.934e+06,1.00,1.61,1.00,11.4,1.00,10.222,1.00,26.47,1.00,26.47,1.00,26.45,1.00,26.48,1.00,36.3160,1.00,23.9033,1.00,26.46,1.00,36.3375,1.00,23.9594,1.00
2018-09-10 00:00:00,2018-09-10 10:00:00,0.018,0.97,-0.006,0.82,0.004,0.97,0.025,0.82,0.060,0.97,0.113,0.82,1.716e+06,0.95,1.10,0.95,12.9,0.95,160.8,0.95,1.439e+06,1.00,1.00,1.00,12.6,1.00,10.223,1.00,26.83,1.00,26.82,1.00,26.80,1.00,26.84,1.00,36.3436,1.00,23.8102,1.00,26.81,1.00,36.3618,1.00,23.8653,1.00
2018-09-17 00:00:00,2018-09-17 10:00:00,0.025,0.98,0.103,0.97,0.000,0.98,0.050,0.97,0.054,0.98,0.166,0.97,4.576e+06,0.93,2.21,0.93,9.5,0.93,160.4,0.93,2.655e+06,1.00,1.70,1.00,9.3,1.00,10.217,1.00,26.59,1.00,26.59,1.00,26.59,1.00,26.59,1.00,36.3215,1.00,23.8730,1.00,26.59,1.00,36.3444,1.00,23.9237,1.00
2018-09-24 00:00:00,2018-09-24 10:00:00,0.015,1.00,0.122,0.90,0.003,1.00,0.025,0.90,0.042,1.00,0.149,0.90,2.082e+06,0.98,1.25,0.98,12.7,0.98,153.8,0.98,1.296e+06,1.00,1.05,1.00,11.5,1.00,10.225,1.00,26.61,1.00,26.60,1.00,26.59,1.00,26.62,1.00,36.3917,1.00,23.9168,1.00,26.60,1.00,36.4101,1.00,23.9705,1.00
2018-10-01 00:00:00,2018-10-01 10:00:00,0.008,0.99,0.075,0.95,0.001,0.99,0.027,0.95,0.049,0.99,0.149,0.95,3.106e+06,0.96,1.72,0.96,11.0,0.96,160.8,0.96,1.757e+06,1.00,1.30,1.00,10.5,1.00,10.214,1.00,26.56,1.00,26.56,1.00,26.56,1.00,26.56,1.00,36.4213,1.00,23.9566,1.00,26.56,1.00,36.4387,1.00,24.0046,1.00
2018-10-08 00:00:00,2018-10-08 10:00:00,0.017,1.00,0.071,0.94,0.002,1.00,0.018,0.94,0.055,1.00,0.140,0.94,2.676e+06,1.00,1.41,1.00,13.1,1.00,165.8,1.00,1.541e+06,1.00,1.13,1.00,11.9,1.00,10.204,1.00,26.77,1.00,26.76,1.00,26.72,1.00,26.79,1.00,36.4199,1.00,23.8821,1.00,26.74,1.00,36.4363,1.00,23.9441,1.00
2018-10-15 00:00:00,2018-10-15 10:00:00,0.006,0.97,0.009,0.86,0.002,0.97,0.026,0.86,0.057,0.97,0.128,0.86,2.514e+06,0.91,1.31,0.91,13.4,0.91,164.5,0.91,1.777e+06,1.00,1.12,1.00,12.5,1.00,10.204,1.00,26.81,1.00,26.79,1.00,26.75,1.00,26.83,1.00,36.4279,1.00,23.8760,1.00,26.78,1.00,36.4429,1.00,23.9382,1.00
2018-10-22 00:00:00,2018-10-22 10:00:00,0.014,0.99,0.020,0.91,0.002,0.99,0.031,0.91,0.061,0.99,0.134,0.91,2.594e+06,0.96,1.38,0.96,12.6,0.96,161.6,0.96,1.918e+06,1.00,1.21,1.00,11.6,1.00,10.222,1.00,26.91,1.00,26.89,1.00,26.84,1.00,26.93,1.00,36.4288,1.00,23.8447,1.00,26.87,1.00,36.4428,1.00,23.9075,1.00
2018-10-29 00:00:00,2018-10-29 10:00:00,0.028,1.00,0.048,0.90,0.001,1.00,0.005,0.90,0.066,1.00,0.141,0.90,1.813e+06,1.00,1.34,1.00,9.4,1.00,150.8,1.00,1.011e+06,1.00,1.01,1.00,8.9,1.00,10.193,1.00,27.45,1.00,27.42,1.00,27.34,1.00,27.48,1.00,36.4637,1.00,23.6938,1.00,27.38,1.00,36.4751,1.00,23.7662,1.00
2018-11-05 00:00:00,2018-11-05 10:00:00,0.045,1.00,0.077,0.94,0.001,1.00,0.017,0.94,0.071,1.00,0.153,0.94,1.542e+06,1.00,1.32,1.00,7.9,1.00,141.9,1.00,8.161e+05,1.00,0.88,1.00,9.1,1.00,10.188,1.00,27.32,1.00,27.30,1.00,27.24,1.00,27.35,1.00,36.4662,1.00,23.7400,1.00,27.28,1.00,36.4788,1.00,23.8040,1.00
2018-11-12 00:00:00,2018-11-12 10:00:00,0.024,1.00,-0.056,0.93,0.002,1.00,0.027,0.93,0.046,1.00,0.110,0.93,1.035e+06,1.00,0.86,1.00,13.0,1.00,163.6,1.00,6.832e+05,1.00,0.73,1.00,11.9,1.00,10.194,1.00,27.28,1.00,27.27,1.00,27.24,1.00,27.29,1.00,36.4795,1.00,23.7670,1.00,27.25,1.00,36.4913,1.00,23.8206,1.00
2018-11-19 00:00:00,2018-11-19 10:00:00,0.026,1.00,0.046,0.83,-0.002,1.00,0.030,0.83,0.057,1.00,0.128,0.83,9.052e+05,1.00,0.90,1.00,10.6,1.00,160.2,1.00,6.693e+05,1.00,0.78,1.00,10.6,1.00,10.182,1.00,28.01,1.00,27.98,1.00,27.88,1.00,28.05,1.00,36.4459,1.00,23.4946,1.00,27.94,1.00,36.4631,1.00,23.5762,1.00
2018-11-26 00:00:00,2018-11-26 10:00:00,0.034,1.00,-0.012,0.86,-0.001,1.00,0.029,0.86,0.071,1.00,0.115,0.86,5.723e+05,1.00,0.77,1.00,9.9,1.00,154.8,1.00,3.007e+05,1.00,0.52,1.00,10.9,1.00,10.189,1.00,28.45,1.00,28.38,1.00,28.20,1.00,28.52,1.00,36.4520,1.00,23.3423,1.00,28.30,1.00,36.4657,1.00,23.4595,1.00
2018-12-03 00:00:00,2018-12-03 10:00:00,0.013,1.00,-0.053,0.87,-0.001,1.00,0.024,0.87,0.050,1.00,0.101,0.87,1.330e+06,1.00,1.09,1.00,10.4,1.00,159.6,1.00,9.183e+05,1.00,0.91,1.00,10.2,1.00,10.215,1.00,28.56,1.00,28.54,1.00,28.46,1.00,28.60,1.00,36.4574,1.00,23.3220,1.00,28.50,1.00,36.4615,1.00,23.3883,1.00
2018-12-10 00:00:00,2018-12-10 10:00:00,0.033,1.00,-0.031,0.86,0.001,1.00,0.021,0.86,0.060,1.00,0.097,0.86,8.485e+05,1.00,0.85,1.00,11.6,1.00,155.1,1.00,6.903e+05,1.00,0.78,1.00,11.1,1.00,10.229,1.00,28.70,1.00,28.68,1.00,28.61,1.00,28.72,1.00,36.3550,1.00,23.2044,1.00,28.65,1.00,36.4006,1.00,23.2939,1.00
2018-12-17 00:00:00,2018-12-17 10:00:00,0.037,1.00,-0.010,0.83,-0.001,1.00,0.024,0.83,0.051,1.00,0.118,0.83,8.518e+05,1.00,0.91,1.00,10.2,1.00,155.6,1.00,5.240e+05,1.00,0.71,1.00,10.3,1.00,10.237,1.00,29.20,1.00,29.18,1.00,29.09,1.00,29.23,1.00,36.4028,1.00,23.0692,1.00,29.14,1.00,36.4065,1.00,23.1341,1.00
2018-12-24 00:00:00,2018-12-24 10:00:00,-0.003,1.00,-0.073,0.94,0.001,1.00,0.023,0.94,0.049,1.00,0.105,0.94,8.197e+05,1.00,0.85,1.00,9.9,1.00,148.2,1.00,5.175e+05,1.00,0.64,1.00,10.0,1.00,10.258,1.00,29.16,1.00,29.16,1.00,29.12,1.00,29.17,1.00,36.4633,1.00,23.1341,1.00,29.14,1.00,36.4666,1.00,23.1784,1.00
2018-12-31 00:00:00,2018-12-31 10:00:00,0.008,1.00,-0.042,0.97,0.002,1.00,-0.002,0.97,0.059,1.00,0.091,0.97,4.541e+05,1.02,0.64,1.02,10.9,1.02,155.7,1.02,3.326e+05,1.00,0.54,1.00,10.8,1.00,10.258,1.00,29.19,1.00,29.18,1.00,29.15,1.00,29.20,1.00,36.4132,1.00,23.0876,1.00,29.17,1.00,36.4172,1.00,23.1324,1.00
2019-01-07 00:00:00,2019-01-07 10:00:00,0.020,1.00,-0.025,0.95,0.003,1.00,0.006,0.95,0.066,1.00,0.088,0.95,5.882e+05,1.00,0.74,1.00,10.5,1.00,155.1,1.00,3.316e+05,1.00,0.56,1.00,10.4,1.00,10.233,1.00,28.94,1.00,28.93,1.00,28.88,1.00,28.94,1.00,36.2955,1.00,23.0846,1.00,28.91,1.00,36.3099,1.00,23.1384,1.00
2019-01-14 00:00:00,2019-01-14 10:00:00,0.005,1.00,-0.089,0.97,0.002,1.00,0.051,0.97,0.052,1.00,0.122,0.97,7.284e+05,1.00,0.82,1.00,10.4,1.00,161.3,1.00,4.417e+05,1.00,0.63,1.00,10.3,1.00,10.248,1.00,28.81,1.00,28.80,1.00,28.76,1.00,28.83,1.00,36.2892,1.00,23.1197,1.00,28.78,1.00,36.3005,1.00,23.1758,1.00
2019-01-21 00:00:00,2019-01-21 10:00:00,-0.006,1.00,-0.119,0.63,-0.001,1.00,0.042,0.63,0.070,1.00,0.141,0.63,3.676e+05,0.98,0.74,0.98,7.5,0.98,121.3,0.98,1.751e+05,0.94,0.44,0.94,9.0,0.94,10.245,0.94,29.01,1.00,28.99,1.00,28.93,1.00,29.03,1.00,36.1709,1.00,22.9612,1.00,28.96,0.99,36.2160,0.99,23.0526,0.99
2019-01-28 00:00:00,2019-01-28 10:00:00,-0.006,1.00,-999,0.00,0.001,1.00,-999,0.00,0.064,1.00,-999,0.00,5.563e+05,1.00,0.85,1.00,7.9,1.00,104.8,1.00,2.799e+05,1.00,0.57,1.00,8.7,1.00,10.217,1.00,28.67,1.00,28.66,1.00,28.62,1.00,28.68,1.00,36.0978,1.00,23.0255,1.00,28.64,1.00,36.1849,1.00,23.1355,1.00
2019-02-04 00:00:00,2019-02-04 10:00:00,0.029,1.00,-999,0.00,-0.000,1.00,-999,0.00,0.067,1.00,-999,0.00,8.724e+05,1.00,0.81,1.00,13.3,1.00,166.2,1.00,4.927e+05,0.30,0.61,0.30,12.4,0.30,10.218,0.30,28.98,1.00,28.96,1.00,28.93,1.00,29.00,1.00,36.1398,1.00,22.9508,1.00,28.94,1.00,36.2185,1.00,23.0591,1.00
2019-02-11 00:00:00,2019-02-11 10:00:00,0.034,1.00,-999,0.00,0.000,1.00,-999,0.00,0.068,1.00,-999,0.00,1.046e+06,1.00,0.94,1.00,10.0,1.00,162.2,1.00,-999,0.00,-999,0.00,-999,0.00,-999,0.00,29.18,1.00,29.18,1.00,29.15,1.00,29.19,1.00,36.0696,1.00,22.8327,1.00,29.16,1.00,36.1660,1.00,22.9459,1.00
2019-02-18 00:00:00,2019-02-18 10:00:00,0.042,1.00,-999,0.00,0.005,1.00,-999,0.00,0.072,1.00,-999,0.00,9.631e+05,1.00,0.89,1.00,11.4,1.00,154.1,1.00,-999,0.00,-999,0.00,-999,0.00,-999,0.00,28.87,1.00,28.87,1.00,28.85,1.00,28.87,1.00,35.9792,1.00,22.8717,1.00,28.86,1.00,36.0716,1.00,22.9762,1.00
2019-02-25 00:00:00,2019-02-25 10:00:00,0.026,1.00,-999,0.00,0.000,1.00,-999,0.00,0.056,1.00,-999,0.00,4.349e+05,1.00,0.63,1.00,10.7,1.00,161.7,1.00,-999,0.00,-999,0.00,-999,0.00,-999,0.00,29.05,1.00,29.03,1.00,28.97,1.00,29.08,1.00,35.9215,1.00,22.7574,1.00,28.99,1.00,36.0207,1.00,22.8940,1.00
2019-03-04 00:00:00,2019-03-04 10:00:00,0.015,1.00,-999,0.00,0.001,1.00,-999,0.00,0.055,1.00,-999,0.00,2.318e+06,1.00,1.32,1.00,12.8,1.00,167.4,1.00,-999,0.00,-999,0.00,-999,0.00,-999,0.00,29.38,1.00,29.36,1.00,29.30,1.00,29.41,1.00,35.9656,1.00,22.6797,1.00,29.33,1.00,36.0548,1.00,22.8081,1.00
2019-03-11 00:00:00,2019-03-11 10:00:00,0.000,1.00,-999,0.00,0.000,1.00,-999,0.00,0.051,1.00,-999,0.00,2.049e+06,1.00,1.48,1.00,9.2,1.00,154.5,1.00,-999,0.00,-999,0.00,-999,0.00,-999,0.00,29.21,1.00,29.20,1.00,29.17,1.00,29.22,1.00,35.9096,1.00,22.7014,1.00,29.19,1.00,36.0036,1.00,22.8170,1.00
2019-03-18 00:00:00,2019-03-18 10:00:00,0.013,1.00,-999,0.00,0.001,1.00,-999,0.00,0.064,1.00,-999,0.00,1.481e+06,1.00,1.14,1.00,11.5,1.00,155.5,1.00,-999,0.00,-999,0.00,-999,0.00,-999,0.00,29.12,1.00,29.11,1.00,29.07,1.00,29.14,1.00,35.8381,1.00,22.6750,1.00,29.09,1.00,35.9336,1.00,22.7955,1.00
2019-03-25 00:00:00,2019-03-25 10:00:00,0.041,1.00,-999,0.00,0.002,1.00,-999,0.00,0.076,1.00,-999,0.00,1.794e+06,1.00,1.26,1.00,11.4,1.00,163.5,1.00,-999,0.00,-999,0.00,-999,0.00,-999,0.00,29.55,1.00,29.54,1.00,29.50,1.00,29.57,1.00,35.9306,1.00,22.5999,1.00,29.52,1.00,36.0129,1.00,22.7108,1.00
2019-04-01 00:00:00,2019-04-01 10:00:00,0.030,1.00,-999,0.00,0.002,1.00,-999,0.00,0.072,1.00,-999,0.00,1.334e+06,1.00,1.10,1.00,10.6,1.00,156.8,1.00,-999,0.00,-999,0.00,-999,0.00,-999,0.00,29.97,1.00,29.97,1.00,29.94,1.00,29.98,1.00,36.0300,1.00,22.5344,1.00,29.96,1.00,36.1171,1.00,22.6407,1.00
2019-04-08 00:00:00,2019-04-08 10:00:00,0.051,1.00,-999,0.00,0.002,1.00,-999,0.00,0.082,1.00,-999,0.00,1.112e+06,1.00,1.07,1.00,9.7,1.00,154.8,1.00,-999,0.00,-999,0.00,-999,0.00,-999,0.00,29.91,1.00,29.91,1.00,29.88,1.00,29.93,1.00,36.0935,1.00,22.6016,1.00,29.89,1.00,36.1775,1.00,22.7071,1.00
2019-04-15 00:00:00,2019-04-15 10:00:00,0.054,1.00,-999,0.00,0.003,1.00,-999,0.00,0.098,1.00,-999,0.00,1.169e+06,1.00,1.01,1.00,11.2,1.00,159.1,1.00,-999,0.00,-999,0.00,-999,0.00,-999,0.00,29.83,1.00,29.82,1.00,29.81,1.00,29.83,1.00,36.1004,1.00,22.6382,1.00,29.81,1.00,36.1852,1.00,22.7405,1.00
2019-04-22 00:00:00,2019-04-22 10:00:00,0.074,1.00,-999,0.00,0.003,1.00,-999,0.00,0.107,1.00,-999,0.00,3.509e+06,1.00,1.74,1.00,11.4,1.00,165.2,1.00,-999,0.00,-999,0.00,-999,0.00,-999,0.00,29.51,1.00,29.50,1.00,29.48,1.00,29.51,1.00,35.9790,1.00,22.6567,1.00,29.49,1.00,36.0714,1.00,22.7648,1.00
2019-04-29 00:00:00,2019-04-29 10:00:00,0.057,1.00,-999,0.00,0.004,1.00,-999,0.00,0.083,1.00,-999,0.00,3.216e+06,1.00,1.75,1.00,10.4,1.00,152.2,1.00,-999,0.00,-999,0.00,-999,0.00,-999,0.00,29.02,1.00,29.02,1.00,29.01,1.00,29.03,1.00,36.0227,1.00,22.8512,1.00,29.02,1.00,36.1116,1.00,22.9546,1.00
2019-05-06 00:00:00,2019-05-06 10:00:00,0.009,0.99,-999,0.00,0.010,0.99,-999,0.00,0.058,0.99,-999,0.00,4.112e+06,0.96,1.62,0.96,15.0,0.96,167.0,0.96,-999,0.00,-999,0.00,-999,0.00,-999,0.00,28.78,1.00,28.78,1.00,28.77,1.00,28.78,1.00,36.0943,1.00,22.9883,1.00,28.78,1.00,36.2078,1.00,23.1075,1.00
2019-05-13 00:00:00,2019-05-13 10:00:00,0.013,1.00,-999,0.00,0.003,1.00,-999,0.00,0.050,1.00,-999,0.00,1.253e+06,1.00,0.97,1.00,13.0,1.00,165.1,1.00,-999,0.00,-999,0.00,-999,0.00,-999,0.00,28.77,1.00,28.77,1.00,28.76,1.00,28.78,1.00,36.1029,1.00,22.9964,1.00,28.77,1.00,36.2227,1.00,23.1219,1.00
2019-05-20 00:00:00,2019-05-20 10:00:00,0.016,1.00,-999,0.00,0.006,1.00,-999,0.00,0.058,1.00,-999,0.00,3.384e+06,1.00,1.54,1.00,13.5,1.00,167.7,1.00,-999,0.00,-999,0.00,-999,0.00,-999,0.00,28.62,1.00,28.62,1.00,28.62,1.00,28.62,1.00,36.0070,1.00,22.9765,1.00,28.62,1.00,36.1276,1.00,23.1002,1.00
2019-05-27 00:00:00,2019-05-27 10:00:00,0.017,1.00,-999,0.00,0.006,1.00,-999,0.00,0.048,1.00,-999,0.00,2.868e+06,1.00,1.48,1.00,12.4,1.00,167.6,1.00,-999,0.00,-999,0.00,-999,0.00,-999,0.00,28.37,1.00,28.37,1.00,28.37,1.00,28.37,1.00,35.9055,1.00,22.9822,1.00,28.37,1.00,36.0230,1.00,23.1041,1.00
2019-06-03 00:00:00,2019-06-03 10:00:00,0.018,1.00,-999,0.00,0.002,1.00,-999,0.00,0.046,1.00,-999,0.00,1.081e+06,1.00,1.04,1.00,9.7,1.00,153.7,1.00,-999,0.00,-999,0.00,-999,0.00,-999,0.00,28.23,1.00,28.23,1.00,28.22,1.00,28.24,1.00,35.8790,1.00,23.0068,1.00,28.22,1.00,35.9930,1.00,23.1293,1.00
2019-06-10 00:00:00,2019-06-10 10:00:00,0.016,1.00,-999,0.00,0.005,1.00,-999,0.00,0.057,1.00,-999,0.00,2.946e+06,1.00,1.57,1.00,12.3,1.00,159.6,1.00,-999,0.00,-999,0.00,-999,0.00,-999,0.00,28.21,1.00,28.21,1.00,28.20,1.00,28.22,1.00,35.9588,1.00,23.0743,1.00,28.20,1.00,36.0721,1.00,23.1955,1.00
2019-06-17 00:00:00,2019-06-17 10:00:00,0.023,1.00,-999,0.00,-0.000,1.00,-999,0.00,0.066,1.00,-999,0.00,1.598e+06,1.00,1.31,1.00,8.7,1.00,154.9,1.00,-999,0.00,-999,0.00,-999,0.00,-999,0.00,28.03,1.00,28.03,1.00,28.03,1.00,28.03,1.00,36.1061,1.00,23.2473,1.00,28.03,1.00,36.2193,1.00,23.3643,1.00
2019-06-24 00:00:00,2019-06-24 10:00:00,0.026,1.00,-999,0.00,0.004,1.00,-999,0.00,0.060,1.00,-999,0.00,3.169e+06,1.00,1.66,1.00,11.9,1.00,165.3,1.00,-999,0.00,-999,0.00,-999,0.00,-999,0.00,27.50,1.00,27.50,1.00,27.50,1.00,27.50,1.00,36.1181,1.00,23.4269,1.00,27.50,1.00,36.2326,1.00,23.5455,1.00
2019-07-01 00:00:00,2019-07-01 10:00:00,0.050,1.00,-999,0.00,0.001,1.00,-999,0.00,0.069,1.00,-999,0.00,6.194e+06,1.00,2.41,1.00,10.2,1.00,160.1,1.00,-999,0.00,-999,0.00,-999,0.00,-999,0.00,26.79,1.00,26.79,1.00,26.79,1.00,26.80,1.00,36.1668,1.00,23.6917,1.00,26.79,1.00,36.2810,1.00,23.8112,1.00
2019-07-08 00:00:00,2019-07-08 10:00:00,0.014,0.78,-999,0.00,0.005,0.78,-999,0.00,0.057,0.78,-999,0.00,2.905e+06,0.75,1.40,0.75,14.6,0.75,164.3,0.75,1.036e+06,0.19,0.91,0.19,12.5,0.19,10.236,0.19,26.63,0.97,26.63,0.97,26.62,0.95,26.66,0.77,36.1904,0.77,23.7541,0.77,26.62,0.99,36.2953,0.99,23.8755,0.99
2019-07-15 00:00:00,2019-07-15 10:00:00,-0.007,0.80,0.038,0.78,0.002,0.80,0.027,0.78,0.044,0.80,0.128,0.78,-999,0.00,-999,0.00,-999,0.00,-999,0.00,2.489e+06,1.00,1.48,1.00,10.9,1.00,10.233,1.00,26.51,1.00,26.50,1.00,26.51,1.00,-999,0.00,-999,0.00,-999,0.00,26.50,1.00,36.2923,1.00,23.9108,1.00
2019-07-22 00:00:00,2019-07-22 10:00:00,0.021,0.99,0.044,0.95,0.002,0.99,0.005,0.95,0.043,0.99,0.134,0.95,1.236e+06,0.73,1.19,0.73,9.0,0.73,158.2,0.73,1.390e+06,1.00,1.03,1.00,10.5,1.00,10.235,1.00,26.49,1.00,26.48,1.00,26.49,1.00,-999,0.00,-999,0.00,-999,0.00,26.48,1.00,36.3202,1.00,23.9392,1.00
2019-07-29 00:00:00,2019-07-29 10:00:00,0.022,0.99,0.063,0.90,0.005,0.99,-0.004,0.90,0.055,0.99,0.161,0.90,2.439e+06,0.91,1.40,0.91,12.2,0.91,157.5,0.91,1.419e+06,1.00,1.12,1.00,10.5,1.00,10.229,1.00,26.34,1.00,26.33,1.00,26.34,1.00,-999,0.00,-999,0.00,-999,0.00,26.33,1.00,36.3180,1.00,23.9843,1.00
2019-08-05 00:00:00,2019-08-05 10:00:00,0.013,1.00,0.008,0.85,0.002,1.00,0.002,0.85,0.052,1.00,0.115,0.85,2.077e+06,1.00,1.20,1.00,13.2,1.00,158.2,1.00,1.131e+06,1.00,0.94,1.00,11.8,1.00,10.232,1.00,26.46,1.00,26.43,1.00,26.45,1.00,-999,0.00,-999,0.00,-999,0.00,26.43,1.00,36.3344,1.00,23.9661,1.00
2019-08-12 00:00:00,2019-08-12 10:00:00,0.025,1.00,-0.039,0.82,-0.000,1.00,0.018,0.82,0.054,1.00,0.114,0.82,1.880e+06,0.96,1.12,0.96,12.4,0.96,157.2,0.96,1.280e+06,1.00,0.93,1.00,11.7,1.00,10.225,1.00,26.51,1.00,26.48,1.00,26.50,1.00,-999,0.00,-999,0.00,-999,0.00,26.48,1.00,36.3492,1.00,23.9604,1.00
2019-08-19 00:00:00,2019-08-19 10:00:00,0.030,1.00,-0.027,0.87,0.001,1.00,0.039,0.87,0.055,1.00,0.113,0.87,1.022e+06,1.00,0.93,1.00,11.4,1.00,157.1,1.00,6.451e+05,1.00,0.75,1.00,10.8,1.00,10.246,1.00,26.54,1.00,26.52,1.00,26.54,1.00,-999,0.00,-999,0.00,-999,0.00,26.52,1.00,36.3630,1.00,23.9599,1.00
2019-08-26 00:00:00,2019-08-26 10:00:00,0.034,0.97,0.048,0.91,0.002,0.97,0.021,0.91,0.069,0.97,0.117,0.91,1.361e+06,0.93,1.04,0.93,11.6,0.93,157.8,0.93,8.834e+05,1.00,0.86,1.00,11.1,1.00,10.278,1.00,26.75,1.00,26.73,1.00,26.74,1.00,-999,0.00,-999,0.00,-999,0.00,26.73,1.00,36.3904,1.00,23.9129,1.00
2019-09-02 00:00:00,2019-09-02 10:00:00,0.036,0.99,0.094,0.98,0.005,0.99,0.051,0.98,0.073,0.99,0.168,0.98,5.416e+06,0.93,2.12,0.93,12.0,0.93,159.9,0.93,3.154e+06,1.00,1.69,1.00,10.8,1.00,10.252,1.00,26.42,1.00,26.42,1.00,26.42,1.00,-999,0.00,-999,0.00,-999,0.00,26.42,1.00,36.4295,1.00,24.0408,1.00
2019-09-09 00:00:00,2019-09-09 10:00:00,0.048,1.00,0.121,0.98,0.001,1.00,0.038,0.98,0.064,1.00,0.163,0.98,1.593e+06,1.00,1.16,1.00,11.7,1.00,160.3,1.00,1.086e+06,1.00,0.94,1.00,11.3,1.00,10.258,1.00,26.46,1.00,26.44,1.00,26.45,1.00,-999,0.00,-999,0.00,-999,0.00,26.44,1.00,36.4466,1.00,24.0483,1.00
2019-09-16 00:00:00,2019-09-16 10:00:00,0.020,1.00,0.052,0.95,0.003,1.00,0.022,0.95,0.057,1.00,0.142,0.95,2.450e+06,0.96,1.34,0.96,12.9,0.96,159.0,0.96,1.396e+06,1.00,1.07,1.00,11.6,1.00,10.259,1.00,26.44,1.00,26.42,1.00,26.44,1.00,-999,0.00,-999,0.00,-999,0.00,26.43,1.00,36.4688,1.00,24.0689,1.00
2019-09-23 00:00:00,2019-09-23 10:00:00,0.019,0.98,0.032,0.93,0.000,0.98,0.021,0.93,0.063,0.98,0.137,0.93,2.176e+06,0.93,1.29,0.93,12.8,0.93,162.5,0.93,1.068e+06,1.00,0.93,1.00,11.7,1.00,10.208,1.00,26.53,1.00,26.48,1.00,26.51,1.00,-999,0.00,-999,0.00,-999,0.00,26.48,1.00,36.4598,1.00,24.0434,1.00
2019-09-30 00:00:00,2019-09-30 10:00:00,0.024,0.99,0.097,0.96,0.001,0.99,0.023,0.96,0.066,0.99,0.160,0.96,1.572e+06,0.96,1.30,0.96,8.9,0.96,158.1,0.96,8.468e+05,1.00,0.94,1.00,9.2,1.00,10.236,1.00,26.20,1.00,26.16,1.00,26.19,1.00,-999,0.00,-999,0.00,-999,0.00,26.16,1.00,36.4418,1.00,24.1318,1.00
2019-10-07 00:00:00,2019-10-07 10:00:00,0.062,0.99,0.154,0.98,0.002,0.99,0.053,0.98,0.065,0.99,0.180,0.98,3.598e+06,0.96,1.78,0.96,10.8,0.96,159.9,0.96,1.888e+06,1.00,1.31,1.00,10.2,1.00,10.200,1.00,26.11,0.33,26.11,0.33,25.74,0.99,-999,0.00,-999,0.00,-999,0.00,25.74,1.00,36.3912,1.00,24.2442,1.00
2019-10-14 00:00:00,2019-10-14 10:00:00,0.004,1.00,0.033,0.88,-0.002,1.00,-0.001,0.88,0.035,1.00,0.143,0.88,1.593e+06,0.96,1.18,0.96,11.3,0.96,162.1,0.96,1.138e+06,1.00,0.99,1.00,10.9,1.00,10.160,1.00,-999,0.00,-999,0.00,25.58,1.00,-999,0.00,-999,0.00,-999,0.00,25.57,1.00,36.3516,1.00,24.2786,1.00
2019-10-21 00:00:00,2019-10-21 10:00:00,0.006,1.00,0.028,0.80,-0.004,1.00,0.007,0.80,0.056,1.00,0.128,0.80,6.622e+05,1.00,0.80,1.00,10.4,1.00,150.1,1.00,3.756e+05,1.00,0.62,1.00,9.8,1.00,10.187,1.00,-999,0.00,-999,0.00,26.47,1.00,-999,0.00,-999,0.00,-999,0.00,26.44,1.00,36.4057,1.00,24.0455,1.00
2019-10-28 00:00:00,2019-10-28 10:00:00,0.025,1.00,-0.032,0.89,-0.001,1.00,0.016,0.89,0.063,1.00,0.123,0.89,1.093e+06,1.00,1.00,1.00,10.0,1.00,153.7,1.00,5.618e+05,1.00,0.72,1.00,9.9,1.00,10.212,1.00,-999,0.00,-999,0.00,26.84,1.00,-999,0.00,-999,0.00,-999,0.00,26.83,1.00,36.4899,1.00,23.9870,1.00
2019-11-04 00:00:00,2019-11-04 10:00:00,0.023,1.00,0.071,0.95,0.000,1.00,-0.003,0.95,0.055,1.00,0.138,0.95,1.993e+06,1.00,1.28,1.00,11.2,1.00,163.7,1.00,1.334e+06,1.00,1.04,1.00,10.3,1.00,10.248,1.00,-999,0.00,-999,0.00,27.66,1.00,-999,0.00,-999,0.00,-999,0.00,27.65,1.00,36.5861,1.00,23.7928,1.00
2019-11-11 00:00:00,2019-11-11 10:00:00,0.022,1.00,0.090,0.97,0.001,1.00,0.006,0.97,0.054,1.00,0.141,0.97,2.217e+06,1.00,1.47,1.00,10.1,1.00,151.4,1.00,1.204e+06,1.00,1.07,1.00,9.8,1.00,10.240,1.00,-999,0.00,-999,0.00,27.61,1.00,-999,0.00,-999,0.00,-999,0.00,27.61,1.00,36.6093,1.00,23.8232,1.00
2019-11-18 00:00:00,2019-11-18 10:00:00,0.041,1.00,-0.048,0.95,0.002,1.00,0.039,0.95,0.060,1.00,0.103,0.95,8.043e+05,1.00,0.95,1.00,8.7,1.00,145.2,1.00,4.159e+05,1.00,0.68,1.00,8.9,1.00,10.264,1.00,-999,0.00,-999,0.00,27.44,1.00,-999,0.00,-999,0.00,-999,0.00,27.44,1.00,36.5908,1.00,23.8651,1.00
2019-11-25 00:00:00,2019-11-25 10:00:00,0.033,1.00,-0.088,0.96,0.001,1.00,0.052,0.96,0.060,1.00,0.125,0.96,7.696e+05,1.00,0.80,1.00,11.7,1.00,158.9,1.00,5.881e+05,1.00,0.69,1.00,11.2,1.00,10.252,1.00,-999,0.00,-999,0.00,27.63,1.00,-999,0.00,-999,0.00,-999,0.00,27.63,1.00,36.5659,1.00,23.7866,1.00
2019-12-02 00:00:00,2019-12-02 10:00:00,0.023,1.00,0.031,0.93,-0.004,1.00,0.021,0.93,0.059,1.00,0.148,0.93,1.417e+06,1.00,1.14,1.00,10.2,1.00,162.1,1.00,9.344e+05,1.00,0.94,1.00,10.0,1.00,10.237,1.00,-999,0.00,-999,0.00,27.85,1.00,-999,0.00,-999,0.00,-999,0.00,27.83,1.00,36.4821,1.00,23.6559,1.00
2019-12-09 00:00:00,2019-12-09 10:00:00,0.023,1.00,0.117,0.95,-0.001,1.00,-0.020,0.95,0.064,1.00,0.166,0.95,1.373e+06,1.00,1.32,1.00,7.9,1.00,152.2,1.00,8.159e+05,1.00,1.00,1.00,8.0,1.00,10.224,1.00,-999,0.00,-999,0.00,27.74,1.00,-999,0.00,-999,0.00,-999,0.00,27.73,1.00,36.4572,1.00,23.6688,1.00
2019-12-16 00:00:00,2019-12-16 10:00:00,0.008,1.00,0.039,0.96,0.002,1.00,-0.011,0.96,0.059,1.00,0.134,0.96,8.712e+05,1.00,1.03,1.00,7.9,1.00,150.0,1.00,4.883e+05,1.00,0.76,1.00,8.0,1.00,10.231,1.00,-999,0.00,-999,0.00,27.39,1.00,-999,0.00,-999,0.00,-999,0.00,27.39,1.00,36.4006,1.00,23.7384,1.00
2019-12-23 00:00:00,2019-12-23 10:00:00,0.025,0.98,0.040,0.93,-0.000,0.98,0.000,0.93,0.067,0.98,0.160,0.93,1.836e+06,0.93,1.34,0.93,9.1,0.93,146.9,0.93,1.101e+06,1.00,1.05,1.00,9.0,1.00,10.172,1.00,-999,0.00,-999,0.00,27.03,1.00,-999,0.00,-999,0.00,-999,0.00,27.02,1.00,36.3462,1.00,23.8162,1.00
2019-12-30 00:00:00,2019-12-30 10:00:00,0.025,1.00,-0.070,0.92,0.001,1.00,0.023,0.92,0.060,1.00,0.138,0.92,3.587e+05,1.04,0.60,1.04,9.4,1.04,135.8,1.04,2.187e+05,1.00,0.42,1.00,10.7,1.00,10.151,1.00,-999,0.00,-999,0.00,27.08,1.00,-999,0.00,-999,0.00,-999,0.00,27.09,1.00,36.2635,1.00,23.7334,1.00
2020-01-06 00:00:00,2020-01-06 10:00:00,0.040,1.00,0.049,0.91,0.000,1.00,-0.009,0.91,0.081,1.00,0.131,0.91,9.009e+05,1.00,1.09,1.00,7.2,1.00,144.5,1.00,4.263e+05,1.00,0.70,1.00,8.1,1.00,10.160,1.00,-999,0.00,-999,0.00,27.56,1.00,-999,0.00,-999,0.00,-999,0.00,27.55,1.00,36.2810,1.00,23.5958,1.00
2020-01-13 00:00:00,2020-01-13 10:00:00,0.026,1.00,-0.035,0.94,0.002,1.00,0.011,0.94,0.062,1.00,0.104,0.94,1.261e+06,1.00,1.15,1.00,9.2,1.00,148.2,1.00,6.820e+05,1.00,0.82,1.00,9.5,1.00,10.224,1.00,-999,0.00,-999,0.00,27.87,1.00,-999,0.00,-999,0.00,-999,0.00,27.87,1.00,36.2348,1.00,23.4573,1.00
2020-01-20 00:00:00,2020-01-20 10:00:00,0.023,1.00,-0.204,0.06,-0.002,1.00,0.075,0.06,0.065,1.00,0.218,0.06,5.644e+05,1.00,0.69,1.00,10.4,1.00,141.2,1.00,4.106e+05,0.93,0.55,0.93,11.2,0.93,10.155,0.93,-999,0.00,-999,0.00,27.87,0.05,-999,0.00,-999,0.00,-999,0.00,27.88,0.05,36.2125,0.05,23.4384,0.05
2020-01-27 00:00:00,2020-01-27 10:00:00,0.030,1.00,-999,0.00,-0.004,1.00,-999,0.00,0.070,1.00,-999,0.00,9.797e+05,1.00,0.96,1.00,10.3,1.00,159.1,1.00,7.427e+05,1.00,0.82,1.00,10.3,1.00,10.188,1.00,-999,0.00,-999,0.00,-999,0.00,-999,0.00,-999,0.00,-999,0.00,-999,0.00,-999,0.00,-999,0.00
2020-02-03 00:00:00,2020-02-03 10:00:00,0.026,1.00,-999,0.00,-0.002,1.00,-999,0.00,0.083,1.00,-999,0.00,1.331e+06,1.00,1.07,1.00,11.4,1.00,149.6,1.00,5.866e+05,1.00,0.73,1.00,10.5,1.00,10.226,1.00,-999,0.00,-999,0.00,-999,0.00,-999,0.00,-999,0.00,-999,0.00,-999,0.00,-999,0.00,-999,0.00
2020-02-10 00:00:00,2020-02-10 10:00:00,0.035,1.00,-999,0.00,0.001,1.00,-999,0.00,0.071,1.00,-999,0.00,9.878e+05,1.00,0.89,1.00,11.6,1.00,154.6,1.00,6.348e+05,1.00,0.69,1.00,11.3,1.00,10.261,1.00,-999,0.00,-999,0.00,-999,0.00,-999,0.00,-999,0.00,-999,0.00,-999,0.00,-999,0.00,-999,0.00
2020-02-17 00:00:00,2020-02-17 10:00:00,0.015,1.00,-999,0.00,0.002,1.00,-999,0.00,0.058,1.00,-999,0.00,1.019e+06,1.00,0.88,1.00,12.5,1.00,162.9,1.00,6.461e+05,1.00,0.72,1.00,11.6,1.00,10.246,1.00,-999,0.00,-999,0.00,-999,0.00,-999,0.00,-999,0.00,-999,0.00,-999,0.00,-999,0.00,-999,0.00
2020-02-24 00:00:00,2020-02-24 10:00:00,0.037,1.00,-999,0.00,0.001,1.00,-999,0.00,0.071,1.00,-999,0.00,2.266e+06,1.00,1.31,1.00,11.6,1.00,163.1,1.00,2.081e+06,1.00,1.24,1.00,11.5,1.00,10.248,1.00,-999,0.00,-999,0.00,-999,0.00,-999,0.00,-999,0.00,-999,0.00,-999,0.00,-999,0.00,-999,0.00
2020-03-02 00:00:00,2020-03-02 10:00:00,0.044,1.00,-999,0.00,-0.005,1.00,-999,0.00,0.066,1.00,-999,0.00,6.910e+05,1.00,0.82,1.00,10.1,1.00,153.3,1.00,5.710e+05,1.00,0.75,1.00,10.0,1.00,10.259,1.00,-999,0.00,-999,0.00,-999,0.00,-999,0.00,-999,0.00,-999,0.00,-999,0.00,-999,0.00,-999,0.00
2020-03-09 00:00:00,2020-03-09 10:00:00,0.026,1.00,-999,0.00,-0.003,1.00,-999,0.00,0.058,1.00,-999,0.00,7.277e+05,1.00,0.79,1.00,11.3,1.00,159.0,1.00,4.234e+05,1.00,0.64,1.00,10.3,1.00,10.281,1.00,-999,0.00,-999,0.00,-999,0.00,-999,0.00,-999,0.00,-999,0.00,-999,0.00,-999,0.00,-999,0.00
2020-03-16 00:00:00,2020-03-16 10:00:00,0.028,1.00,-999,0.00,-0.000,1.00,-999,0.00,0.059,1.00,-999,0.00,7.493e+05,1.00,0.72,1.00,13.2,1.00,164.1,1.00,6.007e+05,1.00,0.66,1.00,12.6,1.00,10.266,1.00,-999,0.00,-999,0.00,-999,0.00,-999,0.00,-999,0.00,-999,0.00,-999,0.00,-999,0.00,-999,0.00
2020-03-23 00:00:00,2020-03-23 10:00:00,0.010,1.00,-999,0.00,0.000,1.00,-999,0.00,0.053,1.00,-999,0.00,2.743e+06,1.00,1.40,1.00,11.3,1.00,162.9,1.00,2.528e+06,1.00,1.34,1.00,11.2,1.00,10.254,1.00,-999,0.00,-999,0.00,-999,0.00,-999,0.00,-999,0.00,-999,0.00,-999,0.00,-999,0.00,-999,0.00
2020-03-30 00:00:00,2020-03-30 10:00:00,0.025,1.00,-999,0.00,-0.001,1.00,-999,0.00,0.071,1.00,-999,0.00,1.358e+06,1.00,1.01,1.00,13.0,1.00,160.6,1.00,1.133e+06,1.00,0.93,1.00,12.3,1.00,10.259,1.00,-999,0.00,-999,0.00,-999,0.00,-999,0.00,-999,0.00,-999,0.00,-999,0.00,-999,0.00,-999,0.00
2020-04-06 00:00:00,2020-04-06 10:00:00,0.026,1.00,-999,0.00,-0.002,1.00,-999,0.00,0.064,1.00,-999,0.00,6.303e+05,1.00,0.72,1.00,12.0,1.00,156.9,1.00,5.250e+05,1.00,0.66,1.00,11.8,1.00,10.265,1.00,-999,0.00,-999,0.00,-999,0.00,-999,0.00,-999,0.00,-999,0.00,-999,0.00,-999,0.00,-999,0.00
2020-04-13 00:00:00,2020-04-13 10:00:00,0.022,1.00,-999,0.00,-0.001,1.00,-999,0.00,0.072,1.00,-999,0.00,7.761e+05,1.00,0.83,1.00,11.3,1.00,158.0,1.00,5.603e+05,1.00,0.71,1.00,10.9,1.00,10.221,1.00,-999,0.00,-999,0.00,-999,0.00,-999,0.00,-999,0.00,-999,0.00,-999,0.00,-999,0.00,-999,0.00
2020-04-20 00:00:00,2020-04-20 10:00:00,0.020,1.00,-999,0.00,0.000,1.00,-999,0.00,0.056,1.00,-999,0.00,1.442e+06,1.00,1.20,1.00,10.2,1.00,157.4,1.00,8.941e+05,1.00,0.93,1.00,9.7,1.00,10.226,1.00,-999,0.00,-999,0.00,-999,0.00,-999,0.00,-999,0.00,-999,0.00,-999,0.00,-999,0.00,-999,0.00
2020-04-27 00:00:00,2020-04-27 10:00:00,0.018,1.00,-999,0.00,0.001,1.00,-999,0.00,0.055,1.00,-999,0.00,1.456e+06,1.00,1.01,1.00,12.4,1.00,164.4,1.00,1.023e+06,1.00,0.88,1.00,11.3,1.00,10.251,1.00,-999,0.00,-999,0.00,-999,0.00,-999,0.00,-999,0.00,-999,0.00,-999,0.00,-999,0.00,-999,0.00
2020-05-04 00:00:00,2020-05-04 10:00:00,0.031,1.00,-999,0.00,0.000,1.00,-999,0.00,0.062,1.00,-999,0.00,2.042e+06,1.00,1.29,1.00,12.1,1.00,161.9,1.00,1.525e+06,1.00,1.12,1.00,11.4,1.00,10.239,1.00,-999,0.00,-999,0.00,-999,0.00,-999,0.00,-999,0.00,-999,0.00,-999,0.00,-999,0.00,-999,0.00
2020-05-11 00:00:00,2020-05-11 10:00:00,0.033,1.00,-999,0.00,0.002,1.00,-999,0.00,0.066,1.00,-999,0.00,2.561e+06,1.00,1.30,1.00,13.8,1.00,168.6,1.00,2.387e+06,1.00,1.27,1.00,13.3,1.00,10.251,1.00,-999,0.00,-999,0.00,-999,0.00,-999,0.00,-999,0.00,-999,0.00,-999,0.00,-999,0.00,-999,0.00
2020-05-18 00:00:00,2020-05-18 10:00:00,0.025,1.00,-999,0.00,0.000,1.00,-999,0.00,0.076,1.00,-999,0.00,2.531e+06,1.00,1.50,1.00,10.3,1.00,166.1,1.00,1.748e+06,1.00,1.26,1.00,10.2,1.00,10.252,1.00,-999,0.00,-999,0.00,-999,0.00,-999,0.00,-999,0.00,-999,0.00,-999,0.00,-999,0.00,-999,0.00
2020-05-25 00:00:00,2020-05-25 10:00:00,0.007,1.00,-999,0.00,0.004,1.00,-999,0.00,0.057,1.00,-999,0.00,2.879e+06,1.00,1.38,1.00,14.0,1.00,168.9,1.00,2.267e+06,1.00,1.26,1.00,13.1,1.00,10.228,1.00,-999,0.00,-999,0.00,-999,0.00,-999,0.00,-999,0.00,-999,0.00,-999,0.00,-999,0.00,-999,0.00
2020-06-01 00:00:00,2020-06-01 10:00:00,0.024,1.00,-999,0.00,0.004,1.00,-999,0.00,0.065,1.00,-999,0.00,4.973e+06,1.00,2.00,1.00,12.0,1.00,165.1,1.00,4.228e+06,1.00,1.86,1.00,11.3,1.00,10.260,1.00,-999,0.00,-999,0.00,-999,0.00,-999,0.00,-999,0.00,-999,0.00,-999,0.00,-999,0.00,-999,0.00
2020-06-08 00:00:00,2020-06-08 10:00:00,0.009,1.00,-999,0.00,0.001,1.00,-999,0.00,0.041,1.00,-999,0.00,1.467e+06,1.00,1.07,1.00,12.1,1.00,164.9,1.00,9.540e+05,1.00,0.86,1.00,11.5,1.00,10.258,1.00,-999,0.00,-999,0.00,-999,0.00,-999,0.00,-999,0.00,-999,0.00,-999,0.00,-999,0.00,-999,0.00
2020-06-15 00:00:00,2020-06-15 10:00:00,0.013,1.00,-999,0.00,0.004,1.00,-999,0.00,0.044,1.00,-999,0.00,3.230e+06,1.00,1.72,1.00,10.9,1.00,164.6,1.00,2.321e+06,1.00,1.46,1.00,10.5,1.00,10.258,1.00,-999,0.00,-999,0.00,-999,0.00,-999,0.00,-999,0.00,-999,0.00,-999,0.00,-999,0.00,-999,0.00
2020-06-22 00:00:00,2020-06-22 10:00:00,0.021,1.00,-999,0.00,0.004,1.00,-999,0.00,0.060,1.00,-999,0.00,3.355e+06,1.00,1.59,1.00,13.0,1.00,166.8,1.00,2.634e+06,1.00,1.42,1.00,12.3,1.00,10.250,1.00,-999,0.00,-999,0.00,-999,0.00,-999,0.00,-999,0.00,-999,0.00,-999,0.00,-999,0.00,-999,0.00
2020-06-29 00:00:00,2020-06-29 10:00:00,-0.008,1.00,-999,0.00,0.005,1.00,-999,0.00,0.055,1.00,-999,0.00,3.365e+06,1.00,1.51,1.00,11.7,1.00,157.3,1.00,2.121e+06,1.00,1.22,1.00,10.5,1.00,10.276,1.00,-999,0.00,-999,0.00,-999,0.00,-999,0.00,-999,0.00,-999,0.00,-999,0.00,-999,0.00,-999,0.00
2020-07-06 00:00:00,2020-07-06 10:00:00,0.021,1.00,-999,0.00,0.001,1.00,-999,0.00,0.077,1.00,-999,0.00,2.276e+06,1.00,1.48,1.00,10.2,1.00,156.5,1.00,1.309e+06,1.00,1.15,1.00,9.5,1.00,10.282,1.00,-999,0.00,-999,0.00,-999,0.00,-999,0.00,-999,0.00,-999,0.00,-999,0.00,-999,0.00,-999,0.00
2020-07-13 00:00:00,2020-07-13 10:00:00,0.011,1.00,-999,0.00,0.001,1.00,-999,0.00,0.046,1.00,-999,0.00,2.546e+06,1.00,1.50,1.00,11.6,1.00,165.8,1.00,1.444e+06,1.00,1.18,1.00,10.2,1.00,10.286,1.00,-999,0.00,-999,0.00,-999,0.00,-999,0.00,-999,0.00,-999,0.00,-999,0.00,-999,0.00,-999,0.00
2020-07-20 00:00:00,2020-07-20 10:00:00,0.010,1.00,-999,0.00,0.004,1.00,-999,0.00,0.049,1.00,-999,0.00,1.691e+06,1.00,1.26,1.00,10.2,1.00,156.6,1.00,1.011e+06,0.87,1.03,0.87,9.2,0.87,10.268,0.88,-999,0.00,-999,0.00,-999,0.00,-999,0.00,-999,0.00,-999,0.00,-999,0.00,-999,0.00,-999,0.00
2020-07-27 00:00:00,2020-07-27 10:00:00,0.016,1.00,-999,0.00,0.006,1.00,-999,0.00,0.053,1.00,-999,0.00,1.094e+06,1.00,0.92,1.00,12.5,1.00,164.8,1.00,-999,0.00,-999,0.00,-999,0.00,-999,0.00,-999,0.00,-999,0.00,-999,0.00,-999,0.00,-999,0.00,-999,0.00,-999,0.00,-999,0.00,-999,0.00
2020-08-03 00:00:00,2020-08-03 10:00:00,0.027,1.00,-999,0.00,0.003,1.00,-999,0.00,0.067,1.00,-999,0.00,1.174e+06,1.00,1.01,1.00,11.3,1.00,156.6,1.00,-999,0.00,-999,0.00,-999,0.00,-999,0.00,-999,0.00,-999,0.00,-999,0.00,-999,0.00,-999,0.00,-999,0.00,-999,0.00,-999,0.00,-999,0.00
2020-08-10 00:00:00,2020-08-10 10:00:00,0.011,1.00,-999,0.00,0.003,1.00,-999,0.00,0.038,1.00,-999,0.00,2.127e+06,1.00,1.33,1.00,11.9,1.00,167.6,1.00,-999,0.00,-999,0.00,-999,0.00,-999,0.00,-999,0.00,-999,0.00,-999,0.00,-999,0.00,-999,0.00,-999,0.00,-999,0.00,-999,0.00,-999,0.00
2020-08-17 00:00:00,2020-08-17 10:00:00,0.018,1.00,-999,0.00,0.003,1.00,-999,0.00,0.061,1.00,-999,0.00,3.618e+06,1.00,1.81,1.00,10.5,1.00,160.5,1.00,-999,0.00,-999,0.00,-999,0.00,-999,0.00,-999,0.00,-999,0.00,-999,0.00,-999,0.00,-999,0.00,-999,0.00,-999,0.00,-999,0.00,-999,0.00
2020-08-24 00:00:00,2020-08-24 10:00:00,0.044,1.00,-999,0.00,0.000,1.00,-999,0.00,0.069,1.00,-999,0.00,1.267e+06,1.00,1.19,1.00,9.4,1.00,155.1,1.00,-999,0.00,-999,0.00,-999,0.00,-999,0.00,-999,0.00,-999,0.00,-999,0.00,-999,0.00,-999,0.00,-999,0.00,-999,0.00,-999,0.00,-999,0.00
2020-08-31 00:00:00,2020-08-31 10:00:00,0.036,1.00,-999,0.00,0.003,1.00,-999,0.00,0.071,1.00,-999,0.00,2.348e+06,1.00,1.29,1.00,13.1,1.00,164.9,1.00,-999,0.00,-999,0.00,-999,0.00,-999,0.00,-999,0.00,-999,0.00,-999,0.00,-999,0.00,-999,0.00,-999,0.00,-999,0.00,-999,0.00,-999,0.00
2020-09-07 00:00:00,2020-09-07 10:00:00,0.042,1.00,-999,0.00,0.002,1.00,-999,0.00,0.070,1.00,-999,0.00,1.223e+06,1.00,1.03,1.00,11.3,1.00,165.3,1.00,9.235e+05,0.61,0.93,0.61,10.4,0.61,10.283,0.61,-999,0.00,-999,0.00,-999,0.00,-999,0.00,-999,0.00,-999,0.00,-999,0.00,-999,0.00,-999,0.00
2020-09-14 00:00:00,2020-09-14 10:00:00,0.014,1.00,-999,0.00,-0.000,1.00,-999,0.00,0.055,1.00,-999,0.00,1.620e+06,1.00,1.11,1.00,12.6,1.00,162.0,1.00,9.685e+05,1.00,0.89,1.00,11.6,1.00,10.293,1.00,-999,0.00,-999,0.00,-999,0.00,-999,0.00,-999,0.00,-999,0.00,-999,0.00,-999,0.00,-999,0.00
2020-09-21 00:00:00,2020-09-21 10:00:00,0.007,1.00,-999,0.00,0.005,1.00,-999,0.00,0.048,1.00,-999,0.00,1.729e+06,1.00,1.07,1.00,14.0,1.00,169.0,1.00,1.386e+06,1.00,0.95,1.00,13.0,1.00,10.291,1.00,-999,0.00,-999,0.00,-999,0.00,-999,0.00,-999,0.00,-999,0.00,-999,0.00,-999,0.00,-999,0.00
2020-09-28 00:00:00,2020-09-28 10:00:00,0.009,1.00,-999,0.00,0.002,1.00,-999,0.00,0.051,1.00,-999,0.00,1.492e+06,0.98,1.26,0.98,9.9,0.98,163.7,0.98,8.464e+05,1.00,0.97,1.00,9.2,1.00,10.300,1.00,-999,0.00,-999,0.00,-999,0.00,-999,0.00,-999,0.00,-999,0.00,-999,0.00,-999,0.00,-999,0.00
2020-10-05 00:00:00,2020-10-05 10:00:00,0.014,1.00,-999,0.00,0.001,1.00,-999,0.00,0.044,1.00,-999,0.00,2.285e+06,1.00,1.37,1.00,12.2,1.00,164.7,1.00,1.307e+06,1.00,1.09,1.00,10.7,1.00,10.316,1.00,-999,0.00,-999,0.00,-999,0.00,-999,0.00,-999,0.00,-999,0.00,26.94,0.76,32.0873,0.76,20.6062,0.76
2020-10-12 00:00:00,2020-10-12 10:00:00,-0.007,1.00,-999,0.00,0.006,1.00,-999,0.00,0.052,1.00,-999,0.00,1.223e+06,1.00,1.00,1.00,12.0,1.00,168.0,1.00,7.900e+05,1.00,0.82,1.00,11.2,1.00,10.346,1.00,-999,0.00,-999,0.00,-999,0.00,-999,0.00,-999,0.00,-999,0.00,26.96,1.00,32.0712,1.00,20.5855,1.00
2020-10-19 00:00:00,2020-10-19 10:00:00,0.013,1.00,-999,0.00,0.002,1.00,-999,0.00,0.056,1.00,-999,0.00,1.241e+06,1.00,1.01,1.00,11.9,1.00,165.4,1.00,7.644e+05,1.00,0.82,1.00,11.0,1.00,10.334,1.00,-999,0.00,-999,0.00,-999,0.00,-999,0.00,-999,0.00,-999,0.00,27.24,1.00,32.0498,1.00,20.4817,1.00
2020-10-26 00:00:00,2020-10-26 10:00:00,0.009,1.00,-999,0.00,0.003,1.00,-999,0.00,0.063,1.00,-999,0.00,1.961e+06,1.00,1.21,1.00,11.8,1.00,165.5,1.00,1.338e+06,1.00,1.04,1.00,11.0,1.00,10.300,1.00,-999,0.00,-999,0.00,-999,0.00,-999,0.00,-999,0.00,-999,0.00,27.36,1.00,32.0019,1.00,20.4066,1.00
2020-11-02 00:00:00,2020-11-02 10:00:00,0.001,1.00,-999,0.00,0.001,1.00,-999,0.00,0.051,1.00,-999,0.00,2.091e+06,1.00,1.32,1.00,11.4,1.00,163.1,1.00,1.177e+06,1.00,1.04,1.00,10.1,1.00,10.296,1.00,-999,0.00,-999,0.00,-999,0.00,-999,0.00,-999,0.00,-999,0.00,27.26,1.00,31.9330,1.00,20.3874,1.00
2020-11-09 00:00:00,2020-11-09 10:00:00,0.012,1.00,-999,0.00,0.002,1.00,-999,0.00,0.053,1.00,-999,0.00,9.623e+05,1.00,0.89,1.00,12.1,1.00,165.3,1.00,5.284e+05,1.00,0.71,1.00,10.5,1.00,10.311,1.00,-999,0.00,-999,0.00,-999,0.00,-999,0.00,-999,0.00,-999,0.00,27.32,1.00,31.8790,1.00,20.3289,1.00
2020-11-16 00:00:00,2020-11-16 10:00:00,0.027,1.00,-999,0.00,-0.002,1.00,-999,0.00,0.063,1.00,-999,0.00,1.340e+06,1.00,1.06,1.00,11.1,1.00,163.3,1.00,1.023e+06,1.00,0.94,1.00,10.4,1.00,10.292,1.00,-999,0.00,-999,0.00,-999,0.00,-999,0.00,-999,0.00,-999,0.00,27.82,1.00,31.7843,1.00,20.0966,1.00
2020-11-23 00:00:00,2020-11-23 10:00:00,0.016,1.00,-999,0.00,-0.001,1.00,-999,0.00,0.050,1.00,-999,0.00,8.977e+05,1.00,0.87,1.00,11.3,1.00,163.1,1.00,6.276e+05,1.00,0.76,1.00,10.1,1.00,10.309,1.00,-999,0.00,-999,0.00,-999,0.00,-999,0.00,-999,0.00,-999,0.00,27.92,1.00,31.7062,1.00,20.0064,1.00
2020-11-30 00:00:00,2020-11-30 10:00:00,0.014,1.00,-999,0.00,-0.000,1.00,-999,0.00,0.056,1.00,-999,0.00,5.040e+05,1.00,0.80,1.00,8.2,1.00,127.3,1.00,2.338e+05,1.00,0.50,1.00,8.9,1.00,10.284,1.00,-999,0.00,-999,0.00,-999,0.00,-999,0.00,-999,0.00,-999,0.00,28.07,1.00,31.7023,1.00,19.9539,1.00
2020-12-07 00:00:00,2020-12-07 10:00:00,-0.006,1.00,-999,0.00,0.003,1.00,-999,0.00,0.054,1.00,-999,0.00,6.285e+05,1.00,0.73,1.00,11.9,1.00,156.4,1.00,2.578e+05,1.00,0.49,1.00,10.6,1.00,10.346,1.00,-999,0.00,-999,0.00,-999,0.00,-999,0.00,-999,0.00,-999,0.00,27.88,1.00,31.7861,1.00,20.0783,1.00
2020-12-14 00:00:00,2020-12-14 10:00:00,0.007,1.00,-999,0.00,0.000,1.00,-999,0.00,0.061,1.00,-999,0.00,9.582e+05,1.00,0.85,1.00,12.3,1.00,151.8,1.00,5.161e+05,1.00,0.62,1.00,11.7,1.00,10.344,1.00,-999,0.00,-999,0.00,-999,0.00,-999,0.00,-999,0.00,-999,0.00,27.96,1.00,31.8087,1.00,20.0686,1.00
2020-12-21 00:00:00,2020-12-21 10:00:00,0.057,1.00,-999,0.00,0.002,1.00,-999,0.00,0.081,1.00,-999,0.00,4.288e+05,1.00,0.56,1.00,11.1,1.00,166.4,1.00,2.754e+05,1.00,0.45,1.00,10.5,1.00,10.357,1.00,-999,0.00,-999,0.00,-999,0.00,-999,0.00,-999,0.00,-999,0.00,28.06,1.00,31.7293,1.00,19.9794,1.00
2020-12-28 00:00:00,2020-12-28 10:00:00,0.022,1.00,-999,0.00,0.001,1.00,-999,0.00,0.076,1.00,-999,0.00,4.528e+05,1.02,0.78,1.02,6.9,1.02,115.7,1.02,1.898e+05,1.00,0.48,1.00,8.0,1.00,10.340,1.00,-999,0.00,-999,0.00,-999,0.00,-999,0.00,-999,0.00,-999,0.00,28.14,1.00,31.7130,1.00,19.9411,1.00
2021-01-04 00:00:00,2021-01-04 10:00:00,0.043,1.00,-999,0.00,-0.000,1.00,-999,0.00,0.073,1.00,-999,0.00,8.696e+05,1.00,0.94,1.00,9.8,1.00,157.1,1.00,4.481e+05,1.00,0.70,1.00,9.2,1.00,10.329,1.00,-999,0.00,-999,0.00,-999,0.00,-999,0.00,-999,0.00,-999,0.00,28.13,1.00,31.7683,1.00,19.9844,1.00
2021-01-11 00:00:00,2021-01-11 10:00:00,0.002,1.00,-999,0.00,0.002,1.00,-999,0.00,0.056,1.00,-999,0.00,1.021e+06,1.00,0.93,1.00,11.6,1.00,156.0,1.00,5.169e+05,1.00,0.68,1.00,10.6,1.00,10.321,1.00,-999,0.00,-999,0.00,-999,0.00,-999,0.00,-999,0.00,-999,0.00,28.11,1.00,31.7357,1.00,19.9653,1.00
2021-01-18 00:00:00,2021-01-18 10:00:00,-0.010,1.00,-999,0.00,0.002,1.00,-999,0.00,0.050,1.00,-999,0.00,6.751e+05,1.00,0.80,1.00,10.3,1.00,146.8,1.00,3.318e+05,1.00,0.54,1.00,10.5,1.00,10.336,1.00,-999,0.00,-999,0.00,-999,0.00,-999,0.00,-999,0.00,-999,0.00,28.04,1.00,31.7839,1.00,20.0253,1.00
2021-01-25 00:00:00,2021-01-25 10:00:00,0.024,1.00,-999,0.00,0.000,1.00,-999,0.00,0.055,1.00,-999,0.00,5.650e+05,1.00,0.72,1.00,11.0,1.00,155.2,1.00,2.982e+05,1.00,0.52,1.00,10.6,1.00,10.345,1.00,-999,0.00,-999,0.00,-999,0.00,-999,0.00,-999,0.00,-999,0.00,28.15,1.00,31.7921,1.00,19.9970,1.00
2021-02-01 00:00:00,2021-02-01 10:00:00,0.043,1.00,-0.026,0.35,0.001,1.00,0.039,0.35,0.071,1.00,0.076,0.35,3.238e+05,0.98,0.58,0.98,9.3,0.98,150.3,0.98,1.840e+05,0.87,0.43,0.87,10.0,0.87,10.465,0.88,-999,0.00,-999,0.00,-999,0.00,-999,0.00,-999,0.00,-999,0.00,28.28,1.00,33.3139,1.00,21.0966,1.00
2021-02-08 00:00:00,2021-02-08 10:00:00,0.032,1.00,-0.032,0.92,0.003,1.00,0.042,0.92,0.061,1.00,0.085,0.92,7.199e+05,1.00,0.79,1.00,11.6,1.00,147.1,1.00,4.639e+05,1.00,0.62,1.00,11.6,1.00,10.646,1.00,-999,0.00,-999,0.00,-999,0.00,-999,0.00,-999,0.00,-999,0.00,28.27,1.00,36.0879,1.00,23.1835,1.00
2021-02-15 00:00:00,2021-02-15 10:00:00,0.018,1.00,-0.053,0.94,0.002,1.00,0.050,0.94,0.050,1.00,0.095,0.94,4.618e+05,1.00,0.60,1.00,12.2,1.00,152.6,1.00,2.998e+05,1.00,0.47,1.00,12.2,1.00,10.649,1.00,-999,0.00,-999,0.00,-999,0.00,-999,0.00,-999,0.00,-999,0.00,28.25,1.00,36.0875,1.00,23.1892,1.00
2021-02-22 00:00:00,2021-02-22 10:00:00,0.047,1.00,0.087,0.92,0.005,1.00,0.036,0.92,0.064,1.00,0.117,0.92,1.213e+06,1.00,0.97,1.00,12.2,1.00,159.6,1.00,1.154e+06,1.00,0.97,1.00,11.7,1.00,10.686,1.00,-999,0.00,-999,0.00,-999,0.00,-999,0.00,-999,0.00,-999,0.00,28.44,1.00,36.1425,1.00,23.1685,1.00
2021-03-01 00:00:00,2021-03-01 10:00:00,0.016,1.00,0.027,0.92,0.002,1.00,0.019,0.92,0.061,1.00,0.078,0.92,5.212e+05,1.00,0.65,1.00,11.6,1.00,152.7,1.00,4.672e+05,1.00,0.63,1.00,11.1,1.00,10.683,1.00,-999,0.00,-999,0.00,-999,0.00,-999,0.00,-999,0.00,-999,0.00,28.76,1.00,36.1407,1.00,23.0597,1.00
2021-03-08 00:00:00,2021-03-08 10:00:00,0.035,1.00,0.030,0.90,0.003,1.00,0.036,0.90,0.061,1.00,0.092,0.90,5.190e+05,1.00,0.64,1.00,10.0,1.00,148.6,1.00,3.689e+05,1.00,0.51,1.00,10.5,1.00,10.664,1.00,-999,0.00,-999,0.00,-999,0.00,-999,0.00,-999,0.00,-999,0.00,28.80,1.00,36.1041,1.00,23.0204,1.00
2021-03-15 00:00:00,2021-03-15 10:00:00,0.032,1.00,0.114,0.92,0.005,1.00,0.064,0.92,0.062,1.00,0.161,0.92,3.172e+06,1.00,1.54,1.00,11.5,1.00,157.5,1.00,2.818e+06,1.00,1.47,1.00,11.0,1.00,10.648,1.00,-999,0.00,-999,0.00,-999,0.00,-999,0.00,-999,0.00,-999,0.00,28.90,1.00,36.1170,1.00,22.9965,1.00
2021-03-22 00:00:00,2021-03-22 10:00:00,0.030,1.00,0.034,0.95,0.004,1.00,0.051,0.95,0.070,1.00,0.134,0.95,2.624e+06,1.00,1.41,1.00,12.9,1.00,156.3,1.00,1.344e+06,1.00,1.11,1.00,10.8,1.00,10.658,1.00,-999,0.00,-999,0.00,-999,0.00,-999,0.00,-999,0.00,-999,0.00,28.96,1.00,36.0941,1.00,22.9596,1.00
2021-03-29 00:00:00,2021-03-29 10:00:00,0.015,1.00,0.070,0.93,0.002,1.00,0.046,0.93,0.049,1.00,0.118,0.93,2.092e+06,1.00,1.28,1.00,12.7,1.00,161.2,1.00,1.454e+06,1.00,1.13,1.00,11.3,1.00,10.689,1.00,-999,0.00,-999,0.00,-999,0.00,-999,0.00,-999,0.00,-999,0.00,28.87,1.00,36.1966,1.00,23.0654,1.00
2021-04-05 00:00:00,2021-04-05 10:00:00,0.011,1.00,0.022,0.94,0.007,1.00,0.064,0.94,0.050,1.00,0.126,0.94,2.016e+06,1.00,1.21,1.00,13.1,1.00,155.2,1.00,1.428e+06,1.00,1.07,1.00,11.9,1.00,10.661,1.00,-999,0.00,-999,0.00,-999,0.00,-999,0.00,-999,0.00,-999,0.00,28.77,1.00,36.2746,1.00,23.1580,1.00
2021-04-12 00:00:00,2021-04-12 10:00:00,0.001,1.00,-0.078,0.93,0.003,1.00,0.057,0.93,0.042,1.00,0.117,0.93,6.279e+05,1.00,0.63,1.00,15.2,1.00,164.7,1.00,4.268e+05,1.00,0.57,1.00,12.7,1.00,10.636,1.00,-999,0.00,-999,0.00,-999,0.00,-999,0.00,-999,0.00,-999,0.00,28.56,1.00,36.1169,1.00,23.1102,1.00
2021-04-19 00:00:00,2021-04-19 10:00:00,0.017,1.00,0.086,0.91,0.004,1.00,0.029,0.91,0.040,1.00,0.127,0.91,2.080e+06,1.00,1.31,1.00,12.4,1.00,160.8,1.00,1.677e+06,1.00,1.20,1.00,11.4,1.00,10.612,1.00,-999,0.00,-999,0.00,-999,0.00,-999,0.00,-999,0.00,-999,0.00,28.70,1.00,36.2547,1.00,23.1661,1.00
2021-04-26 00:00:00,2021-04-26 10:00:00,0.020,1.00,0.039,0.74,0.003,1.00,0.021,0.74,0.050,1.00,0.091,0.74,8.093e+05,1.00,0.81,1.00,11.9,1.00,159.2,1.00,7.562e+05,1.00,0.79,1.00,11.6,1.00,10.594,1.00,-999,0.00,-999,0.00,-999,0.00,-999,0.00,-999,0.00,-999,0.00,28.68,1.00,36.2466,1.00,23.1671,1.00
2021-05-03 00:00:00,2021-05-03 10:00:00,0.022,1.00,-0.012,0.84,0.003,1.00,0.066,0.84,0.064,1.00,0.120,0.84,1.854e+06,1.00,1.10,1.00,12.9,1.00,161.8,1.00,1.406e+06,1.00,1.01,1.00,12.0,1.00,10.590,1.00,-999,0.00,-999,0.00,-999,0.00,-999,0.00,-999,0.00,-999,0.00,28.76,1.00,36.2069,1.00,23.1092,1.00
2021-05-10 00:00:00,2021-05-10 10:00:00,0.017,1.00,-0.011,0.99,0.005,1.00,0.066,0.99,0.075,1.00,0.134,0.99,3.432e+06,1.00,1.56,1.00,12.5,1.00,160.5,1.00,2.315e+06,1.00,1.32,1.00,11.2,1.00,10.611,1.00,-999,0.00,-999,0.00,-999,0.00,-999,0.00,-999,0.00,-999,0.00,28.52,1.00,36.1765,1.00,23.1685,1.00
2021-05-17 00:00:00,2021-05-17 10:00:00,0.021,1.00,0.063,0.96,0.006,1.00,0.045,0.96,0.050,1.00,0.127,0.96,2.469e+06,1.00,1.36,1.00,13.1,1.00,157.8,1.00,1.654e+06,1.00,1.17,1.00,11.9,1.00,10.648,1.00,-999,0.00,-999,0.00,-999,0.00,-999,0.00,-999,0.00,-999,0.00,28.39,1.00,36.2352,1.00,23.2555,1.00
2021-05-24 00:00:00,2021-05-24 10:00:00,0.012,1.00,0.038,0.86,0.007,1.00,0.047,0.86,0.045,1.00,0.104,0.86,2.141e+06,1.00,1.23,1.00,13.5,1.00,164.0,1.00,2.042e+06,1.00,1.23,1.00,12.9,1.00,10.664,1.00,-999,0.00,-999,0.00,-999,0.00,-999,0.00,-999,0.00,-999,0.00,28.32,1.00,36.2670,1.00,23.3028,1.00
2021-05-31 00:00:00,2021-05-31 10:00:00,0.034,1.00,0.025,0.97,0.007,1.00,0.051,0.97,0.066,1.00,0.112,0.97,1.673e+06,1.00,1.06,1.00,12.8,1.00,157.5,1.00,1.353e+06,1.00,0.98,1.00,12.1,1.00,10.673,1.00,-999,0.00,-999,0.00,-999,0.00,-999,0.00,-999,0.00,-999,0.00,28.03,1.00,36.2831,1.00,23.4082,1.00
2021-06-07 00:00:00,2021-06-07 10:00:00,0.053,1.00,0.077,0.97,0.005,1.00,0.069,0.97,0.073,1.00,0.143,0.97,2.136e+06,1.00,1.33,1.00,12.0,1.00,159.3,1.00,1.665e+06,1.00,1.20,1.00,11.3,1.00,10.638,1.00,-999,0.00,-999,0.00,-999,0.00,-999,0.00,-999,0.00,-999,0.00,27.99,1.00,36.3781,1.00,23.4935,1.00
2021-06-14 00:00:00,2021-06-14 10:00:00,0.006,1.00,-0.007,0.99,0.010,1.00,0.066,0.99,0.055,1.00,0.134,0.99,4.529e+06,1.00,1.71,1.00,13.7,1.00,160.5,1.00,3.366e+06,1.00,1.56,1.00,12.4,1.00,10.634,1.00,-999,0.00,-999,0.00,-999,0.00,-999,0.00,-999,0.00,-999,0.00,27.87,1.00,36.4724,1.00,23.6052,1.00
2021-06-21 00:00:00,2021-06-21 10:00:00,0.023,1.00,0.011,0.87,0.005,1.00,0.050,0.87,0.056,1.00,0.128,0.87,1.791e+06,1.00,1.15,1.00,13.1,1.00,163.1,1.00,1.614e+06,1.00,1.10,1.00,12.6,1.00,10.624,1.00,-999,0.00,-999,0.00,-999,0.00,-999,0.00,-999,0.00,-999,0.00,27.77,1.00,36.4113,1.00,23.5919,1.00
2021-06-28 00:00:00,2021-06-28 10:00:00,-0.013,1.00,-0.065,1.00,0.007,1.00,0.070,1.00,0.056,1.00,0.121,1.00,2.624e+06,1.00,1.44,1.00,12.6,1.00,157.6,1.00,1.581e+06,1.00,1.19,1.00,11.1,1.00,10.631,1.00,-999,0.00,-999,0.00,-999,0.00,-999,0.00,-999,0.00,-999,0.00,27.60,1.00,36.3377,1.00,23.5907,1.00
2021-07-05 00:00:00,2021-07-05 10:00:00,0.004,1.00,-0.045,0.97,0.006,1.00,0.059,0.97,0.059,1.00,0.126,0.97,1.396e+06,1.00,1.08,1.00,12.1,1.00,154.6,1.00,9.568e+05,1.00,0.89,1.00,11.6,1.00,10.607,1.00,-999,0.00,-999,0.00,-999,0.00,-999,0.00,-999,0.00,-999,0.00,27.44,1.00,36.3722,1.00,23.6707,1.00
2021-07-12 00:00:00,2021-07-12 10:00:00,0.052,1.00,0.033,0.94,0.005,1.00,0.036,0.94,0.078,1.00,0.121,0.94,1.958e+06,1.00,1.34,1.00,10.7,1.00,153.3,1.00,1.192e+06,1.00,1.04,1.00,10.0,1.00,10.604,1.00,-999,0.00,-999,0.00,-999,0.00,-999,0.00,-999,0.00,-999,0.00,27.32,1.00,36.4225,1.00,23.7463,1.00
2021-07-19 00:00:00,2021-07-19 10:00:00,0.007,1.00,0.006,0.96,0.004,1.00,0.054,0.96,0.061,1.00,0.116,0.96,1.709e+06,1.00,1.19,1.00,10.7,1.00,157.4,1.00,1.250e+06,1.00,1.01,1.00,10.4,1.00,10.631,1.00,-999,0.00,-999,0.00,-999,0.00,-999,0.00,-999,0.00,-999,0.00,27.13,0.65,36.3844,0.65,23.7788,0.65
2021-07-26 00:00:00,2021-07-26 10:00:00,0.032,1.00,0.061,0.89,0.006,1.00,0.061,0.89,0.055,1.00,0.129,0.89,2.271e+06,1.00,1.27,1.00,12.8,1.00,159.9,1.00,2.015e+06,1.00,1.22,1.00,12.2,1.00,10.633,1.00,-999,0.00,-999,0.00,-999,0.00,-999,0.00,-999,0.00,-999,0.00,-999,0.00,-999,0.00,-999,0.00
2021-08-02 00:00:00,2021-08-02 10:00:00,0.020,1.00,-0.016,0.89,0.004,1.00,0.022,0.89,0.041,1.00,0.077,0.89,1.005e+06,0.98,0.87,0.98,12.3,0.98,159.3,0.98,8.146e+05,0.86,0.82,0.86,11.4,0.86,10.449,0.86,-999,0.00,-999,0.00,-999,0.00,-999,0.00,-999,0.00,-999,0.00,-999,0.00,-999,0.00,-999,0.00
2021-08-09 00:00:00,2021-08-09 10:00:00,0.025,1.00,0.041,0.95,0.007,1.00,0.017,0.95,0.058,1.00,0.104,0.95,4.075e+06,1.00,1.52,1.00,13.7,1.00,163.1,1.00,3.789e+06,1.00,1.41,1.00,12.9,1.00,10.356,1.00,-999,0.00,-999,0.00,-999,0.00,-999,0.00,-999,0.00,-999,0.00,-999,0.00,-999,0.00,-999,0.00
2021-08-16 00:00:00,2021-08-16 10:00:00,0.013,1.00,0.071,0.98,0.004,1.00,0.011,0.98,0.055,1.00,0.130,0.98,3.114e+06,1.00,1.79,1.00,9.6,1.00,158.6,1.00,2.151e+06,1.00,1.49,1.00,9.4,1.00,10.343,1.00,-999,0.00,-999,0.00,-999,0.00,-999,0.00,-999,0.00,-999,0.00,-999,0.00,-999,0.00,-999,0.00
2021-08-23 00:00:00,2021-08-23 10:00:00,0.010,1.00,-0.027,0.98,0.004,1.00,0.003,0.98,0.056,1.00,0.070,0.98,1.145e+06,1.00,0.99,1.00,11.5,1.00,157.6,1.00,6.876e+05,1.00,0.78,1.00,11.1,1.00,11.250,1.00,-999,0.00,-999,0.00,-999,0.00,-999,0.00,-999,0.00,-999,0.00,-999,0.00,-999,0.00,-999,0.00
2021-08-30 00:00:00,2021-08-30 10:00:00,-0.007,1.00,-0.030,0.95,0.004,1.00,0.008,0.95,0.046,1.00,0.086,0.95,2.144e+06,1.00,1.24,1.00,13.7,1.00,167.0,1.00,1.454e+06,1.00,1.04,1.00,12.8,1.00,12.036,1.00,-999,0.00,-999,0.00,-999,0.00,-999,0.00,-999,0.00,-999,0.00,-999,0.00,-999,0.00,-999,0.00
2021-09-06 00:00:00,2021-09-06 10:00:00,0.003,1.00,0.115,0.96,0.005,1.00,0.017,0.96,0.049,1.00,0.138,0.96,4.028e+06,1.00,1.66,1.00,13.4,1.00,162.0,1.00,2.643e+06,1.00,1.40,1.00,12.2,1.00,11.339,1.00,-999,0.00,-999,0.00,-999,0.00,-999,0.00,-999,0.00,-999,0.00,-999,0.00,-999,0.00,-999,0.00
2021-09-13 00:00:00,2021-09-13 10:00:00,0.025,1.00,0.069,0.96,0.005,1.00,0.017,0.96,0.053,1.00,0.110,0.96,2.556e+06,1.00,1.41,1.00,12.9,1.00,159.3,1.00,1.366e+06,1.00,1.09,1.00,11.3,1.00,11.068,1.00,-999,0.00,-999,0.00,-999,0.00,-999,0.00,-999,0.00,-999,0.00,-999,0.00,-999,0.00,-999,0.00
2021-09-20 00:00:00,2021-09-20 10:00:00,0.022,1.00,0.014,0.89,0.005,1.00,0.021,0.89,0.043,1.00,0.082,0.89,1.379e+06,1.00,1.04,1.00,12.7,1.00,163.5,1.00,1.108e+06,1.00,0.95,1.00,12.2,1.00,11.061,1.00,-999,0.00,-999,0.00,-999,0.00,-999,0.00,-999,0.00,-999,0.00,-999,0.00,-999,0.00,-999,0.00
2021-09-27 00:00:00,2021-09-27 10:00:00,0.010,1.00,-0.039,0.96,0.000,1.00,-0.008,0.96,0.050,1.00,0.085,0.96,1.011e+06,1.00,0.92,1.00,12.3,1.00,147.3,1.00,4.371e+05,1.00,0.62,1.00,11.0,1.00,11.013,1.00,-999,0.00,-999,0.00,-999,0.00,-999,0.00,-999,0.00,-999,0.00,-999,0.00,-999,0.00,-999,0.00
2021-10-04 00:00:00,2021-10-04 10:00:00,0.019,1.00,0.098,0.91,0.002,1.00,0.022,0.91,0.055,1.00,0.138,0.91,2.789e+06,1.00,1.38,1.00,13.8,1.00,164.3,1.00,2.158e+06,1.00,1.23,1.00,12.8,1.00,11.046,1.00,-999,0.00,-999,0.00,-999,0.00,-999,0.00,-999,0.00,-999,0.00,-999,0.00,-999,0.00,-999,0.00
2021-10-11 00:00:00,2021-10-11 10:00:00,0.006,1.00,-0.063,0.97,0.000,1.00,0.011,0.97,0.041,1.00,0.084,0.97,7.961e+05,1.00,0.91,1.00,8.8,1.00,128.4,1.00,4.634e+05,1.00,0.63,1.00,9.7,1.00,11.040,1.00,-999,0.00,-999,0.00,-999,0.00,-999,0.00,-999,0.00,-999,0.00,-999,0.00,-999,0.00,-999,0.00
2021-10-18 00:00:00,2021-10-18 10:00:00,0.012,1.00,-0.022,0.98,-0.000,1.00,0.017,0.98,0.047,1.00,0.088,0.98,1.185e+06,1.00,0.96,1.00,11.7,1.00,148.7,1.00,8.205e+05,1.00,0.79,1.00,11.1,1.00,11.076,1.00,-999,0.00,-999,0.00,-999,0.00,-999,0.00,-999,0.00,-999,0.00,-999,0.00,-999,0.00,-999,0.00
2021-10-25 00:00:00,2021-10-25 10:00:00,0.014,1.00,0.067,0.97,-0.000,1.00,0.017,0.97,0.040,1.00,0.119,0.97,1.910e+06,1.00,1.34,1.00,10.0,1.00,161.5,1.00,1.233e+06,1.00,1.10,1.00,9.4,1.00,11.176,1.00,-999,0.00,-999,0.00,-999,0.00,-999,0.00,-999,0.00,-999,0.00,-999,0.00,-999,0.00,-999,0.00
2021-11-01 00:00:00,2021-11-01 10:00:00,0.034,1.00,0.099,0.93,-0.000,1.00,0.008,0.93,0.058,1.00,0.150,0.93,2.572e+06,1.00,1.39,1.00,12.4,1.00,157.7,1.00,1.698e+06,1.00,1.19,1.00,11.3,1.00,11.078,1.00,-999,0.00,-999,0.00,-999,0.00,-999,0.00,-999,0.00,-999,0.00,-999,0.00,-999,0.00,-999,0.00
2021-11-08 00:00:00,2021-11-08 10:00:00,0.046,1.00,0.143,0.94,0.002,1.00,0.014,0.94,0.068,1.00,0.170,0.94,2.001e+06,1.00,1.29,1.00,11.6,1.00,159.4,1.00,1.307e+06,1.00,1.08,1.00,10.7,1.00,10.313,1.00,-999,0.00,-999,0.00,-999,0.00,-999,0.00,-999,0.00,-999,0.00,-999,0.00,-999,0.00,-999,0.00
2021-11-15 00:00:00,2021-11-15 10:00:00,0.034,1.00,0.071,0.91,0.001,1.00,-0.006,0.91,0.061,1.00,0.126,0.91,8.655e+05,1.00,1.01,1.00,8.8,1.00,153.1,1.00,4.106e+05,1.00,0.70,1.00,8.7,1.00,10.293,1.00,-999,0.00,-999,0.00,-999,0.00,-999,0.00,-999,0.00,-999,0.00,-999,0.00,-999,0.00,-999,0.00
2021-11-22 00:00:00,2021-11-22 10:00:00,0.022,1.00,-0.035,0.93,-0.000,1.00,0.013,0.93,0.054,1.00,0.083,0.93,7.772e+05,1.00,0.85,1.00,10.5,1.00,159.3,1.00,4.174e+05,1.00,0.63,1.00,9.9,1.00,10.293,1.00,-999,0.00,-999,0.00,-999,0.00,-999,0.00,-999,0.00,-999,0.00,-999,0.00,-999,0.00,-999,0.00
2021-11-29 00:00:00,2021-11-29 10:00:00,-0.005,1.00,-0.061,0.98,0.001,1.00,0.011,0.98,0.051,1.00,0.097,0.98,1.612e+06,1.00,1.12,1.00,12.8,1.00,159.6,1.00,8.027e+05,1.00,0.82,1.00,11.3,1.00,10.339,1.00,-999,0.00,-999,0.00,-999,0.00,-999,0.00,-999,0.00,-999,0.00,-999,0.00,-999,0.00,-999,0.00
2021-12-06 00:00:00,2021-12-06 10:00:00,0.032,1.00,-0.029,0.96,0.003,1.00,0.022,0.96,0.069,1.00,0.085,0.96,7.859e+05,1.00,0.81,1.00,11.3,1.00,153.5,1.00,4.852e+05,1.00,0.64,1.00,10.7,1.00,10.335,1.00,-999,0.00,-999,0.00,-999,0.00,-999,0.00,-999,0.00,-999,0.00,-999,0.00,-999,0.00,-999,0.00
2021-12-13 00:00:00,2021-12-13 10:00:00,0.015,1.00,0.044,0.93,-0.001,1.00,0.007,0.93,0.054,1.00,0.095,0.93,9.254e+05,1.00,0.90,1.00,11.2,1.00,158.8,1.00,4.307e+05,1.00,0.65,1.00,9.9,1.00,10.319,1.00,-999,0.00,-999,0.00,-999,0.00,-999,0.00,-999,0.00,-999,0.00,-999,0.00,-999,0.00,-999,0.00
2021-12-20 00:00:00,2021-12-20 10:00:00,0.021,1.00,0.055,0.96,0.001,1.00,0.013,0.96,0.049,1.00,0.115,0.96,9.698e+05,1.00,0.96,1.00,9.5,1.00,160.7,1.00,5.823e+05,1.00,0.75,1.00,9.3,1.00,10.329,1.00,-999,0.00,-999,0.00,-999,0.00,-999,0.00,-999,0.00,-999,0.00,-999,0.00,-999,0.00,-999,0.00
2021-12-27 00:00:00,2021-12-27 10:00:00,0.009,1.00,-0.014,0.97,0.002,1.00,0.013,0.97,0.050,1.00,0.075,0.97,6.881e+05,1.02,0.92,1.02,7.9,1.02,137.5,1.02,4.519e+05,1.00,0.68,1.00,8.7,1.00,10.346,1.00,-999,0.00,-999,0.00,-999,0.00,-999,0.00,-999,0.00,-999,0.00,-999,0.00,-999,0.00,-999,0.00
2022-01-03 00:00:00,2022-01-03 10:00:00,0.023,1.00,0.020,0.88,0.001,1.00,0.016,0.88,0.062,1.00,0.080,0.88,4.078e+05,1.00,0.60,1.00,11.4,1.00,149.4,1.00,2.081e+05,1.00,0.44,1.00,10.3,1.00,10.360,1.00,-999,0.00,-999,0.00,-999,0.00,-999,0.00,-999,0.00,-999,0.00,-999,0.00,-999,0.00,-999,0.00
2022-01-10 00:00:00,2022-01-10 10:00:00,0.034,1.00,-0.035,1.00,0.004,1.00,0.019,1.00,0.063,1.00,0.081,1.00,4.481e+05,1.00,0.69,1.00,9.6,1.00,132.7,1.00,2.242e+05,1.00,0.47,1.00,10.0,1.00,10.341,1.00,-999,0.00,-999,0.00,-999,0.00,-999,0.00,-999,0.00,-999,0.00,-999,0.00,-999,0.00,-999,0.00
2022-01-17 00:00:00,2022-01-17 10:00:00,0.033,1.00,-0.028,1.00,0.003,1.00,0.036,1.00,0.063,1.00,0.087,1.00,1.007e+06,1.00,0.94,1.00,11.0,1.00,156.2,1.00,5.303e+05,1.00,0.71,1.00,10.1,1.00,10.351,1.00,-999,0.00,-999,0.00,-999,0.00,-999,0.00,-999,0.00,-999,0.00,-999,0.00,-999,0.00,-999,0.00
2022-01-24 00:00:00,2022-01-24 10:00:00,0.007,1.00,-0.036,0.86,0.003,1.00,0.024,0.86,0.051,1.00,0.095,0.86,1.087e+06,0.98,0.90,0.98,12.8,0.98,158.8,0.98,6.028e+05,0.90,0.70,0.90,11.6,0.90,10.342,0.90,-999,0.00,-999,0.00,-999,0.00,-999,0.00,-999,0.00,-999,0.00,-999,0.00,-999,0.00,-999,0.00
2022-01-31 00:00:00,2022-01-31 10:00:00,0.011,1.00,-999,0.00,0.004,1.00,-999,0.00,0.061,1.00,-999,0.00,2.054e+06,1.00,1.26,1.00,12.8,1.00,166.8,1.00,-999,0.00,-999,0.00,-999,0.00,-999,0.00,-999,0.00,-999,0.00,-999,0.00,-999,0.00,-999,0.00,-999,0.00,-999,0.00,-999,0.00,-999,0.00
2022-02-07 00:00:00,2022-02-07 10:00:00,-0.021,1.00,-999,0.00,0.005,1.00,-999,0.00,0.060,1.00,-999,0.00,1.569e+06,1.00,1.09,1.00,12.5,1.00,165.7,1.00,-999,0.00,-999,0.00,-999,0.00,-999,0.00,-999,0.00,-999,0.00,-999,0.00,-999,0.00,-999,0.00,-999,0.00,-999,0.00,-999,0.00,-999,0.00
2022-02-14 00:00:00,2022-02-14 10:00:00,-0.004,1.00,-999,0.00,0.003,1.00,-999,0.00,0.055,1.00,-999,0.00,8.253e+05,1.00,0.88,1.00,10.1,1.00,151.5,1.00,-999,0.00,-999,0.00,-999,0.00,-999,0.00,-999,0.00,-999,0.00,-999,0.00,-999,0.00,-999,0.00,-999,0.00,-999,0.00,-999,0.00,-999,0.00
2022-02-21 00:00:00,2022-02-21 10:00:00,0.004,1.00,-999,0.00,0.000,1.00,-999,0.00,0.048,1.00,-999,0.00,1.592e+06,1.00,1.10,1.00,11.1,1.00,161.9,1.00,-999,0.00,-999,0.00,-999,0.00,-999,0.00,-999,0.00,-999,0.00,-999,0.00,-999,0.00,-999,0.00,-999,0.00,-999,0.00,-999,0.00,-999,0.00
2022-02-28 00:00:00,2022-02-28 10:00:00,0.009,1.00,-999,0.00,0.002,1.00,-999,0.00,0.070,1.00,-999,0.00,6.188e+05,1.00,0.77,1.00,10.7,1.00,149.4,1.00,-999,0.00,-999,0.00,-999,0.00,-999,0.00,-999,0.00,-999,0.00,-999,0.00,-999,0.00,-999,0.00,-999,0.00,-999,0.00,-999,0.00,-999,0.00
2022-03-07 00:00:00,2022-03-07 10:00:00,0.029,1.00,-999,0.00,0.001,1.00,-999,0.00,0.060,1.00,-999,0.00,1.048e+06,1.00,0.90,1.00,12.7,1.00,164.7,1.00,-999,0.00,-999,0.00,-999,0.00,-999,0.00,-999,0.00,-999,0.00,-999,0.00,-999,0.00,-999,0.00,-999,0.00,-999,0.00,-999,0.00,-999,0.00
2022-03-14 00:00:00,2022-03-14 10:00:00,0.028,1.00,-999,0.00,-0.001,1.00,-999,0.00,0.062,1.00,-999,0.00,1.614e+06,1.00,1.14,1.00,12.0,1.00,163.9,1.00,-999,0.00,-999,0.00,-999,0.00,-999,0.00,-999,0.00,-999,0.00,-999,0.00,-999,0.00,-999,0.00,-999,0.00,-999,0.00,-999,0.00,-999,0.00
2022-03-21 00:00:00,2022-03-21 10:00:00,0.026,1.00,-999,0.00,0.002,1.00,-999,0.00,0.051,1.00,-999,0.00,1.378e+06,1.00,1.03,1.00,12.9,1.00,166.1,1.00,-999,0.00,-999,0.00,-999,0.00,-999,0.00,-999,0.00,-999,0.00,-999,0.00,-999,0.00,-999,0.00,-999,0.00,-999,0.00,-999,0.00,-999,0.00
2022-03-28 00:00:00,2022-03-28 10:00:00,0.001,1.00,-999,0.00,0.003,1.00,-999,0.00,0.043,1.00,-999,0.00,1.180e+06,1.00,1.00,1.00,11.2,1.00,162.1,1.00,-999,0.00,-999,0.00,-999,0.00,-999,0.00,-999,0.00,-999,0.00,-999,0.00,-999,0.00,-999,0.00,-999,0.00,-999,0.00,-999,0.00,-999,0.00
2022-04-04 00:00:00,2022-04-04 10:00:00,0.004,1.00,-999,0.00,0.004,1.00,-999,0.00,0.066,1.00,-999,0.00,2.692e+06,1.00,1.37,1.00,13.5,1.00,158.7,1.00,-999,0.00,-999,0.00,-999,0.00,-999,0.00,-999,0.00,-999,0.00,-999,0.00,-999,0.00,-999,0.00,-999,0.00,-999,0.00,-999,0.00,-999,0.00
2022-04-11 00:00:00,2022-04-11 10:00:00,0.009,1.00,-999,0.00,0.003,1.00,-999,0.00,0.055,1.00,-999,0.00,1.206e+06,1.00,0.96,1.00,13.0,1.00,164.0,1.00,-999,0.00,-999,0.00,-999,0.00,-999,0.00,-999,0.00,-999,0.00,-999,0.00,-999,0.00,-999,0.00,-999,0.00,-999,0.00,-999,0.00,-999,0.00
2022-04-18 00:00:00,2022-04-18 10:00:00,0.006,1.00,-999,0.00,0.005,1.00,-999,0.00,0.057,1.00,-999,0.00,3.764e+06,1.00,1.58,1.00,13.5,1.00,167.3,1.00,-999,0.00,-999,0.00,-999,0.00,-999,0.00,-999,0.00,-999,0.00,-999,0.00,-999,0.00,-999,0.00,-999,0.00,-999,0.00,-999,0.00,-999,0.00
2022-04-25 00:00:00,2022-04-25 10:00:00,0.009,1.00,-999,0.00,0.007,1.00,-999,0.00,0.056,1.00,-999,0.00,2.612e+06,1.00,1.35,1.00,12.2,1.00,150.4,1.00,-999,0.00,-999,0.00,-999,0.00,-999,0.00,-999,0.00,-999,0.00,-999,0.00,-999,0.00,-999,0.00,-999,0.00,-999,0.00,-999,0.00,-999,0.00
2022-05-02 00:00:00,2022-05-02 10:00:00,0.025,1.00,-999,0.00,0.006,1.00,-999,0.00,0.048,1.00,-999,0.00,1.813e+06,1.00,1.16,1.00,12.1,1.00,163.8,1.00,-999,0.00,-999,0.00,-999,0.00,-999,0.00,-999,0.00,-999,0.00,-999,0.00,-999,0.00,-999,0.00,-999,0.00,-999,0.00,-999,0.00,-999,0.00
2022-05-09 00:00:00,2022-05-09 10:00:00,0.001,1.00,-999,0.00,0.007,1.00,-999,0.00,0.050,1.00,-999,0.00,2.050e+06,1.00,1.20,1.00,13.4,1.00,163.8,1.00,-999,0.00,-999,0.00,-999,0.00,-999,0.00,-999,0.00,-999,0.00,-999,0.00,-999,0.00,-999,0.00,-999,0.00,-999,0.00,-999,0.00,-999,0.00
2022-05-16 00:00:00,2022-05-16 10:00:00,0.010,1.00,-999,0.00,0.006,1.00,-999,0.00,0.065,1.00,-999,0.00,1.789e+06,1.00,1.10,1.00,13.8,1.00,166.5,1.00,-999,0.00,-999,0.00,-999,0.00,-999,0.00,-999,0.00,-999,0.00,-999,0.00,-999,0.00,-999,0.00,-999,0.00,-999,0.00,-999,0.00,-999,0.00
2022-05-23 00:00:00,2022-05-23 10:00:00,0.013,1.00,-999,0.00,0.005,1.00,-999,0.00,0.060,1.00,-999,0.00,3.023e+06,1.00,1.43,1.00,13.7,1.00,164.9,1.00,-999,0.00,-999,0.00,-999,0.00,-999,0.00,-999,0.00,-999,0.00,-999,0.00,-999,0.00,-999,0.00,-999,0.00,-999,0.00,-999,0.00,-999,0.00
2022-05-30 00:00:00,2022-05-30 10:00:00,0.025,1.00,-999,0.00,0.006,1.00,-999,0.00,0.062,1.00,-999,0.00,2.637e+06,1.00,1.49,1.00,11.4,1.00,164.6,1.00,-999,0.00,-999,0.00,-999,0.00,-999,0.00,-999,0.00,-999,0.00,-999,0.00,-999,0.00,-999,0.00,-999,0.00,-999,0.00,-999,0.00,-999,0.00
2022-06-06 00:00:00,2022-06-06 10:00:00,0.028,1.00,-999,0.00,0.001,1.00,-999,0.00,0.062,1.00,-999,0.00,1.215e+06,1.00,1.10,1.00,9.6,1.00,160.9,1.00,-999,0.00,-999,0.00,-999,0.00,-999,0.00,-999,0.00,-999,0.00,-999,0.00,-999,0.00,-999,0.00,-999,0.00,-999,0.00,-999,0.00,-999,0.00
2022-06-13 00:00:00,2022-06-13 10:00:00,0.030,1.00,-999,0.00,0.000,1.00,-999,0.00,0.057,1.00,-999,0.00,1.467e+06,1.00,1.15,1.00,9.8,1.00,152.9,1.00,-999,0.00,-999,0.00,-999,0.00,-999,0.00,-999,0.00,-999,0.00,-999,0.00,-999,0.00,-999,0.00,-999,0.00,-999,0.00,-999,0.00,-999,0.00
2022-06-20 00:00:00,2022-06-20 10:00:00,0.030,1.00,-999,0.00,0.007,1.00,-999,0.00,0.061,1.00,-999,0.00,3.309e+06,1.00,1.41,1.00,14.4,1.00,165.4,1.00,-999,0.00,-999,0.00,-999,0.00,-999,0.00,-999,0.00,-999,0.00,-999,0.00,-999,0.00,-999,0.00,-999,0.00,-999,0.00,-999,0.00,-999,0.00
2022-06-27 00:00:00,2022-06-27 10:00:00,0.034,1.00,-999,0.00,0.003,1.00,-999,0.00,0.065,1.00,-999,0.00,2.947e+06,1.00,1.69,1.00,10.1,1.00,155.1,1.00,-999,0.00,-999,0.00,-999,0.00,-999,0.00,-999,0.00,-999,0.00,-999,0.00,-999,0.00,-999,0.00,-999,0.00,-999,0.00,-999,0.00,-999,0.00
2022-07-04 00:00:00,2022-07-04 10:00:00,0.007,1.00,-999,0.00,0.007,1.00,-999,0.00,0.052,1.00,-999,0.00,3.118e+06,1.00,1.42,1.00,14.0,1.00,157.0,1.00,-999,0.00,-999,0.00,-999,0.00,-999,0.00,-999,0.00,-999,0.00,-999,0.00,-999,0.00,-999,0.00,-999,0.00,-999,0.00,-999,0.00,-999,0.00
2022-07-11 00:00:00,2022-07-11 10:00:00,0.016,1.00,-999,0.00,0.010,1.00,-999,0.00,0.078,1.00,-999,0.00,9.486e+06,1.00,2.30,1.00,13.9,1.00,166.8,1.00,-999,0.00,-999,0.00,-999,0.00,-999,0.00,-999,0.00,-999,0.00,-999,0.00,-999,0.00,-999,0.00,-999,0.00,-999,0.00,-999,0.00,-999,0.00
2022-07-18 00:00:00,2022-07-18 10:00:00,0.031,1.00,-999,0.00,0.008,1.00,-999,0.00,0.067,1.00,-999,0.00,2.598e+06,1.00,1.34,1.00,10.8,1.00,157.9,1.00,-999,0.00,-999,0.00,-999,0.00,-999,0.00,-999,0.00,-999,0.00,-999,0.00,-999,0.00,-999,0.00,-999,0.00,-999,0.00,-999,0.00,-999,0.00
2022-07-25 00:00:00,2022-07-25 10:00:00,0.001,1.00,-999,0.00,0.004,1.00,-999,0.00,0.049,1.00,-999,0.00,4.864e+06,1.00,1.95,1.00,12.1,1.00,166.5,1.00,-999,0.00,-999,0.00,-999,0.00,-999,0.00,-999,0.00,-999,0.00,-999,0.00,-999,0.00,-999,0.00,-999,0.00,-999,0.00,-999,0.00,-999,0.00
2022-08-01 00:00:00,2022-08-01 10:00:00,0.014,1.00,-999,0.00,0.002,1.00,-999,0.00,0.046,1.00,-999,0.00,3.256e+06,1.00,1.84,1.00,8.6,1.00,156.8,1.00,-999,0.00,-999,0.00,-999,0.00,-999,0.00,-999,0.00,-999,0.00,-999,0.00,-999,0.00,-999,0.00,-999,0.00,-999,0.00,-999,0.00,-999,0.00
2022-08-08 00:00:00,2022-08-08 10:00:00,0.006,0.99,-999,0.00,0.007,0.99,-999,0.00,0.060,0.99,-999,0.00,3.080e+06,0.98,1.46,0.98,10.4,0.98,150.5,0.98,5.639e+05,0.63,0.73,0.63,9.7,0.63,10.585,0.63,-999,0.00,-999,0.00,-999,0.00,-999,0.00,-999,0.00,-999,0.00,-999,0.00,-999,0.00,-999,0.00
2022-08-15 00:00:00,2022-08-15 10:00:00,0.042,1.00,-999,0.00,0.004,1.00,-999,0.00,0.077,1.00,-999,0.00,3.214e+06,1.00,1.57,1.00,11.8,1.00,158.0,1.00,2.568e+06,1.00,1.39,1.00,11.3,1.00,10.607,1.00,-999,0.00,-999,0.00,-999,0.00,-999,0.00,-999,0.00,-999,0.00,-999,0.00,-999,0.00,-999,0.00
2022-08-22 00:00:00,2022-08-22 10:00:00,0.041,1.00,-999,0.00,0.002,1.00,-999,0.00,0.068,1.00,-999,0.00,3.434e+06,1.00,1.70,1.00,11.3,1.00,159.5,1.00,2.807e+06,1.00,1.57,1.00,10.4,1.00,10.602,1.00,-999,0.00,-999,0.00,-999,0.00,-999,0.00,-999,0.00,-999,0.00,-999,0.00,-999,0.00,-999,0.00
2022-08-29 00:00:00,2022-08-29 10:00:00,0.036,1.00,-999,0.00,0.004,1.00,-999,0.00,0.066,1.00,-999,0.00,1.956e+06,1.00,1.19,1.00,13.5,1.00,163.0,1.00,1.469e+06,1.00,1.06,1.00,12.7,1.00,10.600,1.00,-999,0.00,-999,0.00,-999,0.00,-999,0.00,-999,0.00,-999,0.00,-999,0.00,-999,0.00,-999,0.00
2022-09-05 00:00:00,2022-09-05 10:00:00,0.003,1.00,-999,0.00,0.003,1.00,-999,0.00,0.047,1.00,-999,0.00,2.237e+06,1.00,1.33,1.00,12.3,1.00,161.1,1.00,1.252e+06,1.00,1.05,1.00,10.8,1.00,10.622,1.00,-999,0.00,-999,0.00,-999,0.00,-999,0.00,-999,0.00,-999,0.00,-999,0.00,-999,0.00,-999,0.00
2022-09-12 00:00:00,2022-09-12 10:00:00,0.015,1.00,-999,0.00,0.003,1.00,-999,0.00,0.049,1.00,-999,0.00,2.704e+06,1.00,1.53,1.00,11.5,1.00,160.0,1.00,1.739e+06,1.00,1.27,1.00,10.4,1.00,10.604,1.00,-999,0.00,-999,0.00,-999,0.00,-999,0.00,-999,0.00,-999,0.00,-999,0.00,-999,0.00,-999,0.00
2022-09-19 00:00:00,2022-09-19 10:00:00,0.010,1.00,-999,0.00,0.005,1.00,-999,0.00,0.046,1.00,-999,0.00,3.207e+06,1.00,1.65,1.00,12.1,1.00,167.0,1.00,2.320e+06,1.00,1.44,1.00,11.5,1.00,10.623,1.00,-999,0.00,-999,0.00,-999,0.00,-999,0.00,-999,0.00,-999,0.00,-999,0.00,-999,0.00,-999,0.00
2022-09-26 00:00:00,2022-09-26 10:00:00,-0.002,1.00,-999,0.00,0.005,1.00,-999,0.00,0.044,1.00,-999,0.00,1.806e+06,1.00,1.22,1.00,12.4,1.00,162.5,1.00,1.587e+06,1.00,1.15,1.00,11.8,1.00,10.627,1.00,-999,0.00,-999,0.00,-999,0.00,-999,0.00,-999,0.00,-999,0.00,-999,0.00,-999,0.00,-999,0.00
2022-10-03 00:00:00,2022-10-03 10:00:00,0.005,1.00,-999,0.00,0.002,1.00,-999,0.00,0.044,1.00,-999,0.00,2.827e+06,1.00,1.55,1.00,11.6,1.00,165.6,1.00,1.817e+06,1.00,1.29,1.00,10.5,1.00,10.613,1.00,-999,0.00,-999,0.00,-999,0.00,-999,0.00,-999,0.00,-999,0.00,-999,0.00,-999,0.00,-999,0.00
2022-10-10 00:00:00,2022-10-10 10:00:00,0.022,1.00,-999,0.00,0.003,1.00,-999,0.00,0.049,1.00,-999,0.00,2.525e+06,1.00,1.46,1.00,11.8,1.00,160.6,1.00,1.928e+06,1.00,1.29,1.00,11.3,1.00,10.598,1.00,-999,0.00,-999,0.00,-999,0.00,-999,0.00,-999,0.00,-999,0.00,-999,0.00,-999,0.00,-999,0.00
2022-10-17 00:00:00,2022-10-17 10:00:00,0.016,1.00,-999,0.00,0.003,1.00,-999,0.00,0.049,1.00,-999,0.00,2.881e+06,1.00,1.39,1.00,11.3,1.00,161.0,1.00,2.167e+06,1.00,1.22,1.00,10.6,1.00,10.586,1.00,-999,0.00,-999,0.00,-999,0.00,-999,0.00,-999,0.00,-999,0.00,-999,0.00,-999,0.00,-999,0.00
2022-10-24 00:00:00,2022-10-24 10:00:00,0.038,1.00,-999,0.00,0.004,1.00,-999,0.00,0.055,1.00,-999,0.00,1.823e+06,1.00,1.14,1.00,13.3,1.00,166.2,1.00,1.393e+06,1.00,1.04,1.00,12.1,1.00,10.603,1.00,-999,0.00,-999,0.00,-999,0.00,-999,0.00,-999,0.00,-999,0.00,-999,0.00,-999,0.00,-999,0.00
2022-10-31 00:00:00,2022-10-31 10:00:00,0.009,1.00,-999,0.00,0.003,1.00,-999,0.00,0.058,1.00,-999,0.00,3.052e+06,1.00,1.59,1.00,9.8,1.00,159.3,1.00,2.319e+06,1.00,1.41,1.00,9.3,1.00,10.587,1.00,-999,0.00,-999,0.00,-999,0.00,-999,0.00,-999,0.00,-999,0.00,-999,0.00,-999,0.00,-999,0.00
2022-11-07 00:00:00,2022-11-07 10:00:00,0.015,1.00,-999,0.00,-0.003,1.00,-999,0.00,0.070,1.00,-999,0.00,1.623e+06,1.00,1.18,1.00,10.6,1.00,166.3,1.00,1.118e+06,1.00,1.00,1.00,10.0,1.00,10.535,1.00,-999,0.00,-999,0.00,-999,0.00,-999,0.00,-999,0.00,-999,0.00,-999,0.00,-999,0.00,-999,0.00
2022-11-14 00:00:00,2022-11-14 10:00:00,0.034,1.00,-999,0.00,-0.007,1.00,-999,0.00,0.066,1.00,-999,0.00,1.579e+06,1.00,1.13,1.00,12.2,1.00,164.3,1.00,1.128e+06,1.00,0.99,1.00,11.2,1.00,10.543,1.00,-999,0.00,-999,0.00,-999,0.00,-999,0.00,-999,0.00,-999,0.00,-999,0.00,-999,0.00,-999,0.00
2022-11-21 00:00:00,2022-11-21 10:00:00,0.024,1.00,-999,0.00,-0.003,1.00,-999,0.00,0.061,1.00,-999,0.00,1.088e+06,1.00,1.13,1.00,8.6,1.00,156.3,1.00,7.055e+05,1.00,0.89,1.00,8.6,1.00,10.543,1.00,-999,0.00,-999,0.00,-999,0.00,-999,0.00,-999,0.00,-999,0.00,-999,0.00,-999,0.00,-999,0.00
2022-11-28 00:00:00,2022-11-28 10:00:00,0.035,1.00,-999,0.00,-0.000,1.00,-999,0.00,0.074,1.00,-999,0.00,3.570e+05,1.00,0.81,1.00,5.4,1.00,116.2,1.00,1.843e+05,1.00,0.48,1.00,7.9,1.00,10.562,1.00,-999,0.00,-999,0.00,-999,0.00,-999,0.00,-999,0.00,-999,0.00,-999,0.00,-999,0.00,-999,0.00
2022-12-05 00:00:00,2022-12-05 10:00:00,0.023,1.00,-999,0.00,-0.001,1.00,-999,0.00,0.073,1.00,-999,0.00,7.991e+05,1.00,0.84,1.00,10.8,1.00,143.2,1.00,5.182e+05,1.00,0.62,1.00,10.8,1.00,10.584,1.00,-999,0.00,-999,0.00,-999,0.00,-999,0.00,-999,0.00,-999,0.00,-999,0.00,-999,0.00,-999,0.00
2022-12-12 00:00:00,2022-12-12 10:00:00,0.025,1.00,-999,0.00,-0.000,1.00,-999,0.00,0.063,1.00,-999,0.00,1.028e+06,1.00,0.99,1.00,10.2,1.00,157.2,1.00,7.167e+05,1.00,0.81,1.00,9.8,1.00,10.608,1.00,-999,0.00,-999,0.00,-999,0.00,-999,0.00,-999,0.00,-999,0.00,-999,0.00,-999,0.00,-999,0.00
2022-12-19 00:00:00,2022-12-19 10:00:00,0.017,1.00,-999,0.00,-0.001,1.00,-999,0.00,0.062,1.00,-999,0.00,8.706e+05,1.00,0.96,1.00,9.7,1.00,158.9,1.00,6.140e+05,1.00,0.76,1.00,9.7,1.00,10.602,1.00,-999,0.00,-999,0.00,-999,0.00,-999,0.00,-999,0.00,-999,0.00,-999,0.00,-999,0.00,-999,0.00
2022-12-26 00:00:00,2022-12-26 10:00:00,0.013,1.00,-999,0.00,0.001,1.00,-999,0.00,0.059,1.00,-999,0.00,6.823e+05,1.02,0.78,1.02,10.8,1.02,156.6,1.02,4.970e+05,1.00,0.66,1.00,10.9,1.00,10.636,1.00,-999,0.00,-999,0.00,-999,0.00,-999,0.00,-999,0.00,-999,0.00,-999,0.00,-999,0.00,-999,0.00
2023-01-02 00:00:00,2023-01-02 10:00:00,0.032,1.00,-999,0.00,0.001,1.00,-999,0.00,0.061,1.00,-999,0.00,9.509e+05,1.00,0.85,1.00,12.7,1.00,167.8,1.00,8.311e+05,1.00,0.80,1.00,12.0,1.00,10.616,1.00,-999,0.00,-999,0.00,-999,0.00,-999,0.00,-999,0.00,-999,0.00,-999,0.00,-999,0.00,-999,0.00
2023-01-09 00:00:00,2023-01-09 10:00:00,0.056,1.00,-999,0.00,0.002,1.00,-999,0.00,0.075,1.00,-999,0.00,4.296e+05,1.00,0.61,1.00,11.6,1.00,160.9,1.00,3.762e+05,0.83,0.57,0.83,11.4,0.83,10.643,0.83,-999,0.00,-999,0.00,-999,0.00,-999,0.00,-999,0.00,-999,0.00,-999,0.00,-999,0.00,-999,0.00
2023-01-16 00:00:00,2023-01-16 10:00:00,0.032,0.99,0.024,0.83,0.002,0.99,0.034,0.83,0.064,0.99,0.119,0.83,1.211e+06,0.98,0.90,0.98,12.3,0.98,160.7,0.98,-999,0.00,-999,0.00,-999,0.00,-999,0.00,-999,0.00,-999,0.00,-999,0.00,-999,0.00,-999,0.00,-999,0.00,-999,0.00,-999,0.00,-999,0.00
2023-01-23 00:00:00,2023-01-23 10:00:00,0.013,1.00,-0.042,0.97,0.003,1.00,0.039,0.97,0.059,1.00,0.093,0.97,1.581e+06,1.00,1.04,1.00,12.3,1.00,153.3,1.00,-999,0.00,-999,0.00,-999,0.00,-999,0.00,-999,0.00,-999,0.00,-999,0.00,-999,0.00,-999,0.00,-999,0.00,-999,0.00,-999,0.00,-999,0.00
2023-01-30 00:00:00,2023-01-30 10:00:00,0.032,1.00,-0.025,0.97,0.002,1.00,0.038,0.97,0.070,1.00,0.099,0.97,1.241e+06,1.00,1.06,1.00,11.2,1.00,155.8,1.00,-999,0.00,-999,0.00,-999,0.00,-999,0.00,-999,0.00,-999,0.00,-999,0.00,-999,0.00,-999,0.00,-999,0.00,-999,0.00,-999,0.00,-999,0.00
2023-02-06 00:00:00,2023-02-06 10:00:00,0.033,1.00,0.012,0.91,0.003,1.00,0.034,0.91,0.066,1.00,0.092,0.91,4.881e+05,1.00,0.65,1.00,11.3,1.00,153.5,1.00,-999,0.00,-999,0.00,-999,0.00,-999,0.00,-999,0.00,-999,0.00,-999,0.00,-999,0.00,-999,0.00,-999,0.00,-999,0.00,-999,0.00,-999,0.00
2023-02-13 00:00:00,2023-02-13 10:00:00,0.032,1.00,-0.009,0.92,0.000,1.00,0.034,0.92,0.071,1.00,0.095,0.92,5.608e+05,1.00,0.72,1.00,10.6,1.00,155.6,1.00,-999,0.00,-999,0.00,-999,0.00,-999,0.00,-999,0.00,-999,0.00,-999,0.00,-999,0.00,-999,0.00,-999,0.00,-999,0.00,-999,0.00,-999,0.00
2023-02-20 00:00:00,2023-02-20 10:00:00,0.030,1.00,0.046,0.91,0.000,1.00,0.021,0.91,0.071,1.00,0.103,0.91,7.402e+05,1.00,0.83,1.00,10.2,1.00,152.9,1.00,-999,0.00,-999,0.00,-999,0.00,-999,0.00,-999,0.00,-999,0.00,-999,0.00,-999,0.00,-999,0.00,-999,0.00,-999,0.00,-999,0.00,-999,0.00
2023-02-27 00:00:00,2023-02-27 10:00:00,0.050,1.00,0.034,0.93,0.002,1.00,0.044,0.93,0.076,1.00,0.090,0.93,8.856e+05,1.00,0.85,1.00,11.7,1.00,163.6,1.00,-999,0.00,-999,0.00,-999,0.00,-999,0.00,-999,0.00,-999,0.00,-999,0.00,-999,0.00,-999,0.00,-999,0.00,-999,0.00,-999,0.00,-999,0.00
2023-03-06 00:00:00,2023-03-06 10:00:00,0.038,1.00,0.116,0.91,0.001,1.00,0.006,0.91,0.061,1.00,0.134,0.91,1.008e+06,1.00,0.93,1.00,11.5,1.00,154.6,1.00,-999,0.00,-999,0.00,-999,0.00,-999,0.00,-999,0.00,-999,0.00,-999,0.00,-999,0.00,-999,0.00,-999,0.00,-999,0.00,-999,0.00,-999,0.00
2023-03-13 00:00:00,2023-03-13 10:00:00,0.046,1.00,-0.016,0.93,0.003,1.00,0.046,0.93,0.072,1.00,0.107,0.93,4.514e+05,1.00,0.65,1.00,10.6,1.00,156.0,1.00,-999,0.00,-999,0.00,-999,0.00,-999,0.00,-999,0.00,-999,0.00,-999,0.00,-999,0.00,-999,0.00,-999,0.00,-999,0.00,-999,0.00,-999,0.00
2023-03-20 00:00:00,2023-03-20 10:00:00,0.008,1.00,0.000,0.85,0.001,1.00,0.026,0.85,0.052,1.00,0.087,0.85,1.011e+06,1.00,0.96,1.00,10.7,1.00,152.7,1.00,-999,0.00,-999,0.00,-999,0.00,-999,0.00,-999,0.00,-999,0.00,-999,0.00,-999,0.00,-999,0.00,-999,0.00,-999,0.00,-999,0.00,-999,0.00
2023-03-27 00:00:00,2023-03-27 10:00:00,0.038,1.00,0.004,0.88,0.001,1.00,0.030,0.88,0.075,1.00,0.087,0.88,6.930e+05,1.00,0.78,1.00,11.3,1.00,153.8,1.00,-999,0.00,-999,0.00,-999,0.00,-999,0.00,-999,0.00,-999,0.00,-999,0.00,-999,0.00,-999,0.00,-999,0.00,-999,0.00,-999,0.00,-999,0.00
2023-04-03 00:00:00,2023-04-03 10:00:00,0.039,1.00,0.074,0.91,0.001,1.00,0.018,0.91,0.076,1.00,0.117,0.91,1.042e+06,1.00,0.97,1.00,10.8,1.00,155.6,1.00,-999,0.00,-999,0.00,-999,0.00,-999,0.00,-999,0.00,-999,0.00,-999,0.00,-999,0.00,-999,0.00,-999,0.00,-999,0.00,-999,0.00,-999,0.00
2023-04-10 00:00:00,2023-04-10 10:00:00,0.011,1.00,0.057,0.89,0.005,1.00,0.016,0.89,0.066,1.00,0.107,0.89,1.347e+06,1.00,1.03,1.00,12.2,1.00,159.9,1.00,-999,0.00,-999,0.00,-999,0.00,-999,0.00,-999,0.00,-999,0.00,-999,0.00,-999,0.00,-999,0.00,-999,0.00,-999,0.00,-999,0.00,-999,0.00
2023-04-17 00:00:00,2023-04-17 10:00:00,0.038,1.00,0.070,0.96,0.007,1.00,0.034,0.96,0.067,1.00,0.111,0.96,2.811e+06,1.00,1.38,1.00,13.5,1.00,166.8,1.00,-999,0.00,-999,0.00,-999,0.00,-999,0.00,-999,0.00,-999,0.00,-999,0.00,-999,0.00,-999,0.00,-999,0.00,-999,0.00,-999,0.00,-999,0.00
2023-04-24 00:00:00,2023-04-24 10:00:00,0.031,1.00,0.056,0.86,0.002,1.00,0.031,0.86,0.063,1.00,0.110,0.86,2.191e+06,1.00,1.25,1.00,12.4,1.00,166.0,1.00,-999,0.00,-999,0.00,-999,0.00,-999,0.00,-999,0.00,-999,0.00,-999,0.00,-999,0.00,-999,0.00,-999,0.00,-999,0.00,-999,0.00,-999,0.00
2023-05-01 00:00:00,2023-05-01 10:00:00,0.020,1.00,0.048,0.98,0.009,1.00,0.043,0.98,0.066,1.00,0.130,0.98,5.014e+06,1.00,1.98,1.00,12.6,1.00,166.5,1.00,-999,0.00,-999,0.00,-999,0.00,-999,0.00,-999,0.00,-999,0.00,-999,0.00,-999,0.00,-999,0.00,-999,0.00,-999,0.00,-999,0.00,-999,0.00
2023-05-08 00:00:00,2023-05-08 10:00:00,0.006,1.00,0.113,0.92,0.008,1.00,0.019,0.92,0.060,1.00,0.160,0.92,5.445e+06,1.00,2.13,1.00,11.6,1.00,157.9,1.00,-999,0.00,-999,0.00,-999,0.00,-999,0.00,-999,0.00,-999,0.00,-999,0.00,-999,0.00,-999,0.00,-999,0.00,-999,0.00,-999,0.00,-999,0.00
2023-05-15 00:00:00,2023-05-15 10:00:00,0.025,1.00,0.014,0.79,0.006,1.00,0.041,0.79,0.068,1.00,0.097,0.79,1.793e+06,1.00,1.14,1.00,12.9,1.00,160.3,1.00,-999,0.00,-999,0.00,-999,0.00,-999,0.00,-999,0.00,-999,0.00,-999,0.00,-999,0.00,-999,0.00,-999,0.00,-999,0.00,-999,0.00,-999,0.00
2023-05-22 00:00:00,2023-05-22 10:00:00,0.031,1.00,0.120,0.86,0.003,1.00,0.001,0.86,0.068,1.00,0.143,0.86,1.515e+06,1.00,1.09,1.00,12.5,1.00,160.9,1.00,-999,0.00,-999,0.00,-999,0.00,-999,0.00,-999,0.00,-999,0.00,-999,0.00,-999,0.00,-999,0.00,-999,0.00,-999,0.00,-999,0.00,-999,0.00
2023-05-29 00:00:00,2023-05-29 10:00:00,0.008,1.00,0.154,0.92,0.000,1.00,-0.001,0.92,0.054,1.00,0.170,0.92,2.772e+06,1.00,1.48,1.00,11.9,1.00,161.0,1.00,-999,0.00,-999,0.00,-999,0.00,-999,0.00,-999,0.00,-999,0.00,-999,0.00,-999,0.00,-999,0.00,-999,0.00,-999,0.00,-999,0.00,-999,0.00
2023-06-05 00:00:00,2023-06-05 10:00:00,0.057,1.00,0.120,0.92,0.003,1.00,-0.003,0.92,0.088,1.00,0.154,0.92,1.932e+06,1.00,1.29,1.00,11.4,1.00,159.9,1.00,-999,0.00,-999,0.00,-999,0.00,-999,0.00,-999,0.00,-999,0.00,-999,0.00,-999,0.00,-999,0.00,-999,0.00,-999,0.00,-999,0.00,-999,0.00
2023-06-12 00:00:00,2023-06-12 10:00:00,0.040,1.00,-0.015,0.95,0.004,1.00,0.029,0.95,0.083,1.00,0.115,0.95,1.373e+06,1.00,1.03,1.00,12.2,1.00,155.5,1.00,-999,0.00,-999,0.00,-999,0.00,-999,0.00,-999,0.00,-999,0.00,-999,0.00,-999,0.00,-999,0.00,-999,0.00,-999,0.00,-999,0.00,-999,0.00
2023-06-19 00:00:00,2023-06-19 10:00:00,0.024,1.00,0.058,0.84,0.009,1.00,0.027,0.84,0.064,1.00,0.150,0.84,5.098e+06,1.00,1.70,1.00,13.6,1.00,160.6,1.00,-999,0.00,-999,0.00,-999,0.00,-999,0.00,-999,0.00,-999,0.00,-999,0.00,-999,0.00,-999,0.00,-999,0.00,-999,0.00,-999,0.00,-999,0.00
2023-06-26 00:00:00,2023-06-26 10:00:00,0.031,1.00,-0.007,0.96,0.004,1.00,0.033,0.96,0.071,1.00,0.121,0.96,1.639e+06,1.00,1.20,1.00,11.4,1.00,154.2,1.00,-999,0.00,-999,0.00,-999,0.00,-999,0.00,-999,0.00,-999,0.00,-999,0.00,-999,0.00,-999,0.00,-999,0.00,-999,0.00,-999,0.00,-999,0.00
2023-07-03 00:00:00,2023-07-03 10:00:00,-0.009,1.00,-0.103,0.99,0.003,1.00,0.076,0.99,0.077,1.00,0.154,0.99,1.586e+06,1.00,1.09,1.00,12.8,1.00,160.0,1.00,-999,0.00,-999,0.00,-999,0.00,-999,0.00,-999,0.00,-999,0.00,-999,0.00,-999,0.00,-999,0.00,-999,0.00,-999,0.00,-999,0.00,-999,0.00
2023-07-10 00:00:00,2023-07-10 10:00:00,0.028,1.00,-0.027,0.95,0.002,1.00,0.051,0.95,0.078,1.00,0.128,0.95,7.594e+05,1.00,0.85,1.00,9.8,1.00,146.8,1.00,-999,0.00,-999,0.00,-999,0.00,-999,0.00,-999,0.00,-999,0.00,-999,0.00,-999,0.00,-999,0.00,-999,0.00,-999,0.00,-999,0.00,-999,0.00
2023-07-17 00:00:00,2023-07-17 10:00:00,0.012,1.00,0.052,0.99,0.004,1.00,0.047,0.99,0.066,1.00,0.142,0.99,2.084e+06,1.00,1.29,1.00,11.4,1.00,164.9,1.00,-999,0.00,-999,0.00,-999,0.00,-999,0.00,-999,0.00,-999,0.00,-999,0.00,-999,0.00,-999,0.00,-999,0.00,-999,0.00,-999,0.00,-999,0.00
2023-07-24 00:00:00,2023-07-24 10:00:00,0.043,1.00,0.058,0.98,0.005,1.00,0.030,0.98,0.065,1.00,0.115,0.98,1.563e+06,1.00,1.18,1.00,11.3,1.00,152.8,1.00,-999,0.00,-999,0.00,-999,0.00,-999,0.00,-999,0.00,-999,0.00,-999,0.00,-999,0.00,-999,0.00,-999,0.00,-999,0.00,-999,0.00,-999,0.00
2023-07-31 00:00:00,2023-07-31 10:00:00,0.022,1.00,-0.023,0.87,0.005,1.00,0.035,0.87,0.055,1.00,0.088,0.87,9.609e+05,1.00,0.90,1.00,12.0,1.00,158.4,1.00,-999,0.00,-999,0.00,-999,0.00,-999,0.00,-999,0.00,-999,0.00,-999,0.00,-999,0.00,-999,0.00,-999,0.00,-999,0.00,-999,0.00,-999,0.00
2023-08-07 00:00:00,2023-08-07 10:00:00,0.033,0.93,0.073,0.86,0.004,0.93,0.035,0.86,0.068,0.93,0.129,0.86,1.796e+06,0.91,1.21,0.91,12.3,0.91,161.5,0.91,-999,0.00,-999,0.00,-999,0.00,-999,0.00,-999,0.00,-999,0.00,-999,0.00,-999,0.00,-999,0.00,-999,0.00,-999,0.00,-999,0.00,-999,0.00
2023-08-14 00:00:00,2023-08-14 10:00:00,-999,0.00,-999,0.00,-999,0.00,-999,0.00,-999,0.00,-999,0.00,-999,0.00,-999,0.00,-999,0.00,-999,0.00,-999,0.00,-999,0.00,-999,0.00,-999,0.00,-999,0.00,-999,0.00,-999,0.00,-999,0.00,-999,0.00,-999,0.00,-999,0.00,-999,0.00,-999,0.00
2023-08-21 00:00:00,2023-08-21 10:00:00,-999,0.00,-999,0.00,-999,0.00,-999,0.00,-999,0.00,-999,0.00,-999,0.00,-999,0.00,-999,0.00,-999,0.00,-999,0.00,-999,0.00,-999,0.00,-999,0.00,-999,0.00,-999,0.00,-999,0.00,-999,0.00,-999,0.00,-999,0.00,-999,0.00,-999,0.00,-999,0.00
2023-08-28 00:00:00,2023-08-28 10:00:00,0.028,0.79,0.169,0.79,0.009,0.79,0.030,0.79,0.058,0.79,0.182,0.79,3.886e+06,0.82,1.65,0.82,13.5,0.82,166.0,0.82,-999,0.00,-999,0.00,-999,0.00,-999,0.00,-999,0.00,-999,0.00,-999,0.00,-999,0.00,-999,0.00,-999,0.00,-999,0.00,-999,0.00,-999,0.00
2023-09-04 00:00:00,2023-09-04 10:00:00,0.049,1.00,0.060,0.95,0.005,1.00,0.030,0.95,0.071,1.00,0.117,0.95,2.671e+06,1.00,1.52,1.00,11.1,1.00,162.5,1.00,-999,0.00,-999,0.00,-999,0.00,-999,0.00,-999,0.00,-999,0.00,-999,0.00,-999,0.00,-999,0.00,-999,0.00,-999,0.00,-999,0.00,-999,0.00
2023-09-11 00:00:00,2023-09-11 10:00:00,0.012,1.00,0.047,0.98,0.003,1.00,0.025,0.98,0.055,1.00,0.138,0.98,3.368e+06,1.00,1.67,1.00,11.0,1.00,160.4,1.00,-999,0.00,-999,0.00,-999,0.00,-999,0.00,-999,0.00,-999,0.00,-999,0.00,-999,0.00,-999,0.00,-999,0.00,-999,0.00,-999,0.00,-999,0.00
2023-09-18 00:00:00,2023-09-18 10:00:00,0.025,1.00,0.129,0.98,-0.000,1.00,0.026,0.98,0.045,1.00,0.141,0.98,2.490e+06,1.00,1.48,1.00,11.5,1.00,160.3,1.00,-999,0.00,-999,0.00,-999,0.00,-999,0.00,-999,0.00,-999,0.00,-999,0.00,-999,0.00,-999,0.00,-999,0.00,-999,0.00,-999,0.00,-999,0.00
2023-09-25 00:00:00,2023-09-25 10:00:00,0.002,1.00,-0.005,0.98,0.003,1.00,0.030,0.98,0.055,1.00,0.123,0.98,2.116e+06,1.00,1.42,1.00,10.0,1.00,155.7,1.00,-999,0.00,-999,0.00,-999,0.00,-999,0.00,-999,0.00,-999,0.00,-999,0.00,-999,0.00,-999,0.00,-999,0.00,-999,0.00,-999,0.00,-999,0.00
2023-10-02 00:00:00,2023-10-02 10:00:00,0.021,1.00,-0.005,0.92,0.003,1.00,0.024,0.92,0.049,1.00,0.099,0.92,1.311e+06,1.00,1.14,1.00,10.1,1.00,156.1,1.00,-999,0.00,-999,0.00,-999,0.00,-999,0.00,-999,0.00,-999,0.00,-999,0.00,-999,0.00,-999,0.00,-999,0.00,-999,0.00,-999,0.00,-999,0.00
2023-10-09 00:00:00,2023-10-09 10:00:00,0.067,1.00,0.060,0.88,0.001,1.00,0.023,0.88,0.079,1.00,0.106,0.88,1.242e+06,1.00,0.93,1.00,14.0,1.00,159.5,1.00,-999,0.00,-999,0.00,-999,0.00,-999,0.00,-999,0.00,-999,0.00,-999,0.00,-999,0.00,-999,0.00,-999,0.00,-999,0.00,-999,0.00,-999,0.00
2023-10-16 00:00:00,2023-10-16 10:00:00,0.052,1.00,0.062,0.97,-0.001,1.00,0.030,0.97,0.069,1.00,0.116,0.97,2.044e+06,1.00,1.35,1.00,11.2,1.00,165.4,1.00,-999,0.00,-999,0.00,-999,0.00,-999,0.00,-999,0.00,-999,0.00,-999,0.00,-999,0.00,-999,0.00,-999,0.00,-999,0.00,-999,0.00,-999,0.00
2023-10-23 00:00:00,2023-10-23 10:00:00,0.020,1.00,0.008,0.91,-0.004,1.00,0.015,0.91,0.070,1.00,0.108,0.91,2.162e+06,1.00,1.26,1.00,12.9,1.00,165.8,1.00,-999,0.00,-999,0.00,-999,0.00,-999,0.00,-999,0.00,-999,0.00,-999,0.00,-999,0.00,-999,0.00,-999,0.00,-999,0.00,-999,0.00,-999,0.00
2023-10-30 00:00:00,2023-10-30 10:00:00,0.051,1.00,0.165,0.93,-0.005,1.00,0.007,0.93,0.079,1.00,0.184,0.93,1.948e+06,1.00,1.53,1.00,8.3,1.00,162.8,1.00,-999,0.00,-999,0.00,-999,0.00,-999,0.00,-999,0.00,-999,0.00,-999,0.00,-999,0.00,-999,0.00,-999,0.00,-999,0.00,-999,0.00,-999,0.00
2023-11-06 00:00:00,2023-11-06 10:00:00,0.037,1.00,0.042,0.95,-0.002,1.00,0.033,0.95,0.074,1.00,0.133,0.95,1.488e+06,1.00,1.20,1.00,10.0,1.00,162.1,1.00,-999,0.00,-999,0.00,-999,0.00,-999,0.00,-999,0.00,-999,0.00,-999,0.00,-999,0.00,-999,0.00,-999,0.00,-999,0.00,-999,0.00,-999,0.00
2023-11-13 00:00:00,2023-11-13 10:00:00,0.042,1.00,0.148,0.95,-0.005,1.00,0.028,0.95,0.059,1.00,0.168,0.95,2.639e+06,1.00,1.59,1.00,10.4,1.00,167.4,1.00,-999,0.00,-999,0.00,-999,0.00,-999,0.00,-999,0.00,-999,0.00,-999,0.00,-999,0.00,-999,0.00,-999,0.00,-999,0.00,-999,0.00,-999,0.00
2023-11-20 00:00:00,2023-11-20 10:00:00,0.050,1.00,0.148,0.98,-0.002,1.00,0.004,0.98,0.078,1.00,0.170,0.98,1.788e+06,1.00,1.43,1.00,8.6,1.00,155.9,1.00,-999,0.00,-999,0.00,-999,0.00,-999,0.00,-999,0.00,-999,0.00,-999,0.00,-999,0.00,-999,0.00,-999,0.00,-999,0.00,-999,0.00,-999,0.00
2023-11-27 00:00:00,2023-11-27 10:00:00,0.040,1.00,0.103,0.94,-0.001,1.00,0.002,0.94,0.078,1.00,0.152,0.94,1.740e+06,1.00,1.33,1.00,9.4,1.00,145.7,1.00,-999,0.00,-999,0.00,-999,0.00,-999,0.00,-999,0.00,-999,0.00,-999,0.00,-999,0.00,-999,0.00,-999,0.00,-999,0.00,-999,0.00,-999,0.00
2023-12-04 00:00:00,2023-12-04 10:00:00,0.021,1.00,0.070,0.97,0.002,1.00,0.013,0.97,0.062,1.00,0.126,0.97,1.745e+06,1.00,1.28,1.00,9.8,1.00,155.9,1.00,-999,0.00,-999,0.00,-999,0.00,-999,0.00,-999,0.00,-999,0.00,-999,0.00,-999,0.00,-999,0.00,-999,0.00,-999,0.00,-999,0.00,-999,0.00
2023-12-11 00:00:00,2023-12-11 10:00:00,0.031,1.00,0.042,0.98,0.000,1.00,0.016,0.98,0.079,1.00,0.138,0.98,2.285e+06,1.00,1.40,1.00,10.2,1.00,157.3,1.00,-999,0.00,-999,0.00,-999,0.00,-999,0.00,-999,0.00,-999,0.00,-999,0.00,-999,0.00,-999,0.00,-999,0.00,-999,0.00,-999,0.00,-999,0.00
2023-12-18 00:00:00,2023-12-18 10:00:00,0.029,1.00,0.062,0.96,-0.000,1.00,0.019,0.96,0.067,1.00,0.110,0.96,8.324e+05,1.00,0.95,1.00,9.6,1.00,164.7,1.00,-999,0.00,-999,0.00,-999,0.00,-999,0.00,-999,0.00,-999,0.00,-999,0.00,-999,0.00,-999,0.00,-999,0.00,-999,0.00,-999,0.00,-999,0.00
2023-12-25 00:00:00,2023-12-25 10:00:00,0.042,1.00,0.073,0.91,-0.004,1.00,0.022,0.91,0.077,1.00,0.131,0.91,1.259e+06,1.04,0.99,1.04,11.0,1.04,160.1,1.04,-999,0.00,-999,0.00,-999,0.00,-999,0.00,-999,0.00,-999,0.00,-999,0.00,-999,0.00,-999,0.00,-999,0.00,-999,0.00,-999,0.00,-999,0.00
2024-01-01 00:00:00,2024-01-01 10:00:00,0.049,1.00,0.059,0.92,-0.001,1.00,0.016,0.92,0.085,1.00,0.115,0.92,7.350e+05,1.00,0.92,1.00,8.5,1.00,140.4,1.00,-999,0.00,-999,0.00,-999,0.00,-999,0.00,-999,0.00,-999,0.00,-999,0.00,-999,0.00,-999,0.00,-999,0.00,-999,0.00,-999,0.00,-999,0.00
2024-01-08 00:00:00,2024-01-08 10:00:00,0.036,1.00,0.023,0.93,-0.001,1.00,0.017,0.93,0.082,1.00,0.104,0.93,1.259e+06,1.00,0.98,1.00,9.6,1.00,155.1,1.00,-999,0.00,-999,0.00,-999,0.00,-999,0.00,-999,0.00,-999,0.00,-999,0.00,-999,0.00,-999,0.00,-999,0.00,-999,0.00,-999,0.00,-999,0.00
2024-01-15 00:00:00,2024-01-15 10:00:00,0.032,0.91,0.043,0.65,-0.001,0.91,0.015,0.65,0.073,0.91,0.113,0.65,1.158e+06,0.91,1.08,0.91,9.6,0.91,157.0,0.91,-999,0.00,-999,0.00,-999,0.00,-999,0.00,-999,0.00,-999,0.00,-999,0.00,-999,0.00,-999,0.00,-999,0.00,-999,0.00,-999,0.00,-999,0.00
2024-01-22 00:00:00,2024-01-22 10:00:00,0.052,1.00,-999,0.00,-0.001,1.00,-999,0.00,0.078,1.00,-999,0.00,8.814e+05,1.00,0.89,1.00,10.4,1.00,159.2,1.00,-999,0.00,-999,0.00,-999,0.00,-999,0.00,-999,0.00,-999,0.00,-999,0.00,-999,0.00,-999,0.00,-999,0.00,-999,0.00,-999,0.00,-999,0.00
2024-01-29 00:00:00,2024-01-29 10:00:00,0.015,1.00,-999,0.00,-0.002,1.00,-999,0.00,0.063,1.00,-999,0.00,7.806e+05,1.00,0.82,1.00,11.3,1.00,155.6,1.00,-999,0.00,-999,0.00,-999,0.00,-999,0.00,-999,0.00,-999,0.00,-999,0.00,-999,0.00,-999,0.00,-999,0.00,-999,0.00,-999,0.00,-999,0.00
2024-02-05 00:00:00,2024-02-05 10:00:00,0.048,1.00,-999,0.00,0.005,1.00,-999,0.00,0.080,1.00,-999,0.00,1.584e+06,1.00,1.19,1.00,10.5,1.00,155.4,1.00,-999,0.00,-999,0.00,-999,0.00,-999,0.00,-999,0.00,-999,0.00,-999,0.00,-999,0.00,-999,0.00,-999,0.00,-999,0.00,-999,0.00,-999,0.00
2024-02-12 00:00:00,2024-02-12 10:00:00,0.044,1.00,-999,0.00,0.000,1.00,-999,0.00,0.090,1.00,-999,0.00,1.501e+06,1.00,1.03,1.00,12.5,1.00,159.9,1.00,-999,0.00,-999,0.00,-999,0.00,-999,0.00,-999,0.00,-999,0.00,-999,0.00,-999,0.00,-999,0.00,-999,0.00,-999,0.00,-999,0.00,-999,0.00
2024-02-19 00:00:00,2024-02-19 10:00:00,0.047,1.00,-999,0.00,-0.002,1.00,-999,0.00,0.076,1.00,-999,0.00,1.892e+06,1.00,1.22,1.00,12.2,1.00,161.6,1.00,-999,0.00,-999,0.00,-999,0.00,-999,0.00,-999,0.00,-999,0.00,-999,0.00,-999,0.00,-999,0.00,-999,0.00,-999,0.00,-999,0.00,-999,0.00
2024-02-26 00:00:00,2024-02-26 10:00:00,0.026,1.00,-999,0.00,0.000,1.00,-999,0.00,0.073,1.00,-999,0.00,1.318e+06,1.00,1.02,1.00,10.5,1.00,153.9,1.00,-999,0.00,-999,0.00,-999,0.00,-999,0.00,-999,0.00,-999,0.00,-999,0.00,-999,0.00,-999,0.00,-999,0.00,-999,0.00,-999,0.00,-999,0.00
2024-03-04 00:00:00,2024-03-04 10:00:00,0.027,1.00,-999,0.00,0.002,1.00,-999,0.00,0.067,1.00,-999,0.00,8.102e+05,1.00,0.94,1.00,9.1,1.00,153.4,1.00,-999,0.00,-999,0.00,-999,0.00,-999,0.00,-999,0.00,-999,0.00,-999,0.00,-999,0.00,-999,0.00,-999,0.00,-999,0.00,-999,0.00,-999,0.00
2024-03-11 00:00:00,2024-03-11 10:00:00,0.030,1.00,-999,0.00,0.003,1.00,-999,0.00,0.070,1.00,-999,0.00,7.277e+05,1.00,0.73,1.00,13.5,1.00,164.2,1.00,-999,0.00,-999,0.00,-999,0.00,-999,0.00,-999,0.00,-999,0.00,-999,0.00,-999,0.00,-999,0.00,-999,0.00,-999,0.00,-999,0.00,-999,0.00
2024-03-18 00:00:00,2024-03-18 10:00:00,0.039,1.00,-999,0.00,0.000,1.00,-999,0.00,0.071,1.00,-999,0.00,4.922e+05,1.00,0.71,1.00,9.3,1.00,152.6,1.00,-999,0.00,-999,0.00,-999,0.00,-999,0.00,-999,0.00,-999,0.00,-999,0.00,-999,0.00,-999,0.00,-999,0.00,-999,0.00,-999,0.00,-999,0.00
2024-03-25 00:00:00,2024-03-25 10:00:00,0.053,1.00,-999,0.00,0.001,1.00,-999,0.00,0.082,1.00,-999,0.00,1.511e+06,1.00,1.20,1.00,9.5,1.00,154.4,1.00,-999,0.00,-999,0.00,-999,0.00,-999,0.00,-999,0.00,-999,0.00,-999,0.00,-999,0.00,-999,0.00,-999,0.00,-999,0.00,-999,0.00,-999,0.00
2024-04-01 00:00:00,2024-04-01 10:00:00,0.008,1.00,-999,0.00,0.004,1.00,-999,0.00,0.074,1.00,-999,0.00,1.912e+06,1.00,1.29,1.00,11.8,1.00,158.0,1.00,-999,0.00,-999,0.00,-999,0.00,-999,0.00,-999,0.00,-999,0.00,-999,0.00,-999,0.00,-999,0.00,-999,0.00,-999,0.00,-999,0.00,-999,0.00
2024-04-08 00:00:00,2024-04-08 10:00:00,0.032,1.00,-999,0.00,0.006,1.00,-999,0.00,0.092,1.00,-999,0.00,5.865e+06,1.00,1.96,1.00,11.6,1.00,159.3,1.00,-999,0.00,-999,0.00,-999,0.00,-999,0.00,-999,0.00,-999,0.00,-999,0.00,-999,0.00,-999,0.00,-999,0.00,-999,0.00,-999,0.00,-999,0.00
2024-04-15 00:00:00,2024-04-15 10:00:00,0.035,1.00,-999,0.00,0.002,1.00,-999,0.00,0.083,1.00,-999,0.00,1.883e+06,1.00,1.40,1.00,9.4,1.00,152.8,1.00,-999,0.00,-999,0.00,-999,0.00,-999,0.00,-999,0.00,-999,0.00,-999,0.00,-999,0.00,-999,0.00,-999,0.00,-999,0.00,-999,0.00,-999,0.00
2024-04-22 00:00:00,2024-04-22 10:00:00,0.016,1.00,-999,0.00,0.002,1.00,-999,0.00,0.058,1.00,-999,0.00,1.701e+06,1.00,1.20,1.00,11.2,1.00,158.0,1.00,-999,0.00,-999,0.00,-999,0.00,-999,0.00,-999,0.00,-999,0.00,-999,0.00,-999,0.00,-999,0.00,-999,0.00,-999,0.00,-999,0.00,-999,0.00
2024-04-29 00:00:00,2024-04-29 10:00:00,0.037,1.00,-999,0.00,0.003,1.00,-999,0.00,0.098,1.00,-999,0.00,3.207e+06,1.00,1.67,1.00,10.3,1.00,156.4,1.00,-999,0.00,-999,0.00,-999,0.00,-999,0.00,-999,0.00,-999,0.00,-999,0.00,-999,0.00,-999,0.00,-999,0.00,-999,0.00,-999,0.00,-999,0.00
2024-05-06 00:00:00,2024-05-06 10:00:00,0.037,1.00,-999,0.00,0.004,1.00,-999,0.00,0.092,1.00,-999,0.00,1.787e+06,1.00,1.09,1.00,13.7,1.00,164.3,1.00,-999,0.00,-999,0.00,-999,0.00,-999,0.00,-999,0.00,-999,0.00,-999,0.00,-999,0.00,-999,0.00,-999,0.00,-999,0.00,-999,0.00,-999,0.00
2024-05-13 00:00:00,2024-05-13 10:00:00,0.030,1.00,-999,0.00,0.006,1.00,-999,0.00,0.071,1.00,-999,0.00,4.687e+06,1.00,1.89,1.00,12.7,1.00,166.6,1.00,-999,0.00,-999,0.00,-999,0.00,-999,0.00,-999,0.00,-999,0.00,-999,0.00,-999,0.00,-999,0.00,-999,0.00,-999,0.00,-999,0.00,-999,0.00
2024-05-20 00:00:00,2024-05-20 10:00:00,0.024,1.00,-999,0.00,0.004,1.00,-999,0.00,0.069,1.00,-999,0.00,2.865e+06,1.00,1.44,1.00,13.2,1.00,157.1,1.00,-999,0.00,-999,0.00,-999,0.00,-999,0.00,-999,0.00,-999,0.00,-999,0.00,-999,0.00,-999,0.00,-999,0.00,-999,0.00,-999,0.00,-999,0.00
2024-05-27 00:00:00,2024-05-27 10:00:00,0.013,1.00,-999,0.00,0.003,1.00,-999,0.00,0.057,1.00,-999,0.00,1.724e+06,1.00,1.10,1.00,13.9,1.00,166.8,1.00,-999,0.00,-999,0.00,-999,0.00,-999,0.00,-999,0.00,-999,0.00,-999,0.00,-999,0.00,-999,0.00,-999,0.00,-999,0.00,-999,0.00,-999,0.00
2024-06-03 00:00:00,2024-06-03 10:00:00,0.020,1.00,-999,0.00,0.009,1.00,-999,0.00,0.054,1.00,-999,0.00,3.007e+06,1.00,1.47,1.00,13.8,1.00,165.4,1.00,-999,0.00,-999,0.00,-999,0.00,-999,0.00,-999,0.00,-999,0.00,-999,0.00,-999,0.00,-999,0.00,-999,0.00,-999,0.00,-999,0.00,-999,0.00
2024-06-10 00:00:00,2024-06-10 10:00:00,0.061,1.00,-999,0.00,0.009,1.00,-999,0.00,0.083,1.00,-999,0.00,3.324e+06,1.00,1.48,1.00,12.5,1.00,164.0,1.00,-999,0.00,-999,0.00,-999,0.00,-999,0.00,-999,0.00,-999,0.00,-999,0.00,-999,0.00,-999,0.00,-999,0.00,-999,0.00,-999,0.00,-999,0.00
2024-06-17 00:00:00,2024-06-17 10:00:00,0.038,1.00,-999,0.00,0.011,1.00,-999,0.00,0.062,1.00,-999,0.00,3.245e+06,1.00,1.46,1.00,12.9,1.00,160.6,1.00,-999,0.00,-999,0.00,-999,0.00,-999,0.00,-999,0.00,-999,0.00,-999,0.00,-999,0.00,-999,0.00,-999,0.00,-999,0.00,-999,0.00,-999,0.00
2024-06-24 00:00:00,2024-06-24 10:00:00,0.025,1.00,-999,0.00,0.005,1.00,-999,0.00,0.061,1.00,-999,0.00,3.693e+06,1.00,1.77,1.00,11.6,1.00,159.1,1.00,-999,0.00,-999,0.00,-999,0.00,-999,0.00,-999,0.00,-999,0.00,-999,0.00,-999,0.00,-999,0.00,-999,0.00,-999,0.00,-999,0.00,-999,0.00
2024-07-01 00:00:00,2024-07-01 10:00:00,0.038,1.00,-999,0.00,0.004,1.00,-999,0.00,0.074,1.00,-999,0.00,1.420e+06,1.00,1.27,1.00,8.5,1.00,148.0,1.00,-999,0.00,-999,0.00,-999,0.00,-999,0.00,-999,0.00,-999,0.00,-999,0.00,-999,0.00,-999,0.00,-999,0.00,-999,0.00,-999,0.00,-999,0.00
2024-07-08 00:00:00,2024-07-08 10:00:00,0.048,0.90,-999,0.00,0.009,0.90,-999,0.00,0.081,0.90,-999,0.00,2.746e+06,1.00,1.37,1.00,12.5,1.00,151.7,1.00,-999,0.00,-999,0.00,-999,0.00,-999,0.00,-999,0.00,-999,0.00,-999,0.00,-999,0.00,-999,0.00,-999,0.00,-999,0.00,-999,0.00,-999,0.00
2024-07-15 00:00:00,2024-07-15 10:00:00,0.036,0.80,0.130,0.76,0.004,0.80,0.036,0.76,0.060,0.80,0.154,0.76,2.671e+06,1.00,1.48,1.00,12.0,1.00,160.4,1.00,1.991e+06,0.70,1.37,0.70,10.5,0.70,9.948,0.69,-999,0.00,-999,0.00,-999,0.00,-999,0.00,-999,0.00,-999,0.00,-999,0.00,-999,0.00,-999,0.00
2024-07-22 00:00:00,2024-07-22 10:00:00,0.027,1.00,0.050,0.95,0.006,1.00,0.002,0.95,0.054,1.00,0.100,0.95,1.638e+06,1.00,1.10,1.00,11.8,1.00,154.3,1.00,1.001e+06,1.00,0.89,1.00,10.7,1.00,9.970,1.00,-999,0.00,-999,0.00,-999,0.00,-999,0.00,-999,0.00,-999,0.00,-999,0.00,-999,0.00,-999,0.00
2024-07-29 00:00:00,2024-07-29 10:00:00,0.052,1.00,0.135,0.99,0.004,1.00,0.032,0.99,0.079,1.00,0.155,0.99,2.950e+06,1.00,1.44,1.00,12.0,1.00,160.5,1.00,2.048e+06,1.00,1.22,1.00,11.2,1.00,9.964,1.00,-999,0.00,-999,0.00,-999,0.00,-999,0.00,-999,0.00,-999,0.00,-999,0.00,-999,0.00,-999,0.00
2024-08-05 00:00:00,2024-08-05 10:00:00,0.000,1.00,0.039,0.96,0.005,1.00,0.024,0.96,0.054,1.00,0.106,0.96,2.622e+06,1.00,1.36,1.00,13.2,1.00,159.6,1.00,1.995e+06,1.00,1.20,1.00,12.3,1.00,9.990,1.00,-999,0.00,-999,0.00,-999,0.00,-999,0.00,-999,0.00,-999,0.00,-999,0.00,-999,0.00,-999,0.00
2024-08-12 00:00:00,2024-08-12 10:00:00,0.032,1.00,0.092,0.94,0.001,1.00,0.029,0.94,0.061,1.00,0.128,0.94,2.446e+06,1.00,1.43,1.00,11.9,1.00,162.1,1.00,1.466e+06,1.00,1.17,1.00,10.6,1.00,9.957,1.00,-999,0.00,-999,0.00,-999,0.00,-999,0.00,-999,0.00,-999,0.00,-999,0.00,-999,0.00,-999,0.00
2024-08-19 00:00:00,2024-08-19 10:00:00,-0.012,1.00,0.025,0.99,0.004,1.00,0.019,0.99,0.055,1.00,0.121,0.99,3.268e+06,1.00,1.75,1.00,11.0,1.00,154.4,1.00,2.016e+06,1.00,1.42,1.00,9.9,1.00,10.008,1.00,-999,0.00,-999,0.00,-999,0.00,-999,0.00,-999,0.00,-999,0.00,-999,0.00,-999,0.00,-999,0.00
2024-08-26 00:00:00,2024-08-26 10:00:00,0.008,1.00,0.067,0.94,0.003,1.00,0.018,0.94,0.042,1.00,0.126,0.94,4.293e+06,1.00,1.85,1.00,11.4,1.00,157.4,1.00,2.909e+06,1.00,1.59,1.00,10.5,1.00,9.977,1.00,-999,0.00,-999,0.00,-999,0.00,-999,0.00,-999,0.00,-999,0.00,-999,0.00,-999,0.00,-999,0.00
2024-09-02 00:00:00,2024-09-02 10:00:00,-0.022,1.00,-0.022,0.98,0.001,1.00,0.004,0.98,0.044,1.00,0.088,0.98,2.105e+06,1.00,1.52,1.00,8.5,1.00,141.5,1.00,1.297e+06,1.00,1.19,1.00,8.5,1.00,10.006,1.00,-999,0.00,-999,0.00,-999,0.00,-999,0.00,-999,0.00,-999,0.00,-999,0.00,-999,0.00,-999,0.00
2024-09-09 00:00:00,2024-09-09 10:00:00,0.023,1.00,0.015,0.97,0.003,1.00,0.014,0.97,0.047,1.00,0.086,0.97,1.421e+06,1.00,1.10,1.00,11.5,1.00,156.5,1.00,7.750e+05,1.00,0.84,1.00,10.7,1.00,10.011,1.00,-999,0.00,-999,0.00,-999,0.00,-999,0.00,-999,0.00,-999,0.00,-999,0.00,-999,0.00,-999,0.00
2024-09-16 00:00:00,2024-09-16 10:00:00,0.018,1.00,0.013,0.95,-0.002,1.00,0.024,0.95,0.052,1.00,0.091,0.95,7.578e+05,1.00,0.87,1.00,10.0,1.00,158.7,1.00,4.962e+05,1.00,0.70,1.00,9.6,1.00,10.010,1.00,-999,0.00,-999,0.00,-999,0.00,-999,0.00,-999,0.00,-999,0.00,-999,0.00,-999,0.00,-999,0.00
2024-09-23 00:00:00,2024-09-23 10:00:00,0.035,1.00,-0.009,0.90,0.001,1.00,0.022,0.90,0.062,1.00,0.076,0.90,1.141e+06,1.00,0.96,1.00,11.7,1.00,157.6,1.00,7.180e+05,1.00,0.79,1.00,10.7,1.00,9.981,1.00,-999,0.00,-999,0.00,-999,0.00,-999,0.00,-999,0.00,-999,0.00,-999,0.00,-999,0.00,-999,0.00
2024-09-30 00:00:00,2024-09-30 10:00:00,0.036,1.00,0.072,0.95,0.003,1.00,0.044,0.95,0.058,1.00,0.117,0.95,4.115e+06,1.00,1.63,1.00,13.1,1.00,163.2,1.00,2.412e+06,1.00,1.34,1.00,11.5,1.00,9.987,1.00,-999,0.00,-999,0.00,-999,0.00,-999,0.00,-999,0.00,-999,0.00,-999,0.00,-999,0.00,-999,0.00
2024-10-07 00:00:00,2024-10-07 10:00:00,0.029,1.00,0.151,1.00,0.006,1.00,0.021,1.00,0.060,1.00,0.170,1.00,4.524e+06,1.00,1.90,1.00,12.3,1.00,160.5,1.00,3.275e+06,1.00,1.67,1.00,11.2,1.00,9.984,1.00,-999,0.00,-999,0.00,-999,0.00,-999,0.00,-999,0.00,-999,0.00,-999,0.00,-999,0.00,-999,0.00
2024-10-14 00:00:00,2024-10-14 10:00:00,0.042,1.00,0.113,0.90,0.001,1.00,0.032,0.90,0.066,1.00,0.145,0.90,1.471e+06,1.00,1.14,1.00,11.2,1.00,156.2,1.00,1.001e+06,1.00,0.96,1.00,10.6,1.00,10.013,1.00,-999,0.00,-999,0.00,-999,0.00,-999,0.00,-999,0.00,-999,0.00,-999,0.00,-999,0.00,-999,0.00
2024-10-21 00:00:00,2024-10-21 10:00:00,0.043,1.00,0.088,0.99,0.004,1.00,0.039,0.99,0.064,1.00,0.135,0.99,2.754e+06,1.00,1.59,1.00,11.1,1.00,162.2,1.00,1.789e+06,1.00,1.30,1.00,10.5,1.00,9.997,1.00,-999,0.00,-999,0.00,-999,0.00,-999,0.00,-999,0.00,-999,0.00,-999,0.00,-999,0.00,-999,0.00
2024-10-28 00:00:00,2024-10-28 10:00:00,0.054,1.00,0.107,0.85,0.004,1.00,0.028,0.85,0.071,1.00,0.135,0.85,1.344e+06,1.00,1.09,1.00,9.4,1.00,157.3,1.00,7.346e+05,1.00,0.85,1.00,9.0,1.00,9.983,1.00,-999,0.00,-999,0.00,-999,0.00,-999,0.00,-999,0.00,-999,0.00,-999,0.00,-999,0.00,-999,0.00
2024-11-04 00:00:00,2024-11-04 10:00:00,0.090,1.00,0.039,0.91,0.002,1.00,0.041,0.91,0.096,1.00,0.099,0.91,9.264e+05,1.00,0.82,1.00,12.4,1.00,158.5,1.00,5.487e+05,1.00,0.68,1.00,11.1,1.00,9.956,1.00,-999,0.00,-999,0.00,-999,0.00,-999,0.00,-999,0.00,-999,0.00,-999,0.00,-999,0.00,-999,0.00
2024-11-11 00:00:00,2024-11-11 10:00:00,0.056,1.00,0.159,0.98,-0.001,1.00,0.035,0.98,0.081,1.00,0.175,0.98,1.531e+06,1.00,1.25,1.00,9.5,1.00,162.3,1.00,8.091e+05,1.00,0.92,1.00,8.8,1.00,9.927,1.00,-999,0.00,-999,0.00,-999,0.00,-999,0.00,-999,0.00,-999,0.00,-999,0.00,-999,0.00,-999,0.00
2024-11-18 00:00:00,2024-11-18 10:00:00,0.032,1.00,0.083,0.94,-0.002,1.00,0.026,0.94,0.070,1.00,0.137,0.94,3.325e+06,1.00,1.70,1.00,11.1,1.00,157.9,1.00,2.154e+06,1.00,1.43,1.00,10.0,1.00,9.885,1.00,-999,0.00,-999,0.00,-999,0.00,-999,0.00,-999,0.00,-999,0.00,-999,0.00,-999,0.00,-999,0.00
2024-11-25 00:00:00,2024-11-25 10:00:00,0.027,1.00,-0.029,0.91,-0.002,1.00,0.020,0.91,0.052,1.00,0.081,0.91,1.454e+06,1.00,1.01,1.00,12.8,1.00,160.2,1.00,1.132e+06,1.00,0.88,1.00,12.3,1.00,9.926,1.00,-999,0.00,-999,0.00,-999,0.00,-999,0.00,-999,0.00,-999,0.00,-999,0.00,-999,0.00,-999,0.00
2024-12-02 00:00:00,2024-12-02 10:00:00,0.014,1.00,-0.033,0.99,0.000,1.00,0.031,0.99,0.052,1.00,0.080,0.99,2.295e+06,1.00,1.29,1.00,12.9,1.00,164.4,1.00,1.534e+06,1.00,1.07,1.00,12.1,1.00,9.941,1.00,-999,0.00,-999,0.00,-999,0.00,-999,0.00,-999,0.00,-999,0.00,-999,0.00,-999,0.00,-999,0.00
2024-12-09 00:00:00,2024-12-09 10:00:00,0.024,1.00,-0.006,0.98,0.000,1.00,0.007,0.98,0.056,1.00,0.078,0.98,8.075e+05,1.00,1.00,1.00,8.2,1.00,138.9,1.00,3.950e+05,1.00,0.70,1.00,8.0,1.00,10.000,1.00,-999,0.00,-999,0.00,-999,0.00,-999,0.00,-999,0.00,-999,0.00,-999,0.00,-999,0.00,-999,0.00
2024-12-16 00:00:00,2024-12-16 10:00:00,0.025,1.00,0.062,0.84,-0.002,1.00,0.018,0.84,0.075,1.00,0.105,0.84,5.570e+05,1.00,0.74,1.00,9.5,1.00,152.2,1.00,4.243e+05,1.00,0.64,1.00,9.5,1.00,9.952,1.00,-999,0.00,-999,0.00,-999,0.00,-999,0.00,-999,0.00,-999,0.00,-999,0.00,-999,0.00,-999,0.00
2024-12-23 00:00:00,2024-12-23 10:00:00,0.024,1.00,-0.040,0.90,-0.002,1.00,0.014,0.90,0.060,1.00,0.087,0.90,5.432e+05,1.00,0.65,1.00,11.4,1.00,158.4,1.00,4.086e+05,1.00,0.57,1.00,11.0,1.00,9.918,1.00,-999,0.00,-999,0.00,-999,0.00,-999,0.00,-999,0.00,-999,0.00,-999,0.00,-999,0.00,-999,0.00
2024-12-30 00:00:00,2024-12-30 10:00:00,0.029,1.00,0.016,0.85,-0.002,1.00,0.007,0.85,0.071,1.00,0.073,0.85,3.617e+05,1.02,0.53,1.02,12.6,1.02,157.5,1.02,2.495e+05,1.00,0.45,1.00,12.3,1.00,9.932,1.00,-999,0.00,-999,0.00,-999,0.00,-999,0.00,-999,0.00,-999,0.00,-999,0.00,-999,0.00,-999,0.00
2025-01-06 00:00:00,2025-01-06 10:00:00,0.024,0.49,-0.013,0.41,-0.002,0.49,0.005,0.41,0.060,0.49,0.065,0.41,2.077e+05,0.46,0.44,0.46,10.9,0.46,164.0,0.46,1.378e+05,1.00,0.36,1.00,10.7,1.00,9.956,1.00,-999,0.00,-999,0.00,-999,0.00,-999,0.00,-999,0.00,-999,0.00,-999,0.00,-999,0.00,-999,0.00
2025-01-13 00:00:00,2025-01-13 10:00:00,-999,0.00,-999,0.00,-999,0.00,-999,0.00,-999,0.00,-999,0.00,-999,0.00,-999,0.00,-999,0.00,-999,0.00,5.489e+05,0.43,0.69,0.43,11.4,0.43,9.947,0.42,-999,0.00,-999,0.00,-999,0.00,-999,0.00,-999,0.00,-999,0.00,-999,0.00,-999,0.00,-999,0.00
