time_local,time_utc,along_shore_velocity_bottom_mps,data_coverage_along_shore_velocity_bottom_mps,along_shore_velocity_surface_mps,data_coverage_along_shore_velocity_surface_mps,across_shore_velocity_bottom_mps,data_coverage_across_shore_velocity_bottom_mps,across_shore_velocity_surface_mps,data_coverage_across_shore_velocity_surface_mps,current_speed_bottom_mps,data_coverage_current_speed_bottom_mps,current_speed_surface_mps,data_coverage_current_speed_surface_mps,wave_power_adcp,data_coverage_wave_power_adcp,wave_ht_adcp_m,data_coverage_wave_ht_adcp_m,wave_period_adcp_sec,data_coverage_wave_period_adcp_sec,wave_direction_adcp_degtrue,data_coverage_wave_direction_adcp_degtrue,wave_power_sbe26,data_coverage_wave_power_sbe26,wave_ht_sbe26_m,data_coverage_wave_ht_sbe26_m,wave_period_sbe26_sec,data_coverage_wave_period_sbe26_sec,sea_surface_ht_sbe26_m,data_coverage_sea_surface_ht_sbe26_m,upper_watercolumn_temperature_sbe39_C,data_coverage_upper_watercolumn_temperature_sbe39_C,middle_watercolumn_temperature_sbe39_C,data_coverage_middle_watercolumn_temperature_sbe39_C,bottom_watercolumn_temperature_sbe39_C,data_coverage_bottom_watercolumn_temperature_sbe39_C,temperature_shallow_sbe37_C,data_coverage_temperature_shallow_sbe37_C,salinity_shallow_sbe37_psu,data_coverage_salinity_shallow_sbe37_psu,density_shallow_sbe37_sigt,data_coverage_density_shallow_sbe37_sigt,temperature_deeper_sbe37_C,data_coverage_temperature_deeper_sbe37_C,salinity_deeper_sbe37_psu,data_coverage_salinity_deeper_sbe37_psu,density_deeper_sbe37_sigt,data_coverage_density_deeper_sbe37_sigt
2004-12-13 00:00:00,2004-12-13 10:00:00,-0.021,0.62,-0.062,0.62,-0.009,0.62,-0.020,0.62,0.055,0.62,0.141,0.62,3.108e+06,0.62,1.39,0.62,15.0,0.62,348.7,0.62,-999,0.00,-999,0.00,-999,0.00,-999,0.00,-999,0.00,-999,0.00,-999,0.00,-999,0.00,-999,0.00,-999,0.00,-999,0.00,-999,0.00,-999,0.00
2004-12-20 00:00:00,2004-12-20 10:00:00,-0.005,1.00,-0.000,1.00,-0.008,1.00,-0.035,1.00,0.049,1.00,0.122,1.00,4.152e+06,1.00,1.55,1.00,15.8,1.00,341.7,1.00,-999,0.00,-999,0.00,-999,0.00,-999,0.00,-999,0.00,-999,0.00,-999,0.00,-999,0.00,-999,0.00,-999,0.00,-999,0.00,-999,0.00,-999,0.00
2004-12-27 00:00:00,2004-12-27 10:00:00,-0.011,1.00,-0.051,1.00,-0.004,1.00,-0.007,1.00,0.041,1.00,0.132,1.00,1.876e+06,1.00,1.17,1.00,13.2,1.00,346.3,1.00,-999,0.00,-999,0.00,-999,0.00,-999,0.00,-999,0.00,-999,0.00,-999,0.00,-999,0.00,-999,0.00,-999,0.00,-999,0.00,-999,0.00,-999,0.00
2005-01-03 00:00:00,2005-01-03 10:00:00,-0.010,1.00,-0.052,1.00,-0.011,1.00,-0.019,1.00,0.047,1.00,0.137,1.00,2.201e+06,1.00,1.21,1.00,14.3,1.00,348.5,1.00,-999,0.00,-999,0.00,-999,0.00,-999,0.00,-999,0.00,-999,0.00,-999,0.00,-999,0.00,-999,0.00,-999,0.00,-999,0.00,-999,0.00,-999,0.00
2005-01-10 00:00:00,2005-01-10 10:00:00,-0.001,1.00,-0.023,1.00,-0.009,1.00,-0.003,1.00,0.043,1.00,0.118,1.00,1.898e+06,1.00,1.16,1.00,13.8,1.00,347.9,1.00,-999,0.00,-999,0.00,-999,0.00,-999,0.00,-999,0.00,-999,0.00,-999,0.00,-999,0.00,-999,0.00,-999,0.00,-999,0.00,-999,0.00,-999,0.00
2005-01-17 00:00:00,2005-01-17 10:00:00,-0.022,1.00,-0.066,1.00,-0.004,1.00,-0.016,1.00,0.060,1.00,0.140,1.00,4.648e+06,0.99,1.63,0.99,15.8,0.99,340.5,0.99,-999,0.00,-999,0.00,-999,0.00,-999,0.00,-999,0.00,-999,0.00,-999,0.00,-999,0.00,-999,0.00,-999,0.00,-999,0.00,-999,0.00,-999,0.00
2005-01-24 00:00:00,2005-01-24 10:00:00,-0.022,1.00,-0.086,1.00,-0.007,1.00,-0.001,1.00,0.052,1.00,0.138,1.00,2.502e+06,1.00,1.30,1.00,14.4,1.00,339.6,1.00,-999,0.00,-999,0.00,-999,0.00,-999,0.00,-999,0.00,-999,0.00,-999,0.00,-999,0.00,-999,0.00,-999,0.00,-999,0.00,-999,0.00,-999,0.00
2005-01-31 00:00:00,2005-01-31 10:00:00,0.013,1.00,0.020,1.00,-0.016,1.00,-0.003,1.00,0.056,1.00,0.164,1.00,2.972e+06,0.99,1.64,0.99,11.7,0.99,343.6,0.99,-999,0.00,-999,0.00,-999,0.00,-999,0.00,-999,0.00,-999,0.00,-999,0.00,-999,0.00,-999,0.00,-999,0.00,-999,0.00,-999,0.00,-999,0.00
2005-02-07 00:00:00,2005-02-07 10:00:00,-0.001,1.00,-0.031,1.00,-0.010,1.00,-0.015,1.00,0.047,1.00,0.139,1.00,3.057e+06,1.00,1.54,1.00,12.9,1.00,337.5,1.00,-999,0.00,-999,0.00,-999,0.00,-999,0.00,-999,0.00,-999,0.00,-999,0.00,-999,0.00,-999,0.00,-999,0.00,-999,0.00,-999,0.00,-999,0.00
2005-02-14 00:00:00,2005-02-14 10:00:00,-0.002,0.87,-0.063,0.87,-0.015,0.87,-0.018,0.87,0.051,0.87,0.159,0.87,2.820e+06,0.88,1.47,0.88,12.3,0.88,334.2,0.88,-999,0.00,-999,0.00,-999,0.00,-999,0.00,-999,0.00,-999,0.00,-999,0.00,-999,0.00,-999,0.00,-999,0.00,-999,0.00,-999,0.00,-999,0.00
2005-02-21 00:00:00,2005-02-21 10:00:00,-0.011,1.00,-0.034,1.00,-0.005,1.00,-0.009,1.00,0.047,1.00,0.146,1.00,2.387e+06,1.00,1.36,1.00,12.7,1.00,346.5,1.00,-999,0.00,-999,0.00,-999,0.00,-999,0.00,-999,0.00,-999,0.00,-999,0.00,-999,0.00,-999,0.00,-999,0.00,-999,0.00,-999,0.00,-999,0.00
2005-02-28 00:00:00,2005-02-28 10:00:00,-0.003,1.00,-0.016,1.00,-0.010,1.00,-0.017,1.00,0.048,1.00,0.144,1.00,1.431e+06,1.00,1.08,1.00,12.2,1.00,338.1,1.00,-999,0.00,-999,0.00,-999,0.00,-999,0.00,-999,0.00,-999,0.00,-999,0.00,-999,0.00,-999,0.00,-999,0.00,-999,0.00,-999,0.00,-999,0.00
2005-03-07 00:00:00,2005-03-07 10:00:00,0.002,1.00,0.017,1.00,-0.009,1.00,-0.004,1.00,0.044,1.00,0.137,1.00,2.092e+06,0.99,1.18,0.99,14.5,0.99,346.2,0.99,-999,0.00,-999,0.00,-999,0.00,-999,0.00,-999,0.00,-999,0.00,-999,0.00,-999,0.00,-999,0.00,-999,0.00,-999,0.00,-999,0.00,-999,0.00
2005-03-14 00:00:00,2005-03-14 10:00:00,0.001,1.00,-0.017,1.00,-0.011,1.00,-0.011,1.00,0.044,1.00,0.132,1.00,1.155e+06,1.00,0.92,1.00,13.7,1.00,343.2,1.00,-999,0.00,-999,0.00,-999,0.00,-999,0.00,-999,0.00,-999,0.00,-999,0.00,-999,0.00,-999,0.00,-999,0.00,-999,0.00,-999,0.00,-999,0.00
2005-03-21 00:00:00,2005-03-21 10:00:00,-0.002,1.00,-0.005,1.00,-0.006,1.00,-0.004,1.00,0.042,1.00,0.131,1.00,1.014e+06,0.99,0.86,0.99,13.2,0.99,348.2,0.99,-999,0.00,-999,0.00,-999,0.00,-999,0.00,-999,0.00,-999,0.00,-999,0.00,-999,0.00,-999,0.00,-999,0.00,-999,0.00,-999,0.00,-999,0.00
2005-03-28 00:00:00,2005-03-28 10:00:00,0.003,1.00,-0.001,1.00,-0.009,1.00,-0.004,1.00,0.038,1.00,0.094,1.00,7.893e+05,1.00,0.80,1.00,12.2,1.00,350.2,1.00,-999,0.00,-999,0.00,-999,0.00,-999,0.00,-999,0.00,-999,0.00,-999,0.00,-999,0.00,-999,0.00,-999,0.00,-999,0.00,-999,0.00,-999,0.00
2005-04-04 00:00:00,2005-04-04 10:00:00,-0.005,1.00,-0.025,1.00,-0.011,1.00,0.004,1.00,0.050,1.00,0.127,1.00,1.123e+06,1.00,0.98,1.00,11.7,1.00,359.1,1.00,-999,0.00,-999,0.00,-999,0.00,-999,0.00,-999,0.00,-999,0.00,-999,0.00,-999,0.00,-999,0.00,-999,0.00,-999,0.00,-999,0.00,-999,0.00
2005-04-11 00:00:00,2005-04-11 10:00:00,0.008,1.00,0.011,1.00,-0.014,1.00,-0.003,1.00,0.044,1.00,0.108,1.00,8.430e+05,0.99,0.88,0.99,11.0,0.99,0.3,0.99,-999,0.00,-999,0.00,-999,0.00,-999,0.00,-999,0.00,-999,0.00,-999,0.00,-999,0.00,-999,0.00,-999,0.00,-999,0.00,-999,0.00,-999,0.00
2005-04-18 00:00:00,2005-04-18 10:00:00,0.003,1.00,-0.005,1.00,-0.015,1.00,-0.011,1.00,0.047,1.00,0.115,1.00,1.414e+06,1.00,1.04,1.00,12.9,1.00,351.2,1.00,-999,0.00,-999,0.00,-999,0.00,-999,0.00,-999,0.00,-999,0.00,-999,0.00,-999,0.00,-999,0.00,-999,0.00,-999,0.00,-999,0.00,-999,0.00
2005-04-25 00:00:00,2005-04-25 10:00:00,0.004,1.00,-0.014,1.00,-0.011,1.00,0.000,1.00,0.041,1.00,0.094,1.00,3.745e+05,0.99,0.58,0.99,11.0,0.99,347.5,0.99,-999,0.00,-999,0.00,-999,0.00,-999,0.00,-999,0.00,-999,0.00,-999,0.00,-999,0.00,-999,0.00,-999,0.00,-999,0.00,-999,0.00,-999,0.00
2005-05-02 00:00:00,2005-05-02 10:00:00,0.007,1.00,0.020,1.00,-0.011,1.00,-0.004,1.00,0.049,1.00,0.111,1.00,4.166e+05,1.00,0.62,1.00,11.2,1.00,0.1,1.00,-999,0.00,-999,0.00,-999,0.00,-999,0.00,-999,0.00,-999,0.00,-999,0.00,-999,0.00,-999,0.00,-999,0.00,-999,0.00,-999,0.00,-999,0.00
2005-05-09 00:00:00,2005-05-09 10:00:00,-0.002,1.00,0.063,1.00,0.000,1.00,0.001,1.00,0.034,1.00,0.098,1.00,5.819e+05,1.00,0.87,1.00,7.7,1.00,28.4,1.00,-999,0.00,-999,0.00,-999,0.00,-999,0.00,-999,0.00,-999,0.00,-999,0.00,-999,0.00,-999,0.00,-999,0.00,-999,0.00,-999,0.00,-999,0.00
2005-05-16 00:00:00,2005-05-16 10:00:00,0.004,1.00,-0.010,1.00,-0.008,1.00,-0.006,1.00,0.037,1.00,0.087,1.00,3.195e+05,0.99,0.53,0.99,11.2,0.99,347.1,0.99,-999,0.00,-999,0.00,-999,0.00,-999,0.00,-999,0.00,-999,0.00,-999,0.00,-999,0.00,-999,0.00,-999,0.00,-999,0.00,-999,0.00,-999,0.00
2005-05-23 00:00:00,2005-05-23 10:00:00,0.002,1.00,-0.012,1.00,-0.006,1.00,-0.001,1.00,0.039,1.00,0.083,1.00,3.093e+05,1.00,0.61,1.00,9.2,1.00,22.0,1.00,-999,0.00,-999,0.00,-999,0.00,-999,0.00,-999,0.00,-999,0.00,-999,0.00,-999,0.00,-999,0.00,-999,0.00,-999,0.00,-999,0.00,-999,0.00
2005-05-30 00:00:00,2005-05-30 10:00:00,0.006,1.00,0.004,1.00,-0.005,1.00,0.002,1.00,0.035,1.00,0.084,1.00,2.959e+05,0.99,0.56,0.99,9.5,0.99,4.5,0.99,-999,0.00,-999,0.00,-999,0.00,-999,0.00,-999,0.00,-999,0.00,-999,0.00,-999,0.00,-999,0.00,-999,0.00,-999,0.00,-999,0.00,-999,0.00
2005-06-06 00:00:00,2005-06-06 10:00:00,0.018,1.00,0.034,1.00,-0.008,1.00,-0.002,1.00,0.044,1.00,0.087,1.00,1.978e+05,1.00,0.45,1.00,9.9,1.00,1.5,1.00,-999,0.00,-999,0.00,-999,0.00,-999,0.00,-999,0.00,-999,0.00,-999,0.00,-999,0.00,-999,0.00,-999,0.00,-999,0.00,-999,0.00,-999,0.00
2005-06-13 00:00:00,2005-06-13 10:00:00,0.004,1.00,0.023,1.00,-0.003,1.00,0.002,1.00,0.034,1.00,0.081,1.00,3.846e+05,0.99,0.67,0.99,8.6,0.99,8.7,0.99,-999,0.00,-999,0.00,-999,0.00,-999,0.00,-999,0.00,-999,0.00,-999,0.00,-999,0.00,-999,0.00,-999,0.00,-999,0.00,-999,0.00,-999,0.00
2005-06-20 00:00:00,2005-06-20 10:00:00,-0.006,1.00,-0.024,1.00,-0.005,1.00,0.005,1.00,0.036,1.00,0.085,1.00,3.728e+05,1.00,0.68,1.00,8.5,1.00,22.8,1.00,-999,0.00,-999,0.00,-999,0.00,-999,0.00,-999,0.00,-999,0.00,-999,0.00,-999,0.00,-999,0.00,-999,0.00,-999,0.00,-999,0.00,-999,0.00
2005-06-27 00:00:00,2005-06-27 10:00:00,-0.016,1.00,-0.075,1.00,-0.004,1.00,0.008,1.00,0.035,1.00,0.100,1.00,3.780e+05,1.00,0.69,1.00,8.2,1.00,14.0,1.00,-999,0.00,-999,0.00,-999,0.00,-999,0.00,-999,0.00,-999,0.00,-999,0.00,-999,0.00,-999,0.00,-999,0.00,-999,0.00,-999,0.00,-999,0.00
2005-07-04 00:00:00,2005-07-04 10:00:00,-0.005,1.00,-0.017,1.00,-0.004,1.00,0.008,1.00,0.036,1.00,0.082,1.00,3.845e+05,0.99,0.78,0.99,6.4,0.99,17.8,0.99,-999,0.00,-999,0.00,-999,0.00,-999,0.00,-999,0.00,-999,0.00,-999,0.00,-999,0.00,-999,0.00,-999,0.00,-999,0.00,-999,0.00,-999,0.00
2005-07-11 00:00:00,2005-07-11 10:00:00,-0.002,1.00,0.003,1.00,-0.003,1.00,0.004,1.00,0.034,1.00,0.083,1.00,3.978e+05,1.00,0.79,1.00,6.3,1.00,40.9,1.00,-999,0.00,-999,0.00,-999,0.00,-999,0.00,-999,0.00,-999,0.00,-999,0.00,-999,0.00,-999,0.00,-999,0.00,-999,0.00,-999,0.00,-999,0.00
2005-07-18 00:00:00,2005-07-18 10:00:00,-0.007,1.00,-0.039,1.00,0.004,1.00,0.001,1.00,0.036,1.00,0.094,1.00,2.627e+05,0.99,0.62,0.99,7.0,0.99,31.3,0.99,-999,0.00,-999,0.00,-999,0.00,-999,0.00,26.72,0.63,26.63,0.63,26.54,0.63,26.74,0.63,36.0152,0.63,23.5891,0.63,26.63,0.63,36.0110,0.63,23.6495,0.63
2005-07-25 00:00:00,2005-07-25 10:00:00,-0.011,0.99,-0.055,0.99,-0.004,0.99,0.000,0.99,0.045,0.99,0.110,0.99,1.657e+05,0.99,0.50,0.99,7.1,0.99,6.0,0.99,-999,0.00,-999,0.00,-999,0.00,-999,0.00,26.74,1.00,26.71,1.00,26.69,1.00,26.74,1.00,35.9992,1.00,23.5750,1.00,26.70,1.00,35.9957,1.00,23.6205,1.00
2005-08-01 00:00:00,2005-08-01 10:00:00,-0.009,1.00,-0.040,1.00,-0.006,1.00,-0.004,1.00,0.037,1.00,0.094,1.00,2.572e+05,1.00,0.63,1.00,6.9,1.00,14.8,1.00,1.286e+05,0.33,0.40,0.33,8.1,0.33,10.297,0.35,26.73,1.00,26.70,1.00,26.67,1.00,26.75,1.00,35.9592,1.00,23.5436,1.00,26.68,1.00,35.9682,1.00,23.6079,1.00
2005-08-08 00:00:00,2005-08-08 10:00:00,0.001,1.00,0.002,1.00,-0.003,1.00,-0.001,1.00,0.035,1.00,0.066,1.00,1.063e+05,0.99,0.34,0.99,9.5,0.99,355.8,0.99,6.760e+04,1.00,0.27,1.00,9.3,1.00,10.294,1.00,26.81,1.00,26.79,1.00,26.76,1.00,26.82,1.00,35.9840,1.00,23.5382,1.00,26.77,1.00,35.9802,1.00,23.5887,1.00
2005-08-15 00:00:00,2005-08-15 10:00:00,-0.010,1.00,-0.024,1.00,-0.001,1.00,-0.001,1.00,0.039,1.00,0.083,1.00,1.416e+05,1.00,0.46,1.00,7.0,1.00,30.4,1.00,6.521e+04,1.00,0.29,1.00,7.9,1.00,10.289,1.00,26.58,1.00,26.56,1.00,26.55,1.00,26.58,1.00,36.0233,1.00,23.6433,1.00,26.55,1.00,36.0174,1.00,23.6855,1.00
2005-08-22 00:00:00,2005-08-22 10:00:00,-0.006,1.00,-0.008,1.00,-0.001,1.00,-0.001,1.00,0.032,1.00,0.071,1.00,1.916e+05,1.00,0.58,1.00,5.5,1.00,42.3,1.00,8.791e+04,1.00,0.34,1.00,7.1,1.00,10.307,1.00,26.55,1.00,26.51,1.00,26.49,1.00,26.56,1.00,36.0367,1.00,23.6610,1.00,26.50,1.00,36.0285,1.00,23.7125,1.00
2005-08-29 00:00:00,2005-08-29 10:00:00,-0.009,1.00,-0.012,1.00,-0.006,1.00,-0.005,1.00,0.038,1.00,0.102,1.00,3.181e+05,0.04,0.83,0.04,4.6,0.04,60.2,0.04,1.576e+05,1.00,0.47,1.00,7.1,1.00,10.305,1.00,26.51,1.00,26.48,1.00,26.44,1.00,26.52,1.00,36.0093,1.00,23.6517,1.00,26.45,1.00,36.0052,1.00,23.7085,1.00
2005-09-05 00:00:00,2005-09-05 10:00:00,-0.005,1.00,-0.030,1.00,-0.008,1.00,0.001,1.00,0.037,1.00,0.081,1.00,-999,0.00,-999,0.00,-999,0.00,-999,0.00,1.372e+05,1.00,0.42,1.00,7.9,1.00,10.308,1.00,26.63,1.00,26.59,1.00,26.55,1.00,26.67,0.31,36.0260,0.31,23.6186,0.31,26.61,0.26,36.0187,0.26,23.6681,0.26
2005-09-12 00:00:00,2005-09-12 10:00:00,-0.002,1.00,0.015,1.00,-0.002,1.00,-0.000,1.00,0.039,1.00,0.097,1.00,8.846e+05,0.48,1.06,0.48,8.1,0.48,28.5,0.48,2.989e+05,1.00,0.59,1.00,8.0,1.00,10.268,1.00,26.70,1.00,26.68,1.00,26.65,1.00,-999,0.00,-999,0.00,-999,0.00,-999,0.00,-999,0.00,-999,0.00
2005-09-19 00:00:00,2005-09-19 10:00:00,0.000,1.00,-0.010,1.00,-0.003,1.00,0.005,1.00,0.035,1.00,0.090,1.00,5.529e+05,1.00,0.84,1.00,8.2,1.00,20.1,1.00,3.071e+05,1.00,0.60,1.00,8.7,1.00,10.281,1.00,27.08,1.00,27.05,1.00,27.03,1.00,-999,0.00,-999,0.00,-999,0.00,-999,0.00,-999,0.00,-999,0.00
2005-09-26 00:00:00,2005-09-26 10:00:00,-0.015,1.00,-0.059,1.00,-0.005,1.00,0.008,1.00,0.036,1.00,0.086,1.00,4.083e+05,1.00,0.80,1.00,6.5,1.00,26.9,1.00,2.196e+05,1.00,0.54,1.00,7.5,1.00,10.282,1.00,26.90,1.00,26.88,1.00,26.86,1.00,-999,0.00,-999,0.00,-999,0.00,-999,0.00,-999,0.00,-999,0.00
2005-10-03 00:00:00,2005-10-03 10:00:00,0.001,1.00,-0.018,1.00,-0.006,1.00,-0.003,1.00,0.033,1.00,0.086,1.00,2.440e+05,0.99,0.52,0.99,9.6,0.99,13.1,0.99,1.518e+05,1.00,0.39,1.00,9.6,1.00,10.273,1.00,27.37,1.00,27.27,1.00,27.19,1.00,-999,0.00,-999,0.00,-999,0.00,-999,0.00,-999,0.00,-999,0.00
2005-10-10 00:00:00,2005-10-10 10:00:00,-0.012,1.00,-0.072,1.00,-0.007,1.00,0.002,1.00,0.047,1.00,0.141,1.00,6.036e+05,1.00,0.87,1.00,7.6,1.00,32.8,1.00,3.231e+05,1.00,0.60,1.00,8.5,1.00,10.285,1.00,27.40,1.00,27.36,1.00,27.32,1.00,-999,0.00,-999,0.00,-999,0.00,-999,0.00,-999,0.00,-999,0.00
2005-10-17 00:00:00,2005-10-17 10:00:00,-0.014,1.00,-0.064,1.00,-0.010,1.00,-0.002,1.00,0.043,1.00,0.128,1.00,1.144e+06,0.99,0.93,0.99,12.8,0.99,353.1,0.99,5.164e+05,1.00,0.69,1.00,10.3,1.00,10.292,1.00,27.42,1.00,27.40,1.00,27.38,1.00,-999,0.00,-999,0.00,-999,0.00,-999,0.00,-999,0.00,-999,0.00
2005-10-24 00:00:00,2005-10-24 10:00:00,-0.016,1.00,-0.052,1.00,-0.016,1.00,-0.009,1.00,0.052,1.00,0.134,1.00,2.249e+06,1.00,1.17,1.00,14.0,1.00,0.9,1.00,1.662e+06,1.00,1.02,1.00,11.9,1.00,10.327,1.00,27.53,1.00,27.51,1.00,27.49,1.00,-999,0.00,-999,0.00,-999,0.00,-999,0.00,-999,0.00,-999,0.00
2005-10-31 00:00:00,2005-10-31 10:00:00,-0.001,1.00,-0.034,1.00,-0.006,1.00,-0.015,1.00,0.041,1.00,0.112,1.00,6.661e+05,0.99,0.73,0.99,12.5,0.99,356.1,0.99,4.059e+05,1.00,0.61,1.00,10.9,1.00,10.340,1.00,28.11,1.00,28.02,1.00,27.90,1.00,-999,0.00,-999,0.00,-999,0.00,-999,0.00,-999,0.00,-999,0.00
2005-11-07 00:00:00,2005-11-07 10:00:00,-0.001,1.00,-0.042,1.00,-0.010,1.00,-0.002,1.00,0.052,1.00,0.147,1.00,5.043e+05,1.00,0.65,1.00,11.2,1.00,1.9,1.00,3.237e+05,1.00,0.54,1.00,10.4,1.00,10.358,1.00,28.15,1.00,28.12,1.00,28.08,1.00,-999,0.00,-999,0.00,-999,0.00,-999,0.00,-999,0.00,-999,0.00
2005-11-14 00:00:00,2005-11-14 10:00:00,-0.014,1.00,-0.030,1.00,-0.013,1.00,-0.011,1.00,0.055,1.00,0.146,1.00,2.626e+06,1.00,1.26,1.00,14.8,1.00,349.3,1.00,1.997e+06,1.00,1.10,1.00,14.0,1.00,10.374,1.00,28.16,1.00,28.15,1.00,28.13,1.00,-999,0.00,-999,0.00,-999,0.00,-999,0.00,-999,0.00,-999,0.00
2005-11-21 00:00:00,2005-11-21 10:00:00,0.004,1.00,-0.012,1.00,-0.013,1.00,-0.014,1.00,0.042,1.00,0.100,1.00,7.951e+05,0.99,0.75,0.99,11.5,0.99,349.4,0.99,5.708e+05,1.00,0.65,1.00,10.8,1.00,10.352,1.00,28.55,1.00,28.48,1.00,28.39,1.00,-999,0.00,-999,0.00,-999,0.00,-999,0.00,-999,0.00,-999,0.00
2005-11-28 00:00:00,2005-11-28 10:00:00,-0.002,1.00,-0.026,1.00,-0.003,1.00,-0.015,1.00,0.037,1.00,0.100,1.00,1.265e+06,1.00,0.95,1.00,13.3,1.00,350.2,1.00,9.725e+05,1.00,0.86,1.00,12.0,1.00,10.330,1.00,29.15,1.00,29.02,1.00,28.85,1.00,-999,0.00,-999,0.00,-999,0.00,-999,0.00,-999,0.00,-999,0.00
2005-12-05 00:00:00,2005-12-05 10:00:00,-0.002,1.00,-0.047,1.00,-0.014,1.00,-0.022,1.00,0.050,1.00,0.146,1.00,1.706e+06,0.99,1.11,0.99,14.0,0.99,345.8,0.99,1.004e+06,1.00,0.95,1.00,11.1,1.00,10.356,1.00,28.88,1.00,28.85,1.00,28.81,1.00,-999,0.00,-999,0.00,-999,0.00,-999,0.00,-999,0.00,-999,0.00
2005-12-12 00:00:00,2005-12-12 10:00:00,0.007,0.81,0.014,0.81,-0.010,0.81,-0.009,0.81,0.041,0.81,0.124,0.81,1.603e+06,0.83,1.01,0.83,14.3,0.83,343.6,0.83,8.828e+05,0.98,0.85,0.98,11.1,0.98,10.309,0.98,28.70,0.88,28.64,0.88,28.56,0.88,28.83,0.51,35.7529,0.51,22.7093,0.51,28.64,0.51,35.8354,0.51,22.8691,0.51
2005-12-19 00:00:00,2005-12-19 10:00:00,-0.005,1.00,-0.036,1.00,-0.008,1.00,-0.014,1.00,0.037,1.00,0.134,1.00,1.359e+06,1.00,0.95,1.00,14.1,1.00,348.5,1.00,1.473e+06,1.00,0.97,1.00,13.7,1.00,10.307,1.00,29.06,1.00,28.99,1.00,28.87,1.00,29.08,1.00,35.7811,1.00,22.6468,1.00,28.92,1.00,35.8441,1.00,22.7826,1.00
2005-12-26 00:00:00,2005-12-26 10:00:00,-0.042,1.00,-0.171,1.00,-0.010,1.00,-0.012,1.00,0.053,1.00,0.181,1.00,3.770e+06,1.01,1.54,1.01,15.6,1.01,342.8,1.01,2.896e+06,1.00,1.38,1.00,14.4,1.00,10.315,1.00,29.26,1.00,29.23,1.00,29.20,1.00,29.26,1.00,35.9306,1.00,22.6980,1.00,29.21,1.00,35.9607,1.00,22.7734,1.00
2006-01-02 00:00:00,2006-01-02 10:00:00,-0.038,1.00,-0.157,1.00,-0.010,1.00,-0.012,1.00,0.053,1.00,0.172,1.00,3.165e+06,0.99,1.35,0.99,15.2,0.99,343.4,0.99,2.424e+06,1.00,1.20,1.00,14.5,1.00,10.347,1.00,29.32,1.00,29.30,1.00,29.23,1.00,29.33,1.00,36.0034,1.00,22.7291,1.00,29.26,1.00,36.0303,1.00,22.8097,1.00
2006-01-09 00:00:00,2006-01-09 10:00:00,-0.039,1.00,-0.123,1.00,-0.014,1.00,-0.006,1.00,0.052,1.00,0.146,1.00,2.596e+06,1.00,1.35,1.00,14.3,1.00,350.0,1.00,1.432e+06,1.00,1.12,1.00,11.4,1.00,10.337,1.00,29.05,1.00,29.04,1.00,29.03,1.00,29.06,1.00,35.9964,1.00,22.8155,1.00,29.03,1.00,36.0157,1.00,22.8752,1.00
2006-01-16 00:00:00,2006-01-16 10:00:00,-0.019,1.00,-0.058,1.00,-0.013,1.00,-0.006,1.00,0.040,1.00,0.100,1.00,1.713e+06,0.99,1.23,0.99,11.4,0.99,2.6,0.99,9.843e+05,1.00,0.99,1.00,10.0,1.00,10.351,1.00,28.97,1.00,28.96,1.00,28.95,1.00,28.97,1.00,35.9671,1.00,22.8234,1.00,28.95,1.00,35.9844,1.00,22.8782,1.00
2006-01-23 00:00:00,2006-01-23 10:00:00,-0.013,1.00,-0.046,1.00,-0.013,1.00,-0.010,1.00,0.046,1.00,0.134,1.00,1.757e+06,1.00,1.17,1.00,12.7,1.00,350.2,1.00,1.083e+06,1.00,0.95,1.00,11.5,1.00,10.357,1.00,28.82,1.00,28.82,1.00,28.82,1.00,28.81,1.00,35.8767,1.00,22.8074,1.00,28.82,1.00,35.9588,1.00,22.9040,1.00
2006-01-30 00:00:00,2006-01-30 10:00:00,-0.001,1.00,-0.021,1.00,-0.012,1.00,-0.016,1.00,0.046,1.00,0.125,1.00,1.976e+06,1.00,1.20,1.00,13.0,1.00,343.6,1.00,1.350e+06,1.00,1.06,1.00,11.5,1.00,10.331,1.00,28.64,1.00,28.62,1.00,28.59,1.00,28.64,1.00,35.7860,1.00,22.7954,1.00,28.60,1.00,35.8657,1.00,22.9069,1.00
2006-02-06 00:00:00,2006-02-06 10:00:00,-0.003,1.00,-0.019,1.00,-0.013,1.00,-0.020,1.00,0.038,1.00,0.114,1.00,2.712e+06,0.99,1.29,0.99,15.8,0.99,345.8,0.99,2.051e+06,1.00,1.18,1.00,14.1,1.00,10.295,1.00,28.66,1.00,28.64,1.00,28.61,1.00,28.67,1.00,35.8759,1.00,22.8543,1.00,28.62,1.00,35.9057,1.00,22.9301,1.00
2006-02-13 00:00:00,2006-02-13 10:00:00,-0.012,1.00,-0.075,1.00,-0.007,1.00,-0.011,1.00,0.036,1.00,0.119,1.00,1.554e+06,1.00,1.12,1.00,12.3,1.00,347.6,1.00,9.867e+05,1.00,0.93,1.00,11.3,1.00,10.321,1.00,28.80,1.00,28.79,1.00,28.76,1.00,28.81,1.00,35.8231,1.00,22.7696,1.00,28.77,1.00,35.9096,1.00,22.8822,1.00
2006-02-20 00:00:00,2006-02-20 10:00:00,-0.031,1.00,-0.140,1.00,-0.008,1.00,0.005,1.00,0.044,1.00,0.154,1.00,1.125e+06,0.99,0.96,0.99,11.4,0.99,356.9,0.99,6.207e+05,1.00,0.73,1.00,10.5,1.00,10.326,1.00,28.85,1.00,28.84,1.00,28.83,1.00,28.86,1.00,35.8643,1.00,22.7834,1.00,28.83,1.00,35.8936,1.00,22.8508,1.00
2006-02-27 00:00:00,2006-02-27 10:00:00,-0.020,1.00,-0.090,1.00,-0.010,1.00,-0.002,1.00,0.049,1.00,0.135,1.00,1.145e+06,1.00,0.94,1.00,10.5,1.00,7.1,1.00,8.228e+05,1.00,0.76,1.00,10.0,1.00,10.358,1.00,29.09,1.00,29.06,1.00,29.04,1.00,29.10,1.00,35.9303,1.00,22.7527,1.00,29.05,1.00,35.9408,1.00,22.8138,1.00
2006-03-06 00:00:00,2006-03-06 10:00:00,-0.012,1.00,-0.059,1.00,-0.014,1.00,-0.008,1.00,0.050,1.00,0.138,1.00,1.665e+06,1.00,1.12,1.00,13.1,1.00,359.7,1.00,1.360e+06,1.00,1.01,1.00,12.3,1.00,10.329,1.00,29.18,1.00,29.16,1.00,29.14,1.00,29.18,1.00,35.9345,1.00,22.7272,1.00,29.15,1.00,35.9423,1.00,22.7820,1.00
2006-03-13 00:00:00,2006-03-13 10:00:00,-0.037,0.05,-0.091,0.05,-0.001,0.05,-0.002,0.05,0.041,0.05,0.121,0.05,1.259e+06,0.04,1.03,0.04,11.8,0.04,4.2,0.04,8.245e+05,1.00,0.83,1.00,11.7,1.00,10.344,1.00,29.39,1.00,29.36,1.00,29.31,1.00,29.40,1.00,35.9335,1.00,22.6513,1.00,29.33,1.00,35.9404,1.00,22.7194,1.00
2006-03-20 00:00:00,2006-03-20 10:00:00,-0.000,0.71,-0.017,0.71,-0.016,0.71,-0.002,0.71,0.051,0.71,0.135,0.71,8.992e+05,0.71,0.88,0.71,11.6,0.71,2.4,0.71,5.434e+05,1.00,0.74,1.00,10.0,1.00,10.346,1.00,29.27,1.00,29.26,1.00,29.23,1.00,29.29,0.99,35.9394,0.99,22.6954,0.99,29.24,1.00,35.9397,1.00,22.7478,1.00
2006-03-27 00:00:00,2006-03-27 10:00:00,0.000,1.00,-0.027,1.00,-0.015,1.00,-0.004,1.00,0.056,1.00,0.148,1.00,1.020e+06,1.00,0.88,1.00,12.4,1.00,351.6,1.00,5.516e+05,1.00,0.68,1.00,11.0,1.00,10.350,1.00,29.34,1.00,29.31,1.00,29.28,1.00,29.36,1.00,35.9267,1.00,22.6589,1.00,29.29,1.00,35.9268,1.00,22.7212,1.00
2006-04-03 00:00:00,2006-04-03 10:00:00,-0.009,1.00,-0.052,1.00,-0.013,1.00,-0.009,1.00,0.044,1.00,0.118,1.00,1.174e+06,0.99,0.88,0.99,13.5,0.99,356.0,0.99,9.226e+05,1.00,0.77,1.00,12.2,1.00,10.332,1.00,29.39,1.00,29.37,1.00,29.35,1.00,29.41,1.00,35.9309,1.00,22.6432,1.00,29.36,1.00,35.9296,1.00,22.7009,1.00
2006-04-10 00:00:00,2006-04-10 10:00:00,-0.012,1.00,-0.048,1.00,-0.014,1.00,-0.007,1.00,0.044,1.00,0.117,1.00,1.583e+06,1.00,1.07,1.00,13.3,1.00,350.2,1.00,8.026e+05,1.00,0.83,1.00,11.0,1.00,10.374,1.00,29.26,1.00,29.26,1.00,29.26,1.00,29.27,1.00,35.9410,1.00,22.6997,1.00,29.26,1.00,35.9439,1.00,22.7458,1.00
2006-04-17 00:00:00,2006-04-17 10:00:00,-0.005,1.00,-0.013,1.00,-0.017,1.00,-0.010,1.00,0.045,1.00,0.117,1.00,1.605e+06,1.00,1.14,1.00,11.8,1.00,359.0,1.00,1.299e+06,1.00,1.05,1.00,11.3,1.00,10.380,1.00,29.04,1.00,29.04,1.00,29.04,1.00,29.04,1.00,35.9644,1.00,22.7945,1.00,29.04,1.00,35.9689,1.00,22.8388,1.00
2006-04-24 00:00:00,2006-04-24 10:00:00,0.004,1.00,-0.010,1.00,-0.016,1.00,-0.002,1.00,0.057,1.00,0.145,1.00,9.622e+05,0.99,0.84,0.99,12.6,0.99,357.1,0.99,7.380e+05,1.00,0.74,1.00,11.4,1.00,10.341,1.00,28.79,1.00,28.79,1.00,28.78,1.00,28.80,1.00,35.8907,1.00,22.8206,1.00,28.78,1.00,35.9036,1.00,22.8735,1.00
2006-05-01 00:00:00,2006-05-01 10:00:00,-0.006,1.00,-0.051,1.00,-0.010,1.00,0.002,1.00,0.046,1.00,0.129,1.00,6.420e+05,1.00,0.75,1.00,11.3,1.00,2.4,1.00,3.563e+05,1.00,0.60,1.00,10.0,1.00,10.335,1.00,28.86,1.00,28.86,1.00,28.85,1.00,28.87,1.00,35.9249,1.00,22.8199,1.00,28.85,1.00,35.9296,1.00,22.8717,1.00
2006-05-08 00:00:00,2006-05-08 10:00:00,-0.002,1.00,-0.032,1.00,-0.012,1.00,-0.002,1.00,0.044,1.00,0.121,1.00,5.274e+05,0.99,0.70,0.99,10.7,0.99,1.8,0.99,3.578e+05,1.00,0.58,1.00,10.1,1.00,10.365,1.00,28.96,1.00,28.94,1.00,28.92,1.00,28.98,1.00,35.9087,1.00,22.7735,1.00,28.93,1.00,35.9113,1.00,22.8319,1.00
2006-05-15 00:00:00,2006-05-15 10:00:00,-0.003,1.00,-0.020,1.00,-0.010,1.00,-0.003,1.00,0.044,1.00,0.111,1.00,3.943e+05,1.00,0.61,1.00,9.7,1.00,356.5,1.00,3.177e+05,1.00,0.50,1.00,10.0,1.00,10.357,1.00,28.92,1.00,28.91,1.00,28.90,1.00,28.93,1.00,35.8955,1.00,22.7780,1.00,28.90,1.00,35.8985,1.00,22.8317,1.00
2006-05-22 00:00:00,2006-05-22 10:00:00,-0.010,1.00,-0.039,1.00,-0.014,1.00,-0.005,1.00,0.045,1.00,0.135,1.00,8.945e+05,1.00,0.96,1.00,10.1,1.00,10.5,1.00,5.357e+05,1.00,0.77,1.00,9.2,1.00,10.360,1.00,28.50,1.00,28.50,1.00,28.51,1.00,28.49,1.00,35.7586,1.00,22.8238,1.00,28.51,1.00,35.8038,1.00,22.8912,1.00
2006-05-29 00:00:00,2006-05-29 10:00:00,-0.009,1.00,-0.045,1.00,-0.010,1.00,-0.003,1.00,0.038,1.00,0.100,1.00,6.292e+05,0.99,0.75,0.99,10.8,0.99,4.8,0.99,5.143e+05,1.00,0.67,1.00,10.2,1.00,10.322,1.00,28.30,1.00,28.29,1.00,28.27,1.00,28.31,1.00,35.7711,1.00,22.8908,1.00,28.28,1.00,35.7808,1.00,22.9489,1.00
2006-06-05 00:00:00,2006-06-05 10:00:00,-0.006,1.00,-0.027,1.00,-0.005,1.00,-0.001,1.00,0.038,1.00,0.086,1.00,4.060e+05,1.00,0.75,1.00,6.9,1.00,29.8,1.00,2.210e+05,1.00,0.53,1.00,7.2,1.00,10.307,1.00,28.31,1.00,28.29,1.00,28.26,1.00,28.33,1.00,35.8309,1.00,22.9289,1.00,28.27,1.00,35.8369,1.00,22.9938,1.00
2006-06-12 00:00:00,2006-06-12 10:00:00,-0.009,1.00,-0.028,1.00,-0.006,1.00,0.004,1.00,0.042,1.00,0.123,1.00,8.120e+05,0.99,1.03,0.99,7.7,0.99,22.8,0.99,4.266e+05,1.00,0.74,1.00,7.4,1.00,10.310,1.00,27.81,1.00,27.82,1.00,27.83,1.00,27.80,1.00,35.7526,1.00,23.0454,1.00,27.83,1.00,35.8033,1.00,23.1140,1.00
2006-06-19 00:00:00,2006-06-19 10:00:00,0.001,1.00,-0.007,1.00,-0.008,1.00,-0.000,1.00,0.042,1.00,0.101,1.00,4.721e+05,1.00,0.77,1.00,8.0,1.00,9.6,1.00,2.512e+05,1.00,0.56,1.00,8.2,1.00,10.326,1.00,27.64,1.00,27.63,1.00,27.62,1.00,27.65,1.00,35.8553,1.00,23.1714,1.00,27.62,1.00,35.8626,1.00,23.2249,1.00
2006-06-26 00:00:00,2006-06-26 10:00:00,-0.009,1.00,-0.021,1.00,-0.008,1.00,0.005,1.00,0.043,1.00,0.108,1.00,5.574e+05,1.00,0.91,1.00,6.8,1.00,26.8,1.00,3.154e+05,0.93,0.65,0.93,7.3,0.93,10.320,0.93,27.51,1.00,27.51,1.00,27.50,1.00,27.52,1.00,35.9001,1.00,23.2482,1.00,27.50,0.99,35.9391,0.99,23.3228,0.99
2006-07-03 00:00:00,2006-07-03 10:00:00,0.003,1.00,-0.013,1.00,-0.006,1.00,-0.000,1.00,0.031,1.00,0.079,1.00,2.662e+05,0.99,0.62,0.99,7.4,0.99,1.6,0.99,1.274e+05,1.00,0.40,1.00,8.1,1.00,10.339,1.00,27.43,1.00,27.42,1.00,27.41,1.00,27.44,1.00,35.8993,1.00,23.2731,1.00,27.42,1.00,35.9491,1.00,23.3575,1.00
2006-07-10 00:00:00,2006-07-10 10:00:00,-0.007,1.00,-0.024,1.00,-0.004,1.00,0.002,1.00,0.038,1.00,0.095,1.00,3.342e+05,1.00,0.72,1.00,6.6,1.00,25.5,1.00,1.623e+05,1.00,0.47,1.00,7.4,1.00,10.345,1.00,27.31,1.00,27.30,1.00,27.30,1.00,27.31,1.00,35.8944,1.00,23.3104,1.00,27.30,1.00,35.9436,1.00,23.3920,1.00
2006-07-17 00:00:00,2006-07-17 10:00:00,-0.008,1.00,-0.026,1.00,-0.005,1.00,0.005,1.00,0.043,1.00,0.107,1.00,3.852e+05,0.99,0.77,0.99,6.2,0.99,21.4,0.99,1.884e+05,1.00,0.49,1.00,7.4,1.00,10.325,1.00,27.19,1.00,27.18,1.00,27.17,1.00,27.20,1.00,35.9410,1.00,23.3804,1.00,27.17,1.00,35.9857,1.00,23.4653,1.00
2006-07-24 00:00:00,2006-07-24 10:00:00,-0.017,1.00,-0.059,1.00,-0.003,1.00,0.001,1.00,0.036,1.00,0.092,1.00,4.687e+05,1.00,0.87,1.00,6.1,1.00,40.4,1.00,2.314e+05,1.00,0.56,1.00,7.1,1.00,10.330,1.00,27.15,1.00,27.15,1.00,27.14,1.00,27.16,1.00,35.9646,1.00,23.4136,1.00,27.14,1.00,36.0100,1.00,23.4912,1.00
2006-07-31 00:00:00,2006-07-31 10:00:00,-0.003,1.00,-0.028,1.00,-0.005,1.00,-0.002,1.00,0.036,1.00,0.093,1.00,3.693e+05,1.00,0.71,1.00,7.4,1.00,13.8,1.00,1.931e+05,1.00,0.50,1.00,7.5,1.00,10.357,1.00,27.01,1.00,27.01,1.00,27.00,1.00,27.02,1.00,35.8726,1.00,23.3867,1.00,27.00,1.00,35.9312,1.00,23.4768,1.00
2006-08-07 00:00:00,2006-08-07 10:00:00,0.005,1.00,0.005,1.00,-0.003,1.00,-0.002,1.00,0.044,1.00,0.095,1.00,1.766e+05,0.99,0.49,0.99,7.6,0.99,21.8,0.99,7.654e+04,1.00,0.30,1.00,8.4,1.00,10.334,1.00,26.69,1.00,26.69,1.00,26.69,1.00,26.70,1.00,35.9375,1.00,23.5402,1.00,26.69,1.00,35.9840,1.00,23.6183,1.00
2006-08-14 00:00:00,2006-08-14 10:00:00,-0.002,1.00,-0.004,1.00,-0.002,1.00,0.000,1.00,0.036,1.00,0.080,1.00,2.987e+05,1.00,0.72,1.00,5.8,1.00,36.0,1.00,1.531e+05,1.00,0.47,1.00,6.9,1.00,10.315,1.00,26.61,1.00,26.60,1.00,26.59,1.00,26.63,1.00,35.9654,1.00,23.5838,1.00,26.60,1.00,36.0116,1.00,23.6679,1.00
2006-08-21 00:00:00,2006-08-21 10:00:00,-0.015,1.00,-0.046,1.00,-0.001,1.00,0.007,1.00,0.038,1.00,0.097,1.00,4.195e+05,1.00,0.78,1.00,7.1,1.00,34.7,1.00,2.050e+05,1.00,0.53,1.00,7.3,1.00,10.299,1.00,26.47,1.00,26.46,1.00,26.47,1.00,26.47,1.00,35.9672,0.06,23.6724,0.06,26.46,1.00,36.0888,1.00,23.7675,1.00
2006-08-28 00:00:00,2006-08-28 10:00:00,-0.018,1.00,-0.063,1.00,-0.003,1.00,0.006,1.00,0.032,1.00,0.088,1.00,5.032e+05,1.00,0.93,1.00,5.9,1.00,33.9,1.00,2.373e+05,1.00,0.60,1.00,6.7,1.00,10.324,1.00,26.67,1.00,26.67,1.00,26.67,1.00,26.68,1.00,-999,0.00,-999,0.00,26.66,1.00,36.2651,1.00,23.8372,1.00
2006-09-04 00:00:00,2006-09-04 10:00:00,-0.008,1.00,-0.047,1.00,-0.003,1.00,0.006,1.00,0.042,1.00,0.111,1.00,2.894e+05,1.00,0.69,1.00,6.4,1.00,34.6,1.00,1.339e+05,1.00,0.43,1.00,7.3,1.00,10.330,1.00,26.39,1.00,26.38,1.00,26.38,1.00,26.40,1.00,-999,0.00,-999,0.00,26.38,1.00,36.2257,1.00,23.8985,1.00
2006-09-11 00:00:00,2006-09-11 10:00:00,-0.007,1.00,-0.033,1.00,-0.003,1.00,0.007,1.00,0.035,1.00,0.088,1.00,3.495e+05,0.99,0.79,0.99,5.5,0.99,34.9,0.99,1.915e+05,1.00,0.52,1.00,7.1,1.00,10.304,1.00,26.63,1.00,26.60,1.00,26.54,1.00,26.67,1.00,-999,0.00,-999,0.00,26.56,1.00,36.2274,1.00,23.8405,1.00
2006-09-18 00:00:00,2006-09-18 10:00:00,-0.014,1.00,-0.063,1.00,-0.003,1.00,0.004,1.00,0.036,1.00,0.096,1.00,3.772e+05,1.00,0.73,1.00,7.3,1.00,30.0,1.00,1.990e+05,1.00,0.50,1.00,7.8,1.00,10.331,1.00,26.73,1.00,26.70,1.00,26.67,1.00,26.77,1.00,-999,0.00,-999,0.00,26.68,1.00,36.2491,1.00,23.8207,1.00
2006-09-25 00:00:00,2006-09-25 10:00:00,-0.010,1.00,-0.062,1.00,-0.006,1.00,0.000,1.00,0.032,1.00,0.086,1.00,4.527e+05,0.99,0.78,0.99,8.2,0.99,23.1,0.99,2.137e+05,1.00,0.52,1.00,8.2,1.00,10.329,1.00,26.91,1.00,26.86,1.00,26.79,1.00,26.94,1.00,-999,0.00,-999,0.00,26.82,1.00,36.2814,1.00,23.7997,1.00
2006-10-02 00:00:00,2006-10-02 10:00:00,-0.017,1.00,-0.075,1.00,-0.003,1.00,0.004,1.00,0.036,1.00,0.108,1.00,4.050e+05,1.00,0.55,1.00,12.7,1.00,348.9,1.00,1.819e+05,1.00,0.41,1.00,10.7,1.00,10.338,1.00,27.06,1.00,27.03,1.00,26.98,1.00,27.12,1.00,-999,0.00,-999,0.00,26.99,1.00,36.3388,1.00,23.7865,1.00
2006-10-09 00:00:00,2006-10-09 10:00:00,-0.000,1.00,-0.030,1.00,-0.005,1.00,-0.002,1.00,0.036,1.00,0.087,1.00,3.519e+05,1.00,0.56,1.00,10.4,1.00,359.0,1.00,1.773e+05,1.00,0.41,1.00,9.9,1.00,10.282,1.00,27.09,1.00,27.06,1.00,26.99,1.00,27.13,1.00,-999,0.00,-999,0.00,27.02,1.00,36.3168,1.00,23.7618,1.00
2006-10-16 00:00:00,2006-10-16 10:00:00,-0.014,1.00,-0.060,1.00,-0.008,1.00,0.002,1.00,0.036,1.00,0.094,1.00,1.319e+06,0.99,0.99,0.99,13.0,0.99,350.4,0.99,5.372e+05,1.00,0.72,1.00,10.0,1.00,10.312,1.00,27.13,1.00,27.12,1.00,27.10,1.00,27.14,1.00,-999,0.00,-999,0.00,27.11,1.00,36.3178,1.00,23.7339,1.00
2006-10-23 00:00:00,2006-10-23 10:00:00,-0.003,1.00,-0.024,1.00,-0.010,1.00,-0.006,1.00,0.035,1.00,0.084,1.00,9.040e+05,1.00,0.86,1.00,11.8,1.00,349.6,1.00,5.056e+05,1.00,0.68,1.00,10.7,1.00,10.293,1.00,26.94,1.00,26.94,1.00,26.94,1.00,26.95,1.00,-999,0.00,-999,0.00,26.94,1.00,36.2728,1.00,23.7539,1.00
2006-10-30 00:00:00,2006-10-30 10:00:00,-0.000,1.00,-0.017,1.00,-0.009,1.00,-0.004,1.00,0.035,1.00,0.089,1.00,6.979e+05,0.99,0.79,0.99,11.1,0.99,3.5,0.99,4.433e+05,1.00,0.64,1.00,10.6,1.00,10.313,1.00,26.84,1.00,26.82,1.00,26.79,1.00,26.86,1.00,-999,0.00,-999,0.00,26.80,1.00,36.2757,1.00,23.8009,1.00
2006-11-06 00:00:00,2006-11-06 10:00:00,-0.006,1.00,-0.054,1.00,-0.004,1.00,0.001,1.00,0.037,1.00,0.098,1.00,3.849e+05,1.00,0.63,1.00,9.4,1.00,5.8,1.00,1.705e+05,1.00,0.42,1.00,9.3,1.00,10.286,1.00,27.37,1.00,27.31,1.00,27.17,1.00,27.44,1.00,-999,0.00,-999,0.00,27.23,1.00,36.2949,1.00,23.6771,1.00
2006-11-13 00:00:00,2006-11-13 10:00:00,-0.000,1.00,-0.020,1.00,-0.004,1.00,-0.007,1.00,0.031,1.00,0.082,1.00,6.729e+05,1.00,0.78,1.00,11.5,1.00,0.4,1.00,4.393e+05,1.00,0.64,1.00,10.9,1.00,10.300,1.00,27.58,1.00,27.49,1.00,27.32,1.00,27.65,1.00,-999,0.00,-999,0.00,27.39,1.00,36.2990,1.00,23.6295,1.00
2006-11-20 00:00:00,2006-11-20 10:00:00,-0.012,1.00,-0.070,1.00,-0.007,1.00,0.002,1.00,0.036,1.00,0.108,1.00,1.223e+06,0.99,0.98,0.99,12.0,0.99,8.8,0.99,6.807e+05,1.00,0.76,1.00,10.7,1.00,10.257,1.00,27.40,1.00,27.38,1.00,27.34,1.00,27.42,1.00,-999,0.00,-999,0.00,27.35,1.00,36.3309,1.00,23.6641,1.00
2006-11-27 00:00:00,2006-11-27 10:00:00,-0.029,0.01,-0.125,0.01,-0.008,0.01,0.002,0.01,0.031,0.01,0.125,0.01,-999,0.00,-999,0.00,-999,0.00,-999,0.00,7.874e+05,1.00,0.84,1.00,10.8,1.00,10.293,1.00,27.58,1.00,27.56,1.00,27.53,1.00,27.60,1.00,-999,0.00,-999,0.00,27.54,1.00,36.2942,1.00,23.5761,1.00
2006-12-04 00:00:00,2006-12-04 10:00:00,-0.020,0.19,-0.058,0.19,0.006,0.19,-0.014,0.19,0.074,0.19,0.136,0.19,1.480e+06,0.18,0.98,0.18,15.7,0.18,344.8,0.18,6.695e+05,0.93,0.74,0.93,11.8,0.93,10.261,0.93,27.91,0.98,27.86,0.99,27.74,0.99,27.94,0.99,36.0275,0.66,23.1365,0.66,27.80,1.00,36.1182,1.00,23.3584,1.00
2006-12-11 00:00:00,2006-12-11 10:00:00,-0.018,1.00,-0.037,1.00,0.010,1.00,-0.018,1.00,0.068,1.00,0.130,1.00,1.610e+06,1.00,1.08,1.00,13.6,1.00,354.4,1.00,1.652e+06,1.00,1.09,1.00,13.2,1.00,10.290,1.00,28.80,1.00,28.69,1.00,28.43,1.00,28.91,1.00,36.0796,1.00,22.9235,1.00,28.56,1.00,36.1079,1.00,23.0996,1.00
2006-12-18 00:00:00,2006-12-18 10:00:00,0.031,1.00,0.132,1.00,0.007,1.00,0.001,1.00,0.087,1.00,0.217,1.00,1.661e+06,1.00,1.17,1.00,11.7,1.00,355.5,1.00,1.424e+06,1.00,1.08,1.00,11.5,1.00,10.273,1.00,28.66,1.00,28.59,1.00,28.41,1.00,28.72,1.00,36.1030,1.00,23.0043,1.00,28.50,1.00,36.1293,1.00,23.1373,1.00
2006-12-25 00:00:00,2006-12-25 10:00:00,-0.043,1.00,-0.121,1.00,0.004,1.00,-0.017,1.00,0.097,1.00,0.200,1.00,1.337e+06,0.11,1.04,0.11,12.4,0.11,2.0,0.11,1.125e+06,1.00,0.93,1.00,12.6,1.00,10.303,1.00,28.84,1.00,28.76,1.00,28.58,1.00,28.90,1.00,36.1066,1.00,22.9457,1.00,28.66,1.00,36.1428,1.00,23.0922,1.00
2007-01-01 00:00:00,2007-01-01 10:00:00,0.015,1.00,0.021,1.00,-0.002,1.00,-0.005,1.00,0.081,1.00,0.165,1.00,-999,0.00,-999,0.00,-999,0.00,-999,0.00,1.309e+06,1.00,1.04,1.00,11.9,1.00,10.318,1.00,29.28,1.00,29.27,1.00,29.23,1.00,29.29,1.00,36.1134,1.00,22.8223,1.00,29.26,1.00,36.1039,1.00,22.8646,1.00
2007-01-08 00:00:00,2007-01-08 10:00:00,-0.003,1.00,-0.016,1.00,-0.003,1.00,-0.008,1.00,0.067,1.00,0.135,1.00,5.307e+06,0.23,1.85,0.23,14.6,0.23,341.7,0.23,1.542e+06,1.00,1.14,1.00,10.9,1.00,10.363,1.00,28.74,1.00,28.75,1.00,28.75,1.00,28.74,1.00,35.9971,1.00,22.9193,1.00,28.75,1.00,36.0095,1.00,22.9635,1.00
2007-01-15 00:00:00,2007-01-15 10:00:00,-0.020,1.00,-0.025,1.00,0.001,1.00,-0.018,1.00,0.094,1.00,0.215,1.00,4.513e+06,1.00,2.00,1.00,10.9,1.00,341.9,1.00,2.343e+06,1.00,1.58,1.00,9.3,1.00,10.338,1.00,28.09,1.00,28.09,1.00,28.08,1.00,28.08,1.00,35.7414,1.00,22.9443,1.00,28.09,1.00,35.8295,1.00,23.0473,1.00
2007-01-22 00:00:00,2007-01-22 10:00:00,-0.060,1.00,-0.133,1.00,-0.006,1.00,-0.013,1.00,0.101,1.00,0.211,1.00,2.972e+06,1.00,1.73,1.00,10.5,1.00,347.7,1.00,1.825e+06,1.00,1.38,1.00,9.7,1.00,10.360,1.00,28.10,1.00,28.08,1.00,28.03,1.00,28.12,1.00,35.7782,1.00,22.9608,1.00,28.05,1.00,35.8269,1.00,23.0580,1.00
2007-01-29 00:00:00,2007-01-29 10:00:00,-0.057,1.00,-0.100,1.00,-0.003,1.00,-0.005,1.00,0.101,1.00,0.189,1.00,1.778e+06,0.99,1.14,0.99,12.7,0.99,348.7,0.99,1.387e+06,1.00,1.00,1.00,11.7,1.00,10.333,1.00,28.57,1.00,28.54,1.00,28.50,1.00,28.59,1.00,35.9060,1.00,22.8987,1.00,28.52,1.00,35.7963,0.02,22.9824,0.02
2007-02-05 00:00:00,2007-02-05 10:00:00,-0.013,1.00,0.013,1.00,0.002,1.00,-0.009,1.00,0.077,1.00,0.167,1.00,1.691e+06,1.00,1.10,1.00,13.3,1.00,341.5,1.00,1.210e+06,1.00,0.94,1.00,12.6,1.00,10.365,1.00,28.63,1.00,28.60,1.00,28.52,1.00,28.66,1.00,35.8202,1.00,22.8106,1.00,28.56,1.00,-999,0.00,-999,0.00
2007-02-12 00:00:00,2007-02-12 10:00:00,-0.040,0.96,-0.089,0.96,0.006,0.96,-0.022,0.96,0.088,0.96,0.179,0.96,1.937e+06,0.95,1.07,0.95,14.4,0.95,345.9,0.95,1.419e+06,1.00,0.96,1.00,13.3,1.00,10.335,1.00,29.03,1.00,28.93,1.00,28.74,1.00,29.14,1.00,35.7711,1.00,22.6141,1.00,28.83,1.00,-999,0.00,-999,0.00
2007-02-19 00:00:00,2007-02-19 10:00:00,-0.049,1.00,-0.096,1.00,-0.000,1.00,-0.008,1.00,0.090,1.00,0.162,1.00,1.484e+06,1.00,1.08,1.00,12.2,1.00,352.9,1.00,9.705e+05,1.00,0.90,1.00,11.4,1.00,10.384,1.00,29.45,1.00,29.41,1.00,29.31,1.00,29.50,1.00,35.9220,1.00,22.6080,1.00,29.36,1.00,-999,0.00,-999,0.00
2007-02-26 00:00:00,2007-02-26 10:00:00,-0.048,1.00,-0.119,1.00,-0.007,1.00,-0.001,1.00,0.074,1.00,0.140,1.00,1.324e+06,1.00,1.06,1.00,11.4,1.00,360.0,1.00,6.736e+05,1.00,0.80,1.00,10.6,1.00,10.382,1.00,29.55,1.00,29.53,1.00,29.52,1.00,29.56,1.00,36.0003,1.00,22.6438,1.00,29.52,1.00,-999,0.00,-999,0.00
2007-03-05 00:00:00,2007-03-05 10:00:00,-0.005,1.00,-0.005,1.00,-0.003,1.00,-0.004,1.00,0.065,1.00,0.141,1.00,1.743e+06,0.99,1.12,0.99,13.4,0.99,342.4,0.99,1.008e+06,1.00,0.91,1.00,12.0,1.00,10.394,1.00,29.68,1.00,29.65,1.00,29.61,1.00,29.71,1.00,36.0244,1.00,22.6132,1.00,29.63,1.00,-999,0.00,-999,0.00
2007-03-12 00:00:00,2007-03-12 10:00:00,-0.020,1.00,-0.050,1.00,-0.005,1.00,-0.007,1.00,0.073,1.00,0.147,1.00,2.559e+06,1.00,1.29,1.00,13.5,1.00,340.8,1.00,1.745e+06,1.00,1.05,1.00,12.8,1.00,10.386,1.00,29.53,1.00,29.52,1.00,29.50,1.00,29.54,1.00,35.9517,1.00,22.6142,1.00,29.51,1.00,-999,0.00,-999,0.00
2007-03-19 00:00:00,2007-03-19 10:00:00,-0.015,1.00,-0.018,1.00,-0.003,1.00,0.004,1.00,0.096,1.00,0.192,1.00,1.190e+06,0.99,0.94,0.99,12.6,0.99,342.0,0.99,6.647e+05,1.00,0.74,1.00,11.6,1.00,10.390,1.00,29.36,1.00,29.35,1.00,29.32,1.00,29.32,0.49,35.9310,0.49,22.6756,0.49,29.33,1.00,35.9692,0.51,22.7187,0.51
2007-03-26 00:00:00,2007-03-26 10:00:00,-0.044,1.00,-0.057,1.00,-0.001,1.00,0.009,1.00,0.123,1.00,0.234,1.00,7.906e+05,1.00,0.90,1.00,9.7,1.00,6.2,1.00,5.157e+05,1.00,0.73,1.00,9.6,1.00,10.386,1.00,29.26,1.00,29.24,1.00,29.21,1.00,-999,0.00,-999,0.00,-999,0.00,29.22,1.00,35.9035,1.00,22.7259,1.00
2007-04-02 00:00:00,2007-04-02 10:00:00,-0.030,1.00,-0.051,1.00,0.003,1.00,-0.003,1.00,0.084,1.00,0.150,1.00,6.412e+05,1.00,0.72,1.00,11.9,1.00,358.8,1.00,5.100e+05,1.00,0.66,1.00,11.6,1.00,10.368,1.00,29.35,1.00,29.33,1.00,29.30,1.00,-999,0.00,-999,0.00,-999,0.00,29.32,1.00,35.8327,1.00,22.6414,1.00
2007-04-09 00:00:00,2007-04-09 10:00:00,-0.007,1.00,0.016,1.00,0.001,1.00,0.000,1.00,0.080,1.00,0.150,1.00,8.508e+05,0.99,0.81,0.99,12.8,0.99,348.4,0.99,6.482e+05,1.00,0.73,1.00,12.1,1.00,10.339,1.00,29.33,1.00,29.32,1.00,29.28,1.00,-999,0.00,-999,0.00,-999,0.00,29.30,1.00,35.8406,1.00,22.6518,1.00
2007-04-16 00:00:00,2007-04-16 10:00:00,-0.029,1.00,-0.069,1.00,-0.004,1.00,0.005,1.00,0.088,1.00,0.167,1.00,7.962e+05,1.00,0.93,1.00,9.0,1.00,11.4,1.00,4.039e+05,1.00,0.65,1.00,9.4,1.00,10.335,1.00,29.20,1.00,29.19,1.00,29.18,1.00,-999,0.00,-999,0.00,-999,0.00,29.19,1.00,36.0424,1.00,22.8423,1.00
2007-04-23 00:00:00,2007-04-23 10:00:00,-0.027,1.00,-0.058,1.00,-0.003,1.00,0.004,1.00,0.091,1.00,0.172,1.00,1.242e+06,0.99,1.00,0.99,12.2,0.99,352.5,0.99,7.368e+05,1.00,0.80,1.00,11.2,1.00,10.339,1.00,29.12,1.00,29.11,1.00,29.09,1.00,-999,0.00,-999,0.00,-999,0.00,29.10,1.00,36.0413,1.00,22.8709,1.00
2007-04-30 00:00:00,2007-04-30 10:00:00,-0.022,1.00,-0.048,1.00,-0.003,1.00,0.001,1.00,0.070,1.00,0.118,1.00,6.133e+05,1.00,0.90,1.00,7.7,1.00,27.8,1.00,3.562e+05,1.00,0.62,1.00,8.9,1.00,10.363,1.00,28.81,1.00,28.81,1.00,28.81,1.00,-999,0.00,-999,0.00,-999,0.00,28.81,1.00,36.0181,1.00,22.9516,1.00
2007-05-07 00:00:00,2007-05-07 10:00:00,-0.013,1.00,-0.044,1.00,-0.001,1.00,-0.006,1.00,0.060,1.00,0.110,1.00,4.353e+05,1.00,0.66,1.00,9.9,1.00,359.6,1.00,3.600e+05,1.00,0.60,1.00,9.9,1.00,10.373,1.00,28.82,1.00,28.80,1.00,28.76,1.00,-999,0.00,-999,0.00,-999,0.00,28.78,1.00,36.0420,1.00,22.9794,1.00
2007-05-14 00:00:00,2007-05-14 10:00:00,-0.031,1.00,-0.070,1.00,-0.002,1.00,0.008,1.00,0.080,1.00,0.144,1.00,4.683e+05,0.99,0.86,0.99,6.7,0.99,29.2,0.99,1.930e+05,1.00,0.51,1.00,7.6,1.00,10.346,1.00,28.87,1.00,28.85,1.00,28.82,1.00,-999,0.00,-999,0.00,-999,0.00,28.83,1.00,35.9974,1.00,22.9267,1.00
2007-05-21 00:00:00,2007-05-21 10:00:00,-0.014,1.00,-0.027,1.00,-0.001,1.00,0.006,1.00,0.083,1.00,0.142,1.00,3.546e+05,1.00,0.69,1.00,7.8,1.00,24.5,1.00,1.865e+05,1.00,0.48,1.00,8.2,1.00,10.351,1.00,28.65,1.00,28.64,1.00,28.63,1.00,-999,0.00,-999,0.00,-999,0.00,28.63,1.00,36.0155,1.00,23.0075,1.00
2007-05-28 00:00:00,2007-05-28 10:00:00,-0.024,1.00,-0.043,1.00,-0.002,1.00,0.006,1.00,0.071,1.00,0.121,1.00,4.834e+05,0.99,0.79,0.99,8.5,0.99,18.6,0.99,1.980e+05,1.00,0.48,1.00,8.9,1.00,10.326,1.00,28.57,1.00,28.56,1.00,28.55,1.00,-999,0.00,-999,0.00,-999,0.00,28.56,1.00,36.0450,1.00,23.0551,1.00
2007-06-04 00:00:00,2007-06-04 10:00:00,-0.032,1.00,-0.054,1.00,-0.001,1.00,0.007,1.00,0.082,1.00,0.137,1.00,2.421e+05,1.00,0.59,1.00,7.0,1.00,23.1,1.00,1.440e+05,1.00,0.43,1.00,7.7,1.00,10.326,1.00,28.35,1.00,28.35,1.00,28.34,1.00,-999,0.00,-999,0.00,-999,0.00,28.34,1.00,36.0643,1.00,23.1397,1.00
2007-06-11 00:00:00,2007-06-11 10:00:00,-0.012,1.00,-0.008,1.00,0.002,1.00,0.003,1.00,0.074,1.00,0.122,1.00,2.119e+05,0.98,0.52,0.98,7.5,0.98,16.9,0.98,8.135e+04,1.00,0.31,1.00,8.7,1.00,10.339,1.00,28.01,1.00,28.01,1.00,28.02,1.00,-999,0.00,-999,0.00,-999,0.00,28.02,1.00,35.9697,1.00,23.1767,1.00
2007-06-18 00:00:00,2007-06-18 10:00:00,0.015,1.00,0.049,1.00,0.002,1.00,0.008,1.00,0.074,1.00,0.136,1.00,8.037e+05,0.99,1.07,0.99,7.1,0.99,36.3,0.99,3.896e+05,1.00,0.72,1.00,7.4,1.00,10.301,1.00,27.79,1.00,27.78,1.00,27.78,1.00,-999,0.00,-999,0.00,-999,0.00,27.78,1.00,35.9243,1.00,23.2205,1.00
2007-06-25 00:00:00,2007-06-25 10:00:00,-0.013,1.00,-0.005,1.00,0.003,1.00,0.006,1.00,0.076,1.00,0.121,1.00,4.762e+05,1.00,0.80,1.00,7.2,1.00,3.5,1.00,2.907e+05,0.96,0.60,0.96,7.9,0.96,10.322,0.97,27.54,1.00,27.54,1.00,27.54,1.00,27.53,0.94,36.0216,0.94,23.3360,0.94,27.54,1.00,36.0231,1.00,23.3730,1.00
2007-07-02 00:00:00,2007-07-02 10:00:00,0.007,0.82,0.022,0.82,0.008,0.82,0.001,0.82,0.069,0.82,0.119,0.82,4.463e+05,0.81,0.82,0.81,6.5,0.81,31.2,0.81,1.863e+05,1.00,0.50,1.00,7.3,1.00,10.320,1.00,27.16,1.00,27.16,1.00,27.17,1.00,27.16,1.00,35.9462,1.00,23.3966,1.00,27.17,1.00,36.0389,1.00,23.5048,1.00
2007-07-09 00:00:00,2007-07-09 10:00:00,-0.024,0.79,-0.043,0.79,0.001,0.79,0.012,0.79,0.078,0.79,0.133,0.79,2.059e+05,0.79,0.59,0.79,6.0,0.79,44.9,0.79,8.819e+04,1.00,0.34,1.00,8.0,1.00,10.299,1.00,27.11,1.00,27.10,1.00,27.09,1.00,27.13,1.00,36.0801,1.00,23.5081,1.00,27.09,1.00,36.0895,1.00,23.5662,1.00
2007-07-16 00:00:00,2007-07-16 10:00:00,-0.039,1.00,-0.055,1.00,-0.000,1.00,0.008,1.00,0.081,1.00,0.130,1.00,2.516e+05,1.00,0.63,1.00,6.6,1.00,41.4,1.00,1.425e+05,1.00,0.42,1.00,8.2,1.00,10.297,1.00,27.13,1.00,27.12,1.00,27.11,1.00,27.15,1.00,36.1253,1.00,23.5356,1.00,27.11,1.00,36.1308,1.00,23.5914,1.00
2007-07-23 00:00:00,2007-07-23 10:00:00,0.034,1.00,0.083,1.00,0.000,1.00,0.008,1.00,0.078,1.00,0.145,1.00,4.898e+05,0.99,0.88,0.99,5.7,0.99,58.9,0.99,2.535e+05,1.00,0.56,1.00,8.3,1.00,10.303,1.00,27.44,0.16,27.34,1.00,27.33,1.00,27.36,1.00,36.2028,1.00,23.5280,1.00,27.33,1.00,36.2066,1.00,23.5784,1.00
2007-07-30 00:00:00,2007-07-30 10:00:00,-0.014,1.00,-0.037,1.00,0.001,1.00,0.016,1.00,0.074,1.00,0.127,1.00,2.464e+05,1.00,0.63,1.00,5.8,1.00,31.5,1.00,9.750e+04,1.00,0.37,1.00,7.0,1.00,10.349,1.00,-999,0.00,27.21,1.00,27.20,1.00,27.23,1.00,36.2508,1.00,23.6054,1.00,27.20,1.00,36.2559,1.00,23.6570,1.00
2007-08-06 00:00:00,2007-08-06 10:00:00,-0.004,1.00,0.010,1.00,0.007,1.00,0.017,1.00,0.081,1.00,0.140,1.00,3.744e+05,1.00,0.80,1.00,5.7,1.00,44.8,1.00,1.591e+05,1.00,0.47,1.00,6.9,1.00,10.323,1.00,-999,0.00,27.12,1.00,27.12,1.00,27.13,1.00,36.2637,1.00,23.6462,1.00,27.12,1.00,36.2639,1.00,23.6895,1.00
2007-08-13 00:00:00,2007-08-13 10:00:00,-0.042,1.00,-0.055,1.00,0.006,1.00,0.008,1.00,0.088,1.00,0.147,1.00,4.477e+05,0.99,0.85,0.99,6.1,0.99,45.4,0.99,2.037e+05,1.00,0.54,1.00,6.9,1.00,10.339,1.00,-999,0.00,26.93,1.00,26.93,1.00,26.93,1.00,36.2321,1.00,23.6883,1.00,26.93,1.00,36.2271,1.00,23.7241,1.00
2007-08-20 00:00:00,2007-08-20 10:00:00,-0.063,1.00,-0.135,1.00,-0.002,1.00,0.014,1.00,0.094,1.00,0.170,1.00,4.122e+05,1.00,0.83,1.00,5.9,1.00,37.0,1.00,1.853e+05,1.00,0.52,1.00,6.9,1.00,10.300,1.00,-999,0.00,26.89,1.00,26.87,1.00,26.93,1.00,36.1856,1.00,23.6515,1.00,26.88,1.00,36.1725,1.00,23.6981,1.00
2007-08-27 00:00:00,2007-08-27 10:00:00,-0.047,1.00,-0.075,1.00,0.002,1.00,0.009,1.00,0.088,1.00,0.142,1.00,6.119e+05,0.99,0.98,0.99,6.3,0.99,44.1,0.99,2.801e+05,1.00,0.63,1.00,7.1,1.00,10.313,1.00,-999,0.00,26.88,1.00,26.88,1.00,26.90,1.00,36.2246,1.00,23.6919,1.00,26.88,1.00,36.2147,1.00,23.7295,1.00
2007-09-03 00:00:00,2007-09-03 10:00:00,-0.020,1.00,-0.040,1.00,0.001,1.00,0.012,1.00,0.076,1.00,0.131,1.00,2.064e+05,0.99,0.56,0.99,6.7,0.99,20.3,0.99,1.002e+05,1.00,0.36,1.00,7.8,1.00,10.284,1.00,-999,0.00,27.05,1.00,27.02,1.00,27.08,1.00,36.2480,1.00,23.6506,1.00,27.03,1.00,36.2463,1.00,23.7042,1.00
2007-09-10 00:00:00,2007-09-10 10:00:00,-0.050,1.00,-0.109,1.00,-0.003,1.00,0.013,1.00,0.080,1.00,0.142,1.00,3.939e+05,1.00,0.85,1.00,5.5,1.00,49.2,1.00,1.782e+05,1.00,0.50,1.00,7.3,1.00,10.279,1.00,-999,0.00,26.88,1.00,26.85,1.00,26.93,1.00,36.2391,1.00,23.6925,1.00,26.86,1.00,36.2247,1.00,23.7430,1.00
2007-09-17 00:00:00,2007-09-17 10:00:00,-0.022,1.00,-0.040,1.00,-0.002,1.00,0.011,1.00,0.077,1.00,0.133,1.00,3.358e+05,0.99,0.61,0.99,9.6,0.99,12.9,0.99,1.401e+05,1.00,0.40,1.00,8.8,1.00,10.274,1.00,-999,0.00,26.81,1.00,26.78,1.00,26.90,1.00,36.3128,1.00,23.7572,1.00,26.79,1.00,36.2978,1.00,23.8206,1.00
2007-09-24 00:00:00,2007-09-24 10:00:00,-0.044,1.00,-0.079,1.00,-0.000,1.00,0.008,1.00,0.074,1.00,0.128,1.00,3.827e+05,1.00,0.57,1.00,11.7,1.00,355.6,1.00,1.758e+05,1.00,0.42,1.00,9.8,1.00,10.301,1.00,-999,0.00,27.00,1.00,26.94,1.00,27.08,1.00,36.2975,1.00,23.6879,1.00,26.96,1.00,36.2773,1.00,23.7499,1.00
2007-10-01 00:00:00,2007-10-01 10:00:00,-0.053,1.00,-0.118,1.00,-0.004,1.00,0.012,1.00,0.074,1.00,0.145,1.00,6.024e+05,0.99,0.85,0.99,9.0,0.99,15.6,0.99,2.259e+05,1.00,0.54,1.00,7.9,1.00,10.285,1.00,-999,0.00,26.99,1.00,26.95,1.00,27.07,1.00,36.2904,1.00,23.6862,1.00,26.97,1.00,36.2747,1.00,23.7466,1.00
2007-10-08 00:00:00,2007-10-08 10:00:00,-0.014,1.00,-0.029,1.00,-0.000,1.00,0.010,1.00,0.058,1.00,0.104,1.00,6.093e+05,1.00,0.96,1.00,5.9,1.00,46.9,1.00,2.758e+05,1.00,0.59,1.00,7.0,1.00,10.280,1.00,-999,0.00,26.92,1.00,26.90,1.00,26.96,1.00,36.3152,1.00,23.7406,1.00,26.90,1.00,36.2993,1.00,23.7855,1.00
2007-10-15 00:00:00,2007-10-15 10:00:00,-0.013,1.00,-0.077,1.00,0.004,1.00,0.002,1.00,0.067,1.00,0.128,1.00,9.332e+05,1.00,1.02,1.00,8.5,1.00,0.7,1.00,5.194e+05,1.00,0.73,1.00,8.5,1.00,10.244,1.00,-999,0.00,26.74,1.00,26.68,1.00,26.55,0.03,36.2474,0.03,23.8207,0.03,26.70,1.00,36.1536,1.00,23.7399,1.00
2007-10-22 00:00:00,2007-10-22 10:00:00,-0.022,1.00,-0.089,1.00,-0.001,1.00,0.005,1.00,0.071,1.00,0.133,1.00,7.553e+05,0.99,0.85,0.99,10.3,0.99,14.6,0.99,3.138e+05,1.00,0.55,1.00,10.0,1.00,10.273,1.00,-999,0.00,27.24,1.00,27.14,1.00,-999,0.00,-999,0.00,-999,0.00,27.19,1.00,36.1764,1.00,23.6021,1.00
2007-10-29 00:00:00,2007-10-29 10:00:00,-0.023,1.00,-0.083,1.00,-0.005,1.00,0.006,1.00,0.066,1.00,0.128,1.00,9.326e+05,1.00,0.91,1.00,10.7,1.00,9.3,1.00,5.876e+05,1.00,0.71,1.00,10.2,1.00,10.275,1.00,-999,0.00,27.45,1.00,27.41,1.00,-999,0.00,-999,0.00,-999,0.00,27.43,1.00,36.1852,1.00,23.5301,1.00
2007-11-05 00:00:00,2007-11-05 10:00:00,-0.025,1.00,-0.055,1.00,-0.004,1.00,0.003,1.00,0.068,1.00,0.119,1.00,4.380e+05,0.99,0.66,0.99,10.0,0.99,5.4,0.99,2.393e+05,1.00,0.49,1.00,9.6,1.00,10.289,1.00,-999,0.00,27.58,1.00,27.54,1.00,-999,0.00,-999,0.00,-999,0.00,27.56,1.00,36.1932,1.00,23.4950,1.00
2007-11-12 00:00:00,2007-11-12 10:00:00,-0.067,1.00,-0.123,1.00,-0.002,1.00,0.012,1.00,0.095,1.00,0.170,1.00,5.220e+05,1.00,0.86,1.00,7.1,1.00,30.2,1.00,2.581e+05,1.00,0.57,1.00,8.0,1.00,10.292,1.00,-999,0.00,27.32,1.00,27.30,1.00,-999,0.00,-999,0.00,-999,0.00,27.31,1.00,36.1543,1.00,23.5462,1.00
2007-11-19 00:00:00,2007-11-19 10:00:00,-0.028,1.00,-0.093,1.00,0.000,1.00,-0.001,1.00,0.066,1.00,0.132,1.00,8.488e+05,1.00,0.82,1.00,11.6,1.00,357.7,1.00,5.968e+05,1.00,0.68,1.00,10.7,1.00,10.303,1.00,-999,0.00,27.73,1.00,27.64,1.00,-999,0.00,-999,0.00,-999,0.00,27.69,1.00,36.1458,1.00,23.4173,1.00
2007-11-26 00:00:00,2007-11-26 10:00:00,-0.023,1.00,-0.057,1.00,-0.000,1.00,-0.005,1.00,0.067,1.00,0.119,1.00,1.547e+06,0.99,1.04,0.99,13.5,0.99,343.7,0.99,9.205e+05,0.94,0.83,0.94,12.4,0.94,10.274,0.94,28.05,0.61,27.87,0.98,27.79,0.98,28.12,0.62,36.1404,0.62,23.2318,0.62,27.83,1.00,36.1789,1.00,23.3948,1.00
2007-12-03 00:00:00,2007-12-03 10:00:00,0.004,1.00,0.012,1.00,0.003,1.00,-0.012,1.00,0.064,1.00,0.138,1.00,2.308e+06,1.00,1.25,1.00,14.4,1.00,344.0,1.00,1.704e+06,1.00,1.12,1.00,13.3,1.00,10.258,1.00,27.87,1.00,27.85,1.00,27.80,1.00,27.87,1.00,35.9142,1.00,23.1431,1.00,27.83,1.00,36.0341,1.00,23.2851,1.00
2007-12-10 00:00:00,2007-12-10 10:00:00,-0.009,0.87,-0.041,0.87,0.001,0.87,-0.003,0.87,0.078,0.87,0.172,0.87,1.230e+06,0.87,1.06,0.87,11.0,0.87,347.5,0.87,8.103e+05,1.00,0.87,1.00,10.4,1.00,10.236,1.00,27.73,1.00,27.70,1.00,27.66,1.00,27.75,1.00,35.9117,1.00,23.1803,1.00,27.68,1.00,36.0262,1.00,23.3284,1.00
2007-12-17 00:00:00,2007-12-17 10:00:00,-0.017,1.00,-0.044,1.00,0.000,1.00,0.006,1.00,0.093,1.00,0.172,1.00,6.449e+05,1.00,0.88,1.00,8.6,1.00,15.3,1.00,3.736e+05,1.00,0.65,1.00,8.9,1.00,10.234,1.00,27.94,1.00,27.92,1.00,27.89,1.00,27.96,1.00,36.0100,1.00,23.1863,1.00,27.91,1.00,36.0858,1.00,23.2986,1.00
2007-12-24 00:00:00,2007-12-24 10:00:00,-0.036,1.00,-0.093,1.00,0.000,1.00,0.004,1.00,0.102,1.00,0.197,1.00,1.007e+06,0.99,1.04,0.99,9.6,0.99,8.9,0.99,6.684e+05,1.00,0.84,1.00,9.6,1.00,10.263,1.00,27.59,1.00,27.59,1.00,27.59,1.00,27.59,1.00,35.9050,1.00,23.2263,1.00,27.59,1.00,36.0082,1.00,23.3449,1.00
2007-12-31 00:00:00,2007-12-31 10:00:00,-0.028,1.00,-0.067,1.00,-0.006,1.00,0.001,1.00,0.081,1.00,0.162,1.00,1.559e+06,1.01,1.14,1.01,11.1,1.01,2.3,1.01,1.049e+06,1.00,0.96,1.00,10.4,1.00,10.267,1.00,27.69,1.00,27.67,1.00,27.65,1.00,27.71,1.00,35.9618,1.00,23.2315,1.00,27.66,1.00,36.0138,1.00,23.3254,1.00
2008-01-07 00:00:00,2008-01-07 10:00:00,-0.019,1.00,-0.051,1.00,0.000,1.00,-0.009,1.00,0.071,1.00,0.139,1.00,1.621e+06,1.00,1.06,1.00,13.9,1.00,355.8,1.00,1.233e+06,1.00,0.98,1.00,12.6,1.00,10.274,1.00,28.21,1.00,28.15,1.00,28.08,1.00,28.25,1.00,35.9512,1.00,23.0470,1.00,28.12,1.00,36.0096,1.00,23.1714,1.00
2008-01-14 00:00:00,2008-01-14 10:00:00,-0.075,1.00,-0.163,1.00,-0.010,1.00,-0.005,1.00,0.099,1.00,0.190,1.00,3.122e+06,0.99,1.43,0.99,14.4,0.99,346.4,0.99,1.885e+06,1.00,1.24,1.00,12.0,1.00,10.309,1.00,27.91,1.00,27.91,1.00,27.91,1.00,27.91,1.00,35.9019,1.00,23.1199,1.00,27.91,1.00,35.9688,1.00,23.2116,1.00
2008-01-21 00:00:00,2008-01-21 10:00:00,-0.100,1.00,-0.174,1.00,-0.010,1.00,-0.002,1.00,0.122,1.00,0.213,1.00,1.956e+06,1.00,1.27,1.00,11.5,1.00,350.9,1.00,1.014e+06,1.00,0.98,1.00,9.9,1.00,10.272,1.00,27.87,1.00,27.87,1.00,27.87,1.00,27.87,1.00,36.0177,1.00,23.2215,1.00,27.87,1.00,36.1000,1.00,23.3234,1.00
2008-01-28 00:00:00,2008-01-28 10:00:00,-0.077,1.00,-0.162,1.00,-0.010,1.00,-0.003,1.00,0.088,1.00,0.173,1.00,1.710e+06,0.99,1.10,0.99,12.8,0.99,359.2,0.99,1.222e+06,1.00,0.92,1.00,11.8,1.00,10.283,1.00,27.97,1.00,27.95,1.00,27.94,1.00,27.99,1.00,36.0306,1.00,23.1924,1.00,27.95,1.00,36.1234,1.00,23.3154,1.00
2008-02-04 00:00:00,2008-02-04 10:00:00,-0.040,1.00,-0.093,1.00,-0.009,1.00,-0.006,1.00,0.081,1.00,0.161,1.00,1.170e+06,1.00,0.98,1.00,12.1,1.00,0.2,1.00,7.788e+05,1.00,0.83,1.00,11.1,1.00,10.306,1.00,28.17,1.00,28.14,1.00,28.12,1.00,28.21,1.00,36.0545,1.00,23.1376,1.00,28.13,1.00,36.1474,1.00,23.2729,1.00
2008-02-11 00:00:00,2008-02-11 10:00:00,-0.018,1.00,-0.050,1.00,0.001,1.00,-0.013,1.00,0.068,1.00,0.139,1.00,1.769e+06,1.00,1.08,1.00,15.0,1.00,342.8,1.00,1.361e+06,1.00,0.99,1.00,13.9,1.00,10.319,1.00,28.46,1.00,28.42,1.00,28.38,1.00,28.39,0.21,36.0183,0.21,23.0507,0.21,28.40,1.00,36.1141,1.00,23.1587,1.00
2008-02-18 00:00:00,2008-02-18 10:00:00,-0.016,1.00,-0.042,1.00,-0.001,1.00,-0.009,1.00,0.073,1.00,0.150,1.00,1.573e+06,0.99,1.00,0.99,14.1,0.99,340.2,0.99,1.120e+06,1.00,0.85,1.00,13.4,1.00,10.320,1.00,28.76,1.00,28.71,1.00,28.65,1.00,-999,0.00,-999,0.00,-999,0.00,28.69,1.00,36.0771,1.00,23.0361,1.00
2008-02-25 00:00:00,2008-02-25 10:00:00,-0.014,1.00,-0.039,1.00,-0.004,1.00,-0.008,1.00,0.074,1.00,0.136,1.00,1.734e+06,1.00,1.07,1.00,14.3,1.00,341.9,1.00,1.167e+06,1.00,0.90,1.00,12.9,1.00,10.304,1.00,28.62,1.00,28.60,1.00,28.59,1.00,-999,0.00,-999,0.00,-999,0.00,28.60,1.00,36.1189,1.00,23.0964,1.00
2008-03-03 00:00:00,2008-03-03 10:00:00,0.010,1.00,0.025,1.00,-0.001,1.00,0.010,1.00,0.086,1.00,0.163,1.00,1.290e+06,0.99,0.98,0.99,13.2,0.99,342.6,0.99,5.439e+05,1.00,0.69,1.00,11.2,1.00,10.311,1.00,28.33,1.00,28.33,1.00,28.34,1.00,-999,0.00,-999,0.00,-999,0.00,28.34,1.00,36.1316,1.00,23.1930,1.00
2008-03-10 00:00:00,2008-03-10 10:00:00,-0.022,1.00,-0.064,1.00,-0.004,1.00,0.005,1.00,0.084,1.00,0.155,1.00,9.732e+05,1.00,0.92,1.00,11.3,1.00,359.0,1.00,4.465e+05,1.00,0.65,1.00,10.0,1.00,10.308,1.00,28.34,1.00,28.32,1.00,28.31,1.00,-999,0.00,-999,0.00,-999,0.00,28.32,1.00,36.1412,1.00,23.2056,1.00
2008-03-17 00:00:00,2008-03-17 10:00:00,-0.027,1.00,-0.035,1.00,-0.002,1.00,0.004,1.00,0.101,1.00,0.185,1.00,1.264e+06,1.00,1.03,1.00,11.9,1.00,1.9,1.00,7.172e+05,1.00,0.80,1.00,10.7,1.00,10.346,1.00,28.12,1.00,28.10,1.00,28.08,1.00,-999,0.00,-999,0.00,-999,0.00,28.09,1.00,36.1142,1.00,23.2610,1.00
2008-03-24 00:00:00,2008-03-24 10:00:00,-0.046,1.00,-0.105,1.00,-0.000,1.00,0.007,1.00,0.099,1.00,0.181,1.00,5.642e+05,0.99,0.76,0.99,9.7,0.99,9.0,0.99,3.303e+05,1.00,0.58,1.00,9.8,1.00,10.324,1.00,28.25,1.00,28.22,1.00,28.21,1.00,28.28,0.80,36.1332,0.80,23.1718,0.80,28.22,1.00,36.1113,1.00,23.2175,1.00
2008-03-31 00:00:00,2008-03-31 10:00:00,-0.047,1.00,-0.098,1.00,-0.005,1.00,0.003,1.00,0.090,1.00,0.169,1.00,6.582e+05,1.00,0.78,1.00,10.4,1.00,3.3,1.00,3.953e+05,1.00,0.62,1.00,9.8,1.00,10.341,1.00,28.38,1.00,28.35,1.00,28.34,1.00,28.41,1.00,36.1850,1.00,23.1680,1.00,28.34,1.00,36.1596,1.00,23.2114,1.00
2008-04-07 00:00:00,2008-04-07 10:00:00,-0.044,1.00,-0.108,1.00,-0.004,1.00,-0.007,1.00,0.080,1.00,0.158,1.00,1.007e+06,0.99,0.82,0.99,13.3,0.99,343.1,0.99,6.617e+05,1.00,0.68,1.00,12.2,1.00,10.334,1.00,28.39,1.00,28.37,1.00,28.36,1.00,28.41,1.00,36.1340,1.00,23.1303,1.00,28.37,1.00,36.1180,1.00,23.1731,1.00
2008-04-14 00:00:00,2008-04-14 10:00:00,-0.035,1.00,-0.062,1.00,-0.004,1.00,0.001,1.00,0.089,1.00,0.161,1.00,5.404e+05,1.00,0.79,1.00,9.0,1.00,15.4,1.00,3.513e+05,1.00,0.60,1.00,9.2,1.00,10.342,1.00,28.35,1.00,28.33,1.00,28.32,1.00,28.37,1.00,36.1372,1.00,23.1459,1.00,28.32,1.00,36.1144,1.00,23.1853,1.00
2008-04-21 00:00:00,2008-04-21 10:00:00,-0.004,1.00,-0.020,1.00,-0.000,1.00,-0.001,1.00,0.061,1.00,0.116,1.00,6.056e+05,1.00,0.78,1.00,9.8,1.00,5.8,1.00,4.113e+05,1.00,0.64,1.00,10.0,1.00,10.297,1.00,28.54,1.00,28.51,1.00,28.47,1.00,28.57,1.00,36.1187,1.00,23.0673,1.00,28.49,1.00,36.0952,1.00,23.1144,1.00
2008-04-28 00:00:00,2008-04-28 10:00:00,-0.008,1.00,-0.011,1.00,-0.001,1.00,-0.001,1.00,0.058,1.00,0.113,1.00,6.287e+05,0.99,0.75,0.99,11.0,0.99,356.4,0.99,4.121e+05,1.00,0.62,1.00,10.5,1.00,10.329,1.00,28.40,1.00,28.37,1.00,28.34,1.00,28.42,1.00,36.1016,1.00,23.1026,1.00,28.35,1.00,36.0822,1.00,23.1501,1.00
2008-05-05 00:00:00,2008-05-05 10:00:00,-0.043,1.00,-0.087,1.00,-0.005,1.00,-0.006,1.00,0.076,1.00,0.132,1.00,4.779e+05,1.00,0.69,1.00,9.9,1.00,8.0,1.00,3.459e+05,1.00,0.57,1.00,9.6,1.00,10.331,1.00,28.38,1.00,28.36,1.00,28.35,1.00,28.40,1.00,36.1019,1.00,23.1107,1.00,28.35,1.00,36.0831,1.00,23.1507,1.00
2008-05-12 00:00:00,2008-05-12 10:00:00,-0.025,1.00,-0.022,1.00,-0.004,1.00,-0.000,1.00,0.085,1.00,0.157,1.00,3.004e+05,0.99,0.60,0.99,8.4,0.99,6.2,0.99,1.670e+05,1.00,0.44,1.00,8.7,1.00,10.335,1.00,28.36,1.00,28.33,1.00,28.32,1.00,28.39,1.00,36.0435,1.00,23.0701,1.00,28.32,1.00,36.0270,1.00,23.1181,1.00
2008-05-19 00:00:00,2008-05-19 10:00:00,-0.016,1.00,-0.024,1.00,-0.004,1.00,0.000,1.00,0.067,1.00,0.124,1.00,3.936e+05,1.00,0.61,1.00,10.7,1.00,338.5,1.00,2.523e+05,1.00,0.49,1.00,10.3,1.00,10.310,1.00,28.25,1.00,28.22,1.00,28.21,1.00,28.27,1.00,36.0265,1.00,23.0959,1.00,28.22,1.00,36.0055,1.00,23.1372,1.00
2008-05-26 00:00:00,2008-05-26 10:00:00,-0.007,1.00,-0.005,1.00,0.001,1.00,0.006,1.00,0.085,1.00,0.158,1.00,5.776e+05,1.00,0.75,1.00,9.7,1.00,350.5,1.00,3.207e+05,1.00,0.56,1.00,9.7,1.00,10.332,1.00,28.11,1.00,28.10,1.00,28.10,1.00,28.13,1.00,36.0928,1.00,23.1939,1.00,28.10,1.00,36.0737,1.00,23.2274,1.00
2008-06-02 00:00:00,2008-06-02 10:00:00,-0.017,1.00,-0.014,1.00,0.001,1.00,0.010,1.00,0.090,1.00,0.163,1.00,6.635e+05,0.99,1.02,0.99,6.0,0.99,48.6,0.99,3.036e+05,1.00,0.66,1.00,6.9,1.00,10.312,1.00,27.92,1.00,27.92,1.00,27.92,1.00,27.92,1.00,36.0525,1.00,23.2295,1.00,27.92,1.00,36.0274,1.00,23.2509,1.00
2008-06-09 00:00:00,2008-06-09 10:00:00,0.014,1.00,0.036,1.00,0.008,1.00,0.014,1.00,0.088,1.00,0.160,1.00,5.746e+05,1.00,0.88,1.00,7.4,1.00,35.1,1.00,2.794e+05,1.00,0.60,1.00,7.8,1.00,10.355,1.00,27.73,1.00,27.73,1.00,27.73,1.00,27.73,1.00,36.1276,1.00,23.3502,1.00,27.73,1.00,36.1021,1.00,23.3709,1.00
2008-06-16 00:00:00,2008-06-16 10:00:00,0.103,0.34,0.232,0.34,0.027,0.34,0.042,0.34,0.115,0.34,0.242,0.34,6.776e+05,0.34,1.05,0.34,6.1,0.34,60.4,0.34,2.288e+05,0.95,0.53,0.95,8.3,0.95,10.309,0.94,27.46,1.00,27.45,1.00,27.45,1.00,27.47,0.92,36.2305,0.92,23.5128,0.92,27.45,1.00,36.2090,1.00,23.5420,1.00
2008-06-23 00:00:00,2008-06-23 10:00:00,-999,0.00,-999,0.00,-999,0.00,-999,0.00,-999,0.00,-999,0.00,-999,0.00,-999,0.00,-999,0.00,-999,0.00,1.211e+05,1.00,0.41,1.00,7.3,1.00,10.312,1.00,27.27,1.00,27.26,1.00,27.26,1.00,-999,0.00,-999,0.00,-999,0.00,27.26,1.00,36.3174,1.00,23.6845,1.00
2008-06-30 00:00:00,2008-06-30 10:00:00,-0.043,0.63,-0.063,0.63,0.003,0.63,0.008,0.63,0.072,0.63,0.113,0.63,2.274e+05,0.63,0.62,0.63,6.2,0.63,42.6,0.63,1.383e+05,1.00,0.43,1.00,7.6,1.00,10.292,1.00,27.17,1.00,27.17,1.00,27.16,1.00,-999,0.00,-999,0.00,-999,0.00,27.16,1.00,36.3976,1.00,23.7769,1.00
2008-07-07 00:00:00,2008-07-07 10:00:00,-0.014,1.00,-0.020,1.00,-0.003,1.00,0.001,1.00,0.069,1.00,0.125,1.00,3.261e+05,1.00,0.73,1.00,6.3,1.00,40.7,1.00,1.653e+05,1.00,0.48,1.00,7.2,1.00,10.322,1.00,26.96,1.00,26.97,1.00,26.97,1.00,-999,0.00,-999,0.00,-999,0.00,26.97,1.00,36.3222,1.00,23.7828,1.00
2008-07-14 00:00:00,2008-07-14 10:00:00,-0.041,1.00,-0.068,1.00,0.002,1.00,0.013,1.00,0.086,1.00,0.141,1.00,2.658e+05,0.99,0.60,0.99,7.5,0.99,32.2,0.99,1.258e+05,1.00,0.40,1.00,7.9,1.00,10.285,1.00,26.88,1.00,26.88,1.00,26.88,1.00,-999,0.00,-999,0.00,-999,0.00,26.88,1.00,36.3456,1.00,23.8286,1.00
2008-07-21 00:00:00,2008-07-21 10:00:00,-0.009,1.00,-0.004,1.00,0.006,1.00,0.016,1.00,0.084,1.00,0.137,1.00,1.859e+05,1.00,0.51,1.00,7.4,1.00,15.3,1.00,9.078e+04,1.00,0.33,1.00,8.5,1.00,10.337,1.00,26.84,1.00,26.83,1.00,26.82,1.00,-999,0.00,-999,0.00,-999,0.00,26.82,1.00,36.4360,1.00,23.9145,1.00
2008-07-28 00:00:00,2008-07-28 10:00:00,-0.002,1.00,0.001,1.00,-0.003,1.00,-0.000,1.00,0.055,1.00,0.085,1.00,3.371e+05,1.00,0.68,1.00,7.4,1.00,36.0,1.00,1.765e+05,1.00,0.47,1.00,8.1,1.00,10.315,1.00,26.62,0.77,26.59,1.00,26.59,1.00,26.53,0.23,36.4335,0.23,23.9665,0.23,26.59,1.00,36.4433,1.00,23.9950,1.00
2008-08-04 00:00:00,2008-08-04 10:00:00,0.020,1.00,0.051,1.00,0.003,1.00,0.007,1.00,0.073,1.00,0.137,1.00,3.390e+05,0.99,0.69,0.99,7.0,0.99,46.5,0.99,1.450e+05,1.00,0.43,1.00,7.5,1.00,10.306,1.00,-999,0.00,26.48,1.00,26.47,1.00,26.50,1.00,36.4598,1.00,23.9954,1.00,26.47,1.00,36.5304,1.00,24.0972,1.00
2008-08-11 00:00:00,2008-08-11 10:00:00,-0.007,1.00,0.015,1.00,0.010,1.00,0.009,1.00,0.076,1.00,0.128,1.00,4.614e+05,1.00,0.88,1.00,5.8,1.00,62.2,1.00,2.097e+05,1.00,0.55,1.00,6.7,1.00,10.260,1.00,-999,0.00,26.25,1.00,26.25,1.00,26.26,1.00,36.4664,1.00,24.0763,1.00,26.25,1.00,36.5391,1.00,24.1742,1.00
2008-08-18 00:00:00,2008-08-18 10:00:00,-0.031,0.83,-0.066,0.83,-0.001,0.83,0.013,0.83,0.086,0.83,0.162,0.83,3.097e+05,0.83,0.69,0.83,6.6,0.83,38.6,0.83,1.511e+05,1.00,0.45,1.00,7.3,1.00,10.279,1.00,-999,0.00,26.23,1.00,26.19,1.00,26.29,1.00,36.4740,1.00,24.0743,1.00,26.20,1.00,36.5405,1.00,24.1920,1.00
2008-08-25 00:00:00,2008-08-25 10:00:00,-0.029,1.00,-0.067,1.00,-0.004,1.00,0.013,1.00,0.072,1.00,0.137,1.00,3.126e+05,1.00,0.73,1.00,5.9,1.00,40.9,1.00,2.457e+05,1.00,0.58,1.00,7.2,1.00,10.278,1.00,-999,0.00,26.30,1.00,26.26,1.00,26.34,1.00,36.4970,1.00,24.0749,1.00,26.27,1.00,36.5653,1.00,24.1875,1.00
2008-09-01 00:00:00,2008-09-01 10:00:00,0.024,1.00,0.086,1.00,0.009,1.00,0.020,1.00,0.080,1.00,0.166,1.00,6.914e+05,1.00,0.98,1.00,7.0,1.00,52.0,1.00,4.828e+05,1.00,0.81,1.00,7.3,1.00,10.251,1.00,-999,0.00,26.14,1.00,26.14,1.00,26.14,1.00,36.5047,1.00,24.1418,1.00,26.14,1.00,36.5784,1.00,24.2404,1.00
2008-09-08 00:00:00,2008-09-08 10:00:00,0.020,1.00,0.075,1.00,0.009,1.00,0.024,1.00,0.085,1.00,0.157,1.00,4.518e+05,0.99,0.81,0.99,6.7,0.99,52.1,0.99,3.154e+05,1.00,0.63,1.00,7.6,1.00,10.234,1.00,-999,0.00,25.92,1.00,25.91,1.00,25.93,1.00,36.5289,1.00,24.2265,1.00,25.91,1.00,36.5940,1.00,24.3229,1.00
2008-09-15 00:00:00,2008-09-15 10:00:00,-0.038,1.00,-0.083,1.00,-0.001,1.00,0.016,1.00,0.094,1.00,0.168,1.00,2.290e+05,1.00,0.64,1.00,5.6,1.00,29.2,1.00,1.533e+05,1.00,0.45,1.00,7.6,1.00,10.241,1.00,-999,0.00,25.97,1.00,25.94,1.00,26.00,1.00,36.5464,1.00,24.2176,1.00,25.95,1.00,36.6208,1.00,24.3297,1.00
2008-09-22 00:00:00,2008-09-22 10:00:00,-0.072,1.00,-0.137,1.00,-0.004,1.00,0.010,1.00,0.107,1.00,0.184,1.00,2.382e+05,0.99,0.63,0.99,5.6,0.99,31.7,0.99,1.766e+05,1.00,0.48,1.00,7.2,1.00,10.252,1.00,-999,0.00,25.96,1.00,25.94,1.00,25.99,1.00,36.5518,1.00,24.2267,1.00,25.95,1.00,36.6341,1.00,24.3418,1.00
2008-09-29 00:00:00,2008-09-29 10:00:00,-0.060,1.00,-0.121,1.00,-0.006,1.00,0.010,1.00,0.080,1.00,0.149,1.00,2.102e+05,1.00,0.53,1.00,7.4,1.00,19.2,1.00,1.467e+05,1.00,0.38,1.00,9.6,1.00,10.262,1.00,-999,0.00,26.50,1.00,26.45,1.00,26.56,1.00,36.5160,1.00,24.0179,1.00,26.47,1.00,36.5916,1.00,24.1447,1.00
2008-10-06 00:00:00,2008-10-06 10:00:00,-0.070,1.00,-0.128,1.00,-0.002,1.00,0.006,1.00,0.097,1.00,0.168,1.00,3.825e+05,1.00,0.71,1.00,8.3,1.00,22.6,1.00,3.256e+05,1.00,0.62,1.00,8.8,1.00,10.255,1.00,-999,0.00,26.44,1.00,26.40,1.00,26.48,1.00,36.5402,1.00,24.0637,1.00,26.41,1.00,36.6180,1.00,24.1827,1.00
2008-10-13 00:00:00,2008-10-13 10:00:00,-0.113,1.00,-0.197,1.00,-0.003,1.00,0.000,1.00,0.123,1.00,0.212,1.00,6.925e+05,0.99,0.80,0.99,9.8,0.99,16.7,0.99,5.626e+05,1.00,0.73,1.00,9.1,1.00,10.269,1.00,-999,0.00,26.45,1.00,26.43,1.00,26.47,1.00,36.5186,1.00,24.0495,1.00,26.43,1.00,36.5977,1.00,24.1608,1.00
2008-10-20 00:00:00,2008-10-20 10:00:00,-0.045,1.00,-0.086,1.00,-0.000,1.00,0.009,1.00,0.103,1.00,0.183,1.00,2.936e+05,1.00,0.64,1.00,7.2,1.00,26.3,1.00,2.174e+05,1.00,0.52,1.00,7.9,1.00,10.272,1.00,-999,0.00,26.84,1.00,26.77,1.00,26.88,1.00,36.5316,1.00,23.9280,1.00,26.81,1.00,36.6102,1.00,24.0516,1.00
2008-10-27 00:00:00,2008-10-27 10:00:00,-0.027,1.00,-0.077,1.00,-0.000,1.00,0.010,1.00,0.097,1.00,0.180,1.00,4.954e+05,0.99,0.66,0.99,11.1,0.99,356.9,0.99,3.673e+05,1.00,0.59,1.00,10.1,1.00,10.271,1.00,-999,0.00,27.23,1.00,27.17,1.00,27.28,1.00,36.5533,1.00,23.8150,1.00,27.19,1.00,36.6307,1.00,23.9422,1.00
2008-11-03 00:00:00,2008-11-03 10:00:00,-0.010,1.00,-0.024,1.00,0.001,1.00,0.007,1.00,0.099,1.00,0.181,1.00,3.510e+05,1.00,0.56,1.00,11.2,1.00,6.5,1.00,2.653e+05,1.00,0.50,1.00,10.7,1.00,10.253,1.00,-999,0.00,27.48,1.00,27.31,1.00,27.56,1.00,36.5556,1.00,23.7265,1.00,27.40,1.00,36.6386,1.00,23.8829,1.00
2008-11-10 00:00:00,2008-11-10 10:00:00,-0.010,1.00,-0.045,0.99,0.003,1.00,0.004,0.99,0.087,1.00,0.158,0.99,5.226e+05,1.00,0.67,1.00,11.9,1.00,353.5,1.00,3.678e+05,1.00,0.61,1.00,9.9,1.00,10.261,1.00,-999,0.00,27.57,1.00,27.40,1.00,27.64,1.00,36.5582,1.00,23.7033,1.00,27.50,1.00,36.6416,1.00,23.8523,1.00
2008-11-17 00:00:00,2008-11-17 10:00:00,-0.018,1.00,-0.045,0.99,0.004,1.00,0.002,0.99,0.091,1.00,0.164,0.99,3.728e+05,0.99,0.55,0.99,11.6,0.99,350.2,0.99,2.862e+05,1.00,0.50,1.00,10.1,1.00,10.263,1.00,-999,0.00,27.86,1.00,27.59,1.00,27.99,1.00,36.5471,1.00,23.5813,1.00,27.73,1.00,36.6380,1.00,23.7727,1.00
2008-11-24 00:00:00,2008-11-24 10:00:00,-0.069,1.00,-0.135,1.00,-0.004,1.00,0.002,1.00,0.083,1.00,0.149,1.00,6.560e+05,1.00,0.83,1.00,9.7,1.00,14.8,1.00,5.004e+05,1.00,0.75,1.00,8.9,1.00,10.273,1.00,-999,0.00,27.99,1.00,27.96,1.00,28.00,1.00,36.4527,1.00,23.5073,1.00,27.98,1.00,36.5402,1.00,23.6190,1.00
2008-12-01 00:00:00,2008-12-01 10:00:00,-0.008,0.71,-0.008,0.71,-0.003,0.71,-0.006,0.71,0.073,0.71,0.147,0.71,9.056e+05,0.71,0.80,0.71,14.1,0.71,345.2,0.71,8.478e+05,0.73,0.86,0.73,11.4,0.73,10.289,0.73,-999,0.00,27.85,0.77,27.78,0.69,27.90,0.77,36.3715,0.77,23.4784,0.77,27.81,0.77,36.4765,0.77,23.6260,0.77
2008-12-08 00:00:00,2008-12-08 10:00:00,-0.033,1.00,-0.047,0.98,0.002,1.00,-0.015,0.98,0.078,1.00,0.167,0.98,1.144e+06,1.00,0.87,1.00,14.2,1.00,338.3,1.00,-999,0.00,-999,0.00,-999,0.00,-999,0.00,-999,0.00,-999,0.00,-999,0.00,-999,0.00,-999,0.00,-999,0.00,-999,0.00,-999,0.00,-999,0.00
2008-12-15 00:00:00,2008-12-15 10:00:00,-0.015,1.00,-0.012,1.00,0.005,1.00,-0.008,1.00,0.077,1.00,0.152,1.00,6.390e+05,0.99,0.67,0.99,13.8,0.99,352.5,0.99,-999,0.00,-999,0.00,-999,0.00,-999,0.00,-999,0.00,-999,0.00,-999,0.00,-999,0.00,-999,0.00,-999,0.00,-999,0.00,-999,0.00,-999,0.00
2008-12-22 00:00:00,2008-12-22 10:00:00,-0.030,1.00,-0.090,1.00,0.002,1.00,-0.001,1.00,0.092,1.00,0.161,1.00,8.318e+05,1.00,0.86,1.00,11.4,1.00,359.4,1.00,-999,0.00,-999,0.00,-999,0.00,-999,0.00,-999,0.00,-999,0.00,-999,0.00,-999,0.00,-999,0.00,-999,0.00,-999,0.00,-999,0.00,-999,0.00
2008-12-29 00:00:00,2008-12-29 10:00:00,-0.038,1.00,-0.073,1.00,-0.003,1.00,-0.004,1.00,0.107,1.00,0.212,1.00,1.389e+06,1.01,1.00,1.01,13.6,1.01,354.9,1.01,1.210e+06,0.63,0.97,0.63,12.4,0.63,10.301,0.63,28.55,0.63,28.54,0.63,28.48,0.63,28.57,0.63,36.2993,0.63,23.2042,0.63,28.52,0.63,36.2657,0.63,23.2292,0.63
2009-01-05 00:00:00,2009-01-05 10:00:00,-0.026,1.00,-0.037,1.00,0.007,1.00,-0.013,1.00,0.074,1.00,0.151,1.00,8.655e+05,0.99,0.81,0.99,13.0,0.99,343.7,0.99,7.101e+05,1.00,0.77,1.00,11.6,1.00,10.312,1.00,28.74,1.00,28.70,1.00,28.58,1.00,28.79,1.00,36.2441,1.00,23.0892,1.00,28.66,1.00,36.2198,0.83,23.1459,0.83
2009-01-12 00:00:00,2009-01-12 10:00:00,-0.004,1.00,0.027,1.00,0.005,1.00,-0.008,1.00,0.086,1.00,0.176,1.00,1.322e+06,1.00,0.93,1.00,13.5,1.00,334.1,1.00,1.138e+06,1.00,0.88,1.00,11.8,1.00,10.291,1.00,28.63,1.00,28.59,1.00,28.48,1.00,28.66,1.00,36.2051,1.00,23.1008,1.00,28.56,1.00,-999,0.00,-999,0.00
2009-01-19 00:00:00,2009-01-19 10:00:00,-0.007,1.00,0.002,1.00,0.005,1.00,-0.011,1.00,0.079,1.00,0.179,1.00,2.128e+06,0.99,1.22,0.99,13.9,0.99,337.9,0.99,1.795e+06,1.00,1.22,1.00,12.1,1.00,10.256,1.00,28.78,1.00,28.73,1.00,28.61,1.00,28.82,1.00,36.2382,1.00,23.0746,1.00,28.69,1.00,-999,0.00,-999,0.00
2009-01-26 00:00:00,2009-01-26 10:00:00,0.003,1.00,-0.022,1.00,0.001,1.00,-0.005,1.00,0.077,1.00,0.136,1.00,1.030e+06,1.00,0.85,1.00,13.2,1.00,347.8,1.00,8.179e+05,1.00,0.82,1.00,11.6,1.00,10.277,1.00,29.05,1.00,29.03,1.00,28.97,1.00,29.07,1.00,36.2556,1.00,23.0017,1.00,29.01,1.00,-999,0.00,-999,0.00
2009-02-02 00:00:00,2009-02-02 10:00:00,0.023,1.00,0.029,1.00,0.004,1.00,0.010,1.00,0.098,1.00,0.167,1.00,7.413e+05,0.99,0.86,0.99,9.6,0.99,11.1,0.99,6.030e+05,1.00,0.78,1.00,8.9,1.00,10.274,1.00,28.79,1.00,28.78,1.00,28.76,1.00,28.80,1.00,36.3073,1.00,23.1303,1.00,28.77,1.00,-999,0.00,-999,0.00
2009-02-09 00:00:00,2009-02-09 10:00:00,-0.011,1.00,-0.025,1.00,0.002,1.00,-0.005,1.00,0.072,1.00,0.133,1.00,1.594e+06,1.00,1.05,1.00,13.9,1.00,348.5,1.00,1.472e+06,1.00,1.04,1.00,12.7,1.00,10.276,1.00,29.03,1.00,28.99,1.00,28.91,1.00,29.06,1.00,36.3475,1.00,23.0737,1.00,28.96,1.00,-999,0.00,-999,0.00
2009-02-16 00:00:00,2009-02-16 10:00:00,-0.022,1.00,-0.034,1.00,-0.004,1.00,-0.003,1.00,0.095,1.00,0.159,1.00,1.507e+06,0.99,1.06,0.99,12.7,0.99,354.3,0.99,1.036e+06,1.00,0.97,1.00,10.8,1.00,10.278,1.00,29.00,1.00,28.99,1.00,28.97,1.00,29.01,1.00,36.3966,1.00,23.1292,1.00,28.98,1.00,-999,0.00,-999,0.00
2009-02-23 00:00:00,2009-02-23 10:00:00,0.120,0.07,0.226,0.07,-0.000,0.07,0.015,0.07,0.121,0.07,0.227,0.07,-999,0.00,-999,0.00,-999,0.00,-999,0.00,1.168e+06,1.00,0.96,1.00,12.1,1.00,10.314,1.00,28.76,1.00,28.74,1.00,28.72,1.00,28.79,1.00,36.3862,1.00,23.1950,1.00,28.73,1.00,-999,0.00,-999,0.00
2009-03-02 00:00:00,2009-03-02 10:00:00,-999,0.00,-999,0.00,-999,0.00,-999,0.00,-999,0.00,-999,0.00,-999,0.00,-999,0.00,-999,0.00,-999,0.00,2.309e+06,1.00,1.32,1.00,11.6,1.00,10.300,1.00,28.74,1.00,28.73,1.00,28.70,1.00,28.76,1.00,36.3365,1.00,23.1679,1.00,28.72,1.00,-999,0.00,-999,0.00
2009-03-09 00:00:00,2009-03-09 10:00:00,-999,0.00,-999,0.00,-999,0.00,-999,0.00,-999,0.00,-999,0.00,-999,0.00,-999,0.00,-999,0.00,-999,0.00,1.432e+06,1.00,1.05,1.00,12.6,1.00,10.315,1.00,28.48,1.00,28.48,1.00,28.48,1.00,28.48,1.00,36.1559,1.00,23.1260,1.00,28.48,1.00,-999,0.00,-999,0.00
2009-03-16 00:00:00,2009-03-16 10:00:00,-999,0.00,-999,0.00,-999,0.00,-999,0.00,-999,0.00,-999,0.00,-999,0.00,-999,0.00,-999,0.00,-999,0.00,8.487e+05,1.00,0.83,1.00,11.3,1.00,10.322,1.00,28.67,1.00,28.66,1.00,28.64,1.00,28.68,1.00,36.0823,1.00,23.0038,1.00,28.65,1.00,-999,0.00,-999,0.00
2009-03-23 00:00:00,2009-03-23 10:00:00,-999,0.00,-999,0.00,-999,0.00,-999,0.00,-999,0.00,-999,0.00,-999,0.00,-999,0.00,-999,0.00,-999,0.00,5.428e+05,1.00,0.66,1.00,11.1,1.00,10.342,1.00,28.87,1.00,28.86,1.00,28.83,1.00,28.89,1.00,36.0852,1.00,22.9338,1.00,28.85,1.00,-999,0.00,-999,0.00
2009-03-30 00:00:00,2009-03-30 10:00:00,-999,0.00,-999,0.00,-999,0.00,-999,0.00,-999,0.00,-999,0.00,-999,0.00,-999,0.00,-999,0.00,-999,0.00,6.786e+05,1.00,0.81,1.00,10.0,1.00,10.339,1.00,28.87,1.00,28.86,1.00,28.86,1.00,28.87,1.00,36.1119,1.00,22.9610,1.00,28.86,1.00,-999,0.00,-999,0.00
2009-04-06 00:00:00,2009-04-06 10:00:00,-999,0.00,-999,0.00,-999,0.00,-999,0.00,-999,0.00,-999,0.00,-999,0.00,-999,0.00,-999,0.00,-999,0.00,9.984e+05,1.00,0.85,1.00,12.7,1.00,10.328,1.00,29.05,1.00,29.04,1.00,29.00,1.00,29.08,1.00,36.1932,1.00,22.9539,1.00,29.02,1.00,-999,0.00,-999,0.00
2009-04-13 00:00:00,2009-04-13 10:00:00,-999,0.00,-999,0.00,-999,0.00,-999,0.00,-999,0.00,-999,0.00,-999,0.00,-999,0.00,-999,0.00,-999,0.00,4.422e+05,1.00,0.68,1.00,9.4,1.00,10.321,1.00,28.81,1.00,28.79,1.00,28.76,1.00,28.83,1.00,36.2560,1.00,23.0837,1.00,28.78,1.00,-999,0.00,-999,0.00
2009-04-20 00:00:00,2009-04-20 10:00:00,-999,0.00,-999,0.00,-999,0.00,-999,0.00,-999,0.00,-999,0.00,-999,0.00,-999,0.00,-999,0.00,-999,0.00,3.773e+05,1.00,0.61,1.00,9.9,1.00,10.346,1.00,29.00,1.00,28.99,1.00,28.97,1.00,29.02,1.00,36.2495,1.00,23.0139,1.00,28.98,1.00,-999,0.00,-999,0.00
2009-04-27 00:00:00,2009-04-27 10:00:00,-999,0.00,-999,0.00,-999,0.00,-999,0.00,-999,0.00,-999,0.00,-999,0.00,-999,0.00,-999,0.00,-999,0.00,3.341e+05,1.00,0.61,1.00,8.9,1.00,10.332,1.00,28.79,1.00,28.78,1.00,28.76,1.00,28.80,1.00,36.1574,1.00,23.0172,1.00,28.77,1.00,-999,0.00,-999,0.00
2009-05-04 00:00:00,2009-05-04 10:00:00,-999,0.00,-999,0.00,-999,0.00,-999,0.00,-999,0.00,-999,0.00,-999,0.00,-999,0.00,-999,0.00,-999,0.00,2.566e+05,1.00,0.47,1.00,11.1,1.00,10.338,1.00,28.70,1.00,28.68,1.00,28.66,1.00,28.72,1.00,36.2422,1.00,23.1098,1.00,28.67,1.00,-999,0.00,-999,0.00
2009-05-11 00:00:00,2009-05-11 10:00:00,-999,0.00,-999,0.00,-999,0.00,-999,0.00,-999,0.00,-999,0.00,-999,0.00,-999,0.00,-999,0.00,-999,0.00,1.724e+05,1.00,0.45,1.00,8.6,1.00,10.335,1.00,28.40,1.00,28.39,1.00,28.39,1.00,28.40,1.00,36.2994,1.00,23.2594,1.00,28.39,1.00,-999,0.00,-999,0.00
2009-05-18 00:00:00,2009-05-18 10:00:00,-999,0.00,-999,0.00,-999,0.00,-999,0.00,-999,0.00,-999,0.00,-999,0.00,-999,0.00,-999,0.00,-999,0.00,1.042e+05,1.00,0.34,1.00,9.0,1.00,10.350,1.00,28.19,1.00,28.18,1.00,28.17,1.00,28.22,0.64,36.3398,0.64,23.3475,0.64,28.17,1.00,-999,0.00,-999,0.00
2009-05-25 00:00:00,2009-05-25 10:00:00,-999,0.00,-999,0.00,-999,0.00,-999,0.00,-999,0.00,-999,0.00,-999,0.00,-999,0.00,-999,0.00,-999,0.00,1.937e+05,1.00,0.47,1.00,8.0,1.00,10.319,1.00,28.07,1.00,28.06,1.00,28.06,1.00,-999,0.00,-999,0.00,-999,0.00,28.07,0.83,-999,0.00,-999,0.00
2009-06-01 00:00:00,2009-06-01 10:00:00,-999,0.00,-999,0.00,-999,0.00,-999,0.00,-999,0.00,-999,0.00,-999,0.00,-999,0.00,-999,0.00,-999,0.00,3.291e+05,1.00,0.61,1.00,8.2,1.00,10.322,1.00,27.92,1.00,27.91,1.00,27.91,1.00,-999,0.00,-999,0.00,-999,0.00,-999,0.00,-999,0.00,-999,0.00
2009-06-08 00:00:00,2009-06-08 10:00:00,-999,0.00,-999,0.00,-999,0.00,-999,0.00,-999,0.00,-999,0.00,-999,0.00,-999,0.00,-999,0.00,-999,0.00,1.093e+05,1.00,0.35,1.00,8.4,1.00,10.309,1.00,27.65,1.00,27.65,1.00,27.65,1.00,-999,0.00,-999,0.00,-999,0.00,-999,0.00,-999,0.00,-999,0.00
2009-06-15 00:00:00,2009-06-15 10:00:00,-999,0.00,-999,0.00,-999,0.00,-999,0.00,-999,0.00,-999,0.00,-999,0.00,-999,0.00,-999,0.00,-999,0.00,4.614e+04,1.00,0.24,1.00,8.1,1.00,10.317,1.00,27.47,1.00,27.45,1.00,27.42,1.00,-999,0.00,-999,0.00,-999,0.00,-999,0.00,-999,0.00,-999,0.00
2009-06-22 00:00:00,2009-06-22 10:00:00,-999,0.00,-999,0.00,-999,0.00,-999,0.00,-999,0.00,-999,0.00,-999,0.00,-999,0.00,-999,0.00,-999,0.00,2.657e+05,0.93,0.60,0.93,7.4,0.93,10.256,0.91,27.60,0.99,27.58,0.99,27.55,0.99,27.62,0.93,36.2787,0.93,23.5002,0.93,27.57,0.93,36.2799,0.93,23.5512,0.93
2009-06-29 00:00:00,2009-06-29 10:00:00,-999,0.00,-999,0.00,-999,0.00,-999,0.00,-999,0.00,-999,0.00,-999,0.00,-999,0.00,-999,0.00,-999,0.00,3.318e+05,1.00,0.66,1.00,7.4,1.00,10.274,1.00,27.33,1.00,27.33,1.00,27.32,1.00,27.33,1.00,36.3009,1.00,23.6097,1.00,27.32,1.00,36.3039,1.00,23.6489,1.00
2009-07-06 00:00:00,2009-07-06 10:00:00,-999,0.00,-999,0.00,-999,0.00,-999,0.00,-999,0.00,-999,0.00,-999,0.00,-999,0.00,-999,0.00,-999,0.00,1.430e+05,1.00,0.40,1.00,8.8,1.00,10.276,1.00,27.24,1.00,27.22,1.00,27.19,1.00,27.26,0.66,36.3362,0.66,23.6580,0.66,27.20,1.00,36.3440,1.00,23.7177,1.00
2009-07-13 00:00:00,2009-07-13 10:00:00,-999,0.00,-999,0.00,-999,0.00,-999,0.00,-999,0.00,-999,0.00,-999,0.00,-999,0.00,-999,0.00,-999,0.00,1.225e+05,1.00,0.39,1.00,7.8,1.00,10.259,1.00,27.13,1.00,27.12,1.00,27.11,1.00,-999,0.00,-999,0.00,-999,0.00,27.12,1.00,36.3664,1.00,23.7626,1.00
2009-07-20 00:00:00,2009-07-20 10:00:00,-999,0.00,-999,0.00,-999,0.00,-999,0.00,-999,0.00,-999,0.00,-999,0.00,-999,0.00,-999,0.00,-999,0.00,2.184e+05,1.00,0.56,1.00,6.8,1.00,10.302,1.00,26.98,1.00,26.98,1.00,26.98,1.00,-999,0.00,-999,0.00,-999,0.00,26.98,1.00,36.3821,1.00,23.8189,1.00
2009-07-27 00:00:00,2009-07-27 10:00:00,-999,0.00,-999,0.00,-999,0.00,-999,0.00,-999,0.00,-999,0.00,-999,0.00,-999,0.00,-999,0.00,-999,0.00,1.273e+05,1.00,0.40,1.00,7.6,1.00,10.278,1.00,26.80,1.00,26.79,1.00,26.78,1.00,-999,0.00,-999,0.00,-999,0.00,26.78,1.00,36.3955,1.00,23.8912,1.00
2009-08-03 00:00:00,2009-08-03 10:00:00,-999,0.00,-999,0.00,-999,0.00,-999,0.00,-999,0.00,-999,0.00,-999,0.00,-999,0.00,-999,0.00,-999,0.00,6.995e+04,1.00,0.29,1.00,8.4,1.00,10.269,1.00,26.60,1.00,26.58,1.00,26.55,1.00,-999,0.00,-999,0.00,-999,0.00,26.56,1.00,36.3749,1.00,23.9474,1.00
2009-08-10 00:00:00,2009-08-10 10:00:00,-999,0.00,-999,0.00,-999,0.00,-999,0.00,-999,0.00,-999,0.00,-999,0.00,-999,0.00,-999,0.00,-999,0.00,1.366e+05,1.00,0.41,1.00,7.8,1.00,10.255,1.00,26.71,1.00,26.69,1.00,26.67,1.00,-999,0.00,-999,0.00,-999,0.00,26.68,1.00,36.3644,1.00,23.9011,1.00
2009-08-17 00:00:00,2009-08-17 10:00:00,-999,0.00,-999,0.00,-999,0.00,-999,0.00,-999,0.00,-999,0.00,-999,0.00,-999,0.00,-999,0.00,-999,0.00,1.407e+05,1.00,0.42,1.00,7.7,1.00,10.283,1.00,26.79,1.00,26.78,1.00,26.76,1.00,-999,0.00,-999,0.00,-999,0.00,26.77,1.00,36.3593,1.00,23.8699,1.00
2009-08-24 00:00:00,2009-08-24 10:00:00,-999,0.00,-999,0.00,-999,0.00,-999,0.00,-999,0.00,-999,0.00,-999,0.00,-999,0.00,-999,0.00,-999,0.00,1.079e+05,1.00,0.37,1.00,8.0,1.00,10.277,1.00,26.81,1.00,26.79,1.00,26.77,1.00,-999,0.00,-999,0.00,-999,0.00,26.78,1.00,36.3694,1.00,23.8718,1.00
2009-08-31 00:00:00,2009-08-31 10:00:00,-999,0.00,-999,0.00,-999,0.00,-999,0.00,-999,0.00,-999,0.00,-999,0.00,-999,0.00,-999,0.00,-999,0.00,3.397e+05,1.00,0.63,1.00,8.2,1.00,10.265,1.00,26.42,1.00,26.42,1.00,26.41,1.00,-999,0.00,-999,0.00,-999,0.00,26.41,1.00,36.3744,1.00,23.9940,1.00
2009-09-07 00:00:00,2009-09-07 10:00:00,-999,0.00,-999,0.00,-999,0.00,-999,0.00,-999,0.00,-999,0.00,-999,0.00,-999,0.00,-999,0.00,-999,0.00,2.178e+05,1.00,0.54,1.00,7.5,1.00,10.285,1.00,26.56,1.00,26.55,1.00,26.53,1.00,-999,0.00,-999,0.00,-999,0.00,26.54,1.00,36.3851,0.69,23.9705,0.69
2009-09-14 00:00:00,2009-09-14 10:00:00,-999,0.00,-999,0.00,-999,0.00,-999,0.00,-999,0.00,-999,0.00,-999,0.00,-999,0.00,-999,0.00,-999,0.00,2.952e+05,1.00,0.56,1.00,9.4,1.00,10.280,1.00,26.90,1.00,26.89,1.00,26.86,1.00,-999,0.00,-999,0.00,-999,0.00,26.87,1.00,-999,0.00,-999,0.00
2009-09-21 00:00:00,2009-09-21 10:00:00,-999,0.00,-999,0.00,-999,0.00,-999,0.00,-999,0.00,-999,0.00,-999,0.00,-999,0.00,-999,0.00,-999,0.00,2.858e+05,1.00,0.59,1.00,8.2,1.00,10.316,1.00,26.99,1.00,26.98,1.00,26.97,1.00,-999,0.00,-999,0.00,-999,0.00,26.98,1.00,-999,0.00,-999,0.00
2009-09-28 00:00:00,2009-09-28 10:00:00,-999,0.00,-999,0.00,-999,0.00,-999,0.00,-999,0.00,-999,0.00,-999,0.00,-999,0.00,-999,0.00,-999,0.00,6.178e+05,1.00,0.82,1.00,9.2,1.00,10.297,1.00,26.81,1.00,26.81,1.00,26.82,1.00,-999,0.00,-999,0.00,-999,0.00,26.81,1.00,-999,0.00,-999,0.00
2009-10-05 00:00:00,2009-10-05 10:00:00,-999,0.00,-999,0.00,-999,0.00,-999,0.00,-999,0.00,-999,0.00,-999,0.00,-999,0.00,-999,0.00,-999,0.00,2.463e+05,1.00,0.53,1.00,8.9,1.00,10.267,1.00,26.74,1.00,26.72,1.00,26.68,1.00,-999,0.00,-999,0.00,-999,0.00,26.70,1.00,-999,0.00,-999,0.00
2009-10-12 00:00:00,2009-10-12 10:00:00,-999,0.00,-999,0.00,-999,0.00,-999,0.00,-999,0.00,-999,0.00,-999,0.00,-999,0.00,-999,0.00,-999,0.00,3.084e+05,1.00,0.51,1.00,11.0,1.00,10.303,1.00,27.16,1.00,27.11,1.00,27.04,1.00,-999,0.00,-999,0.00,-999,0.00,27.07,1.00,-999,0.00,-999,0.00
2009-10-19 00:00:00,2009-10-19 10:00:00,-999,0.00,-999,0.00,-999,0.00,-999,0.00,-999,0.00,-999,0.00,-999,0.00,-999,0.00,-999,0.00,-999,0.00,1.384e+05,1.00,0.34,1.00,11.4,1.00,10.290,1.00,27.21,1.00,27.17,1.00,27.10,1.00,-999,0.00,-999,0.00,-999,0.00,27.13,1.00,-999,0.00,-999,0.00
2009-10-26 00:00:00,2009-10-26 10:00:00,-999,0.00,-999,0.00,-999,0.00,-999,0.00,-999,0.00,-999,0.00,-999,0.00,-999,0.00,-999,0.00,-999,0.00,3.054e+05,1.00,0.53,1.00,10.4,1.00,10.295,1.00,27.36,1.00,27.32,1.00,27.26,1.00,-999,0.00,-999,0.00,-999,0.00,27.29,1.00,-999,0.00,-999,0.00
2009-11-02 00:00:00,2009-11-02 10:00:00,-999,0.00,-999,0.00,-999,0.00,-999,0.00,-999,0.00,-999,0.00,-999,0.00,-999,0.00,-999,0.00,-999,0.00,9.844e+05,1.00,0.83,1.00,13.0,1.00,10.271,1.00,27.56,1.00,27.53,1.00,27.45,1.00,-999,0.00,-999,0.00,-999,0.00,27.49,1.00,-999,0.00,-999,0.00
2009-11-09 00:00:00,2009-11-09 10:00:00,-999,0.00,-999,0.00,-999,0.00,-999,0.00,-999,0.00,-999,0.00,-999,0.00,-999,0.00,-999,0.00,-999,0.00,6.586e+05,1.00,0.75,1.00,11.6,1.00,10.334,1.00,28.30,1.00,28.22,1.00,28.05,1.00,-999,0.00,-999,0.00,-999,0.00,28.13,1.00,-999,0.00,-999,0.00
2009-11-16 00:00:00,2009-11-16 10:00:00,-999,0.00,-999,0.00,-999,0.00,-999,0.00,-999,0.00,-999,0.00,-999,0.00,-999,0.00,-999,0.00,-999,0.00,5.956e+05,1.00,0.76,1.00,10.2,1.00,10.333,1.00,28.35,1.00,28.32,1.00,28.21,1.00,-999,0.00,-999,0.00,-999,0.00,28.27,1.00,-999,0.00,-999,0.00
2009-11-23 00:00:00,2009-11-23 10:00:00,-999,0.00,-999,0.00,-999,0.00,-999,0.00,-999,0.00,-999,0.00,-999,0.00,-999,0.00,-999,0.00,-999,0.00,9.174e+05,1.00,0.85,1.00,11.9,1.00,10.321,1.00,27.83,1.00,27.78,1.00,27.71,1.00,-999,0.00,-999,0.00,-999,0.00,27.92,0.05,-999,0.00,-999,0.00
2009-11-30 00:00:00,2009-11-30 10:00:00,-0.004,0.65,-0.018,0.65,-0.008,0.65,-0.006,0.65,0.058,0.65,0.126,0.65,1.267e+06,0.57,0.98,0.57,13.4,0.57,356.1,0.57,9.138e+05,0.45,0.84,0.45,12.4,0.45,10.337,0.45,27.92,1.00,27.89,1.00,27.87,1.00,-999,0.00,-999,0.00,-999,0.00,-999,0.00,-999,0.00,-999,0.00
2009-12-07 00:00:00,2009-12-07 10:00:00,-0.056,1.00,-0.133,1.00,-0.010,1.00,-0.025,1.00,0.079,1.00,0.186,1.00,3.583e+06,1.00,1.47,1.00,15.9,1.00,2.3,1.00,-999,0.00,-999,0.00,-999,0.00,-999,0.00,28.54,1.00,28.50,1.00,28.44,1.00,-999,0.00,-999,0.00,-999,0.00,-999,0.00,-999,0.00,-999,0.00
2009-12-14 00:00:00,2009-12-14 10:00:00,-0.007,1.00,0.001,1.00,-0.007,1.00,-0.012,1.00,0.055,1.00,0.129,1.00,1.019e+06,1.00,0.85,1.00,12.7,1.00,348.3,1.00,-999,0.00,-999,0.00,-999,0.00,-999,0.00,28.58,1.00,28.53,1.00,28.45,1.00,-999,0.00,-999,0.00,-999,0.00,-999,0.00,-999,0.00,-999,0.00
2009-12-21 00:00:00,2009-12-21 10:00:00,-0.004,1.00,-0.017,1.00,-0.010,1.00,-0.010,1.00,0.060,1.00,0.134,1.00,1.487e+06,1.00,1.02,1.00,13.2,1.00,357.6,1.00,-999,0.00,-999,0.00,-999,0.00,-999,0.00,28.68,1.00,28.65,1.00,28.62,1.00,-999,0.00,-999,0.00,-999,0.00,-999,0.00,-999,0.00,-999,0.00
2009-12-28 00:00:00,2009-12-28 10:00:00,-0.014,1.00,-0.034,1.00,-0.009,1.00,-0.017,1.00,0.056,1.00,0.133,1.00,2.495e+06,1.04,1.26,1.04,14.2,1.04,353.4,1.04,-999,0.00,-999,0.00,-999,0.00,-999,0.00,29.20,1.00,29.15,1.00,29.10,1.00,29.02,0.01,36.1922,0.01,22.9652,0.01,-999,0.00,-999,0.00,-999,0.00
2010-01-04 00:00:00,2010-01-04 10:00:00,0.009,1.00,0.045,1.00,-0.006,1.00,-0.023,1.00,0.055,1.00,0.127,1.00,2.461e+06,1.00,1.33,1.00,13.4,1.00,347.3,1.00,-999,0.00,-999,0.00,-999,0.00,-999,0.00,28.96,1.00,28.93,1.00,28.87,1.00,28.90,1.00,36.0472,1.00,22.8943,1.00,-999,0.00,-999,0.00,-999,0.00
2010-01-11 00:00:00,2010-01-11 10:00:00,-0.019,1.00,-0.021,1.00,-0.006,1.00,-0.025,1.00,0.060,1.00,0.161,1.00,3.231e+06,1.00,1.47,1.00,14.6,1.00,352.6,1.00,-999,0.00,-999,0.00,-999,0.00,-999,0.00,28.91,1.00,28.85,1.00,28.74,1.00,28.81,1.00,36.0040,1.00,22.8931,1.00,-999,0.00,-999,0.00,-999,0.00
2010-01-18 00:00:00,2010-01-18 10:00:00,-0.004,1.00,-0.008,1.00,-0.007,1.00,-0.022,1.00,0.048,1.00,0.125,1.00,3.102e+06,0.98,1.40,0.98,15.7,0.98,355.9,0.98,-999,0.00,-999,0.00,-999,0.00,-999,0.00,28.87,1.00,28.85,1.00,28.82,1.00,28.79,0.08,36.0415,0.08,22.9298,0.08,-999,0.00,-999,0.00,-999,0.00
2010-01-25 00:00:00,2010-01-25 10:00:00,-0.018,1.00,-0.041,1.00,-0.005,1.00,-0.021,1.00,0.049,1.00,0.136,1.00,2.211e+06,1.00,1.28,1.00,12.9,1.00,350.2,1.00,-999,0.00,-999,0.00,-999,0.00,-999,0.00,28.75,1.00,28.70,1.00,28.63,1.00,-999,0.00,-999,0.00,-999,0.00,-999,0.00,-999,0.00,-999,0.00
2010-02-01 00:00:00,2010-02-01 10:00:00,0.043,1.00,0.129,1.00,-0.014,1.00,-0.022,1.00,0.096,1.00,0.237,1.00,8.652e+06,1.00,2.48,1.00,11.7,1.00,340.8,1.00,-999,0.00,-999,0.00,-999,0.00,-999,0.00,28.41,1.00,28.36,1.00,28.30,1.00,-999,0.00,-999,0.00,-999,0.00,-999,0.00,-999,0.00,-999,0.00
2010-02-08 00:00:00,2010-02-08 10:00:00,-0.057,1.00,-0.133,1.00,-0.012,1.00,-0.017,1.00,0.088,1.00,0.185,1.00,4.114e+06,1.00,1.54,1.00,15.5,1.00,344.0,1.00,-999,0.00,-999,0.00,-999,0.00,-999,0.00,28.78,1.00,28.75,1.00,28.72,1.00,-999,0.00,-999,0.00,-999,0.00,-999,0.00,-999,0.00,-999,0.00
2010-02-15 00:00:00,2010-02-15 10:00:00,-0.002,1.00,-0.001,1.00,-0.014,1.00,-0.012,1.00,0.076,1.00,0.151,1.00,1.938e+06,1.00,1.16,1.00,13.1,1.00,348.7,1.00,-999,0.00,-999,0.00,-999,0.00,-999,0.00,28.87,1.00,28.85,1.00,28.83,1.00,-999,0.00,-999,0.00,-999,0.00,-999,0.00,-999,0.00,-999,0.00
2010-02-22 00:00:00,2010-02-22 10:00:00,-0.016,1.00,-0.023,1.00,-0.014,1.00,-0.016,1.00,0.078,1.00,0.152,1.00,2.335e+06,1.00,1.28,1.00,14.3,1.00,1.7,1.00,-999,0.00,-999,0.00,-999,0.00,-999,0.00,28.70,1.00,28.69,1.00,28.68,1.00,-999,0.00,-999,0.00,-999,0.00,-999,0.00,-999,0.00,-999,0.00
2010-03-01 00:00:00,2010-03-01 10:00:00,-0.000,1.00,0.015,1.00,-0.011,1.00,-0.017,1.00,0.082,1.00,0.201,1.00,3.515e+06,1.00,1.50,1.00,14.7,1.00,353.9,1.00,-999,0.00,-999,0.00,-999,0.00,-999,0.00,28.49,1.00,28.47,1.00,28.44,1.00,-999,0.00,-999,0.00,-999,0.00,-999,0.00,-999,0.00,-999,0.00
2010-03-08 00:00:00,2010-03-08 10:00:00,-0.031,1.00,-0.067,1.00,-0.007,1.00,-0.011,1.00,0.078,1.00,0.172,1.00,1.281e+06,1.00,1.06,1.00,11.2,1.00,357.0,1.00,-999,0.00,-999,0.00,-999,0.00,-999,0.00,28.66,1.00,28.61,1.00,28.54,1.00,-999,0.00,-999,0.00,-999,0.00,-999,0.00,-999,0.00,-999,0.00
2010-03-15 00:00:00,2010-03-15 10:00:00,-0.019,1.00,-0.041,1.00,-0.012,1.00,-0.015,1.00,0.070,1.00,0.146,1.00,1.991e+06,0.98,1.20,0.98,13.7,0.98,5.0,0.98,-999,0.00,-999,0.00,-999,0.00,-999,0.00,28.63,1.00,28.60,1.00,28.57,1.00,-999,0.00,-999,0.00,-999,0.00,-999,0.00,-999,0.00,-999,0.00
2010-03-22 00:00:00,2010-03-22 10:00:00,-0.023,1.00,-0.065,1.00,-0.008,1.00,-0.011,1.00,0.066,1.00,0.128,1.00,1.386e+06,1.00,0.98,1.00,13.5,1.00,359.6,1.00,-999,0.00,-999,0.00,-999,0.00,-999,0.00,28.84,1.00,28.81,1.00,28.78,1.00,-999,0.00,-999,0.00,-999,0.00,-999,0.00,-999,0.00,-999,0.00
2010-03-29 00:00:00,2010-03-29 10:00:00,-0.025,1.00,-0.056,1.00,-0.009,1.00,-0.012,1.00,0.073,1.00,0.141,1.00,1.485e+06,1.00,0.99,1.00,13.8,1.00,358.4,1.00,1.345e+06,0.86,0.98,0.86,12.9,0.86,10.297,0.86,29.11,1.00,29.08,1.00,29.03,1.00,-999,0.00,-999,0.00,-999,0.00,-999,0.00,-999,0.00,-999,0.00
2010-04-05 00:00:00,2010-04-05 10:00:00,-0.020,1.00,-0.041,1.00,-0.011,1.00,-0.006,1.00,0.065,1.00,0.114,1.00,1.154e+06,1.00,0.97,1.00,11.7,1.00,359.1,1.00,6.767e+05,1.00,0.77,1.00,10.9,1.00,10.290,1.00,29.12,1.00,29.10,1.00,29.07,1.00,-999,0.00,-999,0.00,-999,0.00,-999,0.00,-999,0.00,-999,0.00
2010-04-12 00:00:00,2010-04-12 10:00:00,-0.012,1.00,-0.034,1.00,-0.009,1.00,-0.010,1.00,0.062,1.00,0.114,1.00,8.232e+05,1.00,0.76,1.00,12.6,1.00,357.6,1.00,6.766e+05,1.00,0.70,1.00,11.6,1.00,10.305,1.00,29.08,1.00,29.03,1.00,28.98,0.80,-999,0.00,-999,0.00,-999,0.00,-999,0.00,-999,0.00,-999,0.00
2010-04-19 00:00:00,2010-04-19 10:00:00,-0.037,1.00,-0.079,1.00,-0.012,1.00,-0.007,1.00,0.067,1.00,0.115,1.00,9.691e+05,1.00,1.00,1.00,10.0,1.00,8.6,1.00,5.804e+05,1.00,0.77,1.00,9.7,1.00,10.324,1.00,29.02,1.00,29.02,1.00,-999,0.00,-999,0.00,-999,0.00,-999,0.00,-999,0.00,-999,0.00,-999,0.00
2010-04-26 00:00:00,2010-04-26 10:00:00,-0.015,0.79,-0.042,0.79,-0.011,0.79,-0.008,0.79,0.066,0.79,0.120,0.79,8.258e+05,0.84,0.79,0.84,12.2,0.84,357.8,0.84,5.077e+05,1.00,0.66,1.00,10.6,1.00,10.295,1.00,29.14,1.00,29.10,1.00,-999,0.00,-999,0.00,-999,0.00,-999,0.00,-999,0.00,-999,0.00,-999,0.00
2010-05-03 00:00:00,2010-05-03 10:00:00,-999,0.00,-999,0.00,-999,0.00,-999,0.00,-999,0.00,-999,0.00,-999,0.00,-999,0.00,-999,0.00,-999,0.00,3.705e+05,1.00,0.65,1.00,8.4,1.00,10.281,1.00,29.03,1.00,29.01,1.00,-999,0.00,-999,0.00,-999,0.00,-999,0.00,-999,0.00,-999,0.00,-999,0.00
2010-05-10 00:00:00,2010-05-10 10:00:00,-999,0.00,-999,0.00,-999,0.00,-999,0.00,-999,0.00,-999,0.00,-999,0.00,-999,0.00,-999,0.00,-999,0.00,2.882e+05,0.30,0.58,0.30,8.5,0.30,10.291,0.30,28.74,1.00,28.73,1.00,-999,0.00,-999,0.00,-999,0.00,-999,0.00,-999,0.00,-999,0.00,-999,0.00
2010-05-17 00:00:00,2010-05-17 10:00:00,-999,0.00,-999,0.00,-999,0.00,-999,0.00,-999,0.00,-999,0.00,-999,0.00,-999,0.00,-999,0.00,-999,0.00,-999,0.00,-999,0.00,-999,0.00,-999,0.00,28.12,1.00,28.09,1.00,-999,0.00,-999,0.00,-999,0.00,-999,0.00,-999,0.00,-999,0.00,-999,0.00
2010-05-24 00:00:00,2010-05-24 10:00:00,-999,0.00,-999,0.00,-999,0.00,-999,0.00,-999,0.00,-999,0.00,-999,0.00,-999,0.00,-999,0.00,-999,0.00,-999,0.00,-999,0.00,-999,0.00,-999,0.00,27.98,1.00,27.97,1.00,-999,0.00,-999,0.00,-999,0.00,-999,0.00,-999,0.00,-999,0.00,-999,0.00
2010-05-31 00:00:00,2010-05-31 10:00:00,-999,0.00,-999,0.00,-999,0.00,-999,0.00,-999,0.00,-999,0.00,-999,0.00,-999,0.00,-999,0.00,-999,0.00,-999,0.00,-999,0.00,-999,0.00,-999,0.00,28.00,1.00,27.99,1.00,-999,0.00,-999,0.00,-999,0.00,-999,0.00,-999,0.00,-999,0.00,-999,0.00
2010-06-07 00:00:00,2010-06-07 10:00:00,-999,0.00,-999,0.00,-999,0.00,-999,0.00,-999,0.00,-999,0.00,-999,0.00,-999,0.00,-999,0.00,-999,0.00,-999,0.00,-999,0.00,-999,0.00,-999,0.00,28.03,1.00,28.01,1.00,-999,0.00,-999,0.00,-999,0.00,-999,0.00,-999,0.00,-999,0.00,-999,0.00
2010-06-14 00:00:00,2010-06-14 10:00:00,-999,0.00,-999,0.00,-999,0.00,-999,0.00,-999,0.00,-999,0.00,-999,0.00,-999,0.00,-999,0.00,-999,0.00,-999,0.00,-999,0.00,-999,0.00,-999,0.00,27.86,1.00,27.85,1.00,-999,0.00,-999,0.00,-999,0.00,-999,0.00,-999,0.00,-999,0.00,-999,0.00
2010-06-21 00:00:00,2010-06-21 10:00:00,-999,0.00,-999,0.00,-999,0.00,-999,0.00,-999,0.00,-999,0.00,-999,0.00,-999,0.00,-999,0.00,-999,0.00,1.896e+05,0.90,0.46,0.90,8.6,0.90,10.213,0.90,27.83,0.99,27.82,0.98,27.79,0.93,27.84,0.94,35.9892,0.94,23.2110,0.94,27.80,0.94,35.9171,0.94,23.2026,0.94
2010-06-28 00:00:00,2010-06-28 10:00:00,-999,0.00,-999,0.00,-999,0.00,-999,0.00,-999,0.00,-999,0.00,-999,0.00,-999,0.00,-999,0.00,-999,0.00,3.573e+05,1.00,0.72,1.00,6.7,1.00,10.203,1.00,27.58,1.00,27.58,1.00,27.57,1.00,27.58,1.00,35.9907,1.00,23.2961,1.00,27.58,1.00,35.9332,1.00,23.2872,1.00
2010-07-05 00:00:00,2010-07-05 10:00:00,-999,0.00,-999,0.00,-999,0.00,-999,0.00,-999,0.00,-999,0.00,-999,0.00,-999,0.00,-999,0.00,-999,0.00,2.338e+05,1.00,0.56,1.00,6.9,1.00,10.200,1.00,27.40,1.00,27.39,1.00,27.39,1.00,27.40,1.00,36.0062,1.00,23.3657,1.00,27.39,1.00,35.9445,1.00,23.3568,1.00
2010-07-12 00:00:00,2010-07-12 10:00:00,-999,0.00,-999,0.00,-999,0.00,-999,0.00,-999,0.00,-999,0.00,-999,0.00,-999,0.00,-999,0.00,-999,0.00,3.112e+05,1.00,0.68,1.00,6.8,1.00,10.232,1.00,27.07,1.00,27.06,1.00,27.06,1.00,27.06,1.00,36.0694,1.00,23.5214,1.00,27.06,1.00,36.0003,1.00,23.5039,1.00
2010-07-19 00:00:00,2010-07-19 10:00:00,-999,0.00,-999,0.00,-999,0.00,-999,0.00,-999,0.00,-999,0.00,-999,0.00,-999,0.00,-999,0.00,-999,0.00,2.150e+05,1.00,0.56,1.00,6.8,1.00,10.234,1.00,26.92,1.00,26.91,1.00,26.90,1.00,26.92,1.00,36.1117,1.00,23.5985,1.00,26.90,1.00,36.0384,1.00,23.5838,1.00
2010-07-26 00:00:00,2010-07-26 10:00:00,-999,0.00,-999,0.00,-999,0.00,-999,0.00,-999,0.00,-999,0.00,-999,0.00,-999,0.00,-999,0.00,-999,0.00,4.134e+05,1.00,0.74,1.00,6.9,1.00,10.225,1.00,26.70,1.00,26.70,1.00,26.69,1.00,26.70,1.00,36.1313,1.00,23.6843,1.00,26.69,1.00,36.0577,1.00,23.6652,1.00
2010-08-02 00:00:00,2010-08-02 10:00:00,-999,0.00,-999,0.00,-999,0.00,-999,0.00,-999,0.00,-999,0.00,-999,0.00,-999,0.00,-999,0.00,-999,0.00,1.893e+05,1.00,0.50,1.00,6.9,1.00,10.209,1.00,26.57,1.00,26.57,1.00,26.55,1.00,26.58,1.00,36.1416,1.00,23.7318,1.00,26.56,1.00,36.0679,1.00,23.7171,1.00
2010-08-09 00:00:00,2010-08-09 10:00:00,-999,0.00,-999,0.00,-999,0.00,-999,0.00,-999,0.00,-999,0.00,-999,0.00,-999,0.00,-999,0.00,-999,0.00,2.102e+05,1.00,0.54,1.00,7.0,1.00,10.214,1.00,26.53,1.00,26.52,1.00,26.50,1.00,26.53,1.00,36.1369,1.00,23.7430,1.00,26.51,1.00,36.0634,1.00,23.7277,1.00
2010-08-16 00:00:00,2010-08-16 10:00:00,-999,0.00,-999,0.00,-999,0.00,-999,0.00,-999,0.00,-999,0.00,-999,0.00,-999,0.00,-999,0.00,-999,0.00,1.244e+05,1.00,0.41,1.00,7.2,1.00,10.186,1.00,26.58,1.00,26.57,1.00,26.54,1.00,26.59,1.00,36.1557,1.00,23.7380,1.00,26.55,1.00,36.0780,1.00,23.7274,1.00
2010-08-23 00:00:00,2010-08-23 10:00:00,-999,0.00,-999,0.00,-999,0.00,-999,0.00,-999,0.00,-999,0.00,-999,0.00,-999,0.00,-999,0.00,-999,0.00,2.153e+05,1.00,0.55,1.00,6.9,1.00,10.207,1.00,26.57,1.00,26.55,1.00,26.52,1.00,26.58,1.00,36.1595,1.00,23.7442,1.00,26.53,1.00,36.0805,1.00,23.7342,1.00
2010-08-30 00:00:00,2010-08-30 10:00:00,-999,0.00,-999,0.00,-999,0.00,-999,0.00,-999,0.00,-999,0.00,-999,0.00,-999,0.00,-999,0.00,-999,0.00,2.258e+05,1.00,0.56,1.00,6.7,1.00,10.179,1.00,26.72,1.00,26.71,1.00,26.69,1.00,26.73,1.00,36.1861,1.00,23.7153,1.00,26.69,1.00,36.1060,1.00,23.7020,1.00
2010-09-06 00:00:00,2010-09-06 10:00:00,-999,0.00,-999,0.00,-999,0.00,-999,0.00,-999,0.00,-999,0.00,-999,0.00,-999,0.00,-999,0.00,-999,0.00,2.175e+05,1.00,0.56,1.00,6.8,1.00,10.219,1.00,26.56,1.00,26.56,1.00,26.53,1.00,26.57,1.00,36.1986,1.00,23.7769,1.00,26.54,1.00,36.1202,1.00,23.7611,1.00
2010-09-13 00:00:00,2010-09-13 10:00:00,-999,0.00,-999,0.00,-999,0.00,-999,0.00,-999,0.00,-999,0.00,-999,0.00,-999,0.00,-999,0.00,-999,0.00,1.764e+05,1.00,0.49,1.00,7.1,1.00,10.155,1.00,26.23,1.00,26.23,1.00,26.22,1.00,26.23,1.00,36.1586,1.00,23.8541,1.00,26.23,1.00,36.0819,1.00,23.8318,1.00
2010-09-20 00:00:00,2010-09-20 10:00:00,-999,0.00,-999,0.00,-999,0.00,-999,0.00,-999,0.00,-999,0.00,-999,0.00,-999,0.00,-999,0.00,-999,0.00,3.501e+05,1.00,0.68,1.00,7.2,1.00,10.159,1.00,26.32,1.00,26.32,1.00,26.31,1.00,26.32,1.00,36.1597,1.00,23.8268,1.00,26.31,1.00,36.0801,1.00,23.8039,1.00
2010-09-27 00:00:00,2010-09-27 10:00:00,-999,0.00,-999,0.00,-999,0.00,-999,0.00,-999,0.00,-999,0.00,-999,0.00,-999,0.00,-999,0.00,-999,0.00,7.196e+05,1.00,0.88,1.00,8.8,1.00,10.204,1.00,26.26,1.00,26.26,1.00,26.25,1.00,26.26,1.00,36.1821,1.00,23.8634,1.00,26.25,1.00,36.1023,1.00,23.8379,1.00
2010-10-04 00:00:00,2010-10-04 10:00:00,-999,0.00,-999,0.00,-999,0.00,-999,0.00,-999,0.00,-999,0.00,-999,0.00,-999,0.00,-999,0.00,-999,0.00,3.586e+05,1.00,0.60,1.00,9.3,1.00,10.228,1.00,26.44,1.00,26.43,1.00,26.41,1.00,26.44,1.00,36.1386,1.00,23.7718,1.00,26.41,1.00,36.0565,1.00,23.7535,1.00
2010-10-11 00:00:00,2010-10-11 10:00:00,-999,0.00,-999,0.00,-999,0.00,-999,0.00,-999,0.00,-999,0.00,-999,0.00,-999,0.00,-999,0.00,-999,0.00,1.819e+05,1.00,0.49,1.00,7.6,1.00,10.202,1.00,26.64,1.00,26.63,1.00,26.61,1.00,26.65,1.00,36.1369,1.00,23.7027,1.00,26.62,1.00,36.0573,1.00,23.6893,1.00
2010-10-18 00:00:00,2010-10-18 10:00:00,-999,0.00,-999,0.00,-999,0.00,-999,0.00,-999,0.00,-999,0.00,-999,0.00,-999,0.00,-999,0.00,-999,0.00,2.231e+05,1.00,0.55,1.00,7.4,1.00,10.197,1.00,26.62,1.00,26.61,1.00,26.59,1.00,26.63,1.00,36.1796,1.00,23.7422,1.00,26.59,1.00,36.0975,1.00,23.7272,1.00
2010-10-25 00:00:00,2010-10-25 10:00:00,-999,0.00,-999,0.00,-999,0.00,-999,0.00,-999,0.00,-999,0.00,-999,0.00,-999,0.00,-999,0.00,-999,0.00,3.511e+05,1.00,0.62,1.00,9.0,1.00,10.238,1.00,27.09,1.00,27.06,1.00,26.96,1.00,27.11,1.00,36.1429,1.00,23.5616,1.00,27.00,1.00,36.0634,1.00,23.5709,1.00
2010-11-01 00:00:00,2010-11-01 10:00:00,-999,0.00,-999,0.00,-999,0.00,-999,0.00,-999,0.00,-999,0.00,-999,0.00,-999,0.00,-999,0.00,-999,0.00,9.841e+05,1.00,0.76,1.00,13.4,1.00,10.232,1.00,27.25,1.00,27.21,1.00,27.08,1.00,27.29,1.00,36.1208,1.00,23.4865,1.00,27.14,1.00,36.0630,1.00,23.5261,1.00
2010-11-08 00:00:00,2010-11-08 10:00:00,-999,0.00,-999,0.00,-999,0.00,-999,0.00,-999,0.00,-999,0.00,-999,0.00,-999,0.00,-999,0.00,-999,0.00,5.965e+05,1.00,0.75,1.00,10.3,1.00,10.246,1.00,27.28,1.00,27.27,1.00,27.23,1.00,27.29,1.00,36.1192,1.00,23.4865,1.00,27.25,1.00,36.0574,1.00,23.4875,1.00
2010-11-15 00:00:00,2010-11-15 10:00:00,-999,0.00,-999,0.00,-999,0.00,-999,0.00,-999,0.00,-999,0.00,-999,0.00,-999,0.00,-999,0.00,-999,0.00,6.631e+05,1.00,0.72,1.00,11.9,1.00,10.271,1.00,27.59,1.00,27.57,1.00,27.49,1.00,27.61,1.00,36.0347,1.00,23.3177,1.00,27.53,1.00,35.9705,1.00,23.3313,1.00
2010-11-22 00:00:00,2010-11-22 10:00:00,-999,0.00,-999,0.00,-999,0.00,-999,0.00,-999,0.00,-999,0.00,-999,0.00,-999,0.00,-999,0.00,-999,0.00,5.841e+05,1.00,0.70,1.00,11.6,1.00,10.278,1.00,27.89,1.00,27.87,1.00,27.79,1.00,27.91,1.00,35.9868,1.00,23.1839,1.00,27.84,0.73,35.9337,0.73,23.2013,0.73
2010-11-29 00:00:00,2010-11-29 10:00:00,-999,0.00,-999,0.00,-999,0.00,-999,0.00,-999,0.00,-999,0.00,-999,0.00,-999,0.00,-999,0.00,-999,0.00,4.251e+05,1.00,0.68,1.00,9.3,1.00,10.302,1.00,28.15,1.00,28.13,1.00,28.08,1.00,28.18,1.00,36.0205,1.00,23.1221,1.00,-999,0.00,-999,0.00,-999,0.00
2010-12-06 00:00:00,2010-12-06 10:00:00,-999,0.00,-999,0.00,-999,0.00,-999,0.00,-999,0.00,-999,0.00,-999,0.00,-999,0.00,-999,0.00,-999,0.00,9.202e+05,1.00,0.89,1.00,10.2,1.00,10.294,1.00,28.15,1.00,28.14,1.00,28.12,1.00,28.15,1.00,35.9823,1.00,23.1032,1.00,-999,0.00,-999,0.00,-999,0.00
2010-12-13 00:00:00,2010-12-13 10:00:00,-999,0.00,-999,0.00,-999,0.00,-999,0.00,-999,0.00,-999,0.00,-999,0.00,-999,0.00,-999,0.00,-999,0.00,6.628e+05,1.00,0.77,1.00,10.2,1.00,10.307,1.00,28.24,0.91,28.23,1.00,28.20,1.00,28.25,1.00,36.0163,1.00,23.0963,1.00,-999,0.00,-999,0.00,-999,0.00
2010-12-20 00:00:00,2010-12-20 10:00:00,-999,0.00,-999,0.00,-999,0.00,-999,0.00,-999,0.00,-999,0.00,-999,0.00,-999,0.00,-999,0.00,-999,0.00,8.076e+05,1.00,0.86,1.00,10.4,1.00,10.293,1.00,-999,0.00,28.31,1.00,28.29,1.00,28.29,0.32,36.0249,0.32,23.0906,0.32,-999,0.00,-999,0.00,-999,0.00
2010-12-27 00:00:00,2010-12-27 10:00:00,-999,0.00,-999,0.00,-999,0.00,-999,0.00,-999,0.00,-999,0.00,4.346e+05,0.02,0.63,0.02,11.1,0.02,356.0,0.02,7.035e+05,1.00,0.88,1.00,8.8,1.00,10.293,1.00,-999,0.00,28.07,1.00,28.07,1.00,-999,0.00,-999,0.00,-999,0.00,-999,0.00,-999,0.00,-999,0.00
2011-01-03 00:00:00,2011-01-03 10:00:00,-999,0.00,-999,0.00,-999,0.00,-999,0.00,-999,0.00,-999,0.00,-999,0.00,-999,0.00,-999,0.00,-999,0.00,9.182e+05,1.00,0.85,1.00,12.1,1.00,10.277,1.00,-999,0.00,28.00,1.00,27.98,1.00,-999,0.00,-999,0.00,-999,0.00,-999,0.00,-999,0.00,-999,0.00
2011-01-10 00:00:00,2011-01-10 10:00:00,-999,0.00,-999,0.00,-999,0.00,-999,0.00,-999,0.00,-999,0.00,-999,0.00,-999,0.00,-999,0.00,-999,0.00,7.933e+05,0.94,0.87,0.94,10.4,0.94,10.221,0.94,-999,0.00,27.86,0.98,27.85,0.98,27.83,0.66,36.0163,0.66,23.2331,0.66,27.82,0.66,36.0056,0.66,23.2626,0.66
2011-01-17 00:00:00,2011-01-17 10:00:00,-999,0.00,-999,0.00,-999,0.00,-999,0.00,-999,0.00,-999,0.00,-999,0.00,-999,0.00,-999,0.00,-999,0.00,1.662e+06,1.00,1.05,1.00,13.0,1.00,10.218,1.00,-999,0.00,27.66,1.00,27.66,1.00,27.67,1.00,36.0237,1.00,23.2915,1.00,27.66,1.00,36.0294,1.00,23.3335,1.00
2011-01-24 00:00:00,2011-01-24 10:00:00,-0.073,0.38,-0.137,0.38,-0.012,0.38,-0.003,0.38,0.080,0.38,0.143,0.38,2.140e+06,0.23,1.25,0.23,13.9,0.23,343.5,0.23,1.506e+06,1.00,1.04,1.00,12.6,1.00,10.235,1.00,-999,0.00,27.67,1.00,27.65,1.00,27.69,1.00,36.0527,1.00,23.3057,1.00,27.66,1.00,36.0548,1.00,23.3527,1.00
2011-01-31 00:00:00,2011-01-31 10:00:00,-0.038,1.00,-0.079,1.00,-0.011,1.00,-0.005,1.00,0.063,1.00,0.124,1.00,1.285e+06,0.75,0.99,0.75,13.4,0.75,345.8,0.75,5.703e+05,0.85,0.71,0.85,11.1,0.85,10.261,0.85,-999,0.00,27.70,1.00,27.67,1.00,27.72,1.00,36.0656,1.00,23.3069,1.00,27.68,1.00,36.0705,1.00,23.3568,1.00
2011-02-07 00:00:00,2011-02-07 10:00:00,-0.047,1.00,-0.091,1.00,-0.011,1.00,-0.008,1.00,0.061,1.00,0.108,1.00,2.023e+06,0.75,1.21,0.75,13.3,0.75,357.0,0.75,-999,0.00,-999,0.00,-999,0.00,-999,0.00,-999,0.00,27.55,1.00,27.54,1.00,27.55,1.00,36.1155,1.00,23.3979,1.00,27.54,1.00,36.1230,1.00,23.4418,1.00
2011-02-14 00:00:00,2011-02-14 10:00:00,-0.036,1.00,-0.088,1.00,-0.009,1.00,-0.004,1.00,0.061,1.00,0.125,1.00,1.140e+06,0.75,0.94,0.75,12.8,0.75,356.7,0.75,-999,0.00,-999,0.00,-999,0.00,-999,0.00,-999,0.00,27.73,1.00,27.70,1.00,27.77,1.00,36.2082,1.00,23.3972,1.00,27.71,1.00,36.2167,1.00,23.4578,1.00
2011-02-21 00:00:00,2011-02-21 10:00:00,-0.052,1.00,-0.101,1.00,-0.011,1.00,-0.006,1.00,0.073,1.00,0.132,1.00,1.815e+06,0.75,1.16,0.75,13.2,0.75,2.6,0.75,-999,0.00,-999,0.00,-999,0.00,-999,0.00,-999,0.00,27.70,1.00,27.69,1.00,27.71,1.00,36.2790,1.00,23.4715,1.00,27.69,1.00,36.2867,1.00,23.5166,1.00
2011-02-28 00:00:00,2011-02-28 10:00:00,-0.053,1.00,-0.106,1.00,-0.011,1.00,-0.005,1.00,0.073,1.00,0.136,1.00,1.235e+06,0.75,1.01,0.75,12.1,0.75,359.0,0.75,-999,0.00,-999,0.00,-999,0.00,-999,0.00,-999,0.00,27.73,1.00,27.71,1.00,27.76,1.00,36.0945,1.00,23.3164,1.00,27.72,1.00,36.2942,1.00,23.5136,1.00
2011-03-07 00:00:00,2011-03-07 10:00:00,-0.031,1.00,-0.078,1.00,-0.009,1.00,-0.004,1.00,0.049,1.00,0.097,1.00,8.392e+05,0.75,0.87,0.75,10.5,0.75,1.7,0.75,-999,0.00,-999,0.00,-999,0.00,-999,0.00,-999,0.00,27.81,1.00,27.79,1.00,27.85,1.00,36.0380,1.00,23.2423,1.00,27.80,1.00,36.2760,1.00,23.4726,1.00
2011-03-14 00:00:00,2011-03-14 10:00:00,-0.044,1.00,-0.096,1.00,-0.010,1.00,-0.008,1.00,0.059,1.00,0.119,1.00,1.392e+06,0.75,0.99,0.75,12.8,0.75,11.0,0.75,-999,0.00,-999,0.00,-999,0.00,-999,0.00,-999,0.00,27.77,1.00,27.75,1.00,27.79,1.00,36.0798,1.00,23.2930,1.00,27.76,1.00,36.3065,1.00,23.5097,1.00
2011-03-21 00:00:00,2011-03-21 10:00:00,-0.019,1.00,-0.047,1.00,-0.008,1.00,-0.011,1.00,0.055,1.00,0.111,1.00,1.295e+06,0.75,0.96,0.75,13.9,0.75,353.1,0.75,-999,0.00,-999,0.00,-999,0.00,-999,0.00,-999,0.00,28.07,1.00,28.04,1.00,28.10,1.00,36.2462,1.00,23.3166,1.00,28.05,1.00,36.2681,1.00,23.3837,1.00
2011-03-28 00:00:00,2011-03-28 10:00:00,-0.019,1.00,-0.039,1.00,-0.009,1.00,-0.009,1.00,0.050,1.00,0.097,1.00,1.218e+06,0.75,1.05,0.75,11.4,0.75,12.9,0.75,-999,0.00,-999,0.00,-999,0.00,-999,0.00,-999,0.00,28.14,1.00,28.12,1.00,28.16,1.00,36.1974,1.00,23.2627,1.00,28.13,1.00,36.2210,1.00,23.3247,1.00
2011-04-04 00:00:00,2011-04-04 10:00:00,-0.036,1.00,-0.071,1.00,-0.011,1.00,-0.007,1.00,0.067,1.00,0.122,1.00,9.355e+05,0.75,0.87,0.75,12.3,0.75,359.3,0.75,-999,0.00,-999,0.00,-999,0.00,-999,0.00,-999,0.00,28.06,1.00,28.04,1.00,28.08,1.00,36.1646,1.00,23.2631,1.00,28.05,1.00,36.1850,1.00,23.3233,1.00
2011-04-11 00:00:00,2011-04-11 10:00:00,-0.008,1.00,-0.020,1.00,-0.009,1.00,-0.013,1.00,0.054,1.00,0.103,1.00,8.872e+05,0.75,0.87,0.75,11.5,0.75,0.1,0.75,-999,0.00,-999,0.00,-999,0.00,-999,0.00,-999,0.00,28.11,1.00,28.08,1.00,28.13,0.68,36.1880,0.68,23.2641,0.68,28.09,1.00,36.2058,1.00,23.3238,1.00
2011-04-18 00:00:00,2011-04-18 10:00:00,-0.037,1.00,-0.065,1.00,-0.008,1.00,-0.005,1.00,0.073,1.00,0.121,1.00,6.074e+05,0.75,0.93,0.75,7.1,0.75,31.3,0.75,-999,0.00,-999,0.00,-999,0.00,-999,0.00,-999,0.00,27.95,1.00,27.95,1.00,-999,0.00,-999,0.00,-999,0.00,27.95,1.00,36.2423,1.00,23.3995,1.00
2011-04-25 00:00:00,2011-04-25 10:00:00,-0.006,1.00,-0.011,1.00,-0.007,1.00,-0.005,1.00,0.050,1.00,0.089,1.00,3.784e+05,0.75,0.77,0.75,6.6,0.75,26.7,0.75,-999,0.00,-999,0.00,-999,0.00,-999,0.00,-999,0.00,27.88,1.00,27.84,1.00,-999,0.00,-999,0.00,-999,0.00,27.85,1.00,36.2794,1.00,23.4575,1.00
2011-05-02 00:00:00,2011-05-02 10:00:00,-0.013,1.00,-0.033,1.00,-0.006,1.00,-0.004,1.00,0.062,1.00,0.111,1.00,3.306e+05,0.75,0.65,0.75,8.3,0.75,18.0,0.75,-999,0.00,-999,0.00,-999,0.00,-999,0.00,-999,0.00,27.64,1.00,27.63,1.00,-999,0.00,-999,0.00,-999,0.00,27.66,0.73,36.2890,0.73,23.5276,0.73
2011-05-09 00:00:00,2011-05-09 10:00:00,-0.016,0.10,-0.039,0.10,-0.009,0.10,-0.001,0.10,0.068,0.10,0.144,0.10,7.007e+05,0.11,0.79,0.11,11.1,0.11,358.8,0.11,-999,0.00,-999,0.00,-999,0.00,-999,0.00,-999,0.00,27.51,1.00,27.50,1.00,-999,0.00,-999,0.00,-999,0.00,-999,0.00,-999,0.00,-999,0.00
2011-05-16 00:00:00,2011-05-16 10:00:00,-999,0.00,-999,0.00,-999,0.00,-999,0.00,-999,0.00,-999,0.00,-999,0.00,-999,0.00,-999,0.00,-999,0.00,-999,0.00,-999,0.00,-999,0.00,-999,0.00,-999,0.00,27.46,1.00,27.45,1.00,-999,0.00,-999,0.00,-999,0.00,-999,0.00,-999,0.00,-999,0.00
2011-05-23 00:00:00,2011-05-23 10:00:00,-999,0.00,-999,0.00,-999,0.00,-999,0.00,-999,0.00,-999,0.00,-999,0.00,-999,0.00,-999,0.00,-999,0.00,-999,0.00,-999,0.00,-999,0.00,-999,0.00,-999,0.00,27.30,1.00,27.30,1.00,-999,0.00,-999,0.00,-999,0.00,-999,0.00,-999,0.00,-999,0.00
2011-05-30 00:00:00,2011-05-30 10:00:00,-999,0.00,-999,0.00,-999,0.00,-999,0.00,-999,0.00,-999,0.00,-999,0.00,-999,0.00,-999,0.00,-999,0.00,-999,0.00,-999,0.00,-999,0.00,-999,0.00,-999,0.00,27.21,1.00,27.20,1.00,-999,0.00,-999,0.00,-999,0.00,-999,0.00,-999,0.00,-999,0.00
2011-06-06 00:00:00,2011-06-06 10:00:00,-999,0.00,-999,0.00,-999,0.00,-999,0.00,-999,0.00,-999,0.00,-999,0.00,-999,0.00,-999,0.00,-999,0.00,-999,0.00,-999,0.00,-999,0.00,-999,0.00,-999,0.00,26.83,1.00,26.83,1.00,-999,0.00,-999,0.00,-999,0.00,-999,0.00,-999,0.00,-999,0.00
2011-06-13 00:00:00,2011-06-13 10:00:00,-999,0.00,-999,0.00,-999,0.00,-999,0.00,-999,0.00,-999,0.00,-999,0.00,-999,0.00,-999,0.00,-999,0.00,-999,0.00,-999,0.00,-999,0.00,-999,0.00,-999,0.00,26.74,1.00,26.73,1.00,-999,0.00,-999,0.00,-999,0.00,-999,0.00,-999,0.00,-999,0.00
2011-06-20 00:00:00,2011-06-20 10:00:00,-999,0.00,-999,0.00,-999,0.00,-999,0.00,-999,0.00,-999,0.00,-999,0.00,-999,0.00,-999,0.00,-999,0.00,-999,0.00,-999,0.00,-999,0.00,-999,0.00,-999,0.00,26.93,1.00,26.93,1.00,-999,0.00,-999,0.00,-999,0.00,-999,0.00,-999,0.00,-999,0.00
2011-06-27 00:00:00,2011-06-27 10:00:00,-999,0.00,-999,0.00,-999,0.00,-999,0.00,-999,0.00,-999,0.00,-999,0.00,-999,0.00,-999,0.00,-999,0.00,-999,0.00,-999,0.00,-999,0.00,-999,0.00,-999,0.00,26.87,1.00,26.85,1.00,-999,0.00,-999,0.00,-999,0.00,-999,0.00,-999,0.00,-999,0.00
2011-07-04 00:00:00,2011-07-04 10:00:00,-999,0.00,-999,0.00,-999,0.00,-999,0.00,-999,0.00,-999,0.00,-999,0.00,-999,0.00,-999,0.00,-999,0.00,-999,0.00,-999,0.00,-999,0.00,-999,0.00,-999,0.00,26.75,1.00,26.74,1.00,-999,0.00,-999,0.00,-999,0.00,-999,0.00,-999,0.00,-999,0.00
2011-07-11 00:00:00,2011-07-11 10:00:00,-0.054,0.37,-0.095,0.37,0.003,0.37,0.016,0.37,0.070,0.37,0.122,0.37,5.597e+05,0.29,0.95,0.29,6.0,0.29,50.9,0.29,-999,0.00,-999,0.00,-999,0.00,-999,0.00,26.56,0.93,26.57,1.00,26.56,1.00,26.57,0.94,36.2786,0.94,23.8363,0.94,26.56,0.94,36.3512,0.94,23.9287,0.94
2011-07-18 00:00:00,2011-07-18 10:00:00,-0.048,1.00,-0.085,1.00,0.003,1.00,0.014,1.00,0.066,1.00,0.114,1.00,3.989e+05,1.00,0.79,1.00,5.9,1.00,47.2,1.00,-999,0.00,-999,0.00,-999,0.00,-999,0.00,26.39,1.00,26.39,1.00,26.38,1.00,26.40,1.00,36.2845,1.00,23.8942,1.00,26.38,1.00,36.3529,1.00,23.9845,1.00
2011-07-25 00:00:00,2011-07-25 10:00:00,-0.014,1.00,-0.024,1.00,-0.002,1.00,0.004,1.00,0.052,1.00,0.092,1.00,2.175e+05,1.00,0.60,1.00,6.1,1.00,44.5,1.00,-999,0.00,-999,0.00,-999,0.00,-999,0.00,26.41,1.00,26.40,1.00,26.39,1.00,26.42,1.00,36.3016,1.00,23.9020,1.00,26.39,1.00,36.3682,1.00,23.9946,1.00
2011-08-01 00:00:00,2011-08-01 10:00:00,-0.020,1.00,-0.032,1.00,-0.001,1.00,0.005,1.00,0.053,1.00,0.090,1.00,2.405e+05,1.00,0.60,1.00,6.1,1.00,41.0,1.00,-999,0.00,-999,0.00,-999,0.00,-999,0.00,26.42,1.00,26.41,1.00,26.39,1.00,26.43,1.00,36.3012,1.00,23.8960,1.00,26.40,1.00,36.3667,1.00,23.9891,1.00
2011-08-08 00:00:00,2011-08-08 10:00:00,-0.023,1.00,-0.049,1.00,0.000,1.00,0.008,1.00,0.053,1.00,0.098,1.00,1.955e+05,1.00,0.56,1.00,6.5,1.00,29.2,1.00,-999,0.00,-999,0.00,-999,0.00,-999,0.00,26.36,1.00,26.34,1.00,26.33,1.00,26.39,1.00,36.2993,1.00,23.9094,1.00,26.34,1.00,36.3649,1.00,24.0091,1.00
2011-08-15 00:00:00,2011-08-15 10:00:00,-0.027,1.00,-0.051,1.00,-0.001,1.00,0.009,1.00,0.065,1.00,0.115,1.00,1.501e+05,1.00,0.51,1.00,5.8,1.00,42.7,1.00,-999,0.00,-999,0.00,-999,0.00,-999,0.00,26.42,1.00,26.41,1.00,26.38,1.00,26.45,1.00,36.3223,1.00,23.9071,1.00,26.39,1.00,36.3876,1.00,24.0088,1.00
2011-08-22 00:00:00,2011-08-22 10:00:00,-0.010,1.00,-0.017,1.00,-0.003,1.00,0.004,1.00,0.061,1.00,0.105,1.00,2.134e+05,1.00,0.52,1.00,7.5,1.00,29.0,1.00,-999,0.00,-999,0.00,-999,0.00,-999,0.00,26.36,1.00,26.34,1.00,26.31,1.00,26.38,1.00,36.3240,1.00,23.9306,1.00,26.33,1.00,36.3913,1.00,24.0322,1.00
2011-08-29 00:00:00,2011-08-29 10:00:00,-0.018,1.00,-0.041,1.00,-0.001,1.00,0.009,1.00,0.059,1.00,0.101,1.00,2.092e+05,1.00,0.56,1.00,7.0,1.00,41.7,1.00,-999,0.00,-999,0.00,-999,0.00,-999,0.00,26.39,1.00,26.36,1.00,26.32,1.00,26.43,1.00,36.2985,1.00,23.8955,1.00,26.34,1.00,36.3650,1.00,24.0072,1.00
2011-09-05 00:00:00,2011-09-05 10:00:00,-0.015,1.00,-0.051,1.00,-0.001,1.00,0.008,1.00,0.048,1.00,0.084,1.00,2.881e+05,1.00,0.68,1.00,6.5,1.00,40.5,1.00,-999,0.00,-999,0.00,-999,0.00,-999,0.00,26.56,1.00,26.52,1.00,26.47,1.00,26.59,1.00,36.3299,1.00,23.8666,1.00,26.50,1.00,36.3936,1.00,23.9800,1.00
2011-09-12 00:00:00,2011-09-12 10:00:00,-0.019,1.00,-0.047,1.00,-0.002,1.00,0.009,1.00,0.056,1.00,0.102,1.00,3.792e+05,1.00,0.72,1.00,7.9,1.00,30.7,1.00,-999,0.00,-999,0.00,-999,0.00,-999,0.00,26.67,1.00,26.63,1.00,26.56,1.00,26.70,1.00,36.3599,1.00,23.8566,1.00,26.60,1.00,36.4257,1.00,23.9711,1.00
2011-09-19 00:00:00,2011-09-19 10:00:00,-0.037,1.00,-0.067,1.00,0.000,1.00,0.013,1.00,0.071,1.00,0.128,1.00,4.890e+05,1.00,0.83,1.00,6.7,1.00,48.3,1.00,-999,0.00,-999,0.00,-999,0.00,-999,0.00,26.49,1.00,26.48,1.00,26.47,1.00,26.50,1.00,36.3521,1.00,23.9124,1.00,26.48,1.00,36.4190,1.00,24.0056,1.00
2011-09-26 00:00:00,2011-09-26 10:00:00,-0.049,1.00,-0.092,1.00,0.001,1.00,0.018,1.00,0.080,1.00,0.149,1.00,4.468e+05,1.00,0.77,1.00,8.1,1.00,37.8,1.00,-999,0.00,-999,0.00,-999,0.00,-999,0.00,26.45,1.00,26.43,1.00,26.41,1.00,26.47,1.00,36.3825,1.00,23.9466,1.00,26.42,1.00,36.4500,1.00,24.0468,1.00
2011-10-03 00:00:00,2011-10-03 10:00:00,-0.024,1.00,-0.050,1.00,-0.002,1.00,0.006,1.00,0.059,1.00,0.105,1.00,1.684e+05,1.00,0.40,1.00,10.8,1.00,24.4,1.00,-999,0.00,-999,0.00,-999,0.00,-999,0.00,26.48,1.00,26.46,1.00,26.44,1.00,26.49,1.00,36.3747,1.00,23.9330,1.00,26.45,1.00,36.4495,1.00,24.0359,1.00
2011-10-10 00:00:00,2011-10-10 10:00:00,-0.012,1.00,-0.030,1.00,-0.005,1.00,0.002,1.00,0.057,1.00,0.106,1.00,4.490e+05,1.00,0.58,1.00,12.3,1.00,21.1,1.00,-999,0.00,-999,0.00,-999,0.00,-999,0.00,26.78,1.00,26.76,1.00,26.73,1.00,26.80,1.00,36.3698,1.00,23.8313,1.00,26.74,1.00,36.4384,1.00,23.9346,1.00
2011-10-17 00:00:00,2011-10-17 10:00:00,-0.012,1.00,0.003,1.00,-0.004,1.00,0.001,1.00,0.071,1.00,0.131,1.00,8.250e+05,1.00,0.96,1.00,9.0,1.00,42.8,1.00,-999,0.00,-999,0.00,-999,0.00,-999,0.00,26.44,1.00,26.43,1.00,26.42,1.00,26.44,1.00,36.3720,1.00,23.9462,1.00,26.43,1.00,36.4414,1.00,24.0382,1.00
2011-10-24 00:00:00,2011-10-24 10:00:00,-0.067,1.00,-0.123,1.00,0.003,1.00,0.022,1.00,0.089,1.00,0.158,1.00,7.081e+05,1.00,0.86,1.00,9.5,1.00,27.7,1.00,-999,0.00,-999,0.00,-999,0.00,-999,0.00,26.45,1.00,26.44,1.00,26.42,1.00,26.46,1.00,36.4243,1.00,23.9808,1.00,26.43,1.00,36.4889,1.00,24.0730,1.00
2011-10-31 00:00:00,2011-10-31 10:00:00,-0.003,1.00,-0.008,1.00,-0.003,1.00,-0.007,1.00,0.044,1.00,0.082,1.00,8.080e+05,1.00,0.96,1.00,9.1,1.00,14.0,1.00,-999,0.00,-999,0.00,-999,0.00,-999,0.00,26.34,1.00,26.35,1.00,26.37,1.00,26.36,1.00,36.0641,1.00,23.7406,1.00,26.36,1.00,36.2957,1.00,23.9500,1.00
2011-11-07 00:00:00,2011-11-07 10:00:00,-0.048,1.00,-0.119,1.00,0.001,1.00,0.019,1.00,0.064,1.00,0.138,1.00,9.902e+05,1.00,0.84,1.00,12.7,1.00,17.7,1.00,-999,0.00,-999,0.00,-999,0.00,-999,0.00,26.89,1.00,26.86,1.00,26.81,1.00,26.93,1.00,36.3007,1.00,23.7386,1.00,26.84,1.00,36.3559,1.00,23.8426,1.00
2011-11-14 00:00:00,2011-11-14 10:00:00,-0.039,1.00,-0.108,1.00,0.002,1.00,0.012,1.00,0.057,1.00,0.130,1.00,7.936e+05,1.00,0.77,1.00,12.4,1.00,21.4,1.00,-999,0.00,-999,0.00,-999,0.00,-999,0.00,27.16,1.00,27.13,1.00,27.06,1.00,27.20,1.00,36.2995,1.00,23.6506,1.00,27.10,1.00,36.3899,1.00,23.7834,1.00
2011-11-21 00:00:00,2011-11-21 10:00:00,-0.022,1.00,-0.067,1.00,-0.006,1.00,0.006,1.00,0.062,1.00,0.127,1.00,1.587e+06,0.98,1.06,0.98,12.3,0.98,32.6,0.98,-999,0.00,-999,0.00,-999,0.00,-999,0.00,27.44,1.00,27.43,1.00,27.41,1.00,27.45,1.00,36.2700,1.00,23.5480,1.00,27.42,1.00,36.3434,1.00,23.6464,1.00
2011-11-28 00:00:00,2011-11-28 10:00:00,-0.033,1.00,-0.076,1.00,-0.004,1.00,0.010,1.00,0.070,1.00,0.130,1.00,1.154e+06,1.00,1.00,1.00,11.9,1.00,19.1,1.00,-999,0.00,-999,0.00,-999,0.00,-999,0.00,27.31,1.00,27.30,1.00,27.27,1.00,27.32,1.00,36.3520,1.00,23.6493,1.00,27.28,1.00,36.3948,1.00,23.7286,1.00
2011-12-05 00:00:00,2011-12-05 10:00:00,0.002,1.00,0.001,1.00,-0.006,1.00,-0.006,1.00,0.062,1.00,0.128,1.00,1.131e+06,1.00,0.83,1.00,14.4,1.00,6.0,1.00,-999,0.00,-999,0.00,-999,0.00,-999,0.00,27.51,1.00,27.47,1.00,27.38,1.00,27.55,1.00,36.3630,1.00,23.5846,1.00,27.43,1.00,36.4300,1.00,23.7060,1.00
2011-12-12 00:00:00,2011-12-12 10:00:00,0.001,1.00,-0.016,1.00,-0.003,1.00,-0.008,1.00,0.052,1.00,0.103,1.00,1.114e+06,1.00,0.82,1.00,13.7,1.00,3.2,1.00,-999,0.00,-999,0.00,-999,0.00,-999,0.00,28.03,1.00,27.99,1.00,27.88,1.00,28.08,1.00,36.3398,1.00,23.3947,1.00,27.95,1.00,36.4163,1.00,23.5291,1.00
2011-12-19 00:00:00,2011-12-19 10:00:00,-0.030,1.00,-0.057,1.00,-0.003,1.00,0.002,1.00,0.068,1.00,0.127,1.00,1.460e+06,1.00,1.03,1.00,12.7,1.00,16.4,1.00,-999,0.00,-999,0.00,-999,0.00,-999,0.00,27.91,1.00,27.89,1.00,27.86,1.00,27.92,1.00,36.2675,1.00,23.3924,1.00,27.88,1.00,36.3402,1.00,23.4930,1.00
2011-12-26 00:00:00,2011-12-26 10:00:00,-0.021,1.00,-0.051,1.00,-0.003,1.00,0.003,1.00,0.055,1.00,0.106,1.00,1.263e+06,1.04,1.15,1.04,9.4,1.04,25.5,1.04,-999,0.00,-999,0.00,-999,0.00,-999,0.00,27.85,1.00,27.85,1.00,27.82,1.00,27.86,1.00,36.2188,1.00,23.3741,1.00,27.84,1.00,36.2920,1.00,23.4717,1.00
2012-01-02 00:00:00,2012-01-02 10:00:00,-0.002,1.00,-0.012,1.00,-0.006,1.00,-0.013,1.00,0.054,1.00,0.118,1.00,1.721e+06,1.00,1.05,1.00,13.6,1.00,357.0,1.00,-999,0.00,-999,0.00,-999,0.00,-999,0.00,27.98,1.00,27.94,1.00,27.85,1.00,28.01,1.00,36.1721,1.00,23.2888,1.00,27.90,1.00,36.2549,1.00,23.4235,1.00
2012-01-09 00:00:00,2012-01-09 10:00:00,0.017,0.78,0.015,0.78,-0.015,0.78,-0.023,0.78,0.075,0.78,0.176,0.78,5.073e+06,0.84,1.79,0.84,14.5,0.84,17.0,0.84,1.099e+06,0.35,0.96,0.35,11.9,0.35,10.347,0.34,27.31,1.00,27.31,1.00,27.30,1.00,27.32,1.00,35.8777,1.00,23.2938,1.00,27.31,1.00,35.9942,1.00,23.4196,1.00
2012-01-16 00:00:00,2012-01-16 10:00:00,-999,0.00,-999,0.00,-999,0.00,-999,0.00,-999,0.00,-999,0.00,-999,0.00,-999,0.00,-999,0.00,-999,0.00,5.955e+05,1.00,0.71,1.00,11.4,1.00,10.330,1.00,27.62,1.00,27.60,1.00,27.58,1.00,27.64,1.00,36.0091,1.00,23.2877,1.00,27.59,1.00,36.0940,1.00,23.4031,1.00
2012-01-23 00:00:00,2012-01-23 10:00:00,0.007,0.23,0.025,0.23,-0.006,0.23,-0.018,0.23,0.060,0.23,0.152,0.23,1.067e+06,0.12,0.90,0.12,13.2,0.12,4.7,0.12,4.498e+05,1.00,0.65,1.00,10.5,1.00,10.372,1.00,28.29,1.00,28.21,1.00,28.05,1.00,28.36,1.00,36.0085,1.00,23.0505,1.00,28.14,1.00,36.0859,1.00,23.2171,1.00
2012-01-30 00:00:00,2012-01-30 10:00:00,0.007,1.00,0.050,1.00,-0.009,1.00,-0.023,1.00,0.057,1.00,0.137,1.00,3.859e+06,1.00,1.50,1.00,15.3,1.00,350.5,1.00,1.660e+06,1.00,1.13,1.00,11.7,1.00,10.370,1.00,28.00,1.00,27.97,1.00,27.90,1.00,28.04,1.00,35.9769,1.00,23.1346,1.00,27.94,1.00,36.0659,1.00,23.2677,1.00
2012-02-06 00:00:00,2012-02-06 10:00:00,-0.017,1.00,-0.036,1.00,-0.005,1.00,-0.018,1.00,0.053,1.00,0.129,1.00,1.606e+06,1.00,1.07,1.00,13.6,1.00,342.2,1.00,1.237e+06,1.00,0.96,1.00,12.4,1.00,10.333,1.00,28.38,1.00,28.27,1.00,28.07,1.00,28.47,1.00,35.9968,1.00,23.0052,1.00,28.17,1.00,36.0975,1.00,23.2147,1.00
2012-02-13 00:00:00,2012-02-13 10:00:00,-0.023,1.00,-0.056,1.00,-0.005,1.00,-0.021,1.00,0.062,1.00,0.144,1.00,2.095e+06,1.00,1.20,1.00,14.2,1.00,350.1,1.00,1.433e+06,1.00,1.06,1.00,12.8,1.00,10.327,1.00,28.57,1.00,28.52,1.00,28.39,1.00,28.62,1.00,35.9642,1.00,22.9316,1.00,28.47,1.00,36.0840,1.00,23.1065,1.00
2012-02-20 00:00:00,2012-02-20 10:00:00,-0.021,0.51,-0.054,0.51,-0.006,0.51,-0.022,0.51,0.063,0.51,0.125,0.51,1.895e+06,0.57,1.17,0.57,13.6,0.57,346.2,0.57,9.205e+05,1.00,0.86,1.00,11.8,1.00,10.360,1.00,29.12,1.00,29.09,1.00,29.01,1.00,29.14,1.00,36.0387,1.00,22.8146,1.00,29.06,1.00,36.1347,1.00,22.9471,1.00
2012-02-27 00:00:00,2012-02-27 10:00:00,-999,0.00,-999,0.00,-999,0.00,-999,0.00,-999,0.00,-999,0.00,-999,0.00,-999,0.00,-999,0.00,-999,0.00,7.188e+05,1.00,0.76,1.00,12.3,1.00,10.374,1.00,29.15,1.00,29.13,1.00,29.11,1.00,29.17,1.00,36.1430,1.00,22.8823,1.00,29.12,1.00,36.2349,1.00,23.0021,1.00
2012-03-05 00:00:00,2012-03-05 10:00:00,-999,0.00,-999,0.00,-999,0.00,-999,0.00,-999,0.00,-999,0.00,-999,0.00,-999,0.00,-999,0.00,-999,0.00,1.104e+06,1.00,0.96,1.00,11.5,1.00,10.406,1.00,29.39,1.00,29.36,1.00,29.31,1.00,29.43,1.00,36.1401,1.00,22.7941,1.00,29.34,1.00,36.2319,1.00,22.9273,1.00
2012-03-12 00:00:00,2012-03-12 10:00:00,-999,0.00,-999,0.00,-999,0.00,-999,0.00,-999,0.00,-999,0.00,-999,0.00,-999,0.00,-999,0.00,-999,0.00,8.673e+05,1.00,0.86,1.00,10.8,1.00,10.399,1.00,28.96,1.00,28.96,1.00,28.92,1.00,28.97,1.00,35.9734,1.00,22.8227,1.00,28.95,1.00,36.0896,1.00,22.9508,1.00
2012-03-19 00:00:00,2012-03-19 10:00:00,-999,0.00,-999,0.00,-999,0.00,-999,0.00,-999,0.00,-999,0.00,-999,0.00,-999,0.00,-999,0.00,-999,0.00,6.485e+05,1.00,0.78,1.00,10.3,1.00,10.356,1.00,28.69,1.00,28.68,1.00,28.66,1.00,28.69,1.00,35.9217,1.00,22.8769,1.00,28.67,1.00,36.0299,1.00,22.9977,1.00
2012-03-26 00:00:00,2012-03-26 10:00:00,-999,0.00,-999,0.00,-999,0.00,-999,0.00,-999,0.00,-999,0.00,-999,0.00,-999,0.00,-999,0.00,-999,0.00,7.973e+05,1.00,0.82,1.00,11.4,1.00,10.338,1.00,28.97,1.00,28.93,1.00,28.85,1.00,29.01,1.00,35.9847,1.00,22.8180,1.00,28.90,1.00,36.0728,1.00,22.9555,1.00
2012-04-02 00:00:00,2012-04-02 10:00:00,-999,0.00,-999,0.00,-999,0.00,-999,0.00,-999,0.00,-999,0.00,-999,0.00,-999,0.00,-999,0.00,-999,0.00,8.278e+05,1.00,0.85,1.00,11.3,1.00,10.349,1.00,28.94,1.00,28.91,1.00,28.83,1.00,28.98,1.00,36.0282,1.00,22.8614,1.00,28.88,1.00,36.1148,1.00,22.9936,1.00
2012-04-09 00:00:00,2012-04-09 10:00:00,-999,0.00,-999,0.00,-999,0.00,-999,0.00,-999,0.00,-999,0.00,-999,0.00,-999,0.00,-999,0.00,-999,0.00,4.633e+05,1.00,0.64,1.00,11.2,1.00,10.319,1.00,29.00,1.00,28.97,1.00,28.90,1.00,29.03,1.00,36.0630,1.00,22.8686,1.00,28.94,1.00,36.1470,1.00,22.9959,1.00
2012-04-16 00:00:00,2012-04-16 10:00:00,-999,0.00,-999,0.00,-999,0.00,-999,0.00,-999,0.00,-999,0.00,-999,0.00,-999,0.00,-999,0.00,-999,0.00,6.572e+05,1.00,0.78,1.00,10.5,1.00,10.346,1.00,28.99,1.00,28.97,1.00,28.94,1.00,29.00,1.00,36.0603,1.00,22.8775,1.00,28.96,1.00,36.1424,1.00,22.9867,1.00
2012-04-23 00:00:00,2012-04-23 10:00:00,-999,0.00,-999,0.00,-999,0.00,-999,0.00,-999,0.00,-999,0.00,-999,0.00,-999,0.00,-999,0.00,-999,0.00,2.735e+05,1.00,0.55,1.00,8.9,1.00,10.347,1.00,28.78,1.00,28.78,1.00,28.78,1.00,28.78,1.00,35.8634,1.00,22.8022,1.00,28.78,1.00,35.9994,1.00,22.9378,1.00
2012-04-30 00:00:00,2012-04-30 10:00:00,-999,0.00,-999,0.00,-999,0.00,-999,0.00,-999,0.00,-999,0.00,-999,0.00,-999,0.00,-999,0.00,-999,0.00,4.212e+05,1.00,0.66,1.00,9.5,1.00,10.343,1.00,28.26,1.00,28.25,1.00,28.24,1.00,28.26,1.00,35.7932,1.00,22.9227,1.00,28.25,1.00,35.8865,1.00,23.0317,1.00
2012-05-07 00:00:00,2012-05-07 10:00:00,-999,0.00,-999,0.00,-999,0.00,-999,0.00,-999,0.00,-999,0.00,-999,0.00,-999,0.00,-999,0.00,-999,0.00,2.303e+05,1.00,0.54,1.00,8.0,1.00,10.317,1.00,28.22,1.00,28.21,1.00,28.18,1.00,28.24,1.00,35.9603,1.00,23.0550,1.00,28.19,1.00,36.0518,1.00,23.1740,1.00
2012-05-14 00:00:00,2012-05-14 10:00:00,-999,0.00,-999,0.00,-999,0.00,-999,0.00,-999,0.00,-999,0.00,-999,0.00,-999,0.00,-999,0.00,-999,0.00,2.221e+05,1.00,0.48,1.00,9.6,1.00,10.321,1.00,28.17,1.00,28.15,1.00,28.10,1.00,28.19,1.00,36.0816,1.00,23.1613,1.00,28.13,1.00,36.1535,1.00,23.2698,1.00
2012-05-21 00:00:00,2012-05-21 10:00:00,-999,0.00,-999,0.00,-999,0.00,-999,0.00,-999,0.00,-999,0.00,-999,0.00,-999,0.00,-999,0.00,-999,0.00,2.814e+05,1.00,0.59,1.00,7.5,1.00,10.318,1.00,28.08,1.00,28.05,1.00,28.00,1.00,28.11,1.00,36.1013,1.00,23.2051,1.00,28.03,1.00,36.1734,1.00,23.3182,1.00
2012-05-28 00:00:00,2012-05-28 10:00:00,-999,0.00,-999,0.00,-999,0.00,-999,0.00,-999,0.00,-999,0.00,-999,0.00,-999,0.00,-999,0.00,-999,0.00,3.259e+05,1.00,0.62,1.00,8.4,1.00,10.310,1.00,27.92,1.00,27.90,1.00,27.88,1.00,27.93,1.00,36.0909,1.00,23.2549,1.00,27.89,1.00,36.1650,1.00,23.3579,1.00
2012-06-04 00:00:00,2012-06-04 10:00:00,-999,0.00,-999,0.00,-999,0.00,-999,0.00,-999,0.00,-999,0.00,-999,0.00,-999,0.00,-999,0.00,-999,0.00,1.815e+05,1.00,0.42,1.00,9.5,1.00,10.295,1.00,27.70,1.00,27.69,1.00,27.67,1.00,27.71,1.00,36.1326,1.00,23.3595,1.00,27.68,1.00,36.1993,1.00,23.4518,1.00
2012-06-11 00:00:00,2012-06-11 10:00:00,-999,0.00,-999,0.00,-999,0.00,-999,0.00,-999,0.00,-999,0.00,-999,0.00,-999,0.00,-999,0.00,-999,0.00,2.201e+05,1.00,0.49,1.00,9.0,1.00,10.281,1.00,27.68,1.00,27.67,1.00,27.65,1.00,27.69,1.00,36.1146,1.00,23.3510,1.00,27.66,1.00,36.1830,1.00,23.4452,1.00
2012-06-18 00:00:00,2012-06-18 10:00:00,-999,0.00,-999,0.00,-999,0.00,-999,0.00,-999,0.00,-999,0.00,-999,0.00,-999,0.00,-999,0.00,-999,0.00,3.130e+05,1.00,0.60,1.00,8.1,1.00,10.294,1.00,27.44,1.00,27.44,1.00,27.44,1.00,27.45,1.00,36.1354,1.00,23.4463,1.00,27.44,1.00,36.2009,1.00,23.5319,1.00
2012-06-25 00:00:00,2012-06-25 10:00:00,-0.021,0.09,-0.056,0.09,-0.011,0.09,0.001,0.09,0.108,0.09,0.206,0.09,-999,0.00,-999,0.00,-999,0.00,-999,0.00,1.797e+05,1.00,0.42,1.00,9.8,1.00,10.275,1.00,27.15,1.00,27.15,1.00,27.13,1.00,27.16,1.00,36.1260,1.00,23.5329,1.00,27.14,1.00,36.1958,1.00,23.6250,1.00
2012-07-02 00:00:00,2012-07-02 10:00:00,0.009,1.00,0.009,1.00,-0.003,1.00,0.003,1.00,0.076,1.00,0.135,1.00,3.694e+05,1.00,0.68,1.00,7.7,1.00,5.5,1.00,1.848e+05,0.51,0.46,0.51,8.0,0.51,10.304,0.52,27.07,0.98,27.05,1.00,27.00,1.00,27.09,1.00,36.1240,1.00,23.5529,1.00,27.02,1.00,36.2253,1.00,23.6844,1.00
2012-07-09 00:00:00,2012-07-09 10:00:00,-0.037,1.00,-0.057,1.00,-0.006,1.00,-0.001,1.00,0.084,1.00,0.138,1.00,6.384e+05,1.00,0.90,1.00,6.9,1.00,34.1,1.00,3.656e+05,1.00,0.67,1.00,7.3,1.00,10.293,1.00,27.00,1.00,26.99,1.00,26.95,1.00,27.02,1.00,36.1385,1.00,23.5873,1.00,26.97,1.00,36.2408,1.00,23.7128,1.00
2012-07-16 00:00:00,2012-07-16 10:00:00,-0.052,1.00,-0.094,1.00,-0.010,1.00,-0.002,1.00,0.075,1.00,0.125,1.00,5.121e+05,1.00,0.92,1.00,6.0,1.00,43.4,1.00,2.345e+05,1.00,0.58,1.00,7.0,1.00,10.329,1.00,26.82,1.00,26.81,1.00,26.81,1.00,26.82,1.00,36.1742,1.00,23.6765,1.00,26.81,1.00,36.2732,1.00,23.7904,1.00
2012-07-23 00:00:00,2012-07-23 10:00:00,0.014,1.00,0.045,1.00,0.002,1.00,0.005,1.00,0.067,1.00,0.129,1.00,3.592e+05,1.00,0.72,1.00,7.1,1.00,35.4,1.00,1.703e+05,1.00,0.47,1.00,7.7,1.00,10.329,1.00,26.63,1.00,26.63,1.00,26.63,1.00,26.64,1.00,36.1913,1.00,23.7484,1.00,26.63,1.00,36.2901,1.00,23.8603,1.00
2012-07-30 00:00:00,2012-07-30 10:00:00,-0.009,1.00,-0.015,1.00,-0.007,1.00,-0.004,1.00,0.054,1.00,0.090,1.00,2.461e+05,1.00,0.58,1.00,7.8,1.00,18.0,1.00,1.638e+05,1.00,0.44,1.00,8.3,1.00,10.325,1.00,26.61,1.00,26.59,1.00,26.58,1.00,26.62,1.00,36.2033,1.00,23.7630,1.00,26.59,1.00,36.3026,1.00,23.8824,1.00
2012-08-06 00:00:00,2012-08-06 10:00:00,-0.006,1.00,-0.016,1.00,-0.003,1.00,-0.003,1.00,0.050,1.00,0.073,1.00,2.416e+05,1.00,0.54,1.00,8.3,1.00,18.0,1.00,9.854e+04,1.00,0.34,1.00,8.5,1.00,10.301,1.00,26.42,1.00,26.41,1.00,26.40,1.00,26.43,1.00,36.2373,1.00,23.8475,1.00,26.40,1.00,36.3379,1.00,23.9670,1.00
2012-08-13 00:00:00,2012-08-13 10:00:00,0.008,1.00,0.010,1.00,-0.005,1.00,-0.001,1.00,0.047,1.00,0.066,1.00,8.557e+04,1.00,0.35,1.00,7.5,1.00,12.0,1.00,5.625e+04,1.00,0.25,1.00,9.3,1.00,10.320,1.00,26.26,1.00,26.24,1.00,26.23,1.00,26.27,1.00,36.2624,1.00,23.9167,1.00,26.23,1.00,36.3615,1.00,24.0390,1.00
2012-08-20 00:00:00,2012-08-20 10:00:00,-0.022,1.00,-0.048,1.00,-0.007,1.00,0.002,1.00,0.063,1.00,0.112,1.00,3.359e+05,1.00,0.68,1.00,7.3,1.00,20.9,1.00,1.965e+05,1.00,0.50,1.00,7.6,1.00,10.319,1.00,26.37,1.00,26.36,1.00,26.33,1.00,26.39,1.00,36.2808,1.00,23.8936,1.00,26.34,1.00,36.3816,1.00,24.0197,1.00
2012-08-27 00:00:00,2012-08-27 10:00:00,-0.011,1.00,-0.026,1.00,-0.008,1.00,0.001,1.00,0.055,1.00,0.093,1.00,4.534e+05,1.00,0.87,1.00,5.9,1.00,33.0,1.00,1.975e+05,1.00,0.53,1.00,6.9,1.00,10.330,1.00,26.38,1.00,26.37,1.00,26.34,1.00,26.39,1.00,36.2912,1.00,23.9014,1.00,26.35,1.00,36.3920,1.00,24.0239,1.00
2012-09-03 00:00:00,2012-09-03 10:00:00,0.004,1.00,0.032,1.00,-0.001,1.00,0.007,1.00,0.067,1.00,0.127,1.00,6.384e+05,1.00,0.97,1.00,6.6,1.00,39.2,1.00,3.326e+05,1.00,0.68,1.00,7.0,1.00,10.293,1.00,26.24,1.00,26.23,1.00,26.23,1.00,26.24,1.00,36.3222,1.00,23.9733,1.00,26.23,1.00,36.4235,1.00,24.0868,1.00
2012-09-10 00:00:00,2012-09-10 10:00:00,-0.023,1.00,-0.053,1.00,-0.007,1.00,-0.001,1.00,0.057,1.00,0.098,1.00,3.226e+05,1.00,0.63,1.00,8.5,1.00,20.9,1.00,1.605e+05,1.00,0.43,1.00,8.8,1.00,10.298,1.00,26.37,1.00,26.32,1.00,26.26,1.00,26.41,1.00,36.3354,1.00,23.9303,1.00,26.29,1.00,36.4342,1.00,24.0750,1.00
2012-09-17 00:00:00,2012-09-17 10:00:00,-0.040,1.00,-0.081,1.00,-0.007,1.00,0.002,1.00,0.072,1.00,0.123,1.00,4.904e+05,1.00,0.85,1.00,6.8,1.00,33.7,1.00,2.581e+05,1.00,0.59,1.00,7.2,1.00,10.304,1.00,26.35,1.00,26.33,1.00,26.27,1.00,26.37,1.00,36.3216,1.00,23.9316,1.00,26.30,1.00,36.4235,1.00,24.0633,1.00
2012-09-24 00:00:00,2012-09-24 10:00:00,0.015,1.00,0.011,1.00,-0.004,1.00,-0.001,1.00,0.058,1.00,0.106,1.00,7.500e+05,1.00,0.77,1.00,10.3,1.00,16.2,1.00,3.967e+05,1.00,0.56,1.00,10.7,1.00,10.297,1.00,26.79,1.00,26.75,1.00,26.67,1.00,26.82,1.00,36.3141,1.00,23.7820,1.00,26.71,1.00,36.4133,1.00,23.9256,1.00
2012-10-01 00:00:00,2012-10-01 10:00:00,-0.000,1.00,-0.006,1.00,-0.007,1.00,0.002,1.00,0.079,1.00,0.145,1.00,5.041e+05,1.00,0.69,1.00,10.5,1.00,11.6,1.00,2.515e+05,1.00,0.48,1.00,10.5,1.00,10.266,1.00,26.38,1.00,26.36,1.00,26.32,1.00,26.40,1.00,36.3364,1.00,23.9334,1.00,26.34,1.00,36.4339,1.00,24.0588,1.00
2012-10-08 00:00:00,2012-10-08 10:00:00,-0.062,1.00,-0.120,1.00,-0.012,1.00,-0.009,1.00,0.085,1.00,0.169,1.00,2.386e+06,1.00,1.12,1.00,14.7,1.00,349.2,1.00,1.242e+06,1.00,0.84,1.00,12.3,1.00,10.277,1.00,26.44,1.00,26.42,1.00,26.40,1.00,26.45,1.00,36.2685,1.00,23.8648,1.00,26.41,1.00,36.3759,1.00,23.9936,1.00
2012-10-15 00:00:00,2012-10-15 10:00:00,-0.052,1.00,-0.118,1.00,-0.009,1.00,-0.003,1.00,0.082,1.00,0.161,1.00,6.747e+05,1.00,0.81,1.00,9.3,1.00,12.2,1.00,3.435e+05,1.00,0.56,1.00,9.6,1.00,10.313,1.00,27.05,1.00,27.02,1.00,26.97,1.00,27.09,1.00,36.1656,1.00,23.5849,1.00,27.00,1.00,36.2728,1.00,23.7293,1.00
2012-10-22 00:00:00,2012-10-22 10:00:00,-0.040,1.00,-0.080,1.00,-0.010,1.00,-0.001,1.00,0.074,1.00,0.141,1.00,5.744e+05,1.00,0.88,1.00,7.9,1.00,26.4,1.00,2.616e+05,1.00,0.56,1.00,8.5,1.00,10.334,1.00,27.22,1.00,27.20,1.00,27.16,1.00,27.24,1.00,36.1631,1.00,23.5343,1.00,27.18,1.00,36.2639,1.00,23.6631,1.00
2012-10-29 00:00:00,2012-10-29 10:00:00,-0.026,1.00,-0.065,1.00,-0.007,1.00,-0.007,1.00,0.055,1.00,0.107,1.00,8.040e+05,1.00,0.78,1.00,12.6,1.00,349.7,1.00,5.264e+05,1.00,0.65,1.00,11.4,1.00,10.306,1.00,27.19,1.00,27.14,1.00,27.05,1.00,27.24,1.00,36.2662,1.00,23.6126,1.00,27.09,1.00,36.3684,1.00,23.7695,1.00
2012-11-05 00:00:00,2012-11-05 10:00:00,-0.006,1.00,-0.017,1.00,-0.006,1.00,-0.010,1.00,0.070,1.00,0.142,1.00,8.466e+05,1.00,0.79,1.00,12.4,1.00,353.6,1.00,5.738e+05,1.00,0.68,1.00,11.1,1.00,10.310,1.00,27.67,1.00,27.62,1.00,27.51,1.00,27.71,1.00,36.1850,1.00,23.3988,1.00,27.58,1.00,36.3015,1.00,23.5629,1.00
2012-11-12 00:00:00,2012-11-12 10:00:00,-0.036,1.00,-0.081,1.00,-0.010,1.00,-0.005,1.00,0.073,1.00,0.143,1.00,8.259e+05,1.00,0.90,1.00,10.5,1.00,4.8,1.00,3.765e+05,1.00,0.62,1.00,9.5,1.00,10.288,1.00,27.94,1.00,27.93,1.00,27.89,1.00,27.96,1.00,36.1648,1.00,23.3013,1.00,27.91,1.00,36.2699,1.00,23.4309,1.00
2012-11-19 00:00:00,2012-11-19 10:00:00,-0.020,1.00,-0.052,1.00,-0.011,1.00,-0.007,1.00,0.074,1.00,0.136,1.00,1.116e+06,1.00,0.93,1.00,12.7,1.00,359.4,1.00,5.955e+05,1.00,0.71,1.00,11.3,1.00,10.338,1.00,28.32,1.00,28.30,1.00,28.26,1.00,28.35,1.00,36.1525,1.00,23.1650,1.00,28.28,1.00,36.2549,1.00,23.2981,1.00
2012-11-26 00:00:00,2012-11-26 10:00:00,-0.003,1.00,-0.008,1.00,-0.007,1.00,-0.009,1.00,0.068,1.00,0.142,1.00,8.525e+05,1.00,0.79,1.00,13.1,1.00,352.7,1.00,6.090e+05,1.00,0.70,1.00,11.6,1.00,10.309,1.00,28.82,1.00,28.74,1.00,28.59,1.00,28.89,1.00,36.1582,1.00,22.9872,1.00,28.50,0.55,36.2602,0.55,23.2283,0.55
2012-12-03 00:00:00,2012-12-03 10:00:00,-0.015,1.00,-0.025,1.00,-0.009,1.00,-0.014,1.00,0.075,1.00,0.157,1.00,1.771e+06,1.00,1.15,1.00,13.2,1.00,353.9,1.00,1.266e+06,1.00,1.03,1.00,11.5,1.00,10.358,1.00,28.78,1.00,28.76,1.00,28.68,1.00,28.80,1.00,36.0852,1.00,22.9630,1.00,-999,0.00,-999,0.00,-999,0.00
2012-12-10 00:00:00,2012-12-10 10:00:00,-0.004,1.00,0.002,1.00,-0.005,1.00,-0.021,1.00,0.060,1.00,0.145,1.00,2.559e+06,1.00,1.61,1.00,9.3,1.00,349.0,1.00,1.495e+06,1.00,1.26,1.00,9.1,1.00,10.329,1.00,28.19,1.00,28.15,1.00,28.02,1.00,28.22,1.00,36.0497,1.00,23.1282,1.00,-999,0.00,-999,0.00,-999,0.00
2012-12-17 00:00:00,2012-12-17 10:00:00,-0.001,1.00,-0.034,1.00,-0.004,1.00,-0.013,1.00,0.067,1.00,0.148,1.00,1.308e+06,1.00,1.20,1.00,9.0,1.00,356.1,1.00,7.730e+05,1.00,0.90,1.00,9.1,1.00,10.302,1.00,27.68,1.00,27.67,1.00,27.64,1.00,27.68,1.00,35.6066,1.00,22.9740,1.00,-999,0.00,-999,0.00,-999,0.00
2012-12-24 00:00:00,2012-12-24 10:00:00,0.032,1.00,0.102,1.00,-0.005,1.00,-0.022,1.00,0.059,1.00,0.160,1.00,2.802e+06,1.00,1.31,1.00,14.6,1.00,6.8,1.00,2.834e+06,1.00,1.30,1.00,14.0,1.00,10.279,1.00,28.08,1.00,28.05,1.00,27.99,1.00,28.10,1.00,35.7526,1.00,22.9440,1.00,-999,0.00,-999,0.00,-999,0.00
2012-12-31 00:00:00,2012-12-31 10:00:00,0.009,1.00,0.036,1.00,-0.011,1.00,-0.018,1.00,0.058,1.00,0.130,1.00,2.908e+06,1.04,1.39,1.04,14.7,1.04,348.7,1.04,1.815e+06,0.99,1.18,0.99,12.7,0.99,10.332,1.00,28.43,1.00,28.42,1.00,28.40,1.00,28.44,1.00,35.7541,1.00,22.8345,1.00,-999,0.00,-999,0.00,-999,0.00
2013-01-07 00:00:00,2013-01-07 10:00:00,-0.006,1.00,-0.025,1.00,-0.004,1.00,-0.018,1.00,0.050,1.00,0.105,1.00,1.426e+06,1.00,1.18,1.00,10.5,1.00,351.6,1.00,1.022e+06,0.94,1.00,0.94,10.3,0.94,10.302,0.94,28.13,1.00,28.10,1.00,28.06,1.00,28.15,1.00,35.5835,1.00,22.8017,1.00,28.23,0.37,35.6109,0.37,22.8309,0.37
2013-01-14 00:00:00,2013-01-14 10:00:00,-0.005,1.00,-0.022,1.00,-0.009,1.00,-0.012,1.00,0.066,1.00,0.130,1.00,2.061e+06,0.96,1.40,0.96,9.8,0.96,357.6,0.96,1.424e+06,1.00,1.19,1.00,9.5,1.00,10.312,1.00,28.09,1.00,28.09,1.00,28.08,1.00,28.08,1.00,35.4787,1.00,22.7460,1.00,28.09,1.00,35.5011,1.00,22.7945,1.00
2013-01-21 00:00:00,2013-01-21 10:00:00,-0.004,1.00,-0.009,1.00,-0.011,1.00,-0.028,1.00,0.062,1.00,0.135,1.00,4.253e+06,1.00,1.66,1.00,15.6,1.00,348.6,1.00,2.743e+06,1.00,1.47,1.00,12.8,1.00,10.313,1.00,28.19,1.00,28.18,1.00,28.16,1.00,28.20,1.00,35.5548,1.00,22.7653,1.00,28.17,1.00,35.5691,1.00,22.8177,1.00
2013-01-28 00:00:00,2013-01-28 10:00:00,-0.007,1.00,0.003,1.00,-0.011,1.00,-0.022,1.00,0.074,1.00,0.185,1.00,2.709e+06,1.00,1.62,1.00,9.9,1.00,348.0,1.00,2.362e+06,1.00,1.46,1.00,10.0,1.00,10.321,1.00,28.43,1.00,28.39,1.00,28.33,1.00,28.45,1.00,35.5776,1.00,22.6982,1.00,28.36,1.00,35.5953,1.00,22.7739,1.00
2013-02-04 00:00:00,2013-02-04 10:00:00,0.004,1.00,0.031,1.00,-0.007,1.00,-0.016,1.00,0.062,1.00,0.140,1.00,2.768e+06,1.00,1.60,1.00,10.3,1.00,338.2,1.00,1.783e+06,1.00,1.33,1.00,9.5,1.00,10.273,1.00,28.13,1.00,28.12,1.00,28.08,1.00,28.15,1.00,35.5821,1.00,22.8020,1.00,28.10,1.00,35.6096,1.00,22.8706,1.00
2013-02-11 00:00:00,2013-02-11 10:00:00,-0.028,1.00,-0.057,1.00,-0.007,1.00,-0.018,1.00,0.069,1.00,0.158,1.00,1.582e+06,1.00,1.02,1.00,14.9,1.00,353.9,1.00,1.400e+06,1.00,1.00,1.00,13.4,1.00,10.280,1.00,28.49,1.00,28.44,1.00,28.34,1.00,28.54,1.00,35.5861,1.00,22.6749,1.00,28.40,1.00,35.6083,1.00,22.7714,1.00
2013-02-18 00:00:00,2013-02-18 10:00:00,-0.016,1.00,-0.035,1.00,-0.012,1.00,-0.015,1.00,0.067,1.00,0.143,1.00,2.102e+06,1.00,1.17,1.00,14.3,1.00,349.0,1.00,1.353e+06,1.00,1.00,1.00,12.3,1.00,10.295,1.00,28.30,1.00,28.28,1.00,28.25,1.00,28.32,1.00,35.5833,1.00,22.7457,1.00,28.27,1.00,35.5805,1.00,22.7938,1.00
2013-02-25 00:00:00,2013-02-25 10:00:00,-0.013,1.00,-0.013,1.00,-0.010,1.00,-0.013,1.00,0.070,1.00,0.149,1.00,1.042e+06,1.00,0.97,1.00,11.0,1.00,0.2,1.00,9.559e+05,1.00,0.93,1.00,11.1,1.00,10.295,1.00,28.37,1.00,28.35,1.00,28.33,1.00,28.39,1.00,35.6233,1.00,22.7543,1.00,28.34,1.00,35.6290,1.00,22.8063,1.00
2013-03-04 00:00:00,2013-03-04 10:00:00,-0.004,1.00,-0.001,1.00,-0.011,1.00,-0.012,1.00,0.077,1.00,0.152,1.00,1.585e+06,1.00,1.04,1.00,14.3,1.00,358.2,1.00,1.177e+06,1.00,0.96,1.00,12.7,1.00,10.276,1.00,28.04,1.00,28.03,1.00,28.00,1.00,28.06,1.00,35.6271,1.00,22.8643,1.00,28.02,1.00,35.6309,1.00,22.9146,1.00
2013-03-11 00:00:00,2013-03-11 10:00:00,0.000,1.00,-0.000,1.00,-0.011,1.00,-0.013,1.00,0.071,1.00,0.151,1.00,1.226e+06,1.00,0.89,1.00,14.4,1.00,352.4,1.00,8.020e+05,1.00,0.80,1.00,12.1,1.00,10.285,1.00,28.46,1.00,28.42,1.00,28.34,1.00,28.51,1.00,35.6668,1.00,22.7460,1.00,28.38,1.00,35.6687,1.00,22.8222,1.00
2013-03-18 00:00:00,2013-03-18 10:00:00,0.020,1.00,0.038,1.00,-0.008,1.00,-0.010,1.00,0.064,1.00,0.129,1.00,8.489e+05,1.00,0.78,1.00,13.4,1.00,347.1,1.00,6.377e+05,1.00,0.67,1.00,11.9,1.00,10.282,1.00,28.79,1.00,28.74,1.00,28.67,1.00,28.83,1.00,35.5853,1.00,22.5788,1.00,28.71,1.00,35.5760,1.00,22.6453,1.00
2013-03-25 00:00:00,2013-03-25 10:00:00,0.021,1.00,0.064,1.00,-0.008,1.00,-0.016,1.00,0.068,1.00,0.149,1.00,1.310e+06,1.00,0.90,1.00,15.1,1.00,344.6,1.00,8.492e+05,1.00,0.78,1.00,12.9,1.00,10.306,1.00,28.94,1.00,28.90,1.00,28.83,1.00,28.96,1.00,35.4731,1.00,22.4488,1.00,28.87,1.00,35.4910,1.00,22.5262,1.00
2013-04-01 00:00:00,2013-04-01 10:00:00,-0.018,1.00,-0.055,1.00,-0.009,1.00,-0.008,1.00,0.097,1.00,0.201,1.00,7.018e+05,1.00,0.71,1.00,13.0,1.00,353.6,1.00,6.898e+05,1.00,0.70,1.00,12.6,1.00,10.301,1.00,29.03,1.00,28.97,1.00,28.86,1.00,29.08,1.00,35.6068,1.00,22.5129,1.00,28.92,1.00,35.6249,1.00,22.6119,1.00
2013-04-08 00:00:00,2013-04-08 10:00:00,-0.023,1.00,-0.041,1.00,-0.012,1.00,-0.014,1.00,0.085,1.00,0.158,1.00,1.726e+06,1.00,1.07,1.00,15.0,1.00,346.1,1.00,1.205e+06,1.00,0.94,1.00,12.8,1.00,10.330,1.00,28.83,1.00,28.83,1.00,28.81,1.00,28.84,1.00,35.5665,1.00,22.5613,1.00,28.82,1.00,35.5734,1.00,22.6065,1.00
2013-04-15 00:00:00,2013-04-15 10:00:00,-0.010,1.00,-0.040,1.00,-0.011,1.00,-0.004,1.00,0.084,1.00,0.169,1.00,5.770e+05,1.00,0.73,1.00,10.9,1.00,349.2,1.00,4.049e+05,1.00,0.63,1.00,10.2,1.00,10.311,1.00,28.80,1.00,28.77,1.00,28.73,1.00,28.82,1.00,35.4304,1.00,22.4647,1.00,28.76,1.00,35.4504,1.00,22.5351,1.00
2013-04-22 00:00:00,2013-04-22 10:00:00,-0.037,1.00,-0.083,1.00,-0.008,1.00,-0.008,1.00,0.074,1.00,0.139,1.00,6.711e+05,1.00,0.83,1.00,9.5,1.00,359.0,1.00,4.257e+05,1.00,0.68,1.00,9.1,1.00,10.317,1.00,28.92,1.00,28.91,1.00,28.88,1.00,28.93,1.00,35.3731,1.00,22.3850,1.00,28.90,1.00,35.3771,1.00,22.4332,1.00
2013-04-29 00:00:00,2013-04-29 10:00:00,-0.021,1.00,-0.050,1.00,-0.010,1.00,-0.006,1.00,0.067,1.00,0.117,1.00,4.701e+05,1.00,0.69,1.00,9.7,1.00,356.3,1.00,3.131e+05,1.00,0.57,1.00,9.6,1.00,10.330,1.00,28.69,1.00,28.68,1.00,28.68,1.00,28.69,1.00,35.3829,1.00,22.4719,1.00,28.68,1.00,35.3969,1.00,22.5197,1.00
2013-05-06 00:00:00,2013-05-06 10:00:00,-0.023,1.00,-0.051,1.00,-0.010,1.00,-0.002,1.00,0.078,1.00,0.140,1.00,4.411e+05,1.00,0.80,1.00,7.0,1.00,24.6,1.00,2.604e+05,1.00,0.57,1.00,7.9,1.00,10.265,1.00,28.55,1.00,28.54,1.00,28.53,1.00,28.56,1.00,35.4541,1.00,22.5695,1.00,28.54,1.00,35.4521,1.00,22.6087,1.00
2013-05-13 00:00:00,2013-05-13 10:00:00,0.000,1.00,0.001,1.00,-0.008,1.00,-0.003,1.00,0.063,1.00,0.109,1.00,4.031e+05,1.00,0.80,1.00,6.3,1.00,35.3,1.00,2.471e+05,1.00,0.58,1.00,7.3,1.00,10.283,1.00,28.47,1.00,28.46,1.00,28.44,1.00,28.48,1.00,35.4834,1.00,22.6167,1.00,28.45,1.00,35.4694,1.00,22.6502,1.00
2013-05-20 00:00:00,2013-05-20 10:00:00,0.026,1.00,0.067,1.00,-0.004,1.00,0.002,1.00,0.073,1.00,0.145,1.00,5.268e+05,1.00,0.77,1.00,9.1,1.00,24.1,1.00,2.929e+05,1.00,0.56,1.00,8.9,1.00,10.302,1.00,28.33,1.00,28.32,1.00,28.32,1.00,28.33,1.00,35.4939,1.00,22.6752,1.00,28.32,1.00,35.4783,1.00,22.7007,1.00
2013-05-27 00:00:00,2013-05-27 10:00:00,0.012,1.00,0.041,1.00,-0.008,1.00,-0.002,1.00,0.082,1.00,0.145,1.00,6.949e+05,0.98,0.87,0.98,9.3,0.98,13.1,0.98,3.599e+05,1.00,0.65,1.00,8.5,1.00,10.282,1.00,28.16,1.00,28.15,1.00,28.15,1.00,28.16,1.00,35.5695,1.00,22.7896,1.00,28.15,1.00,35.5524,1.00,22.8114,1.00
2013-06-03 00:00:00,2013-06-03 10:00:00,0.018,1.00,0.045,1.00,-0.005,1.00,0.001,1.00,0.065,1.00,0.117,1.00,4.533e+05,1.00,0.82,1.00,6.9,1.00,39.4,1.00,2.714e+05,1.00,0.59,1.00,7.8,1.00,10.271,1.00,27.81,1.00,27.80,1.00,27.79,1.00,27.82,1.00,35.6260,1.00,22.9412,1.00,27.80,1.00,35.6102,1.00,22.9707,1.00
2013-06-10 00:00:00,2013-06-10 10:00:00,-0.033,1.00,-0.063,1.00,-0.008,1.00,-0.001,1.00,0.067,1.00,0.115,1.00,3.751e+05,1.00,0.73,1.00,7.5,1.00,22.4,1.00,2.432e+05,1.00,0.54,1.00,8.4,1.00,10.229,1.00,27.44,1.00,27.42,1.00,27.41,1.00,27.45,1.00,35.6940,1.00,23.1140,1.00,27.42,1.00,35.6776,1.00,23.1449,1.00
2013-06-17 00:00:00,2013-06-17 10:00:00,0.012,1.00,0.034,1.00,-0.004,1.00,-0.004,1.00,0.065,1.00,0.114,1.00,3.675e+05,1.00,0.68,1.00,8.3,1.00,19.2,1.00,2.392e+05,1.00,0.53,1.00,8.6,1.00,10.231,1.00,27.12,1.00,27.11,1.00,27.09,1.00,27.13,1.00,35.7329,1.00,23.2446,1.00,27.10,1.00,35.7143,1.00,23.2745,1.00
2013-06-24 00:00:00,2013-06-24 10:00:00,-0.005,1.00,0.003,1.00,-0.003,1.00,0.001,1.00,0.061,1.00,0.101,1.00,4.060e+05,0.98,0.77,0.98,7.0,0.98,33.2,0.98,2.469e+05,1.00,0.57,1.00,7.8,1.00,10.243,1.00,27.10,1.00,27.08,1.00,27.07,1.00,27.10,1.00,35.7488,1.00,23.2658,1.00,27.08,1.00,35.7282,1.00,23.2918,1.00
2013-07-01 00:00:00,2013-07-01 10:00:00,-0.003,1.00,-0.005,1.00,-0.004,1.00,-0.002,1.00,0.055,1.00,0.095,1.00,2.840e+05,1.00,0.64,1.00,7.3,1.00,24.0,1.00,1.551e+05,0.94,0.44,0.94,8.0,0.94,10.250,0.94,26.98,0.92,26.96,1.00,26.96,0.93,26.97,0.99,35.8126,0.99,23.3557,0.99,26.96,0.98,35.7733,0.98,23.3636,0.98
2013-07-08 00:00:00,2013-07-08 10:00:00,0.001,1.00,0.013,1.00,-0.002,1.00,0.005,1.00,0.062,1.00,0.105,1.00,3.754e+05,1.00,0.79,1.00,5.3,1.00,51.5,1.00,1.700e+05,1.00,0.47,1.00,7.0,1.00,10.204,1.00,26.77,1.00,26.77,1.00,26.76,1.00,26.77,1.00,35.9529,1.00,23.5264,1.00,26.76,1.00,35.8495,1.00,23.4844,1.00
2013-07-15 00:00:00,2013-07-15 10:00:00,0.003,1.00,0.016,1.00,-0.000,1.00,0.007,1.00,0.065,1.00,0.123,1.00,4.670e+05,1.00,0.77,1.00,7.2,1.00,32.1,1.00,2.193e+05,1.00,0.52,1.00,7.6,1.00,10.212,1.00,26.49,1.00,26.49,1.00,26.49,1.00,26.49,1.00,36.0442,1.00,23.6835,1.00,26.48,1.00,35.9423,1.00,23.6429,1.00
2013-07-22 00:00:00,2013-07-22 10:00:00,0.027,1.00,0.104,1.00,0.004,1.00,0.007,1.00,0.063,1.00,0.142,1.00,9.011e+05,1.00,1.09,1.00,6.4,1.00,48.5,1.00,3.537e+05,1.00,0.64,1.00,7.1,1.00,10.201,1.00,26.07,1.00,26.07,1.00,26.07,1.00,26.07,1.00,36.0792,1.00,23.8427,1.00,26.07,1.00,35.9784,1.00,23.8008,1.00
2013-07-29 00:00:00,2013-07-29 10:00:00,-0.024,1.00,-0.044,1.00,-0.005,1.00,0.001,1.00,0.075,1.00,0.132,1.00,2.464e+05,1.00,0.63,1.00,6.4,1.00,31.6,1.00,1.143e+05,1.00,0.39,1.00,7.6,1.00,10.206,1.00,25.90,1.00,25.89,1.00,25.89,1.00,25.91,1.00,36.0503,1.00,23.8712,1.00,25.89,1.00,35.9513,1.00,23.8369,1.00
2013-08-05 00:00:00,2013-08-05 10:00:00,-0.010,1.00,-0.011,1.00,-0.002,1.00,0.000,1.00,0.070,1.00,0.119,1.00,2.619e+05,1.00,0.65,1.00,6.1,1.00,31.8,1.00,1.214e+05,1.00,0.40,1.00,7.3,1.00,10.179,1.00,25.78,1.00,25.77,1.00,25.77,1.00,25.78,1.00,36.0530,1.00,23.9122,1.00,25.77,1.00,35.9543,1.00,23.8758,1.00
2013-08-12 00:00:00,2013-08-12 10:00:00,-0.034,1.00,-0.072,1.00,-0.005,1.00,0.002,1.00,0.080,1.00,0.142,1.00,4.059e+05,1.00,0.78,1.00,6.8,1.00,25.5,1.00,1.701e+05,1.00,0.46,1.00,7.6,1.00,10.200,1.00,25.53,1.00,25.51,1.00,25.49,1.00,25.55,1.00,36.1085,1.00,24.0286,1.00,25.50,1.00,36.0115,1.00,24.0043,1.00
2013-08-19 00:00:00,2013-08-19 10:00:00,-0.008,1.00,-0.016,1.00,-0.002,1.00,0.003,1.00,0.064,1.00,0.115,1.00,9.695e+04,1.00,0.38,1.00,6.9,1.00,15.6,1.00,4.634e+04,1.00,0.24,1.00,8.0,1.00,10.194,1.00,25.87,1.00,25.81,1.00,25.73,1.00,25.93,1.00,36.1311,1.00,23.9251,1.00,25.77,1.00,36.0398,1.00,23.9412,1.00
2013-08-26 00:00:00,2013-08-26 10:00:00,0.007,1.00,0.013,1.00,0.001,1.00,0.002,1.00,0.063,1.00,0.106,1.00,1.294e+05,1.00,0.49,1.00,5.5,1.00,41.9,1.00,4.878e+04,1.00,0.26,1.00,7.5,1.00,10.178,1.00,26.04,1.00,26.00,1.00,25.93,1.00,26.07,1.00,36.1423,1.00,23.8918,1.00,25.97,1.00,36.0477,1.00,23.8855,1.00
2013-09-02 00:00:00,2013-09-02 10:00:00,-0.007,1.00,-0.022,1.00,-0.004,1.00,0.003,1.00,0.061,1.00,0.116,1.00,1.159e+05,1.00,0.37,1.00,8.7,1.00,358.6,1.00,6.536e+04,1.00,0.26,1.00,9.3,1.00,10.171,1.00,26.15,1.00,26.06,1.00,25.92,1.00,26.22,1.00,36.1930,1.00,23.8806,1.00,25.99,1.00,36.0965,1.00,23.9131,1.00
2013-09-09 00:00:00,2013-09-09 10:00:00,0.012,1.00,0.044,1.00,-0.001,1.00,0.003,1.00,0.068,1.00,0.126,1.00,5.651e+05,1.00,0.94,1.00,6.4,1.00,45.5,1.00,2.762e+05,1.00,0.63,1.00,6.8,1.00,10.165,1.00,26.27,1.00,26.25,1.00,26.20,1.00,26.28,1.00,36.1977,1.00,23.8651,1.00,26.23,1.00,36.1007,1.00,23.8424,1.00
2013-09-16 00:00:00,2013-09-16 10:00:00,-0.008,1.00,-0.006,1.00,-0.006,1.00,0.004,1.00,0.074,1.00,0.138,1.00,5.198e+05,1.00,0.95,1.00,5.6,1.00,48.7,1.00,2.119e+05,1.00,0.55,1.00,6.9,1.00,10.189,1.00,25.76,1.00,25.75,1.00,25.75,1.00,25.77,1.00,36.1999,1.00,24.0286,1.00,25.75,1.00,36.1050,1.00,23.9964,1.00
2013-09-23 00:00:00,2013-09-23 10:00:00,-0.025,1.00,-0.055,1.00,-0.007,1.00,-0.000,1.00,0.083,1.00,0.161,1.00,4.332e+05,1.00,0.68,1.00,9.0,1.00,10.6,1.00,2.624e+05,1.00,0.50,1.00,9.4,1.00,10.189,1.00,25.76,1.00,25.72,1.00,25.65,1.00,25.80,1.00,36.1269,1.00,23.9636,1.00,25.69,1.00,36.0437,1.00,23.9676,1.00
2013-09-30 00:00:00,2013-09-30 10:00:00,-0.040,1.00,-0.090,1.00,-0.011,1.00,0.002,1.00,0.071,1.00,0.139,1.00,5.725e+05,1.00,0.90,1.00,7.5,1.00,31.4,1.00,3.156e+05,1.00,0.58,1.00,9.4,1.00,10.199,1.00,26.28,1.00,26.26,1.00,26.24,1.00,26.30,1.00,36.1510,1.00,23.8261,1.00,26.24,1.00,36.0544,1.00,23.8033,1.00
2013-10-07 00:00:00,2013-10-07 10:00:00,-0.035,1.00,-0.089,1.00,-0.009,1.00,0.002,1.00,0.075,1.00,0.146,1.00,5.223e+05,1.00,0.77,1.00,9.0,1.00,20.9,1.00,2.266e+05,1.00,0.50,1.00,9.1,1.00,10.196,1.00,26.71,1.00,26.68,1.00,26.62,1.00,26.75,1.00,36.1460,1.00,23.6787,1.00,26.65,1.00,36.0500,1.00,23.6714,1.00
2013-10-14 00:00:00,2013-10-14 10:00:00,0.005,1.00,0.005,1.00,-0.005,1.00,0.002,1.00,0.055,1.00,0.113,1.00,4.180e+05,1.00,0.73,1.00,8.2,1.00,21.0,1.00,2.048e+05,1.00,0.48,1.00,9.0,1.00,10.223,1.00,26.78,1.00,26.75,1.00,26.69,1.00,26.81,1.00,36.1306,1.00,23.6482,1.00,26.73,1.00,36.0482,1.00,23.6458,1.00
2013-10-21 00:00:00,2013-10-21 10:00:00,-0.006,1.00,-0.031,1.00,-0.005,1.00,-0.002,1.00,0.067,1.00,0.143,1.00,6.592e+05,1.00,0.75,1.00,11.7,1.00,2.5,1.00,3.457e+05,1.00,0.57,1.00,10.4,1.00,10.186,1.00,26.75,1.00,26.70,1.00,26.61,1.00,26.80,1.00,36.0976,1.00,23.6258,1.00,26.66,1.00,36.0397,1.00,23.6596,1.00
2013-10-28 00:00:00,2013-10-28 10:00:00,-0.039,1.00,-0.084,1.00,-0.007,1.00,-0.001,1.00,0.078,1.00,0.157,1.00,3.760e+05,1.00,0.55,1.00,11.5,1.00,350.6,1.00,2.371e+05,1.00,0.43,1.00,11.8,1.00,10.162,1.00,26.55,1.00,26.53,1.00,26.49,1.00,26.57,1.00,36.1615,1.00,23.7479,1.00,26.52,1.00,36.0679,1.00,23.7278,1.00
2013-11-04 00:00:00,2013-11-04 10:00:00,0.019,1.00,0.054,1.00,-0.004,1.00,0.001,1.00,0.074,1.00,0.155,1.00,5.567e+05,0.98,0.74,0.98,10.9,0.98,9.3,0.98,2.943e+05,1.00,0.54,1.00,9.8,1.00,10.215,1.00,26.93,1.00,26.90,1.00,26.83,1.00,26.97,1.00,36.1639,1.00,23.6229,1.00,26.87,1.00,36.0710,1.00,23.6170,1.00
2013-11-11 00:00:00,2013-11-11 10:00:00,0.020,1.00,0.075,1.00,-0.005,1.00,0.002,1.00,0.070,1.00,0.155,1.00,1.532e+06,1.00,1.02,1.00,13.5,1.00,3.6,1.00,1.100e+06,1.00,0.87,1.00,12.6,1.00,10.220,1.00,26.55,1.00,26.54,1.00,26.53,1.00,26.56,1.00,36.2003,1.00,23.7784,1.00,26.53,1.00,36.0949,1.00,23.7423,1.00
2013-11-18 00:00:00,2013-11-18 10:00:00,-0.038,1.00,-0.096,1.00,-0.009,1.00,-0.007,1.00,0.078,1.00,0.155,1.00,1.107e+06,1.00,0.91,1.00,11.3,1.00,356.6,1.00,7.331e+05,1.00,0.73,1.00,10.6,1.00,10.192,1.00,26.62,0.18,27.00,0.99,26.89,0.99,27.06,0.98,36.2080,0.98,23.6320,0.98,26.96,0.98,36.1044,0.98,23.6186,0.98
2013-11-25 00:00:00,2013-11-25 10:00:00,0.023,1.00,0.036,1.00,-0.007,1.00,-0.001,1.00,0.066,1.00,0.136,1.00,4.561e+05,1.00,0.75,1.00,8.5,1.00,24.4,1.00,2.132e+05,1.00,0.48,1.00,9.5,1.00,10.209,1.00,-999,0.00,27.46,1.00,27.37,1.00,27.51,1.00,36.1994,1.00,23.4798,1.00,27.42,1.00,36.1003,1.00,23.4673,1.00
2013-12-02 00:00:00,2013-12-02 10:00:00,-0.040,1.00,-0.101,1.00,-0.006,1.00,-0.010,1.00,0.071,1.00,0.153,1.00,1.143e+06,1.00,0.91,1.00,12.5,1.00,347.9,1.00,8.308e+05,1.00,0.80,1.00,11.6,1.00,10.179,1.00,-999,0.00,27.19,1.00,26.95,1.00,27.30,1.00,36.1936,1.00,23.5443,1.00,27.09,1.00,36.1031,1.00,23.5764,1.00
2013-12-09 00:00:00,2013-12-09 10:00:00,-0.030,1.00,-0.066,1.00,-0.009,1.00,-0.002,1.00,0.090,1.00,0.192,1.00,9.877e+05,1.00,0.91,1.00,11.2,1.00,3.2,1.00,5.861e+05,1.00,0.72,1.00,10.5,1.00,10.149,1.00,27.60,0.81,27.48,0.99,27.31,0.99,27.58,0.98,36.2072,0.98,23.4590,0.98,27.43,0.98,36.1093,0.98,23.4673,0.98
2013-12-16 00:00:00,2013-12-16 10:00:00,-0.028,1.00,-0.052,1.00,-0.006,1.00,-0.012,1.00,0.080,1.00,0.175,1.00,1.443e+06,1.00,0.93,1.00,14.8,1.00,353.2,1.00,1.544e+06,1.00,0.92,1.00,13.9,1.00,10.151,1.00,28.19,1.00,28.14,1.00,27.99,1.00,28.22,1.00,36.1510,1.00,23.2070,1.00,28.10,1.00,36.0543,1.00,23.2071,1.00
2013-12-23 00:00:00,2013-12-23 10:00:00,-0.015,1.00,-0.023,1.00,-0.006,1.00,-0.028,1.00,0.060,1.00,0.145,1.00,4.569e+06,1.00,1.60,1.00,16.4,1.00,343.3,1.00,2.602e+06,1.00,1.27,1.00,14.3,1.00,10.194,1.00,28.12,1.00,28.10,1.00,27.99,1.00,28.14,1.00,36.0827,1.00,23.1797,1.00,28.07,1.00,35.9944,1.00,23.1719,1.00
2013-12-30 00:00:00,2013-12-30 10:00:00,-0.008,1.00,-0.004,1.00,-0.009,1.00,-0.014,1.00,0.078,1.00,0.181,1.00,1.953e+06,1.04,1.11,1.04,14.7,1.04,352.0,1.04,1.182e+06,1.00,0.91,1.00,13.2,1.00,10.200,1.00,28.25,1.00,28.21,1.00,28.07,1.00,28.27,1.00,36.1473,1.00,23.1855,1.00,28.17,1.00,36.0467,1.00,23.1777,1.00
2014-01-06 00:00:00,2014-01-06 10:00:00,-0.023,1.00,-0.029,1.00,-0.010,1.00,-0.005,1.00,0.098,1.00,0.200,1.00,1.254e+06,1.00,1.05,1.00,11.3,1.00,0.9,1.00,6.834e+05,1.00,0.81,1.00,10.3,1.00,10.178,1.00,28.08,1.00,28.06,1.00,27.93,1.00,28.09,1.00,36.1590,1.00,23.2536,1.00,28.03,1.00,36.0587,1.00,23.2344,1.00
2014-01-13 00:00:00,2014-01-13 10:00:00,-0.022,1.00,-0.060,1.00,-0.009,1.00,-0.003,1.00,0.072,1.00,0.147,1.00,8.589e+05,0.96,0.89,0.96,10.8,0.96,5.9,0.96,4.314e+05,0.92,0.63,0.92,10.6,0.92,10.164,0.91,28.31,1.00,28.28,1.00,28.22,1.00,28.33,1.00,36.1573,1.00,23.1731,1.00,28.25,1.00,35.9029,1.00,23.0419,1.00
2014-01-20 00:00:00,2014-01-20 10:00:00,0.001,1.00,0.002,1.00,-0.004,1.00,-0.021,1.00,0.058,1.00,0.128,1.00,2.591e+06,1.00,1.27,1.00,15.1,1.00,354.7,1.00,2.246e+06,1.00,1.20,1.00,14.5,1.00,10.187,1.00,28.59,1.00,28.54,1.00,28.42,1.00,28.62,1.00,36.0278,1.00,22.9805,1.00,28.52,1.00,35.9780,1.00,23.0102,1.00
2014-01-27 00:00:00,2014-01-27 10:00:00,0.002,1.00,0.020,1.00,-0.003,1.00,-0.023,1.00,0.058,1.00,0.134,1.00,2.283e+06,1.00,1.23,1.00,14.1,1.00,351.3,1.00,1.846e+06,1.00,1.13,1.00,13.5,1.00,10.184,1.00,28.55,1.00,28.47,1.00,28.30,1.00,28.59,1.00,35.9329,1.00,22.9171,1.00,28.44,1.00,35.8809,1.00,22.9639,1.00
2014-02-03 00:00:00,2014-02-03 10:00:00,-0.026,1.00,-0.048,1.00,-0.007,1.00,-0.012,1.00,0.076,1.00,0.153,1.00,2.336e+06,1.00,1.44,1.00,11.5,1.00,0.0,1.00,1.431e+06,1.00,1.19,1.00,10.3,1.00,10.205,1.00,28.46,1.00,28.43,1.00,28.35,1.00,28.47,1.00,35.8790,1.00,22.9172,1.00,28.41,1.00,35.8407,1.00,22.9420,1.00
2014-02-10 00:00:00,2014-02-10 10:00:00,-0.017,1.00,-0.083,1.00,-0.005,1.00,-0.009,1.00,0.054,1.00,0.133,1.00,1.331e+06,1.00,1.30,1.00,7.7,1.00,11.5,1.00,6.923e+05,1.00,0.90,1.00,8.4,1.00,10.214,1.00,27.80,1.00,27.82,1.00,27.85,1.00,27.78,1.00,35.2904,1.00,22.7020,1.00,27.83,1.00,35.4869,1.00,22.8669,1.00
2014-02-17 00:00:00,2014-02-17 10:00:00,0.026,1.00,0.073,1.00,-0.009,1.00,-0.008,1.00,0.075,1.00,0.165,1.00,1.208e+06,1.00,1.26,1.00,7.8,1.00,13.1,1.00,6.995e+05,1.00,0.89,1.00,8.8,1.00,10.286,1.00,28.30,1.00,28.29,1.00,28.28,1.00,28.30,1.00,35.4516,1.00,22.6523,1.00,28.29,1.00,35.4003,1.00,22.6529,1.00
2014-02-24 00:00:00,2014-02-24 10:00:00,0.042,1.00,0.089,1.00,-0.012,1.00,-0.011,1.00,0.076,1.00,0.148,1.00,1.714e+06,1.00,0.98,1.00,14.5,1.00,342.9,1.00,8.185e+05,1.00,0.77,1.00,12.2,1.00,10.317,1.00,28.63,1.00,28.62,1.00,28.60,1.00,28.65,1.00,35.3948,1.00,22.4952,1.00,28.61,1.00,35.3398,1.00,22.5000,1.00
2014-03-03 00:00:00,2014-03-03 10:00:00,0.021,1.00,0.045,1.00,-0.015,1.00,-0.026,1.00,0.075,1.00,0.161,1.00,5.502e+06,1.00,1.83,1.00,13.3,1.00,342.5,1.00,3.262e+06,1.00,1.54,1.00,11.6,1.00,10.327,1.00,28.74,1.00,28.73,1.00,28.72,1.00,28.75,1.00,35.3200,1.00,22.4065,1.00,28.72,1.00,35.2703,1.00,22.4116,1.00
2014-03-10 00:00:00,2014-03-10 10:00:00,0.012,1.00,0.036,1.00,-0.010,1.00,-0.014,1.00,0.062,1.00,0.145,1.00,2.949e+06,1.00,1.58,1.00,12.4,1.00,354.0,1.00,1.635e+06,1.00,1.24,1.00,10.6,1.00,10.328,1.00,28.54,1.00,28.55,1.00,28.55,1.00,28.54,1.00,35.2230,1.00,22.4016,1.00,28.55,1.00,35.1892,1.00,22.4085,1.00
2014-03-17 00:00:00,2014-03-17 10:00:00,-0.029,1.00,-0.098,1.00,-0.010,1.00,-0.013,1.00,0.065,1.00,0.152,1.00,2.553e+06,1.00,1.47,1.00,11.7,1.00,344.2,1.00,1.261e+06,1.00,1.12,1.00,10.1,1.00,10.322,1.00,28.37,1.00,28.36,1.00,28.28,0.56,28.38,1.00,35.3183,1.00,22.5274,1.00,28.36,1.00,35.2856,1.00,22.5439,1.00
2014-03-24 00:00:00,2014-03-24 10:00:00,-0.018,1.00,-0.044,1.00,-0.009,1.00,-0.006,1.00,0.061,1.00,0.116,1.00,1.003e+06,1.00,0.91,1.00,12.2,1.00,358.0,1.00,4.896e+05,1.00,0.66,1.00,11.2,1.00,10.294,1.00,28.67,1.00,28.65,1.00,-999,0.00,28.68,1.00,35.4877,1.00,22.5532,1.00,28.65,1.00,35.4286,1.00,22.5557,1.00
2014-03-31 00:00:00,2014-03-31 10:00:00,-0.003,1.00,-0.003,1.00,-0.012,1.00,-0.006,1.00,0.062,1.00,0.110,1.00,8.119e+05,1.00,0.99,1.00,8.7,1.00,20.9,1.00,4.870e+05,1.00,0.70,1.00,9.8,1.00,10.286,1.00,28.76,1.00,28.75,1.00,-999,0.00,28.77,1.00,35.5023,1.00,22.5362,1.00,28.75,1.00,35.4392,1.00,22.5283,1.00
2014-04-07 00:00:00,2014-04-07 10:00:00,0.035,1.00,0.091,1.00,-0.013,1.00,-0.010,1.00,0.076,1.00,0.163,1.00,1.716e+06,1.00,1.08,1.00,12.8,1.00,357.4,1.00,8.822e+05,1.00,0.82,1.00,11.3,1.00,10.285,1.00,28.51,1.00,28.50,1.00,-999,0.00,28.52,1.00,35.5227,1.00,22.6343,1.00,28.50,1.00,35.4618,1.00,22.6294,1.00
2014-04-14 00:00:00,2014-04-14 10:00:00,-0.007,1.00,-0.028,1.00,-0.009,1.00,-0.006,1.00,0.067,1.00,0.124,1.00,6.168e+05,1.00,0.75,1.00,10.7,1.00,353.2,1.00,3.895e+05,1.00,0.60,1.00,10.6,1.00,10.248,1.00,28.45,1.00,28.43,1.00,-999,0.00,28.48,1.00,35.5460,1.00,22.6660,1.00,28.42,1.00,35.4900,1.00,22.6765,1.00
2014-04-21 00:00:00,2014-04-21 10:00:00,-0.026,1.00,-0.058,1.00,-0.010,1.00,-0.004,1.00,0.077,1.00,0.145,1.00,6.044e+05,1.00,0.81,1.00,9.7,1.00,5.7,1.00,3.691e+05,1.00,0.62,1.00,9.8,1.00,10.251,1.00,28.44,1.00,28.42,1.00,-999,0.00,28.47,1.00,35.5724,1.00,22.6899,1.00,28.41,1.00,35.5183,1.00,22.7007,1.00
2014-04-28 00:00:00,2014-04-28 10:00:00,0.028,1.00,0.050,1.00,-0.009,1.00,-0.001,1.00,0.104,1.00,0.188,1.00,5.353e+05,1.00,0.76,1.00,9.8,1.00,13.6,1.00,3.294e+05,1.00,0.58,1.00,9.7,1.00,10.261,1.00,28.14,1.00,28.14,1.00,-999,0.00,28.14,1.00,35.5602,1.00,22.7878,1.00,28.13,1.00,35.5051,1.00,22.7827,1.00
2014-05-05 00:00:00,2014-05-05 10:00:00,-0.003,1.00,-0.017,1.00,-0.009,1.00,-0.000,1.00,0.076,1.00,0.147,1.00,8.255e+05,1.00,1.05,1.00,8.0,1.00,348.1,1.00,4.185e+05,1.00,0.70,1.00,8.5,1.00,10.237,1.00,28.09,1.00,28.07,1.00,-999,0.00,28.10,1.00,35.5446,1.00,22.7900,1.00,28.07,1.00,35.4897,1.00,22.7928,1.00
2014-05-12 00:00:00,2014-05-12 10:00:00,-0.024,1.00,-0.053,1.00,-0.008,1.00,0.002,1.00,0.069,1.00,0.124,1.00,3.656e+05,1.00,0.81,1.00,5.7,1.00,47.8,1.00,1.841e+05,1.00,0.49,1.00,7.7,1.00,10.261,1.00,28.07,1.00,28.05,1.00,-999,0.00,28.08,1.00,35.5207,1.00,22.7772,1.00,28.05,1.00,35.4635,1.00,22.7793,1.00
2014-05-19 00:00:00,2014-05-19 10:00:00,-0.030,1.00,-0.066,1.00,-0.008,1.00,0.001,1.00,0.073,1.00,0.129,1.00,3.156e+05,1.00,0.80,1.00,4.9,1.00,48.1,1.00,1.456e+05,1.00,0.45,1.00,7.3,1.00,10.271,1.00,27.92,1.00,27.92,1.00,-999,0.00,27.93,1.00,35.5059,1.00,22.8165,1.00,27.92,1.00,35.4509,1.00,22.8122,1.00
2014-05-26 00:00:00,2014-05-26 10:00:00,-0.016,1.00,-0.026,1.00,-0.008,1.00,-0.002,1.00,0.065,1.00,0.114,1.00,5.332e+05,1.00,0.90,1.00,6.0,1.00,47.6,1.00,2.143e+05,1.00,0.54,1.00,7.0,1.00,10.254,1.00,27.86,1.00,27.86,1.00,-999,0.00,27.87,1.00,35.5271,1.00,22.8501,1.00,27.86,1.00,35.4733,1.00,22.8490,1.00
2014-06-02 00:00:00,2014-06-02 10:00:00,-0.006,1.00,-0.017,1.00,-0.006,1.00,-0.002,1.00,0.058,1.00,0.104,1.00,4.116e+05,1.00,0.83,1.00,6.0,1.00,35.2,1.00,1.719e+05,1.00,0.48,1.00,7.5,1.00,10.297,1.00,27.63,1.00,27.63,1.00,-999,0.00,27.64,1.00,35.5750,1.00,22.9623,1.00,27.63,1.00,35.5227,1.00,22.9614,1.00
2014-06-09 00:00:00,2014-06-09 10:00:00,-0.034,1.00,-0.068,1.00,-0.008,1.00,-0.002,1.00,0.082,1.00,0.148,1.00,4.821e+05,1.00,0.81,1.00,7.0,1.00,25.5,1.00,2.916e+05,1.00,0.59,1.00,7.7,1.00,10.247,1.00,27.33,1.00,27.33,1.00,-999,0.00,27.33,1.00,35.6045,1.00,23.0845,1.00,27.33,1.00,35.5530,1.00,23.0809,1.00
2014-06-16 00:00:00,2014-06-16 10:00:00,0.019,1.00,0.023,1.00,-0.005,1.00,0.002,1.00,0.070,1.00,0.119,1.00,4.435e+05,1.00,0.75,1.00,7.7,1.00,31.1,1.00,2.217e+05,1.00,0.49,1.00,8.4,1.00,10.219,1.00,27.25,1.00,27.24,1.00,-999,0.00,27.25,1.00,35.5768,1.00,23.0879,1.00,27.24,1.00,35.5374,1.00,23.0974,1.00
2014-06-23 00:00:00,2014-06-23 10:00:00,-0.013,1.00,-0.022,1.00,-0.003,1.00,0.001,1.00,0.057,1.00,0.092,1.00,3.375e+05,0.98,0.72,0.98,6.5,0.98,2.2,0.98,1.167e+05,0.94,0.40,0.94,7.4,0.94,10.222,0.94,27.04,0.98,27.03,0.98,26.92,0.37,27.05,0.99,35.6108,0.99,23.1803,0.99,27.03,0.99,35.6189,0.99,23.2261,0.99
2014-06-30 00:00:00,2014-06-30 10:00:00,-0.003,1.00,-0.003,1.00,-0.004,1.00,-0.002,1.00,0.060,1.00,0.095,1.00,2.505e+05,1.00,0.62,1.00,6.4,1.00,22.6,1.00,1.418e+05,1.00,0.43,1.00,7.7,1.00,10.244,1.00,26.91,1.00,26.90,1.00,26.87,1.00,26.92,1.00,35.5921,1.00,23.2066,1.00,26.88,1.00,35.6788,1.00,23.3185,1.00
2014-07-07 00:00:00,2014-07-07 10:00:00,-0.004,1.00,-0.005,1.00,-0.009,1.00,0.000,1.00,0.085,1.00,0.152,1.00,4.814e+05,1.00,0.85,1.00,6.7,1.00,16.1,1.00,2.384e+05,1.00,0.56,1.00,7.7,1.00,10.279,1.00,26.82,1.00,26.81,1.00,26.79,1.00,26.83,1.00,35.6494,1.00,23.2799,1.00,26.85,0.21,35.6942,0.21,23.3397,0.21
2014-07-14 00:00:00,2014-07-14 10:00:00,-0.022,1.00,-0.040,1.00,-0.009,1.00,0.007,1.00,0.086,1.00,0.145,1.00,2.497e+05,1.00,0.64,1.00,6.2,1.00,34.4,1.00,1.451e+05,1.00,0.43,1.00,8.0,1.00,10.260,1.00,26.79,1.00,26.79,1.00,26.77,1.00,26.80,1.00,35.6702,1.00,23.3030,1.00,-999,0.00,-999,0.00,-999,0.00
2014-07-21 00:00:00,2014-07-21 10:00:00,-0.017,1.00,-0.031,1.00,-0.007,1.00,0.006,1.00,0.083,1.00,0.147,1.00,2.866e+05,1.00,0.70,1.00,5.9,1.00,25.9,1.00,1.471e+05,1.00,0.44,1.00,7.9,1.00,10.297,1.00,26.84,1.00,26.83,1.00,26.81,1.00,26.86,1.00,35.6878,1.00,23.2999,1.00,-999,0.00,-999,0.00,-999,0.00
2014-07-28 00:00:00,2014-07-28 10:00:00,-0.019,1.00,-0.035,1.00,-0.006,1.00,0.005,1.00,0.077,1.00,0.128,1.00,2.155e+05,1.00,0.63,1.00,5.4,1.00,37.7,1.00,1.140e+05,1.00,0.39,1.00,7.7,1.00,10.299,1.00,26.84,1.00,26.82,1.00,26.80,1.00,26.85,1.00,35.7106,1.00,23.3194,1.00,-999,0.00,-999,0.00,-999,0.00
2014-08-04 00:00:00,2014-08-04 10:00:00,-0.015,1.00,-0.030,1.00,-0.005,1.00,0.003,1.00,0.079,1.00,0.130,1.00,2.780e+05,1.00,0.60,1.00,7.9,1.00,23.2,1.00,1.655e+05,1.00,0.43,1.00,8.2,1.00,10.280,1.00,26.76,1.00,26.75,1.00,26.75,1.00,26.77,1.00,35.7174,1.00,23.3509,1.00,-999,0.00,-999,0.00,-999,0.00
2014-08-11 00:00:00,2014-08-11 10:00:00,-0.037,1.00,-0.077,1.00,-0.009,1.00,0.005,1.00,0.096,1.00,0.172,1.00,3.700e+05,1.00,0.68,1.00,8.3,1.00,11.9,1.00,1.874e+05,1.00,0.47,1.00,8.5,1.00,10.305,1.00,26.86,1.00,26.85,1.00,26.83,1.00,26.87,1.00,35.7313,1.00,23.3292,1.00,-999,0.00,-999,0.00,-999,0.00
2014-08-18 00:00:00,2014-08-18 10:00:00,-0.014,1.00,-0.029,1.00,-0.009,1.00,0.002,1.00,0.071,1.00,0.118,1.00,2.867e+05,1.00,0.56,1.00,9.0,1.00,1.2,1.00,1.507e+05,1.00,0.39,1.00,9.2,1.00,10.305,1.00,27.04,1.00,27.03,1.00,27.00,1.00,27.07,1.00,35.7470,1.00,23.2766,1.00,-999,0.00,-999,0.00,-999,0.00
2014-08-25 00:00:00,2014-08-25 10:00:00,-0.020,1.00,-0.034,1.00,-0.009,1.00,0.003,1.00,0.069,1.00,0.113,1.00,3.140e+05,1.00,0.69,1.00,6.3,1.00,21.4,1.00,1.836e+05,1.00,0.46,1.00,8.2,1.00,10.307,1.00,26.96,1.00,26.95,1.00,26.94,1.00,26.97,1.00,35.7610,1.00,23.3184,1.00,-999,0.00,-999,0.00,-999,0.00
2014-09-01 00:00:00,2014-09-01 10:00:00,-0.037,1.00,-0.066,1.00,-0.005,1.00,0.003,1.00,0.066,1.00,0.113,1.00,3.176e+05,1.00,0.71,1.00,6.9,1.00,42.7,1.00,1.607e+05,1.00,0.47,1.00,7.5,1.00,10.303,1.00,26.86,1.00,26.85,1.00,26.84,1.00,26.87,1.00,35.7973,1.00,23.3788,1.00,-999,0.00,-999,0.00,-999,0.00
2014-09-08 00:00:00,2014-09-08 10:00:00,-0.045,1.00,-0.073,1.00,-0.009,1.00,0.000,1.00,0.084,1.00,0.149,1.00,5.799e+05,1.00,0.79,1.00,9.8,1.00,13.2,1.00,2.609e+05,1.00,0.52,1.00,9.6,1.00,10.328,1.00,26.92,1.00,26.91,1.00,26.90,1.00,26.94,1.00,35.7173,1.00,23.2970,1.00,-999,0.00,-999,0.00,-999,0.00
2014-09-15 00:00:00,2014-09-15 10:00:00,0.009,1.00,0.002,1.00,-0.009,1.00,-0.001,1.00,0.068,1.00,0.115,1.00,4.123e+05,1.00,0.61,1.00,10.9,1.00,1.9,1.00,1.472e+05,1.00,0.39,1.00,9.6,1.00,10.308,1.00,27.18,1.00,27.16,1.00,27.12,1.00,27.21,1.00,35.6631,1.00,23.1678,1.00,-999,0.00,-999,0.00,-999,0.00
2014-09-22 00:00:00,2014-09-22 10:00:00,-0.005,1.00,-0.024,1.00,-0.007,1.00,-0.002,1.00,0.055,1.00,0.098,1.00,3.523e+05,1.00,0.79,1.00,5.7,1.00,33.9,1.00,1.837e+05,1.00,0.50,1.00,7.5,1.00,10.320,1.00,27.53,1.00,27.50,1.00,27.44,1.00,27.55,1.00,35.8112,1.00,23.1684,1.00,-999,0.00,-999,0.00,-999,0.00
2014-09-29 00:00:00,2014-09-29 10:00:00,0.004,1.00,0.028,1.00,-0.013,1.00,-0.011,1.00,0.058,1.00,0.107,1.00,8.951e+05,1.00,0.85,1.00,11.7,1.00,15.4,1.00,4.948e+05,1.00,0.65,1.00,11.4,1.00,10.310,1.00,27.37,1.00,27.36,1.00,27.34,1.00,27.38,1.00,35.8236,1.00,23.2339,1.00,-999,0.00,-999,0.00,-999,0.00
2014-10-06 00:00:00,2014-10-06 10:00:00,-0.036,0.19,-0.059,0.19,-0.011,0.19,-0.003,0.19,0.076,0.19,0.136,0.19,7.507e+05,0.25,0.73,0.25,13.9,0.25,343.3,0.25,2.839e+05,1.00,0.47,1.00,11.6,1.00,10.312,1.00,27.06,1.00,27.02,1.00,26.95,1.00,27.10,1.00,35.8329,1.00,23.3309,1.00,-999,0.00,-999,0.00,-999,0.00
2014-10-13 00:00:00,2014-10-13 10:00:00,-999,0.00,-999,0.00,-999,0.00,-999,0.00,-999,0.00,-999,0.00,-999,0.00,-999,0.00,-999,0.00,-999,0.00,6.354e+05,1.00,0.72,1.00,11.4,1.00,10.302,1.00,27.24,1.00,27.21,1.00,27.15,1.00,27.27,1.00,35.8503,1.00,23.2898,1.00,-999,0.00,-999,0.00,-999,0.00
2014-10-20 00:00:00,2014-10-20 10:00:00,-999,0.00,-999,0.00,-999,0.00,-999,0.00,-999,0.00,-999,0.00,-999,0.00,-999,0.00,-999,0.00,-999,0.00,5.831e+05,1.00,0.70,1.00,11.8,1.00,10.284,1.00,27.32,1.00,27.30,1.00,27.25,1.00,27.35,1.00,35.7961,1.00,23.2229,1.00,-999,0.00,-999,0.00,-999,0.00
2014-10-27 00:00:00,2014-10-27 10:00:00,-999,0.00,-999,0.00,-999,0.00,-999,0.00,-999,0.00,-999,0.00,-999,0.00,-999,0.00,-999,0.00,-999,0.00,2.983e+05,1.00,0.52,1.00,10.9,1.00,10.253,1.00,27.73,1.00,27.65,1.00,27.54,1.00,27.80,1.00,35.7541,1.00,23.0448,1.00,-999,0.00,-999,0.00,-999,0.00
2014-11-03 00:00:00,2014-11-03 10:00:00,-999,0.00,-999,0.00,-999,0.00,-999,0.00,-999,0.00,-999,0.00,-999,0.00,-999,0.00,-999,0.00,-999,0.00,3.615e+05,1.00,0.58,1.00,10.7,1.00,10.266,1.00,27.58,1.00,27.56,1.00,27.52,1.00,27.69,0.45,35.7042,0.45,23.0440,0.45,-999,0.00,-999,0.00,-999,0.00
2014-11-10 00:00:00,2014-11-10 10:00:00,-999,0.00,-999,0.00,-999,0.00,-999,0.00,-999,0.00,-999,0.00,-999,0.00,-999,0.00,-999,0.00,-999,0.00,1.224e+06,1.00,0.81,1.00,13.4,1.00,10.218,1.00,27.67,1.00,27.62,1.00,27.58,1.00,-999,0.00,-999,0.00,-999,0.00,-999,0.00,-999,0.00,-999,0.00
2014-11-17 00:00:00,2014-11-17 10:00:00,-999,0.00,-999,0.00,-999,0.00,-999,0.00,-999,0.00,-999,0.00,-999,0.00,-999,0.00,-999,0.00,-999,0.00,6.741e+05,1.00,0.71,1.00,12.3,1.00,10.210,1.00,28.04,1.00,28.00,1.00,27.95,1.00,-999,0.00,-999,0.00,-999,0.00,-999,0.00,-999,0.00,-999,0.00
2014-11-24 00:00:00,2014-11-24 10:00:00,-999,0.00,-999,0.00,-999,0.00,-999,0.00,-999,0.00,-999,0.00,-999,0.00,-999,0.00,-999,0.00,-999,0.00,5.349e+05,1.00,0.69,1.00,10.7,1.00,10.239,1.00,27.93,1.00,27.92,1.00,27.91,1.00,-999,0.00,-999,0.00,-999,0.00,-999,0.00,-999,0.00,-999,0.00
2014-12-01 00:00:00,2014-12-01 10:00:00,-999,0.00,-999,0.00,-999,0.00,-999,0.00,-999,0.00,-999,0.00,-999,0.00,-999,0.00,-999,0.00,-999,0.00,1.673e+06,1.00,1.11,1.00,13.1,1.00,10.239,1.00,28.23,1.00,28.17,1.00,28.11,1.00,-999,0.00,-999,0.00,-999,0.00,-999,0.00,-999,0.00,-999,0.00
2014-12-08 00:00:00,2014-12-08 10:00:00,-999,0.00,-999,0.00,-999,0.00,-999,0.00,-999,0.00,-999,0.00,-999,0.00,-999,0.00,-999,0.00,-999,0.00,1.397e+06,1.00,1.03,1.00,12.9,1.00,10.256,1.00,28.48,1.00,28.46,1.00,28.42,1.00,-999,0.00,-999,0.00,-999,0.00,-999,0.00,-999,0.00,-999,0.00
2014-12-15 00:00:00,2014-12-15 10:00:00,-999,0.00,-999,0.00,-999,0.00,-999,0.00,-999,0.00,-999,0.00,-999,0.00,-999,0.00,-999,0.00,-999,0.00,1.639e+06,1.00,1.15,1.00,12.3,1.00,10.296,1.00,28.35,1.00,28.32,1.00,28.29,1.00,-999,0.00,-999,0.00,-999,0.00,-999,0.00,-999,0.00,-999,0.00
2014-12-22 00:00:00,2014-12-22 10:00:00,-999,0.00,-999,0.00,-999,0.00,-999,0.00,-999,0.00,-999,0.00,-999,0.00,-999,0.00,-999,0.00,-999,0.00,2.265e+06,1.00,1.44,1.00,10.8,1.00,10.287,1.00,27.92,1.00,27.89,1.00,27.88,1.00,-999,0.00,-999,0.00,-999,0.00,-999,0.00,-999,0.00,-999,0.00
2014-12-29 00:00:00,2014-12-29 10:00:00,-999,0.00,-999,0.00,-999,0.00,-999,0.00,-999,0.00,-999,0.00,4.687e+05,0.02,0.64,0.02,11.6,0.02,354.0,0.02,5.854e+05,1.00,0.74,1.00,10.4,1.00,10.297,1.00,28.52,1.00,28.41,1.00,28.40,1.00,-999,0.00,-999,0.00,-999,0.00,-999,0.00,-999,0.00,-999,0.00
2015-01-05 00:00:00,2015-01-05 10:00:00,-999,0.00,-999,0.00,-999,0.00,-999,0.00,-999,0.00,-999,0.00,-999,0.00,-999,0.00,-999,0.00,-999,0.00,6.286e+05,1.00,0.71,1.00,11.6,1.00,10.310,1.00,28.88,1.00,28.78,1.00,28.78,1.00,-999,0.00,-999,0.00,-999,0.00,-999,0.00,-999,0.00,-999,0.00
2015-01-12 00:00:00,2015-01-12 10:00:00,-0.009,0.34,0.006,0.34,-0.011,0.34,-0.018,0.34,0.071,0.34,0.203,0.34,1.213e+06,0.32,1.08,0.32,10.7,0.32,343.7,0.32,1.217e+06,1.00,1.02,1.00,11.6,1.00,10.308,1.00,29.20,1.00,29.07,1.00,29.06,1.00,-999,0.00,-999,0.00,-999,0.00,-999,0.00,-999,0.00,-999,0.00
2015-01-19 00:00:00,2015-01-19 10:00:00,-0.005,1.00,0.002,1.00,-0.009,1.00,-0.036,1.00,0.064,1.00,0.176,1.00,5.562e+06,1.00,1.75,1.00,15.5,1.00,343.8,1.00,4.109e+06,0.93,1.74,0.93,12.1,0.93,10.324,0.94,28.73,1.00,28.71,1.00,28.66,1.00,28.72,0.93,35.2025,0.93,22.3287,0.93,28.68,0.93,35.1763,0.93,22.3549,0.93
2015-01-26 00:00:00,2015-01-26 10:00:00,-0.021,1.00,-0.072,1.00,-0.007,1.00,-0.029,1.00,0.065,1.00,0.162,1.00,2.271e+06,1.00,1.20,1.00,15.2,1.00,344.2,1.00,1.967e+06,1.00,1.17,1.00,13.7,1.00,10.300,1.00,28.71,1.00,28.67,1.00,28.59,1.00,28.73,1.00,35.1347,1.00,22.2744,1.00,28.64,1.00,35.0917,1.00,22.3039,1.00
2015-02-02 00:00:00,2015-02-02 10:00:00,-0.019,1.00,-0.061,1.00,-0.012,1.00,-0.009,1.00,0.076,1.00,0.153,1.00,6.971e+05,1.00,0.71,1.00,13.7,1.00,345.2,1.00,7.668e+05,1.00,0.78,1.00,12.2,1.00,10.317,1.00,29.08,1.00,29.06,1.00,29.02,1.00,29.09,1.00,35.2504,1.00,22.2394,1.00,29.04,1.00,35.1577,1.00,22.2220,1.00
2015-02-09 00:00:00,2015-02-09 10:00:00,-0.019,1.00,-0.048,1.00,-0.012,1.00,-0.007,1.00,0.077,1.00,0.150,1.00,1.026e+06,1.00,0.81,1.00,14.3,1.00,344.6,1.00,9.458e+05,1.00,0.87,1.00,11.9,1.00,10.327,1.00,29.00,1.00,29.00,1.00,28.99,1.00,29.01,1.00,35.3258,1.00,22.3249,1.00,28.99,1.00,35.2435,1.00,22.3016,1.00
2015-02-16 00:00:00,2015-02-16 10:00:00,-0.026,1.00,-0.054,1.00,-0.015,1.00,-0.012,1.00,0.076,1.00,0.147,1.00,1.262e+06,1.00,0.91,1.00,13.9,1.00,346.1,1.00,1.061e+06,1.00,0.94,1.00,11.6,1.00,10.349,1.00,28.92,1.00,28.91,1.00,28.89,1.00,28.93,1.00,35.4939,1.00,22.4753,1.00,28.90,1.00,35.3915,1.00,22.4436,1.00
2015-02-23 00:00:00,2015-02-23 10:00:00,-0.012,1.00,-0.039,1.00,-0.012,1.00,-0.020,1.00,0.055,1.00,0.113,1.00,1.547e+06,1.00,1.02,1.00,14.2,1.00,340.9,1.00,1.299e+06,1.00,0.97,1.00,13.1,1.00,10.357,1.00,28.90,1.00,28.89,1.00,28.87,1.00,28.92,1.00,35.6239,1.00,22.5768,1.00,28.88,1.00,35.5164,1.00,22.5438,1.00
2015-03-02 00:00:00,2015-03-02 10:00:00,-0.008,1.00,-0.030,1.00,-0.009,1.00,-0.012,1.00,0.054,1.00,0.117,1.00,4.721e+05,1.00,0.63,1.00,11.7,1.00,351.2,1.00,4.910e+05,1.00,0.71,1.00,9.5,1.00,10.388,1.00,29.01,1.00,29.00,1.00,28.97,1.00,29.02,1.00,35.5831,1.00,22.5121,1.00,28.99,1.00,35.4994,1.00,22.4953,1.00
2015-03-09 00:00:00,2015-03-09 10:00:00,0.000,1.00,0.004,1.00,-0.009,1.00,-0.014,1.00,0.064,1.00,0.134,1.00,1.052e+06,1.00,0.86,1.00,11.9,1.00,339.9,1.00,1.329e+06,1.00,1.00,1.00,10.8,1.00,10.398,1.00,29.34,1.00,29.30,1.00,29.22,1.00,29.37,1.00,35.6587,1.00,22.4510,1.00,29.27,1.00,35.5556,1.00,22.4434,1.00
2015-03-16 00:00:00,2015-03-16 10:00:00,-0.009,1.00,-0.018,1.00,-0.015,1.00,-0.011,1.00,0.077,1.00,0.154,1.00,1.428e+06,1.00,1.13,1.00,11.2,1.00,347.7,1.00,1.684e+06,1.00,1.30,1.00,9.7,1.00,10.357,1.00,28.95,1.00,28.94,1.00,28.93,1.00,28.95,1.00,35.6476,1.00,22.5847,1.00,28.93,1.00,35.5411,1.00,22.5455,1.00
2015-03-23 00:00:00,2015-03-23 10:00:00,-0.019,1.00,-0.048,1.00,-0.010,1.00,-0.008,1.00,0.075,1.00,0.141,1.00,3.593e+05,1.00,0.53,1.00,11.8,1.00,348.6,1.00,3.739e+05,1.00,0.59,1.00,10.1,1.00,10.334,1.00,28.98,1.00,28.95,1.00,28.90,1.00,29.03,1.00,35.6437,1.00,22.5559,1.00,28.93,1.00,35.5413,1.00,22.5478,1.00
2015-03-30 00:00:00,2015-03-30 10:00:00,-0.019,1.00,-0.059,1.00,-0.009,1.00,-0.009,1.00,0.060,1.00,0.112,1.00,3.021e+05,1.00,0.48,1.00,11.8,1.00,350.0,1.00,2.567e+05,1.00,0.52,1.00,9.2,1.00,10.354,1.00,29.22,1.00,29.19,1.00,29.14,1.00,29.25,1.00,35.6515,1.00,22.4878,1.00,29.17,1.00,35.5403,1.00,22.4654,1.00
2015-04-06 00:00:00,2015-04-06 10:00:00,-0.014,1.00,-0.037,1.00,-0.010,1.00,-0.009,1.00,0.060,1.00,0.110,1.00,4.544e+05,1.00,0.58,1.00,11.9,1.00,353.7,1.00,4.038e+05,1.00,0.61,1.00,10.1,1.00,10.347,1.00,29.17,1.00,29.15,1.00,29.12,1.00,29.19,1.00,35.7155,1.00,22.5543,1.00,29.14,1.00,35.6027,1.00,22.5227,1.00
2015-04-13 00:00:00,2015-04-13 10:00:00,-0.020,1.00,-0.043,1.00,-0.011,1.00,-0.006,1.00,0.081,1.00,0.144,1.00,2.763e+05,1.00,0.43,1.00,13.1,1.00,357.3,1.00,2.924e+05,1.00,0.48,1.00,11.2,1.00,10.357,1.00,29.05,1.00,29.04,1.00,29.02,1.00,29.06,1.00,35.7821,1.00,22.6488,1.00,29.03,1.00,35.6692,1.00,22.6087,1.00
2015-04-20 00:00:00,2015-04-20 10:00:00,-0.046,1.00,-0.084,1.00,-0.011,1.00,-0.009,1.00,0.064,1.00,0.105,1.00,4.883e+05,1.00,0.64,1.00,11.8,1.00,354.6,1.00,4.391e+05,1.00,0.69,1.00,9.2,1.00,10.357,1.00,28.88,1.00,28.88,1.00,28.88,1.00,28.88,1.00,35.8955,1.00,22.7935,1.00,28.88,1.00,35.7769,1.00,22.7399,1.00
2015-04-27 00:00:00,2015-04-27 10:00:00,-0.034,1.00,-0.070,1.00,-0.011,1.00,-0.012,1.00,0.059,1.00,0.108,1.00,4.097e+05,1.00,0.60,1.00,11.3,1.00,354.9,1.00,5.107e+05,1.00,0.71,1.00,10.2,1.00,10.355,1.00,28.91,1.00,28.90,1.00,28.88,1.00,28.91,1.00,35.8880,1.00,22.7777,1.00,28.89,1.00,35.7720,1.00,22.7326,1.00
2015-05-04 00:00:00,2015-05-04 10:00:00,-0.014,1.00,-0.034,1.00,-0.012,1.00,-0.010,1.00,0.063,1.00,0.107,1.00,2.799e+05,1.00,0.52,1.00,10.2,1.00,352.8,1.00,3.290e+05,1.00,0.59,1.00,9.3,1.00,10.374,1.00,28.77,1.00,28.77,1.00,28.76,1.00,28.77,1.00,35.9109,1.00,22.8420,1.00,28.76,1.00,35.7934,1.00,22.7908,1.00
2015-05-11 00:00:00,2015-05-11 10:00:00,-0.023,1.00,-0.045,1.00,-0.012,1.00,-0.010,1.00,0.072,1.00,0.126,1.00,2.203e+05,1.00,0.46,1.00,10.3,1.00,357.6,1.00,2.889e+05,1.00,0.53,1.00,9.9,1.00,10.372,1.00,28.59,1.00,28.59,1.00,28.59,1.00,28.60,1.00,35.8415,1.00,22.8477,1.00,28.59,1.00,35.7244,1.00,22.7982,1.00
2015-05-18 00:00:00,2015-05-18 10:00:00,-0.021,1.00,-0.049,1.00,-0.009,1.00,-0.009,1.00,0.064,1.00,0.123,1.00,2.632e+05,1.00,0.47,1.00,11.1,1.00,346.0,1.00,2.681e+05,1.00,0.51,1.00,9.7,1.00,10.329,1.00,28.57,1.00,28.56,1.00,28.54,1.00,28.58,1.00,35.7933,1.00,22.8182,1.00,28.55,1.00,35.6779,1.00,22.7750,1.00
2015-05-25 00:00:00,2015-05-25 10:00:00,0.016,1.00,0.034,1.00,-0.007,1.00,-0.000,1.00,0.069,1.00,0.128,1.00,1.974e+05,0.98,0.47,0.98,9.2,0.98,15.4,0.98,1.845e+05,1.00,0.50,1.00,7.4,1.00,10.332,1.00,28.36,1.00,28.36,1.00,28.37,1.00,28.36,1.00,35.7346,1.00,22.8467,1.00,28.36,1.00,35.6129,1.00,22.7883,1.00
2015-06-01 00:00:00,2015-06-01 10:00:00,-0.012,1.00,-0.034,1.00,-0.009,1.00,-0.001,1.00,0.065,1.00,0.111,1.00,1.100e+05,1.00,0.34,1.00,10.1,1.00,11.0,1.00,1.314e+05,1.00,0.38,1.00,8.9,1.00,10.325,1.00,28.30,1.00,28.29,1.00,28.29,1.00,28.31,1.00,35.7221,1.00,22.8534,1.00,28.29,1.00,35.5903,1.00,22.7964,1.00
2015-06-08 00:00:00,2015-06-08 10:00:00,-0.005,1.00,0.003,1.00,-0.008,1.00,-0.001,1.00,0.075,1.00,0.135,1.00,1.995e+05,1.00,0.46,1.00,9.8,1.00,13.4,1.00,2.103e+05,1.00,0.51,1.00,8.1,1.00,10.349,1.00,28.18,1.00,28.18,1.00,28.17,1.00,28.19,1.00,35.7918,1.00,22.9464,1.00,28.18,1.00,35.6502,1.00,22.8787,1.00
2015-06-15 00:00:00,2015-06-15 10:00:00,-0.027,1.00,-0.045,1.00,-0.008,1.00,-0.001,1.00,0.080,1.00,0.146,1.00,2.012e+05,1.00,0.52,1.00,7.8,1.00,16.9,1.00,2.783e+05,1.00,0.61,1.00,7.7,1.00,10.343,1.00,27.93,1.00,27.93,1.00,27.93,1.00,27.93,1.00,35.8059,1.00,23.0434,1.00,27.93,1.00,35.6647,1.00,22.9700,1.00
2015-06-22 00:00:00,2015-06-22 10:00:00,0.017,1.00,0.028,1.00,-0.004,1.00,0.001,1.00,0.062,1.00,0.096,1.00,6.303e+04,1.00,0.25,1.00,9.2,1.00,6.8,1.00,8.242e+04,1.00,0.30,1.00,8.8,1.00,10.338,1.00,27.72,1.00,27.72,1.00,27.71,1.00,27.88,0.23,35.8420,0.23,23.0862,0.23,27.72,1.00,35.6975,1.00,23.0646,1.00
2015-06-29 00:00:00,2015-06-29 10:00:00,-0.014,1.00,-0.021,1.00,-0.005,1.00,0.001,1.00,0.073,1.00,0.126,1.00,1.223e+05,0.96,0.39,0.96,7.0,0.96,24.9,0.96,1.280e+05,0.96,0.40,0.96,7.4,0.96,10.321,0.96,27.68,0.99,27.78,0.20,27.68,1.00,27.66,0.80,35.8309,0.80,23.1509,0.80,27.68,1.00,35.8127,1.00,23.1644,1.00
2015-07-06 00:00:00,2015-07-06 10:00:00,-0.005,1.00,-0.002,1.00,-0.003,1.00,0.001,1.00,0.073,1.00,0.116,1.00,2.160e+05,1.00,0.64,1.00,5.0,1.00,51.4,1.00,9.056e+04,1.00,0.34,1.00,7.8,1.00,10.317,1.00,27.52,1.00,-999,0.00,27.52,1.00,27.52,1.00,35.9484,1.00,23.2850,1.00,27.52,1.00,35.9459,1.00,23.3179,1.00
2015-07-13 00:00:00,2015-07-13 10:00:00,-0.017,1.00,-0.026,1.00,-0.004,1.00,0.003,1.00,0.075,1.00,0.131,1.00,2.037e+05,1.00,0.57,1.00,6.5,1.00,20.5,1.00,8.629e+04,1.00,0.33,1.00,7.9,1.00,10.324,1.00,27.34,1.00,-999,0.00,27.32,1.00,27.34,1.00,35.9030,1.00,23.3073,1.00,27.33,1.00,35.8763,1.00,23.3272,1.00
2015-07-20 00:00:00,2015-07-20 10:00:00,-0.020,1.00,-0.044,1.00,-0.007,1.00,-0.000,1.00,0.058,1.00,0.104,1.00,4.964e+05,1.00,0.82,1.00,7.8,1.00,26.7,1.00,2.473e+05,1.00,0.54,1.00,8.5,1.00,10.341,1.00,27.24,1.00,-999,0.00,27.23,1.00,27.25,1.00,35.9176,1.00,23.3491,1.00,27.23,1.00,35.8596,1.00,23.3451,1.00
2015-07-27 00:00:00,2015-07-27 10:00:00,-0.013,1.00,-0.027,1.00,-0.004,1.00,0.001,1.00,0.072,1.00,0.126,1.00,1.812e+05,1.00,0.46,1.00,7.9,1.00,13.3,1.00,8.568e+04,1.00,0.31,1.00,8.4,1.00,10.354,1.00,27.22,1.00,-999,0.00,27.21,1.00,27.22,1.00,36.0779,1.00,23.4774,1.00,27.21,1.00,35.9655,1.00,23.4316,1.00
2015-08-03 00:00:00,2015-08-03 10:00:00,-0.017,1.00,-0.035,1.00,0.003,1.00,-0.003,1.00,0.072,1.00,0.119,1.00,1.102e+05,1.00,0.38,1.00,8.1,1.00,14.2,1.00,5.525e+04,1.00,0.24,1.00,9.4,1.00,10.322,1.00,26.89,1.00,-999,0.00,26.88,1.00,26.89,1.00,36.0887,1.00,23.5928,1.00,26.89,1.00,35.9564,1.00,23.5281,1.00
2015-08-10 00:00:00,2015-08-10 10:00:00,-0.010,1.00,-0.016,1.00,-0.005,1.00,0.001,1.00,0.056,1.00,0.094,1.00,3.074e+05,1.00,0.73,1.00,5.8,1.00,38.7,1.00,1.302e+05,1.00,0.42,1.00,7.3,1.00,10.291,1.00,26.58,1.00,-999,0.00,26.57,1.00,26.60,1.00,36.0916,1.00,23.6887,1.00,26.57,1.00,35.9601,1.00,23.6313,1.00
2015-08-17 00:00:00,2015-08-17 10:00:00,-0.016,1.00,-0.030,1.00,-0.005,1.00,0.000,1.00,0.051,1.00,0.083,1.00,1.889e+05,1.00,0.58,1.00,6.0,1.00,34.2,1.00,8.985e+04,1.00,0.34,1.00,7.9,1.00,10.309,1.00,26.70,1.00,-999,0.00,26.65,1.00,26.71,1.00,36.1259,1.00,23.6781,1.00,26.66,1.00,35.9920,1.00,23.6259,1.00
2015-08-24 00:00:00,2015-08-24 10:00:00,-0.051,1.00,-0.091,1.00,-0.009,1.00,-0.001,1.00,0.076,1.00,0.136,1.00,7.038e+05,1.00,1.06,1.00,6.2,1.00,36.1,1.00,2.907e+05,1.00,0.63,1.00,7.1,1.00,10.325,1.00,26.52,1.00,-999,0.00,26.49,1.00,26.54,1.00,36.1238,1.00,23.7324,1.00,26.50,1.00,35.9878,1.00,23.6753,1.00
2015-08-31 00:00:00,2015-08-31 10:00:00,0.008,1.00,0.023,1.00,-0.009,1.00,-0.003,1.00,0.068,1.00,0.127,1.00,7.845e+05,1.00,0.74,1.00,14.2,1.00,345.7,1.00,4.323e+05,1.00,0.57,1.00,12.8,1.00,10.273,1.00,26.36,1.00,-999,0.00,26.35,1.00,26.38,1.00,36.1436,1.00,23.7975,1.00,26.35,1.00,35.9835,1.00,23.7196,1.00
2015-09-07 00:00:00,2015-09-07 10:00:00,-0.022,1.00,-0.034,1.00,-0.010,1.00,-0.004,1.00,0.064,1.00,0.117,1.00,8.045e+05,1.00,0.89,1.00,9.0,1.00,10.6,1.00,4.676e+05,1.00,0.61,1.00,10.3,1.00,10.301,1.00,26.17,1.00,-999,0.00,26.16,1.00,26.18,1.00,36.1849,1.00,23.8907,1.00,26.16,1.00,35.9984,1.00,23.7897,1.00
2015-09-14 00:00:00,2015-09-14 10:00:00,-0.026,1.00,-0.063,1.00,-0.006,1.00,-0.001,1.00,0.059,1.00,0.104,1.00,2.312e+05,1.00,0.59,1.00,7.1,1.00,24.0,1.00,1.196e+05,1.00,0.38,1.00,8.3,1.00,10.294,1.00,26.46,1.00,-999,0.00,26.31,1.00,26.52,1.00,36.2302,1.00,23.8170,1.00,26.36,1.00,36.0270,1.00,23.7487,1.00
2015-09-21 00:00:00,2015-09-21 10:00:00,-0.003,1.00,-0.016,1.00,-0.008,1.00,0.000,1.00,0.062,1.00,0.110,1.00,1.316e+05,1.00,0.41,1.00,8.1,1.00,5.2,1.00,8.684e+04,1.00,0.31,1.00,9.1,1.00,10.324,1.00,26.49,1.00,-999,0.00,26.42,1.00,26.54,1.00,36.2858,1.00,23.8533,1.00,26.44,1.00,36.0533,1.00,23.7441,1.00
2015-09-28 00:00:00,2015-09-28 10:00:00,-0.000,1.00,-0.001,1.00,-0.006,1.00,-0.003,1.00,0.069,1.00,0.122,1.00,2.590e+05,1.00,0.59,1.00,6.8,1.00,36.5,1.00,1.373e+05,1.00,0.38,1.00,8.8,1.00,10.298,1.00,26.36,1.00,-999,0.00,26.34,1.00,26.37,1.00,36.3737,1.00,23.9739,1.00,26.35,1.00,36.1256,1.00,23.8268,1.00
2015-10-05 00:00:00,2015-10-05 10:00:00,-0.041,1.00,-0.071,1.00,-0.011,1.00,-0.000,1.00,0.085,1.00,0.159,1.00,1.062e+06,1.00,1.05,1.00,9.1,1.00,25.6,1.00,5.764e+05,1.00,0.72,1.00,9.7,1.00,10.281,1.00,26.51,1.00,-999,0.00,26.49,1.00,26.53,1.00,36.4916,1.00,24.0131,1.00,26.49,1.00,36.2307,1.00,23.8602,1.00
2015-10-12 00:00:00,2015-10-12 10:00:00,-0.021,1.00,-0.053,1.00,-0.009,1.00,-0.005,1.00,0.056,1.00,0.105,1.00,6.428e+05,1.00,0.71,1.00,12.3,1.00,348.8,1.00,3.100e+05,1.00,0.53,1.00,11.0,1.00,10.276,1.00,26.52,1.00,-999,0.00,26.46,1.00,26.54,1.00,36.4693,1.00,23.9920,1.00,26.49,1.00,36.1933,1.00,23.8347,1.00
2015-10-19 00:00:00,2015-10-19 10:00:00,-0.035,1.00,-0.083,1.00,-0.007,1.00,-0.003,1.00,0.065,1.00,0.126,1.00,3.706e+05,1.00,0.64,1.00,9.9,1.00,11.1,1.00,2.492e+05,1.00,0.48,1.00,10.8,1.00,10.247,1.00,26.37,1.00,-999,0.00,26.30,1.00,26.40,1.00,36.3874,1.00,23.9750,1.00,26.33,1.00,36.1097,1.00,23.8216,1.00
2015-10-26 00:00:00,2015-10-26 10:00:00,0.013,1.00,0.045,1.00,-0.006,1.00,-0.012,1.00,0.062,1.00,0.155,1.00,1.751e+06,1.00,0.93,1.00,14.9,1.00,356.9,1.00,1.316e+06,1.00,0.81,1.00,13.7,1.00,10.250,1.00,27.12,1.00,-999,0.00,26.80,1.00,27.19,1.00,36.3302,1.00,23.6777,1.00,26.95,1.00,36.0351,1.00,23.5644,1.00
2015-11-02 00:00:00,2015-11-02 10:00:00,0.035,1.00,0.085,1.00,-0.007,1.00,-0.010,1.00,0.075,1.00,0.157,1.00,1.592e+06,1.00,1.02,1.00,12.2,1.00,3.2,1.00,1.188e+06,1.00,0.84,1.00,11.9,1.00,10.251,1.00,27.64,1.00,-999,0.00,27.55,1.00,27.65,1.00,36.4666,1.00,23.6308,1.00,27.60,1.00,36.1329,1.00,23.4313,1.00
2015-11-09 00:00:00,2015-11-09 10:00:00,0.004,1.00,-0.023,1.00,-0.006,1.00,-0.003,1.00,0.053,1.00,0.113,1.00,7.787e+05,0.96,0.87,0.96,10.4,0.96,8.3,0.96,3.965e+05,1.00,0.62,1.00,10.3,1.00,10.259,1.00,27.92,1.00,-999,0.00,27.84,1.00,27.94,1.00,36.5410,1.00,23.5920,1.00,27.88,1.00,36.2186,1.00,23.4033,1.00
2015-11-16 00:00:00,2015-11-16 10:00:00,-0.043,1.00,-0.101,1.00,-0.011,1.00,-0.005,1.00,0.066,1.00,0.129,1.00,1.632e+06,1.00,1.21,1.00,10.6,1.00,5.7,1.00,7.637e+05,1.00,0.88,1.00,9.6,1.00,10.282,1.00,27.92,1.00,-999,0.00,27.89,1.00,27.93,1.00,36.6116,1.00,23.6488,1.00,27.90,1.00,36.2620,1.00,23.4314,1.00
2015-11-23 00:00:00,2015-11-23 10:00:00,-0.005,1.00,0.003,1.00,-0.010,1.00,-0.003,1.00,0.076,1.00,0.144,1.00,1.132e+06,1.00,1.16,1.00,8.1,1.00,30.2,1.00,5.655e+05,1.00,0.80,1.00,8.7,1.00,10.301,1.00,27.69,1.00,-999,0.00,27.67,1.00,27.70,1.00,36.6068,1.00,23.7230,1.00,27.67,1.00,36.2510,1.00,23.4961,1.00
2015-11-30 00:00:00,2015-11-30 10:00:00,-0.015,1.00,-0.025,1.00,-0.011,1.00,-0.015,1.00,0.058,1.00,0.117,1.00,2.204e+06,1.00,1.27,1.00,13.6,1.00,2.5,1.00,1.349e+06,1.00,1.06,1.00,11.7,1.00,10.290,1.00,27.64,1.00,-999,0.00,27.54,1.00,27.68,1.00,36.5727,1.00,23.7021,1.00,27.58,1.00,36.2044,1.00,23.4918,1.00
2015-12-07 00:00:00,2015-12-07 10:00:00,-0.006,1.00,-0.028,1.00,-0.011,1.00,-0.020,1.00,0.051,1.00,0.117,1.00,2.765e+06,1.00,1.31,1.00,15.0,1.00,354.0,1.00,2.087e+06,1.00,1.20,1.00,13.7,1.00,10.273,1.00,27.93,1.00,-999,0.00,27.89,1.00,27.94,1.00,36.5051,1.00,23.5657,1.00,27.91,1.00,36.1528,1.00,23.3437,1.00
2015-12-14 00:00:00,2015-12-14 10:00:00,-0.026,1.00,-0.082,1.00,-0.011,1.00,-0.015,1.00,0.056,1.00,0.118,1.00,1.798e+06,1.00,1.10,1.00,14.0,1.00,351.3,1.00,1.081e+06,1.00,0.92,1.00,12.2,1.00,10.309,1.00,28.09,1.00,-999,0.00,28.02,1.00,28.11,1.00,36.4618,1.00,23.4763,1.00,28.05,1.00,36.0870,1.00,23.2478,1.00
2015-12-21 00:00:00,2015-12-21 10:00:00,-0.035,1.00,-0.087,1.00,-0.011,1.00,-0.017,1.00,0.061,1.00,0.127,1.00,1.736e+06,1.00,1.20,1.00,12.0,1.00,0.2,1.00,1.373e+06,1.00,1.08,1.00,11.6,1.00,10.341,1.00,28.09,1.00,-999,0.00,28.05,1.00,28.10,1.00,36.4056,1.00,23.4384,1.00,28.06,1.00,36.0329,1.00,23.2042,1.00
2015-12-28 00:00:00,2015-12-28 10:00:00,-0.021,1.00,-0.037,1.00,-0.008,1.00,-0.015,1.00,0.069,1.00,0.169,1.00,1.588e+06,1.02,1.15,1.02,11.9,1.02,346.0,1.02,1.365e+06,1.00,1.06,1.00,11.4,1.00,10.319,1.00,28.31,1.00,-999,0.00,28.12,1.00,28.36,1.00,36.3898,1.00,23.3413,1.00,28.21,1.00,36.0561,1.00,23.1738,1.00
2016-01-04 00:00:00,2016-01-04 10:00:00,-0.004,1.00,-0.005,1.00,-0.008,1.00,-0.016,1.00,0.066,1.00,0.155,1.00,2.783e+06,0.98,1.47,0.98,13.0,0.98,352.8,0.98,1.752e+06,0.95,1.24,0.95,11.4,0.95,10.267,0.94,28.21,1.00,28.53,0.08,28.10,1.00,28.23,1.00,36.4047,1.00,23.3950,1.00,28.16,1.00,36.0875,1.00,23.2123,1.00
2016-01-11 00:00:00,2016-01-11 10:00:00,0.003,1.00,0.028,1.00,-0.006,1.00,-0.022,1.00,0.049,1.00,0.120,1.00,1.410e+06,1.00,1.04,1.00,13.0,1.00,351.7,1.00,1.501e+06,1.00,1.09,1.00,12.6,1.00,10.251,1.00,28.70,1.00,28.67,1.00,28.50,1.00,28.73,1.00,36.0979,1.00,22.9995,1.00,28.61,1.00,36.2584,1.00,23.1935,1.00
2016-01-18 00:00:00,2016-01-18 10:00:00,0.049,1.00,0.136,1.00,-0.018,1.00,-0.028,1.00,0.072,1.00,0.170,1.00,2.774e+06,1.00,1.29,1.00,15.3,1.00,357.8,1.00,3.095e+06,1.00,1.44,1.00,14.2,1.00,10.221,1.00,28.55,1.00,28.54,1.00,28.49,1.00,28.57,1.00,36.1814,1.00,23.1157,1.00,28.52,1.00,36.3405,1.00,23.2850,1.00
2016-01-25 00:00:00,2016-01-25 10:00:00,0.027,1.00,0.071,1.00,-0.013,1.00,-0.025,1.00,0.059,1.00,0.132,1.00,2.233e+06,1.00,1.19,1.00,15.0,1.00,353.8,1.00,1.828e+06,1.00,1.12,1.00,13.8,1.00,10.217,1.00,28.68,1.00,28.67,1.00,28.62,1.00,28.68,1.00,36.2005,1.00,23.0912,1.00,28.65,1.00,36.3595,1.00,23.2570,1.00
2016-02-01 00:00:00,2016-02-01 10:00:00,0.004,1.00,0.009,1.00,-0.010,1.00,-0.014,1.00,0.055,1.00,0.113,1.00,1.787e+06,1.00,1.11,1.00,14.1,1.00,347.8,1.00,1.401e+06,1.00,1.03,1.00,12.6,1.00,10.235,1.00,28.81,1.00,28.54,0.19,28.77,1.00,28.81,1.00,36.2019,1.00,23.0493,1.00,28.78,1.00,36.3605,1.00,23.2119,1.00
2016-02-08 00:00:00,2016-02-08 10:00:00,-0.031,1.00,-0.061,1.00,-0.011,1.00,-0.012,1.00,0.079,1.00,0.160,1.00,1.509e+06,1.00,0.99,1.00,13.1,1.00,1.1,1.00,1.526e+06,1.00,0.99,1.00,12.0,1.00,10.294,1.00,29.00,1.00,-999,0.00,28.94,1.00,29.02,1.00,36.0980,1.00,22.9021,1.00,28.97,1.00,36.2584,1.00,23.0740,1.00
2016-02-15 00:00:00,2016-02-15 10:00:00,0.006,1.00,0.036,1.00,-0.008,1.00,-0.030,1.00,0.056,1.00,0.138,1.00,3.740e+06,1.00,1.66,1.00,13.7,1.00,351.6,1.00,2.926e+06,1.00,1.56,1.00,11.9,1.00,10.305,1.00,28.65,1.00,-999,0.00,28.64,1.00,28.65,1.00,35.8620,1.00,22.8481,1.00,28.65,1.00,36.0600,1.00,23.0311,1.00
2016-02-22 00:00:00,2016-02-22 10:00:00,0.021,1.00,0.062,1.00,-0.006,1.00,-0.028,1.00,0.064,1.00,0.164,1.00,3.928e+06,1.00,1.63,1.00,12.8,1.00,353.1,1.00,2.748e+06,1.00,1.52,1.00,10.8,1.00,10.276,1.00,28.56,1.00,-999,0.00,28.50,1.00,28.56,1.00,35.7750,1.00,22.8131,1.00,28.54,1.00,35.9942,1.00,23.0182,1.00
2016-02-29 00:00:00,2016-02-29 10:00:00,0.007,1.00,0.014,1.00,-0.002,1.00,-0.033,1.00,0.044,1.00,0.112,1.00,4.507e+06,1.00,1.74,1.00,13.6,1.00,355.6,1.00,3.479e+06,1.00,1.69,1.00,11.9,1.00,10.249,1.00,28.49,1.00,-999,0.00,28.39,1.00,28.51,1.00,35.7038,1.00,22.7754,1.00,28.44,1.00,35.9149,1.00,22.9897,1.00
2016-03-07 00:00:00,2016-03-07 10:00:00,-0.023,1.00,-0.055,1.00,-0.008,1.00,-0.025,1.00,0.056,1.00,0.136,1.00,1.915e+06,1.00,1.13,1.00,14.3,1.00,352.0,1.00,1.821e+06,1.00,1.15,1.00,13.4,1.00,10.264,1.00,28.82,1.00,-999,0.00,28.73,1.00,28.84,1.00,35.7647,1.00,22.7115,1.00,28.77,1.00,35.9475,1.00,22.9062,1.00
2016-03-14 00:00:00,2016-03-14 10:00:00,-0.022,1.00,-0.053,1.00,-0.010,1.00,-0.017,1.00,0.070,1.00,0.152,1.00,1.135e+06,1.00,0.94,1.00,12.7,1.00,353.6,1.00,1.182e+06,1.00,0.97,1.00,12.1,1.00,10.283,1.00,29.21,1.00,-999,0.00,29.09,1.00,29.24,1.00,35.8451,1.00,22.6375,1.00,29.14,1.00,36.0068,1.00,22.8267,1.00
2016-03-21 00:00:00,2016-03-21 10:00:00,-0.007,1.00,-0.015,1.00,-0.005,1.00,-0.027,1.00,0.056,1.00,0.130,1.00,2.377e+06,1.00,1.20,1.00,14.6,1.00,1.4,1.00,2.657e+06,1.00,1.29,1.00,13.5,1.00,10.287,1.00,29.51,1.00,-999,0.00,29.34,1.00,29.54,1.00,35.8006,1.00,22.5024,1.00,29.44,1.00,35.9646,1.00,22.6934,1.00
2016-03-28 00:00:00,2016-03-28 10:00:00,-0.023,1.00,-0.049,1.00,-0.007,1.00,-0.016,1.00,0.075,1.00,0.174,1.00,1.348e+06,1.00,0.88,1.00,13.7,1.00,350.7,1.00,1.224e+06,1.00,0.84,1.00,12.7,1.00,10.291,1.00,29.57,1.00,-999,0.00,29.36,1.00,29.60,1.00,35.7209,1.00,22.4224,1.00,29.48,1.00,35.9147,1.00,22.6447,1.00
2016-04-04 00:00:00,2016-04-04 10:00:00,-0.021,1.00,-0.049,1.00,-0.006,1.00,-0.013,1.00,0.069,1.00,0.140,1.00,7.837e+05,1.00,0.77,1.00,11.8,1.00,349.1,1.00,6.968e+05,1.00,0.74,1.00,10.8,1.00,10.304,1.00,29.69,1.00,-999,0.00,29.50,1.00,29.74,1.00,35.7175,1.00,22.3728,1.00,29.59,1.00,35.9011,1.00,22.5958,1.00
2016-04-11 00:00:00,2016-04-11 10:00:00,0.020,1.00,0.041,1.00,-0.013,1.00,-0.015,1.00,0.080,1.00,0.164,1.00,8.399e+05,1.00,0.81,1.00,12.3,1.00,355.7,1.00,7.627e+05,1.00,0.80,1.00,11.6,1.00,10.307,1.00,29.54,1.00,-999,0.00,29.46,1.00,29.56,1.00,35.7865,1.00,22.4877,1.00,29.51,1.00,35.9658,1.00,22.6718,1.00
2016-04-18 00:00:00,2016-04-18 10:00:00,0.028,1.00,0.062,1.00,-0.014,1.00,-0.017,1.00,0.070,1.00,0.164,1.00,1.808e+06,1.00,1.06,1.00,15.8,1.00,348.3,1.00,1.180e+06,1.00,0.94,1.00,12.6,1.00,10.277,1.00,28.96,1.00,-999,0.00,28.95,1.00,28.95,1.00,35.6532,1.00,22.5918,1.00,28.96,1.00,35.9054,1.00,22.8114,1.00
2016-04-25 00:00:00,2016-04-25 10:00:00,-0.004,1.00,0.003,1.00,-0.007,1.00,-0.011,1.00,0.074,1.00,0.160,1.00,6.288e+05,1.00,0.69,1.00,11.6,1.00,353.3,1.00,4.863e+05,1.00,0.66,1.00,10.3,1.00,10.244,1.00,28.58,1.00,-999,0.00,28.47,1.00,28.62,1.00,35.6002,1.00,22.6603,1.00,28.51,1.00,35.8431,1.00,22.9127,1.00
2016-05-02 00:00:00,2016-05-02 10:00:00,0.038,1.00,0.080,1.00,-0.012,1.00,-0.010,1.00,0.077,1.00,0.146,1.00,4.143e+05,1.00,0.58,1.00,11.6,1.00,358.8,1.00,3.040e+05,1.00,0.54,1.00,10.2,1.00,10.258,1.00,28.53,1.00,-999,0.00,28.47,1.00,28.54,1.00,35.6269,1.00,22.7099,1.00,28.50,1.00,35.8226,1.00,22.9026,1.00
2016-05-09 00:00:00,2016-05-09 10:00:00,0.050,1.00,0.115,1.00,-0.012,1.00,-0.010,1.00,0.087,1.00,0.169,1.00,6.251e+05,1.00,0.78,1.00,10.5,1.00,4.9,1.00,4.586e+05,1.00,0.71,1.00,9.4,1.00,10.260,1.00,28.46,1.00,-999,0.00,28.44,1.00,28.47,1.00,35.6452,1.00,22.7462,1.00,28.45,1.00,35.8319,1.00,22.9253,1.00
2016-05-16 00:00:00,2016-05-16 10:00:00,0.002,1.00,0.002,1.00,-0.007,1.00,-0.007,1.00,0.064,1.00,0.119,1.00,2.811e+05,0.98,0.51,0.98,10.3,0.98,3.5,0.98,1.974e+05,1.00,0.47,1.00,9.1,1.00,10.245,1.00,28.33,1.00,-999,0.00,28.28,1.00,28.35,1.00,35.6028,1.00,22.7527,1.00,28.31,1.00,35.7994,1.00,22.9482,1.00
2016-05-23 00:00:00,2016-05-23 10:00:00,0.038,1.00,0.081,1.00,-0.009,1.00,-0.006,1.00,0.073,1.00,0.129,1.00,2.013e+05,1.00,0.49,1.00,8.5,1.00,14.0,1.00,1.747e+05,1.00,0.45,1.00,8.7,1.00,10.239,1.00,28.38,1.00,-999,0.00,28.34,1.00,28.40,1.00,35.5211,1.00,22.6768,1.00,28.36,1.00,35.7109,1.00,22.8650,1.00
2016-05-30 00:00:00,2016-05-30 10:00:00,-0.004,1.00,-0.010,1.00,-0.009,1.00,-0.001,1.00,0.069,1.00,0.113,1.00,2.607e+05,1.00,0.58,1.00,7.4,1.00,27.5,1.00,1.797e+05,1.00,0.47,1.00,7.6,1.00,10.284,1.00,28.32,1.00,-999,0.00,28.31,1.00,28.33,1.00,35.5924,1.00,22.7527,1.00,28.31,1.00,35.7744,1.00,22.9276,1.00
2016-06-06 00:00:00,2016-06-06 10:00:00,0.022,1.00,0.062,1.00,-0.005,1.00,-0.002,1.00,0.072,1.00,0.139,1.00,3.705e+05,1.00,0.74,1.00,6.1,1.00,31.8,1.00,4.772e+05,0.85,0.60,0.85,7.0,0.85,10.229,0.85,27.93,1.00,-999,0.00,27.92,1.00,27.94,1.00,35.6400,1.00,22.9172,1.00,27.93,1.00,35.8259,1.00,23.0928,1.00
2016-06-13 00:00:00,2016-06-13 10:00:00,0.017,1.00,0.045,1.00,-0.004,1.00,0.002,1.00,0.071,1.00,0.127,1.00,2.135e+05,1.00,0.58,1.00,5.7,1.00,53.4,1.00,-999,0.00,-999,0.00,-999,0.00,-999,0.00,27.80,1.00,-999,0.00,27.80,1.00,27.81,1.00,35.6971,1.00,23.0016,1.00,27.80,1.00,35.8826,1.00,23.1782,1.00
2016-06-20 00:00:00,2016-06-20 10:00:00,0.005,1.00,0.018,1.00,-0.008,1.00,-0.001,1.00,0.067,1.00,0.124,1.00,3.656e+05,1.00,0.72,1.00,6.8,1.00,29.8,1.00,-999,0.00,-999,0.00,-999,0.00,-999,0.00,27.55,1.00,-999,0.00,27.55,1.00,27.56,1.00,35.6495,1.00,23.0483,1.00,27.55,1.00,35.8485,1.00,23.2338,1.00
2016-06-27 00:00:00,2016-06-27 10:00:00,0.045,1.00,0.094,1.00,0.000,1.00,0.006,1.00,0.070,1.00,0.126,1.00,1.832e+05,1.00,0.54,1.00,6.0,1.00,52.1,1.00,3.905e+04,0.07,0.20,0.07,9.4,0.07,10.243,0.07,27.27,1.00,27.09,0.08,27.26,0.99,27.28,0.91,35.7655,0.91,23.2234,0.91,27.26,0.99,35.9243,0.99,23.3836,0.99
2016-07-04 00:00:00,2016-07-04 10:00:00,0.007,1.00,0.004,1.00,-0.004,1.00,-0.000,1.00,0.052,1.00,0.094,1.00,1.948e+05,1.00,0.53,1.00,6.7,1.00,31.0,1.00,1.254e+05,1.00,0.39,1.00,8.0,1.00,10.260,1.00,26.98,1.00,26.98,1.00,26.97,1.00,-999,0.00,-999,0.00,-999,0.00,26.97,1.00,35.8128,1.00,23.3916,1.00
2016-07-11 00:00:00,2016-07-11 10:00:00,-0.027,1.00,-0.050,1.00,-0.005,1.00,0.002,1.00,0.061,1.00,0.114,1.00,3.026e+05,1.00,0.69,1.00,6.7,1.00,25.0,1.00,1.828e+05,1.00,0.49,1.00,7.7,1.00,10.258,1.00,26.90,1.00,26.89,1.00,26.87,1.00,-999,0.00,-999,0.00,-999,0.00,26.88,1.00,35.8267,1.00,23.4332,1.00
2016-07-18 00:00:00,2016-07-18 10:00:00,-0.042,0.99,-0.099,0.65,-0.004,0.99,0.006,0.65,0.066,0.99,0.118,0.65,3.556e+05,0.98,0.74,0.98,6.4,0.98,42.6,0.98,2.916e+05,1.00,0.63,1.00,7.4,1.00,10.260,1.00,26.96,1.00,26.95,1.00,26.95,1.00,-999,0.00,-999,0.00,-999,0.00,26.95,1.00,35.8690,1.00,23.4416,1.00
2016-07-25 00:00:00,2016-07-25 10:00:00,-0.010,1.00,-999,0.00,-0.007,1.00,-999,0.00,0.064,1.00,-999,0.00,1.743e+05,1.00,0.44,1.00,9.0,1.00,15.0,1.00,1.654e+05,1.00,0.45,1.00,8.2,1.00,10.290,1.00,26.89,1.00,26.89,1.00,26.88,1.00,-999,0.00,-999,0.00,-999,0.00,26.88,1.00,35.8922,1.00,23.4820,1.00
2016-08-01 00:00:00,2016-08-01 10:00:00,-0.016,1.00,-999,0.00,-0.008,1.00,-999,0.00,0.054,1.00,-999,0.00,1.762e+05,1.00,0.45,1.00,8.6,1.00,9.4,1.00,1.883e+05,1.00,0.48,1.00,8.0,1.00,10.291,1.00,26.93,1.00,26.91,1.00,26.90,1.00,-999,0.00,-999,0.00,-999,0.00,26.90,1.00,35.9646,1.00,23.5293,1.00
2016-08-08 00:00:00,2016-08-08 10:00:00,-0.031,1.00,-999,0.00,-0.009,1.00,-999,0.00,0.055,1.00,-999,0.00,2.337e+05,1.00,0.51,1.00,8.6,1.00,19.0,1.00,2.482e+05,1.00,0.54,1.00,7.8,1.00,10.306,1.00,26.98,1.00,26.98,1.00,26.96,1.00,-999,0.00,-999,0.00,-999,0.00,26.97,1.00,36.0366,1.00,23.5616,1.00
2016-08-15 00:00:00,2016-08-15 10:00:00,-0.017,1.00,-999,0.00,-0.004,1.00,-999,0.00,0.047,1.00,-999,0.00,6.030e+04,1.00,0.29,1.00,7.6,1.00,23.2,1.00,6.146e+04,1.00,0.28,1.00,7.8,1.00,10.321,1.00,26.88,1.00,26.87,1.00,26.86,1.00,-999,0.00,-999,0.00,-999,0.00,26.87,1.00,36.0921,1.00,23.6361,1.00
2016-08-22 00:00:00,2016-08-22 10:00:00,-0.004,1.00,-999,0.00,-0.006,1.00,-999,0.00,0.057,1.00,-999,0.00,1.218e+05,1.00,0.40,1.00,7.8,1.00,17.2,1.00,1.248e+05,1.00,0.41,1.00,7.5,1.00,10.294,1.00,26.81,1.00,26.80,1.00,26.79,1.00,-999,0.00,-999,0.00,-999,0.00,26.80,1.00,35.9917,1.00,23.5829,1.00
2016-08-29 00:00:00,2016-08-29 10:00:00,-0.027,1.00,-999,0.00,-0.010,1.00,-999,0.00,0.071,1.00,-999,0.00,1.352e+05,1.00,0.43,1.00,6.9,1.00,33.2,1.00,1.408e+05,1.00,0.43,1.00,6.9,1.00,10.303,1.00,26.87,1.00,26.86,1.00,26.84,1.00,-999,0.00,-999,0.00,-999,0.00,26.85,1.00,36.0072,1.00,23.5771,1.00
2016-09-05 00:00:00,2016-09-05 10:00:00,-0.043,1.00,-999,0.00,-0.012,1.00,-999,0.00,0.066,1.00,-999,0.00,2.613e+05,1.00,0.55,1.00,8.9,1.00,12.1,1.00,2.347e+05,1.00,0.56,1.00,7.6,1.00,10.312,1.00,26.90,1.00,26.89,1.00,26.88,1.00,-999,0.00,-999,0.00,-999,0.00,26.89,1.00,36.0286,1.00,23.5821,1.00
2016-09-12 00:00:00,2016-09-12 10:00:00,-0.043,1.00,-999,0.00,-0.011,1.00,-999,0.00,0.060,1.00,-999,0.00,2.386e+05,1.00,0.53,1.00,8.1,1.00,23.9,1.00,2.050e+05,1.00,0.53,1.00,7.1,1.00,10.322,1.00,27.08,1.00,27.07,1.00,27.05,1.00,-999,0.00,-999,0.00,-999,0.00,27.06,1.00,36.0622,1.00,23.5518,1.00
2016-09-19 00:00:00,2016-09-19 10:00:00,0.013,1.00,-999,0.00,-0.006,1.00,-999,0.00,0.071,1.00,-999,0.00,3.263e+05,1.00,0.49,1.00,12.3,1.00,351.3,1.00,2.380e+05,1.00,0.49,1.00,9.5,1.00,10.328,1.00,27.33,1.00,27.31,1.00,27.27,1.00,-999,0.00,-999,0.00,-999,0.00,27.29,1.00,36.0474,1.00,23.4675,1.00
2016-09-26 00:00:00,2016-09-26 10:00:00,-0.007,1.00,-999,0.00,-0.009,1.00,-999,0.00,0.062,1.00,-999,0.00,1.683e+05,1.00,0.49,1.00,6.9,1.00,22.8,1.00,1.946e+05,1.00,0.53,1.00,6.9,1.00,10.332,1.00,27.64,1.00,27.62,1.00,27.58,1.00,-999,0.00,-999,0.00,-999,0.00,27.60,1.00,36.0111,1.00,23.3390,1.00
2016-10-03 00:00:00,2016-10-03 10:00:00,-0.018,1.00,-999,0.00,-0.010,1.00,-999,0.00,0.053,1.00,-999,0.00,9.517e+04,1.00,0.35,1.00,7.8,1.00,9.1,1.00,9.968e+04,1.00,0.36,1.00,7.6,1.00,10.323,1.00,27.59,1.00,27.56,1.00,27.51,1.00,-999,0.00,-999,0.00,-999,0.00,27.54,1.00,35.9227,1.00,23.2931,1.00
2016-10-10 00:00:00,2016-10-10 10:00:00,-0.010,1.00,-999,0.00,-0.008,1.00,-999,0.00,0.048,1.00,-999,0.00,4.828e+05,1.00,0.54,1.00,15.1,1.00,340.1,1.00,4.527e+05,1.00,0.55,1.00,13.6,1.00,10.375,1.00,27.74,1.00,27.71,1.00,27.65,1.00,-999,0.00,-999,0.00,-999,0.00,27.68,1.00,35.9571,1.00,23.2711,1.00
2016-10-17 00:00:00,2016-10-17 10:00:00,-0.001,0.98,-999,0.00,-0.005,0.98,-999,0.00,0.045,0.98,-999,0.00,4.067e+05,0.98,0.54,0.98,13.5,0.98,358.0,0.98,4.380e+05,1.00,0.58,1.00,12.1,1.00,10.356,1.00,27.90,1.00,27.86,1.00,27.77,1.00,-999,0.00,-999,0.00,-999,0.00,27.82,1.00,36.0079,1.00,23.2643,1.00
2016-10-24 00:00:00,2016-10-24 10:00:00,-0.010,1.00,-999,0.00,-0.012,1.00,-999,0.00,0.063,1.00,-999,0.00,6.458e+05,1.00,0.68,1.00,12.9,1.00,346.0,1.00,4.862e+05,1.00,0.66,1.00,10.6,1.00,10.353,1.00,28.08,1.00,28.05,1.00,27.97,1.00,-999,0.00,-999,0.00,-999,0.00,28.01,1.00,36.0072,1.00,23.2022,1.00
2016-10-31 00:00:00,2016-10-31 10:00:00,-0.018,0.99,-999,0.00,-0.011,0.99,-999,0.00,0.049,0.99,-999,0.00,6.002e+05,1.00,0.63,1.00,14.6,1.00,357.7,1.00,5.304e+05,1.00,0.63,1.00,12.5,1.00,10.328,1.00,28.20,1.00,28.18,1.00,28.14,1.00,-999,0.00,-999,0.00,-999,0.00,28.16,1.00,36.0247,1.00,23.1673,1.00
2016-11-07 00:00:00,2016-11-07 10:00:00,-0.016,1.00,-999,0.00,-0.010,1.00,-999,0.00,0.056,1.00,-999,0.00,1.690e+06,1.00,1.05,1.00,14.9,1.00,357.2,1.00,1.993e+06,1.00,1.14,1.00,14.7,1.00,10.351,1.00,28.34,1.00,28.32,1.00,28.28,1.00,-999,0.00,-999,0.00,-999,0.00,28.30,1.00,36.0470,1.00,23.1368,1.00
2016-11-14 00:00:00,2016-11-14 10:00:00,-0.018,1.00,-999,0.00,-0.013,1.00,-999,0.00,0.063,1.00,-999,0.00,1.827e+06,1.00,1.07,1.00,15.3,1.00,351.6,1.00,1.703e+06,1.00,1.08,1.00,13.4,1.00,10.359,1.00,28.22,1.00,28.22,1.00,28.21,1.00,-999,0.00,-999,0.00,-999,0.00,28.22,1.00,36.0075,1.00,23.1372,1.00
2016-11-21 00:00:00,2016-11-21 10:00:00,-0.051,1.00,-999,0.00,-0.013,1.00,-999,0.00,0.070,1.00,-999,0.00,7.502e+05,1.00,0.74,1.00,13.7,1.00,356.2,1.00,7.508e+05,1.00,0.77,1.00,12.5,1.00,10.341,1.00,28.15,1.00,28.13,1.00,28.11,1.00,-999,0.00,-999,0.00,-999,0.00,28.12,1.00,36.1371,1.00,23.2686,1.00
2016-11-28 00:00:00,2016-11-28 10:00:00,-0.048,1.00,-999,0.00,-0.015,1.00,-999,0.00,0.060,1.00,-999,0.00,7.969e+05,1.00,0.80,1.00,12.5,1.00,352.8,1.00,7.359e+05,1.00,0.82,1.00,10.9,1.00,10.343,1.00,28.32,1.00,28.31,1.00,28.30,1.00,-999,0.00,-999,0.00,-999,0.00,28.28,0.54,36.1520,0.54,23.2235,0.54
2016-12-05 00:00:00,2016-12-05 10:00:00,-0.003,1.00,-999,0.00,-0.006,1.00,-999,0.00,0.043,1.00,-999,0.00,8.072e+05,1.00,0.74,1.00,14.5,1.00,344.2,1.00,6.484e+05,1.00,0.72,1.00,12.2,1.00,10.349,1.00,28.84,1.00,28.79,1.00,28.67,1.00,-999,0.00,-999,0.00,-999,0.00,-999,0.00,-999,0.00,-999,0.00
2016-12-12 00:00:00,2016-12-12 10:00:00,-0.027,1.00,-999,0.00,-0.009,1.00,-999,0.00,0.058,1.00,-999,0.00,5.720e+05,1.00,0.63,1.00,14.0,1.00,346.9,1.00,4.280e+05,1.00,0.62,1.00,11.1,1.00,10.330,1.00,29.11,1.00,29.07,1.00,28.99,1.00,-999,0.00,-999,0.00,-999,0.00,-999,0.00,-999,0.00,-999,0.00
2016-12-19 00:00:00,2016-12-19 10:00:00,-0.003,1.00,-999,0.00,-0.008,1.00,-999,0.00,0.057,1.00,-999,0.00,8.825e+05,1.00,0.79,1.00,13.9,1.00,349.8,1.00,7.957e+05,1.00,0.80,1.00,12.1,1.00,10.330,1.00,28.73,1.00,28.70,1.00,28.65,1.00,-999,0.00,-999,0.00,-999,0.00,-999,0.00,-999,0.00,-999,0.00
2016-12-26 00:00:00,2016-12-26 10:00:00,-0.020,1.00,-999,0.00,-0.008,1.00,-999,0.00,0.050,1.00,-999,0.00,1.058e+06,1.00,0.88,1.00,13.4,1.00,350.1,1.00,1.047e+06,1.00,0.92,1.00,12.0,1.00,10.290,1.00,28.79,1.00,28.77,1.00,28.74,1.00,-999,0.00,-999,0.00,-999,0.00,-999,0.00,-999,0.00,-999,0.00
2017-01-02 00:00:00,2017-01-02 10:00:00,-0.017,0.63,-999,0.00,-0.009,0.63,-999,0.00,0.053,0.63,-999,0.00,4.243e+05,0.61,0.59,0.61,12.1,0.61,347.0,0.61,4.584e+05,0.92,0.65,0.92,11.0,0.92,10.308,0.91,29.10,1.00,29.05,1.00,28.96,1.00,-999,0.00,-999,0.00,-999,0.00,29.22,0.36,36.2146,0.36,22.9556,0.36
2017-01-09 00:00:00,2017-01-09 10:00:00,-0.031,0.66,-0.068,0.66,-0.006,0.66,-0.013,0.66,0.068,0.66,0.131,0.66,-999,0.00,-999,0.00,-999,0.00,-999,0.00,5.310e+05,1.00,0.69,1.00,10.5,1.00,10.271,1.00,29.20,1.00,29.15,1.00,29.08,1.00,-999,0.00,-999,0.00,-999,0.00,29.13,1.00,36.2674,1.00,23.0252,1.00
2017-01-16 00:00:00,2017-01-16 10:00:00,-0.009,1.00,0.007,1.00,-0.009,1.00,-0.024,1.00,0.070,1.00,0.177,1.00,-999,0.00,-999,0.00,-999,0.00,-999,0.00,3.884e+06,1.00,1.94,1.00,10.6,1.00,10.295,1.00,28.78,1.00,28.79,1.00,28.80,1.00,-999,0.00,-999,0.00,-999,0.00,28.79,1.00,36.1071,1.00,23.0178,1.00
2017-01-23 00:00:00,2017-01-23 10:00:00,-0.015,1.00,-0.050,1.00,-0.011,1.00,-0.018,1.00,0.068,1.00,0.149,1.00,-999,0.00,-999,0.00,-999,0.00,-999,0.00,1.840e+06,1.00,1.22,1.00,11.6,1.00,10.222,1.00,28.63,1.00,28.62,1.00,28.59,1.00,-999,0.00,-999,0.00,-999,0.00,28.60,1.00,36.0882,1.00,23.0671,1.00
2017-01-30 00:00:00,2017-01-30 10:00:00,-0.013,1.00,-0.022,1.00,-0.009,1.00,-0.022,1.00,0.068,1.00,0.134,1.00,-999,0.00,-999,0.00,-999,0.00,-999,0.00,1.478e+06,1.00,1.04,1.00,13.2,1.00,10.247,1.00,28.90,1.00,28.88,1.00,28.83,1.00,-999,0.00,-999,0.00,-999,0.00,28.86,1.00,36.1352,1.00,23.0181,1.00
2017-02-06 00:00:00,2017-02-06 10:00:00,-0.011,1.00,-0.033,1.00,-0.009,1.00,-0.021,1.00,0.065,1.00,0.148,1.00,-999,0.00,-999,0.00,-999,0.00,-999,0.00,1.440e+06,1.00,1.03,1.00,13.3,1.00,10.226,1.00,29.03,1.00,29.01,1.00,28.93,1.00,-999,0.00,-999,0.00,-999,0.00,28.97,1.00,36.1078,1.00,22.9580,1.00
2017-02-13 00:00:00,2017-02-13 10:00:00,-0.012,1.00,-0.018,1.00,-0.012,1.00,-0.023,1.00,0.075,1.00,0.174,1.00,-999,0.00,-999,0.00,-999,0.00,-999,0.00,2.543e+06,1.00,1.47,1.00,11.5,1.00,10.253,1.00,28.81,1.00,28.79,1.00,28.72,1.00,-999,0.00,-999,0.00,-999,0.00,28.76,1.00,36.2149,1.00,23.1097,1.00
2017-02-20 00:00:00,2017-02-20 10:00:00,-0.041,1.00,-0.110,1.00,-0.008,1.00,-0.017,1.00,0.072,1.00,0.158,1.00,-999,0.00,-999,0.00,-999,0.00,-999,0.00,1.014e+06,1.00,0.94,1.00,11.4,1.00,10.188,1.00,28.95,1.00,28.91,1.00,28.83,1.00,-999,0.00,-999,0.00,-999,0.00,28.88,1.00,36.1226,1.00,23.0013,1.00
2017-02-27 00:00:00,2017-02-27 10:00:00,-0.048,1.00,-0.111,1.00,-0.018,1.00,-0.014,1.00,0.075,1.00,0.146,1.00,-999,0.00,-999,0.00,-999,0.00,-999,0.00,6.929e+05,1.00,0.76,1.00,11.6,1.00,10.235,1.00,29.26,1.00,29.24,1.00,29.22,1.00,-999,0.00,-999,0.00,-999,0.00,29.23,1.00,36.1505,1.00,22.9049,1.00
2017-03-06 00:00:00,2017-03-06 10:00:00,-0.039,1.00,-0.084,1.00,-0.015,1.00,-0.015,1.00,0.075,1.00,0.153,1.00,-999,0.00,-999,0.00,-999,0.00,-999,0.00,1.009e+06,1.00,0.87,1.00,12.4,1.00,10.236,1.00,29.39,1.00,29.38,1.00,29.34,1.00,-999,0.00,-999,0.00,-999,0.00,29.36,1.00,36.1447,1.00,22.8558,1.00
2017-03-13 00:00:00,2017-03-13 10:00:00,-0.037,1.00,-0.077,1.00,-0.014,1.00,-0.010,1.00,0.080,1.00,0.148,1.00,-999,0.00,-999,0.00,-999,0.00,-999,0.00,6.725e+05,1.00,0.77,1.00,9.9,1.00,10.225,1.00,29.33,1.00,29.33,1.00,29.32,1.00,-999,0.00,-999,0.00,-999,0.00,29.32,1.00,36.1720,1.00,22.8889,1.00
2017-03-20 00:00:00,2017-03-20 10:00:00,-0.020,1.00,-0.049,1.00,-0.014,1.00,-0.009,1.00,0.075,1.00,0.143,1.00,-999,0.00,-999,0.00,-999,0.00,-999,0.00,6.051e+05,1.00,0.70,1.00,11.6,1.00,10.224,1.00,29.34,1.00,29.33,1.00,29.31,1.00,-999,0.00,-999,0.00,-999,0.00,29.32,1.00,36.1708,1.00,22.8874,1.00
2017-03-27 00:00:00,2017-03-27 10:00:00,-0.021,1.00,-0.046,1.00,-0.015,1.00,-0.020,1.00,0.075,1.00,0.149,1.00,-999,0.00,-999,0.00,-999,0.00,-999,0.00,1.437e+06,1.00,1.01,1.00,13.4,1.00,10.269,1.00,29.14,1.00,29.14,1.00,29.14,1.00,-999,0.00,-999,0.00,-999,0.00,29.14,1.00,36.1511,1.00,22.9358,1.00
2017-04-03 00:00:00,2017-04-03 10:00:00,0.001,1.00,-0.002,1.00,-0.014,1.00,-0.013,1.00,0.078,1.00,0.158,1.00,-999,0.00,-999,0.00,-999,0.00,-999,0.00,1.092e+06,1.00,0.89,1.00,11.7,1.00,10.271,1.00,29.03,1.00,29.03,1.00,29.02,1.00,-999,0.00,-999,0.00,-999,0.00,29.02,1.00,36.1071,1.00,22.9412,1.00
2017-04-10 00:00:00,2017-04-10 10:00:00,-0.061,0.10,-0.130,0.10,-0.014,0.10,-0.009,0.10,0.092,0.10,0.178,0.10,-999,0.00,-999,0.00,-999,0.00,-999,0.00,6.276e+05,1.00,0.80,1.00,9.8,1.00,10.279,1.00,29.07,1.00,29.05,1.00,29.03,1.00,-999,0.00,-999,0.00,-999,0.00,29.04,1.00,36.1345,1.00,22.9567,1.00
2017-04-17 00:00:00,2017-04-17 10:00:00,-999,0.00,-999,0.00,-999,0.00,-999,0.00,-999,0.00,-999,0.00,-999,0.00,-999,0.00,-999,0.00,-999,0.00,5.666e+05,1.00,0.74,1.00,10.0,1.00,10.250,1.00,28.95,1.00,28.94,1.00,28.93,1.00,-999,0.00,-999,0.00,-999,0.00,28.94,1.00,36.1357,1.00,22.9919,1.00
2017-04-24 00:00:00,2017-04-24 10:00:00,-999,0.00,-999,0.00,-999,0.00,-999,0.00,-999,0.00,-999,0.00,-999,0.00,-999,0.00,-999,0.00,-999,0.00,4.409e+05,1.00,0.67,1.00,9.6,1.00,10.268,1.00,28.73,1.00,28.73,1.00,28.72,1.00,-999,0.00,-999,0.00,-999,0.00,28.72,1.00,36.1820,1.00,23.0982,1.00
2017-05-01 00:00:00,2017-05-01 10:00:00,-999,0.00,-999,0.00,-999,0.00,-999,0.00,-999,0.00,-999,0.00,-999,0.00,-999,0.00,-999,0.00,-999,0.00,2.135e+05,1.00,0.50,1.00,8.7,1.00,10.272,1.00,28.71,1.00,28.70,1.00,28.69,1.00,-999,0.00,-999,0.00,-999,0.00,28.69,1.00,36.2069,1.00,23.1267,1.00
2017-05-08 00:00:00,2017-05-08 10:00:00,-999,0.00,-999,0.00,-999,0.00,-999,0.00,-999,0.00,-999,0.00,-999,0.00,-999,0.00,-999,0.00,-999,0.00,2.973e+05,1.00,0.53,1.00,9.4,1.00,10.235,1.00,28.52,1.00,28.52,1.00,28.51,1.00,-999,0.00,-999,0.00,-999,0.00,28.52,1.00,36.2362,1.00,23.2077,1.00
2017-05-15 00:00:00,2017-05-15 10:00:00,-999,0.00,-999,0.00,-999,0.00,-999,0.00,-999,0.00,-999,0.00,-999,0.00,-999,0.00,-999,0.00,-999,0.00,2.998e+05,1.00,0.57,1.00,8.9,1.00,10.218,1.00,28.40,1.00,28.40,1.00,28.39,1.00,-999,0.00,-999,0.00,-999,0.00,28.39,1.00,36.2819,1.00,23.2825,1.00
2017-05-22 00:00:00,2017-05-22 10:00:00,-999,0.00,-999,0.00,-999,0.00,-999,0.00,-999,0.00,-999,0.00,-999,0.00,-999,0.00,-999,0.00,-999,0.00,2.431e+05,1.00,0.53,1.00,8.1,1.00,10.206,1.00,28.32,1.00,28.32,1.00,28.31,1.00,-999,0.00,-999,0.00,-999,0.00,28.32,1.00,36.3004,1.00,23.3224,1.00
2017-05-29 00:00:00,2017-05-29 10:00:00,-999,0.00,-999,0.00,-999,0.00,-999,0.00,-999,0.00,-999,0.00,-999,0.00,-999,0.00,-999,0.00,-999,0.00,1.773e+05,1.00,0.47,1.00,8.1,1.00,10.203,1.00,28.07,1.00,28.05,1.00,28.04,1.00,-999,0.00,-999,0.00,-999,0.00,28.05,1.00,36.2919,1.00,23.4048,1.00
2017-06-05 00:00:00,2017-06-05 10:00:00,-999,0.00,-999,0.00,-999,0.00,-999,0.00,-999,0.00,-999,0.00,-999,0.00,-999,0.00,-999,0.00,-999,0.00,1.701e+05,1.00,0.48,1.00,7.5,1.00,10.211,1.00,28.06,1.00,28.04,1.00,28.01,1.00,-999,0.00,-999,0.00,-999,0.00,28.02,1.00,36.2535,1.00,23.3842,1.00
2017-06-12 00:00:00,2017-06-12 10:00:00,-999,0.00,-999,0.00,-999,0.00,-999,0.00,-999,0.00,-999,0.00,-999,0.00,-999,0.00,-999,0.00,-999,0.00,1.156e+05,1.00,0.39,1.00,7.5,1.00,10.195,1.00,27.96,1.00,27.95,1.00,27.93,1.00,-999,0.00,-999,0.00,-999,0.00,27.94,1.00,36.2304,1.00,23.3927,1.00
2017-06-19 00:00:00,2017-06-19 10:00:00,-999,0.00,-999,0.00,-999,0.00,-999,0.00,-999,0.00,-999,0.00,-999,0.00,-999,0.00,-999,0.00,-999,0.00,1.006e+05,1.00,0.34,1.00,8.5,1.00,10.198,1.00,27.76,1.00,27.76,1.00,27.75,1.00,-999,0.00,-999,0.00,-999,0.00,27.75,1.00,36.2694,1.00,23.4836,1.00
2017-06-26 00:00:00,2017-06-26 10:00:00,-999,0.00,-999,0.00,-999,0.00,-999,0.00,-999,0.00,-999,0.00,-999,0.00,-999,0.00,-999,0.00,-999,0.00,3.009e+05,0.95,0.58,0.95,8.2,0.95,10.226,0.96,27.66,0.98,27.65,1.00,27.64,1.00,27.58,0.37,35.9831,0.37,23.2902,0.37,27.65,1.00,36.2250,1.00,23.4849,1.00
2017-07-03 00:00:00,2017-07-03 10:00:00,-0.007,0.97,-0.019,0.97,-0.005,0.97,0.002,0.97,0.073,0.97,0.134,0.97,3.058e+05,0.98,0.71,0.98,6.3,0.98,24.7,0.98,1.262e+05,1.00,0.41,1.00,7.6,1.00,10.230,1.00,27.52,1.00,27.51,1.00,27.51,1.00,27.53,1.00,35.9925,1.00,23.3140,1.00,27.51,1.00,36.0421,1.00,23.3912,1.00
2017-07-10 00:00:00,2017-07-10 10:00:00,-0.018,1.00,-0.044,1.00,-0.007,1.00,0.003,1.00,0.063,1.00,0.121,1.00,2.922e+05,1.00,0.69,1.00,6.5,1.00,27.4,1.00,1.310e+05,1.00,0.41,1.00,7.7,1.00,10.254,1.00,27.62,1.00,27.60,1.00,27.57,1.00,27.65,1.00,36.0067,1.00,23.2868,1.00,27.59,1.00,36.0576,1.00,23.3784,1.00
2017-07-17 00:00:00,2017-07-17 10:00:00,-0.016,1.00,-0.031,1.00,-0.007,1.00,0.003,1.00,0.061,1.00,0.107,1.00,4.803e+05,1.00,0.88,1.00,6.2,1.00,39.4,1.00,1.942e+05,1.00,0.51,1.00,7.5,1.00,10.263,1.00,27.60,1.00,27.58,1.00,27.56,1.00,27.61,1.00,36.0406,1.00,23.3234,1.00,27.57,1.00,36.0870,1.00,23.4051,1.00
2017-07-24 00:00:00,2017-07-24 10:00:00,-0.021,1.00,-0.044,1.00,-0.009,1.00,0.000,1.00,0.065,1.00,0.114,1.00,4.100e+05,1.00,0.76,1.00,7.3,1.00,23.3,1.00,1.662e+05,1.00,0.44,1.00,8.3,1.00,10.267,1.00,27.49,1.00,27.48,1.00,27.47,1.00,27.50,1.00,36.0430,1.00,23.3618,1.00,27.47,1.00,36.0887,1.00,23.4385,1.00
2017-07-31 00:00:00,2017-07-31 10:00:00,-0.022,1.00,-0.042,1.00,-0.007,1.00,-0.001,1.00,0.065,1.00,0.112,1.00,5.106e+05,1.00,0.96,1.00,5.3,1.00,29.3,1.00,2.025e+05,1.00,0.52,1.00,7.2,1.00,10.265,1.00,27.46,1.00,27.45,1.00,27.43,1.00,27.46,1.00,36.0800,1.00,23.4015,1.00,27.44,1.00,36.1247,1.00,23.4762,1.00
2017-08-07 00:00:00,2017-08-07 10:00:00,0.012,1.00,0.027,1.00,-0.002,1.00,-0.002,1.00,0.062,1.00,0.110,1.00,3.028e+05,1.00,0.72,1.00,5.8,1.00,24.0,1.00,1.025e+05,1.00,0.38,1.00,7.2,1.00,10.250,1.00,27.33,0.87,27.31,1.00,27.30,1.00,27.32,1.00,36.1179,1.00,23.4767,1.00,27.31,1.00,36.1634,1.00,23.5477,1.00
2017-08-14 00:00:00,2017-08-14 10:00:00,0.017,0.98,0.056,0.98,0.002,0.98,0.005,0.98,0.063,0.98,0.117,0.98,5.107e+05,0.95,0.93,0.95,5.5,0.95,58.4,0.95,1.662e+05,1.00,0.49,1.00,6.5,1.00,10.244,1.00,-999,0.00,26.93,1.00,26.93,1.00,26.93,1.00,36.0806,1.00,23.5728,1.00,26.93,1.00,36.1248,1.00,23.6394,1.00
2017-08-21 00:00:00,2017-08-21 10:00:00,0.003,0.61,0.038,0.61,-0.001,0.61,0.007,0.61,0.068,0.61,0.125,0.61,4.303e+05,0.57,0.87,0.57,5.5,0.57,48.9,0.57,1.201e+05,1.00,0.39,1.00,8.0,1.00,10.252,1.00,-999,0.00,26.66,1.00,26.65,1.00,26.68,1.00,36.0516,1.00,23.6323,1.00,26.65,1.00,36.0954,1.00,23.7071,1.00
2017-08-28 00:00:00,2017-08-28 10:00:00,0.013,0.98,0.017,0.98,-0.000,0.98,0.001,0.98,0.046,0.98,0.076,0.98,5.460e+05,0.96,0.84,0.96,7.3,0.96,35.7,0.96,2.139e+05,1.00,0.51,1.00,7.8,1.00,10.226,1.00,-999,0.00,26.53,1.00,26.53,1.00,26.53,1.00,36.1277,1.00,23.7372,1.00,26.53,1.00,36.1688,1.00,23.8020,1.00
2017-09-04 00:00:00,2017-09-04 10:00:00,-0.027,1.00,-0.056,1.00,-0.008,1.00,0.001,1.00,0.053,1.00,0.095,1.00,3.384e+05,1.00,0.68,1.00,7.3,1.00,29.1,1.00,1.448e+05,1.00,0.41,1.00,8.1,1.00,10.232,1.00,-999,0.00,26.56,1.00,26.52,1.00,26.63,1.00,36.1532,1.00,23.7239,1.00,26.54,1.00,36.1921,1.00,23.8156,1.00
2017-09-11 00:00:00,2017-09-11 10:00:00,0.007,0.99,0.010,0.99,-0.006,0.99,-0.001,0.99,0.043,0.99,0.073,0.99,3.291e+05,0.98,0.69,0.98,7.3,0.98,28.3,0.98,1.361e+05,1.00,0.38,1.00,9.2,1.00,10.248,1.00,-999,0.00,26.65,1.00,26.63,1.00,26.68,1.00,36.1875,1.00,23.7356,1.00,26.64,1.00,36.2247,1.00,23.8086,1.00
2017-09-18 00:00:00,2017-09-18 10:00:00,-0.003,1.00,-0.016,1.00,-0.006,1.00,-0.004,1.00,0.038,1.00,0.074,1.00,2.396e+05,0.96,0.62,0.96,6.4,0.96,10.0,0.96,1.111e+05,1.00,0.37,1.00,8.2,1.00,10.264,1.00,-999,0.00,26.86,1.00,26.69,1.00,27.04,1.00,36.1827,1.00,23.6146,1.00,26.78,1.00,36.2280,1.00,23.7654,1.00
2017-09-25 00:00:00,2017-09-25 10:00:00,0.011,0.88,0.055,0.88,0.003,0.88,-0.000,0.88,0.046,0.88,0.098,0.88,5.371e+05,0.84,0.83,0.84,8.4,0.84,27.1,0.84,2.110e+05,1.00,0.51,1.00,8.0,1.00,10.229,1.00,-999,0.00,26.85,1.00,26.83,1.00,26.86,1.00,36.2086,1.00,23.6918,1.00,26.85,1.00,36.2473,1.00,23.7603,1.00
2017-10-02 00:00:00,2017-10-02 10:00:00,-0.012,0.99,-0.007,0.99,-0.004,0.99,0.001,0.99,0.047,0.99,0.093,0.99,6.525e+05,0.98,1.04,0.98,6.4,0.98,40.9,0.98,2.491e+05,1.00,0.59,1.00,7.1,1.00,10.247,1.00,-999,0.00,26.57,1.00,26.54,1.00,26.59,1.00,36.2571,1.00,23.8161,1.00,26.56,1.00,36.2927,1.00,23.8868,1.00
2017-10-09 00:00:00,2017-10-09 10:00:00,-0.039,0.99,-0.078,0.99,-0.011,0.99,-0.004,0.99,0.062,0.99,0.115,0.99,7.611e+05,0.96,1.01,0.96,8.4,0.96,35.2,0.96,3.127e+05,1.00,0.61,1.00,8.6,1.00,10.231,1.00,-999,0.00,26.49,1.00,26.46,1.00,26.51,1.00,36.2368,1.00,23.8238,1.00,26.47,1.00,36.2737,1.00,23.8981,1.00
2017-10-16 00:00:00,2017-10-16 10:00:00,-0.016,0.97,-0.033,0.97,-0.007,0.97,0.001,0.97,0.054,0.97,0.099,0.97,9.226e+05,0.91,1.15,0.91,7.2,0.91,33.4,0.91,3.624e+05,1.00,0.66,1.00,8.1,1.00,10.212,1.00,-999,0.00,26.47,1.00,26.46,1.00,26.49,1.00,36.2533,1.00,23.8428,1.00,26.46,1.00,36.2943,1.00,23.9167,1.00
2017-10-23 00:00:00,2017-10-23 10:00:00,-0.018,0.98,-0.067,0.98,-0.008,0.98,-0.010,0.98,0.049,0.98,0.117,0.98,1.193e+06,0.96,0.90,0.96,14.8,0.96,350.9,0.96,6.507e+05,1.00,0.68,1.00,13.5,1.00,10.231,1.00,-999,0.00,26.94,1.00,26.85,1.00,27.03,1.00,36.2481,1.00,23.6684,1.00,26.90,1.00,36.2840,1.00,23.7691,1.00
2017-10-30 00:00:00,2017-10-30 10:00:00,-0.027,1.00,-0.085,1.00,-0.007,1.00,-0.022,1.00,0.048,1.00,0.115,1.00,1.966e+06,1.00,1.09,1.00,15.0,1.00,344.2,1.00,1.232e+06,1.00,0.87,1.00,13.6,1.00,10.274,1.00,-999,0.00,27.38,1.00,27.30,1.00,27.43,1.00,36.1798,1.00,23.4885,1.00,27.36,1.00,36.2368,1.00,23.5879,1.00
2017-11-06 00:00:00,2017-11-06 10:00:00,-0.011,1.00,-0.041,1.00,-0.003,1.00,-0.012,1.00,0.047,1.00,0.100,1.00,8.288e+05,1.00,0.80,1.00,12.7,1.00,348.1,1.00,4.153e+05,1.00,0.59,1.00,11.7,1.00,10.248,1.00,-999,0.00,27.65,1.00,27.53,1.00,27.71,1.00,36.0466,1.00,23.2959,1.00,27.61,1.00,36.1323,1.00,23.4258,1.00
2017-11-13 00:00:00,2017-11-13 10:00:00,-0.034,1.00,-0.094,1.00,-0.011,1.00,-0.007,1.00,0.056,1.00,0.124,1.00,1.439e+06,1.00,1.11,1.00,11.6,1.00,7.0,1.00,5.567e+05,1.00,0.69,1.00,10.8,1.00,10.257,1.00,-999,0.00,27.64,1.00,27.60,1.00,27.70,1.00,36.1056,1.00,23.3436,1.00,27.63,1.00,36.1437,1.00,23.4304,1.00
2017-11-20 00:00:00,2017-11-20 10:00:00,-0.031,1.00,-0.087,1.00,-0.008,1.00,-0.015,1.00,0.059,1.00,0.132,1.00,1.620e+06,1.00,1.13,1.00,12.5,1.00,357.6,1.00,7.280e+05,1.00,0.79,1.00,11.2,1.00,10.243,1.00,-999,0.00,27.56,1.00,27.43,1.00,27.60,1.00,35.9353,1.00,23.2480,1.00,27.52,1.00,35.9963,1.00,23.3523,1.00
2017-11-27 00:00:00,2017-11-27 10:00:00,-0.053,1.00,-0.129,1.00,-0.013,1.00,-0.018,1.00,0.069,1.00,0.144,1.00,2.278e+06,1.00,1.28,1.00,13.7,1.00,1.2,1.00,1.452e+06,1.00,1.04,1.00,12.6,1.00,10.257,1.00,-999,0.00,28.10,1.00,28.04,1.00,28.14,1.00,36.1079,1.00,23.2031,1.00,28.08,1.00,36.1414,1.00,23.2800,1.00
2017-12-04 00:00:00,2017-12-04 10:00:00,-0.067,1.00,-0.157,1.00,-0.014,1.00,-0.011,1.00,0.083,1.00,0.176,1.00,1.688e+06,1.00,1.09,1.00,14.2,1.00,355.0,1.00,1.025e+06,1.00,0.88,1.00,13.0,1.00,10.278,1.00,-999,0.00,28.27,1.00,28.23,1.00,28.32,1.00,36.1193,1.00,23.1510,1.00,28.26,1.00,36.1466,1.00,23.2255,1.00
2017-12-11 00:00:00,2017-12-11 10:00:00,-0.026,1.00,-0.082,1.00,-0.006,1.00,-0.026,1.00,0.054,1.00,0.133,1.00,2.465e+06,1.00,1.27,1.00,13.9,1.00,355.1,1.00,1.889e+06,1.00,1.13,1.00,13.4,1.00,10.314,1.00,-999,0.00,28.44,1.00,28.32,1.00,28.50,1.00,35.9747,1.00,22.9811,1.00,28.40,1.00,36.0413,1.00,23.1004,1.00
2017-12-18 00:00:00,2017-12-18 10:00:00,-0.012,1.00,-0.020,1.00,-0.004,1.00,-0.017,1.00,0.053,1.00,0.118,1.00,1.524e+06,1.00,1.07,1.00,12.2,1.00,340.6,1.00,9.395e+05,1.00,0.87,1.00,11.1,1.00,10.308,1.00,-999,0.00,28.52,1.00,28.42,1.00,28.59,1.00,35.8361,1.00,22.8479,1.00,28.48,1.00,35.9279,1.00,22.9873,1.00
2017-12-25 00:00:00,2017-12-25 10:00:00,-0.005,0.14,-0.014,0.14,0.000,0.14,-0.014,0.14,0.036,0.14,0.086,0.14,1.601e+06,0.14,1.32,0.14,9.2,0.14,349.6,0.14,6.742e+05,1.00,0.81,1.00,10.5,1.00,10.290,1.00,-999,0.00,28.72,1.00,28.62,1.00,28.77,1.00,35.9406,1.00,22.8660,1.00,28.69,1.00,36.0069,1.00,22.9783,1.00
2018-01-01 00:00:00,2018-01-01 10:00:00,-999,0.00,-999,0.00,-999,0.00,-999,0.00,-999,0.00,-999,0.00,-999,0.00,-999,0.00,-999,0.00,-999,0.00,8.639e+05,1.00,0.92,1.00,10.1,1.00,10.288,1.00,-999,0.00,28.95,1.00,28.88,1.00,28.97,1.00,35.8377,1.00,22.7233,1.00,28.93,1.00,35.9368,1.00,22.8447,1.00
2018-01-08 00:00:00,2018-01-08 10:00:00,-999,0.00,-999,0.00,-999,0.00,-999,0.00,-999,0.00,-999,0.00,-999,0.00,-999,0.00,-999,0.00,-999,0.00,7.684e+05,0.20,0.85,0.20,10.8,0.20,10.231,0.21,-999,0.00,28.85,1.00,28.69,0.97,28.94,1.00,35.7523,1.00,22.6682,1.00,28.79,1.00,35.7993,1.00,22.7876,1.00
2018-01-15 00:00:00,2018-01-15 10:00:00,-999,0.00,-999,0.00,-999,0.00,-999,0.00,-999,0.00,-999,0.00,-999,0.00,-999,0.00,-999,0.00,-999,0.00,-999,0.00,-999,0.00,-999,0.00,-999,0.00,-999,0.00,29.03,1.00,29.01,1.00,29.04,1.00,35.8317,1.00,22.6945,1.00,29.02,1.00,35.8307,1.00,22.7350,1.00
2018-01-22 00:00:00,2018-01-22 10:00:00,-0.044,0.51,-0.107,0.51,-0.015,0.51,-0.023,0.51,0.073,0.51,0.160,0.51,2.219e+06,0.50,1.29,0.50,13.4,0.50,352.2,0.50,1.455e+06,0.51,1.09,0.51,11.9,0.51,10.285,0.50,-999,0.00,28.97,1.00,28.93,1.00,29.01,1.00,35.8715,1.00,22.7350,1.00,28.95,1.00,35.8731,1.00,22.7903,1.00
2018-01-29 00:00:00,2018-01-29 10:00:00,-0.032,1.00,-0.077,1.00,-0.010,1.00,-0.017,1.00,0.059,1.00,0.119,1.00,1.528e+06,1.00,1.21,1.00,10.8,1.00,358.0,1.00,1.028e+06,1.00,1.03,1.00,9.7,1.00,10.307,1.00,-999,0.00,28.68,1.00,28.65,1.00,28.70,1.00,36.0294,1.00,22.9590,1.00,28.67,1.00,36.0493,1.00,23.0173,1.00
2018-02-05 00:00:00,2018-02-05 10:00:00,-0.035,1.00,-0.109,1.00,-0.012,1.00,-0.025,1.00,0.073,1.00,0.180,1.00,5.077e+06,1.00,1.91,1.00,12.6,1.00,333.0,1.00,2.592e+06,1.00,1.52,1.00,10.3,1.00,10.276,1.00,-999,0.00,28.28,1.00,28.25,1.00,28.28,1.00,35.8219,1.00,22.9422,1.00,28.27,1.00,35.8857,1.00,23.0247,1.00
2018-02-12 00:00:00,2018-02-12 10:00:00,-0.017,1.00,-0.055,1.00,-0.011,1.00,-0.015,1.00,0.068,1.00,0.165,1.00,3.151e+06,1.00,1.71,1.00,10.7,1.00,339.9,1.00,1.866e+06,1.00,1.35,1.00,9.5,1.00,10.274,1.00,-999,0.00,27.99,1.00,27.99,1.00,27.99,1.00,35.7049,1.00,22.9488,1.00,28.00,1.00,35.7601,1.00,23.0216,1.00
2018-02-19 00:00:00,2018-02-19 10:00:00,-0.029,1.00,-0.082,1.00,-0.014,1.00,-0.014,1.00,0.075,1.00,0.163,1.00,1.345e+06,1.00,1.10,1.00,11.2,1.00,354.2,1.00,6.932e+05,1.00,0.83,1.00,10.0,1.00,10.254,1.00,-999,0.00,28.03,1.00,28.01,1.00,28.06,1.00,35.7215,1.00,22.9387,1.00,28.02,1.00,35.7495,1.00,23.0045,1.00
2018-02-26 00:00:00,2018-02-26 10:00:00,-0.032,1.00,-0.068,1.00,-0.015,1.00,-0.013,1.00,0.078,1.00,0.156,1.00,1.403e+06,1.00,1.10,1.00,11.1,1.00,0.0,1.00,8.773e+05,1.00,0.89,1.00,10.5,1.00,10.291,1.00,-999,0.00,28.38,1.00,28.36,1.00,28.41,1.00,35.9402,1.00,22.9868,1.00,28.37,1.00,35.9431,1.00,23.0348,1.00
2018-03-05 00:00:00,2018-03-05 10:00:00,-0.003,1.00,-0.019,1.00,-0.015,1.00,-0.012,1.00,0.079,1.00,0.163,1.00,1.494e+06,1.00,1.05,1.00,12.9,1.00,0.7,1.00,1.220e+06,1.00,0.98,1.00,12.4,1.00,10.302,1.00,-999,0.00,28.56,1.00,28.54,1.00,28.59,1.00,35.9135,1.00,22.9062,1.00,28.55,1.00,35.9060,1.00,22.9486,1.00
2018-03-12 00:00:00,2018-03-12 10:00:00,-0.017,1.00,-0.045,1.00,-0.011,1.00,-0.013,1.00,0.053,1.00,0.107,1.00,1.076e+06,1.00,0.93,1.00,12.2,1.00,356.3,1.00,7.674e+05,1.00,0.78,1.00,11.8,1.00,10.292,1.00,-999,0.00,28.47,1.00,28.46,1.00,28.48,1.00,35.8885,1.00,22.9265,1.00,28.47,1.00,35.9097,1.00,22.9793,1.00
2018-03-19 00:00:00,2018-03-19 10:00:00,-0.021,1.00,-0.066,1.00,-0.012,1.00,-0.016,1.00,0.049,1.00,0.097,1.00,1.028e+06,1.00,0.90,1.00,11.1,1.00,359.5,1.00,6.730e+05,1.00,0.74,1.00,10.4,1.00,10.307,1.00,-999,0.00,28.64,1.00,28.58,1.00,28.68,1.00,35.9009,1.00,22.8666,1.00,28.61,1.00,35.8942,1.00,22.9185,1.00
2018-03-26 00:00:00,2018-03-26 10:00:00,-0.021,1.00,-0.068,1.00,-0.013,1.00,-0.014,1.00,0.058,1.00,0.114,1.00,9.884e+05,1.00,0.90,1.00,12.0,1.00,354.1,1.00,6.316e+05,1.00,0.75,1.00,11.2,1.00,10.292,1.00,-999,0.00,28.77,1.00,28.75,1.00,28.80,1.00,35.8698,1.00,22.8030,1.00,28.76,1.00,35.8606,1.00,22.8451,1.00
2018-04-02 00:00:00,2018-04-02 10:00:00,-0.008,1.00,-0.040,1.00,-0.008,1.00,-0.010,1.00,0.055,1.00,0.103,1.00,4.794e+05,1.00,0.62,1.00,11.7,1.00,341.6,1.00,3.122e+05,1.00,0.53,1.00,10.7,1.00,10.268,1.00,-999,0.00,28.95,1.00,28.87,1.00,29.03,1.00,35.8895,1.00,22.7425,1.00,28.92,1.00,35.8831,1.00,22.8093,1.00
2018-04-09 00:00:00,2018-04-09 10:00:00,-0.006,1.00,-0.007,1.00,-0.008,1.00,-0.009,1.00,0.061,1.00,0.128,1.00,9.564e+05,1.00,0.81,1.00,11.8,1.00,353.9,1.00,2.888e+05,0.74,0.52,0.74,9.5,0.74,10.252,0.75,-999,0.00,28.94,1.00,28.89,1.00,28.98,1.00,35.8471,1.00,22.7260,1.00,28.92,1.00,35.8591,1.00,22.7892,1.00
2018-04-16 00:00:00,2018-04-16 10:00:00,-0.024,1.00,-0.048,1.00,-0.014,1.00,-0.014,1.00,0.068,1.00,0.133,1.00,9.994e+05,1.00,0.85,1.00,13.2,1.00,356.1,1.00,-999,0.00,-999,0.00,-999,0.00,-999,0.00,-999,0.00,28.83,1.00,28.81,1.00,28.85,1.00,35.8155,1.00,22.7462,1.00,28.82,1.00,35.8162,1.00,22.7893,1.00
2018-04-23 00:00:00,2018-04-23 10:00:00,-0.024,1.00,-0.050,1.00,-0.012,1.00,-0.009,1.00,0.080,1.00,0.161,1.00,5.814e+05,1.00,0.81,1.00,9.2,1.00,358.0,1.00,-999,0.00,-999,0.00,-999,0.00,-999,0.00,-999,0.00,28.56,1.00,28.55,1.00,28.59,1.00,35.7495,1.00,22.7857,1.00,28.56,1.00,35.7479,1.00,22.8270,1.00
2018-04-30 00:00:00,2018-04-30 10:00:00,-0.035,1.00,-0.090,1.00,-0.010,1.00,-0.011,1.00,0.070,1.00,0.138,1.00,5.278e+05,1.00,0.67,1.00,11.6,1.00,353.5,1.00,-999,0.00,-999,0.00,-999,0.00,-999,0.00,-999,0.00,28.54,1.00,28.53,1.00,28.56,1.00,35.7511,1.00,22.7965,1.00,28.53,1.00,35.7593,1.00,22.8432,1.00
2018-05-07 00:00:00,2018-05-07 10:00:00,-0.029,0.99,-0.067,0.99,-0.010,0.99,-0.008,0.99,0.061,0.99,0.124,0.99,6.655e+05,0.96,0.83,0.96,8.8,0.96,6.2,0.96,-999,0.00,-999,0.00,-999,0.00,-999,0.00,-999,0.00,28.57,1.00,28.58,1.00,28.57,1.00,35.9140,1.00,22.9146,1.00,28.57,1.00,35.9240,1.00,22.9540,1.00
2018-05-14 00:00:00,2018-05-14 10:00:00,-0.025,1.00,-0.041,1.00,-0.011,1.00,-0.008,1.00,0.069,1.00,0.120,1.00,4.717e+05,1.00,0.88,1.00,6.1,1.00,38.1,1.00,-999,0.00,-999,0.00,-999,0.00,-999,0.00,-999,0.00,28.45,1.00,28.45,1.00,28.45,1.00,35.9617,1.00,22.9883,1.00,28.45,1.00,35.9437,1.00,23.0094,1.00
2018-05-21 00:00:00,2018-05-21 10:00:00,-0.016,1.00,-0.035,1.00,-0.009,1.00,-0.006,1.00,0.070,1.00,0.129,1.00,3.056e+05,1.00,0.66,1.00,7.3,1.00,21.9,1.00,-999,0.00,-999,0.00,-999,0.00,-999,0.00,-999,0.00,28.24,1.00,28.24,1.00,28.25,1.00,35.9450,1.00,23.0421,1.00,28.24,1.00,35.9239,1.00,23.0653,1.00
2018-05-28 00:00:00,2018-05-28 10:00:00,-0.004,1.00,-0.017,1.00,-0.007,1.00,-0.005,1.00,0.055,1.00,0.095,1.00,2.487e+05,1.00,0.59,1.00,7.5,1.00,14.1,1.00,-999,0.00,-999,0.00,-999,0.00,-999,0.00,-999,0.00,28.04,1.00,28.03,1.00,28.06,1.00,35.8652,1.00,23.0474,1.00,28.04,1.00,35.8461,1.00,23.0727,1.00
2018-06-04 00:00:00,2018-06-04 10:00:00,-0.007,1.00,-0.015,1.00,-0.006,1.00,-0.002,1.00,0.057,1.00,0.102,1.00,2.398e+05,1.00,0.48,1.00,9.4,1.00,2.5,1.00,-999,0.00,-999,0.00,-999,0.00,-999,0.00,-999,0.00,28.06,1.00,28.04,1.00,28.09,1.00,35.9352,1.00,23.0877,1.00,28.05,1.00,35.9236,1.00,23.1262,1.00
2018-06-11 00:00:00,2018-06-11 10:00:00,-0.010,1.00,-0.017,1.00,-0.007,1.00,-0.006,1.00,0.074,1.00,0.125,1.00,3.030e+05,1.00,0.66,1.00,7.1,1.00,23.0,1.00,-999,0.00,-999,0.00,-999,0.00,-999,0.00,-999,0.00,27.76,1.00,27.76,1.00,27.76,1.00,35.9839,1.00,23.2338,1.00,27.76,1.00,35.9717,1.00,23.2591,1.00
2018-06-18 00:00:00,2018-06-18 10:00:00,-0.009,1.00,-0.012,1.00,-0.008,1.00,-0.005,1.00,0.060,1.00,0.106,1.00,5.547e+05,1.00,0.81,1.00,9.0,1.00,18.9,1.00,-999,0.00,-999,0.00,-999,0.00,-999,0.00,-999,0.00,27.55,1.00,27.55,1.00,27.56,1.00,35.9914,1.00,23.3032,1.00,27.55,1.00,35.9781,1.00,23.3309,1.00
2018-06-25 00:00:00,2018-06-25 10:00:00,-0.019,1.00,-0.047,1.00,-0.008,1.00,-0.005,1.00,0.068,1.00,0.124,1.00,2.875e+05,1.00,0.68,1.00,6.2,1.00,28.1,1.00,-999,0.00,-999,0.00,-999,0.00,-999,0.00,-999,0.00,27.50,1.00,27.48,1.00,27.52,1.00,36.0192,1.00,23.3370,1.00,27.49,1.00,36.0000,1.00,23.3667,1.00
2018-07-02 00:00:00,2018-07-02 10:00:00,-0.010,1.00,-0.027,1.00,-0.008,1.00,-0.003,1.00,0.049,1.00,0.090,1.00,2.552e+05,1.00,0.59,1.00,7.2,1.00,12.9,1.00,-999,0.00,-999,0.00,-999,0.00,-999,0.00,27.46,0.90,27.45,0.97,27.44,0.95,27.46,0.99,36.0920,0.06,23.4603,0.06,27.44,1.00,36.0922,0.06,23.4883,0.06
2018-07-09 00:00:00,2018-07-09 10:00:00,-0.027,1.00,-0.049,1.00,-0.009,1.00,-0.003,1.00,0.057,1.00,0.102,1.00,3.617e+05,1.00,0.72,1.00,6.9,1.00,29.9,1.00,-999,0.00,-999,0.00,-999,0.00,-999,0.00,27.30,1.00,27.30,1.00,27.30,1.00,27.30,1.00,-999,0.00,-999,0.00,27.30,1.00,-999,0.00,-999,0.00
2018-07-16 00:00:00,2018-07-16 10:00:00,-0.053,1.00,-0.098,1.00,-0.011,1.00,-0.006,1.00,0.067,1.00,0.120,1.00,4.436e+05,1.00,0.89,1.00,5.4,1.00,41.9,1.00,-999,0.00,-999,0.00,-999,0.00,-999,0.00,27.06,1.00,27.06,1.00,27.06,1.00,27.06,1.00,-999,0.00,-999,0.00,27.06,1.00,-999,0.00,-999,0.00
2018-07-23 00:00:00,2018-07-23 10:00:00,-0.020,0.99,-0.054,0.99,-0.007,0.99,-0.002,0.99,0.052,0.99,0.095,0.99,2.383e+05,0.96,0.66,0.96,5.7,0.96,30.8,0.96,1.238e+05,0.93,0.42,0.93,7.1,0.93,10.216,0.92,27.11,1.00,27.10,1.00,27.09,1.00,27.12,1.00,-999,0.00,-999,0.00,27.09,1.00,-999,0.00,-999,0.00
2018-07-30 00:00:00,2018-07-30 10:00:00,-0.023,1.00,-0.054,1.00,-0.008,1.00,-0.004,1.00,0.058,1.00,0.106,1.00,2.975e+05,1.00,0.69,1.00,6.3,1.00,20.1,1.00,1.442e+05,1.00,0.44,1.00,7.3,1.00,10.258,1.00,27.15,1.00,27.13,1.00,27.11,1.00,27.17,1.00,-999,0.00,-999,0.00,27.12,1.00,-999,0.00,-999,0.00
2018-08-06 00:00:00,2018-08-06 10:00:00,-0.022,1.00,-0.038,1.00,-0.008,1.00,-0.003,1.00,0.063,1.00,0.119,1.00,4.715e+05,1.00,0.85,1.00,5.9,1.00,359.4,1.00,2.426e+05,1.00,0.55,1.00,7.6,1.00,10.268,1.00,27.03,1.00,27.02,1.00,27.01,1.00,27.04,1.00,-999,0.00,-999,0.00,27.02,1.00,-999,0.00,-999,0.00
2018-08-13 00:00:00,2018-08-13 10:00:00,-0.011,1.00,-0.024,1.00,-0.008,1.00,-0.003,1.00,0.060,1.00,0.096,1.00,1.639e+05,1.00,0.51,1.00,6.4,1.00,20.4,1.00,1.066e+05,1.00,0.36,1.00,8.1,1.00,10.236,1.00,26.96,1.00,26.95,1.00,26.92,1.00,26.98,1.00,-999,0.00,-999,0.00,26.93,1.00,-999,0.00,-999,0.00
2018-08-20 00:00:00,2018-08-20 10:00:00,-0.008,1.00,-0.014,1.00,-0.004,1.00,-0.003,1.00,0.050,1.00,0.092,1.00,2.629e+05,1.00,0.59,1.00,7.1,1.00,22.1,1.00,1.303e+05,1.00,0.39,1.00,8.1,1.00,10.191,1.00,26.77,1.00,26.75,1.00,26.73,1.00,26.78,1.00,-999,0.00,-999,0.00,26.74,1.00,-999,0.00,-999,0.00
2018-08-27 00:00:00,2018-08-27 10:00:00,-0.011,1.00,-0.017,1.00,-0.006,1.00,-0.001,1.00,0.053,1.00,0.102,1.00,3.827e+05,1.00,0.73,1.00,7.1,1.00,31.7,1.00,2.266e+05,1.00,0.54,1.00,7.8,1.00,10.179,1.00,26.49,1.00,26.46,1.00,26.42,1.00,26.51,1.00,-999,0.00,-999,0.00,26.44,1.00,-999,0.00,-999,0.00
2018-09-03 00:00:00,2018-09-03 10:00:00,0.018,1.00,0.042,1.00,-0.005,1.00,0.007,1.00,0.064,1.00,0.118,1.00,2.554e+05,1.00,0.53,1.00,9.3,1.00,2.2,1.00,1.464e+05,1.00,0.39,1.00,9.6,1.00,10.203,1.00,26.69,1.00,26.68,1.00,26.66,1.00,26.72,1.00,-999,0.00,-999,0.00,26.67,1.00,-999,0.00,-999,0.00
2018-09-10 00:00:00,2018-09-10 10:00:00,-0.010,1.00,-0.041,1.00,-0.006,1.00,0.000,1.00,0.065,1.00,0.124,1.00,2.241e+05,1.00,0.59,1.00,6.7,1.00,17.5,1.00,1.447e+05,1.00,0.42,1.00,8.3,1.00,10.195,1.00,27.04,1.00,27.01,1.00,26.97,1.00,27.08,1.00,-999,0.00,-999,0.00,26.99,1.00,-999,0.00,-999,0.00
2018-09-17 00:00:00,2018-09-17 10:00:00,0.021,1.00,0.017,1.00,0.000,1.00,0.006,1.00,0.059,1.00,0.106,1.00,2.084e+05,1.00,0.56,1.00,6.8,1.00,30.4,1.00,1.213e+05,1.00,0.39,1.00,8.0,1.00,10.196,1.00,26.72,1.00,26.72,1.00,26.72,1.00,26.73,1.00,-999,0.00,-999,0.00,26.72,1.00,-999,0.00,-999,0.00
2018-09-24 00:00:00,2018-09-24 10:00:00,-0.002,1.00,-0.002,1.00,-0.005,1.00,0.005,1.00,0.062,1.00,0.113,1.00,1.128e+05,1.00,0.42,1.00,6.8,1.00,26.7,1.00,8.528e+04,1.00,0.30,1.00,9.5,1.00,10.199,1.00,26.65,1.00,26.63,1.00,26.61,1.00,26.68,1.00,-999,0.00,-999,0.00,26.61,1.00,-999,0.00,-999,0.00
2018-10-01 00:00:00,2018-10-01 10:00:00,0.015,1.00,0.040,1.00,-0.004,1.00,0.006,1.00,0.063,1.00,0.126,1.00,4.561e+05,1.00,0.68,1.00,8.9,1.00,24.1,1.00,2.296e+05,1.00,0.47,1.00,9.8,1.00,10.191,1.00,26.73,1.00,26.72,1.00,26.70,1.00,26.74,1.00,-999,0.00,-999,0.00,26.71,1.00,-999,0.00,-999,0.00
2018-10-08 00:00:00,2018-10-08 10:00:00,-0.008,1.00,-0.048,1.00,-0.009,1.00,-0.007,1.00,0.053,1.00,0.119,1.00,5.937e+05,1.00,0.72,1.00,11.7,1.00,353.1,1.00,4.360e+05,1.00,0.62,1.00,11.2,1.00,10.179,1.00,27.11,1.00,27.06,1.00,26.97,1.00,27.16,1.00,-999,0.00,-999,0.00,27.01,1.00,-999,0.00,-999,0.00
2018-10-15 00:00:00,2018-10-15 10:00:00,-0.010,1.00,-0.044,1.00,-0.007,1.00,-0.008,1.00,0.053,1.00,0.112,1.00,4.806e+05,1.00,0.64,1.00,11.3,1.00,5.6,1.00,3.168e+05,1.00,0.50,1.00,11.0,1.00,10.179,1.00,27.34,1.00,27.29,1.00,27.20,1.00,27.38,1.00,-999,0.00,-999,0.00,27.24,1.00,-999,0.00,-999,0.00
2018-10-22 00:00:00,2018-10-22 10:00:00,-0.020,1.00,-0.061,1.00,-0.008,1.00,-0.010,1.00,0.049,1.00,0.106,1.00,3.448e+05,1.00,0.56,1.00,10.4,1.00,356.4,1.00,2.396e+05,1.00,0.45,1.00,10.7,1.00,10.198,1.00,27.33,1.00,27.26,1.00,27.14,1.00,27.40,1.00,-999,0.00,-999,0.00,27.19,1.00,-999,0.00,-999,0.00
2018-10-29 00:00:00,2018-10-29 10:00:00,-0.006,1.00,-0.021,1.00,-0.008,1.00,-0.005,1.00,0.055,1.00,0.107,1.00,7.886e+05,1.00,0.78,1.00,12.1,1.00,358.6,1.00,4.574e+05,1.00,0.62,1.00,10.9,1.00,10.169,1.00,27.57,1.00,27.54,1.00,27.49,1.00,27.60,1.00,-999,0.00,-999,0.00,27.51,1.00,-999,0.00,-999,0.00
2018-11-05 00:00:00,2018-11-05 10:00:00,-0.007,1.00,-0.044,1.00,-0.009,1.00,-0.005,1.00,0.049,1.00,0.092,1.00,4.438e+05,1.00,0.80,1.00,7.0,1.00,30.7,1.00,2.058e+05,1.00,0.50,1.00,7.9,1.00,10.170,1.00,27.59,1.00,27.56,1.00,27.51,1.00,27.64,1.00,-999,0.00,-999,0.00,27.53,1.00,-999,0.00,-999,0.00
2018-11-12 00:00:00,2018-11-12 10:00:00,-0.024,1.00,-0.075,1.00,-0.010,1.00,-0.010,1.00,0.056,1.00,0.121,1.00,6.964e+05,1.00,0.78,1.00,11.3,1.00,357.6,1.00,4.638e+05,1.00,0.64,1.00,10.5,1.00,10.165,1.00,27.53,1.00,27.50,1.00,27.46,1.00,27.57,1.00,-999,0.00,-999,0.00,27.48,1.00,-999,0.00,-999,0.00
2018-11-19 00:00:00,2018-11-19 10:00:00,-0.033,1.00,-0.096,1.00,-0.007,1.00,-0.017,1.00,0.055,1.00,0.126,1.00,6.680e+05,1.00,0.69,1.00,13.2,1.00,347.8,1.00,7.076e+05,1.00,0.73,1.00,12.4,1.00,10.150,1.00,28.16,1.00,28.10,1.00,27.97,1.00,28.24,1.00,-999,0.00,-999,0.00,28.03,1.00,-999,0.00,-999,0.00
2018-11-26 00:00:00,2018-11-26 10:00:00,-0.066,1.00,-0.167,1.00,-0.015,1.00,-0.021,1.00,0.082,1.00,0.192,1.00,1.407e+06,0.98,0.91,0.98,14.1,0.98,348.8,0.98,1.152e+06,1.00,0.83,1.00,13.1,1.00,10.158,1.00,28.71,1.00,28.65,1.00,28.55,1.00,28.78,1.00,-999,0.00,-999,0.00,28.59,1.00,-999,0.00,-999,0.00
2018-12-03 00:00:00,2018-12-03 10:00:00,-0.021,1.00,-0.053,1.00,-0.011,1.00,-0.016,1.00,0.067,1.00,0.141,1.00,1.834e+06,1.00,1.06,1.00,14.2,1.00,346.4,1.00,1.024e+06,1.00,0.87,1.00,11.6,1.00,10.184,1.00,28.74,1.00,28.71,1.00,28.65,1.00,28.76,1.00,-999,0.00,-999,0.00,28.68,1.00,-999,0.00,-999,0.00
2018-12-10 00:00:00,2018-12-10 10:00:00,0.004,1.00,0.028,1.00,-0.006,1.00,-0.020,1.00,0.056,1.00,0.140,1.00,2.048e+06,1.00,1.19,1.00,14.3,1.00,351.1,1.00,1.726e+06,1.00,1.14,1.00,12.9,1.00,10.192,1.00,28.93,1.00,28.88,1.00,28.77,1.00,28.98,1.00,-999,0.00,-999,0.00,28.82,1.00,-999,0.00,-999,0.00
2018-12-17 00:00:00,2018-12-17 10:00:00,-0.000,1.00,-0.000,1.00,-0.007,1.00,-0.015,1.00,0.053,1.00,0.122,1.00,1.572e+06,1.00,1.01,1.00,15.2,1.00,355.4,1.00,1.268e+06,1.00,0.96,1.00,13.2,1.00,10.200,1.00,29.45,1.00,29.41,1.00,29.33,1.00,29.49,1.00,-999,0.00,-999,0.00,29.37,1.00,-999,0.00,-999,0.00
2018-12-24 00:00:00,2018-12-24 10:00:00,-0.007,1.00,-0.026,1.00,-0.011,1.00,-0.012,1.00,0.068,1.00,0.144,1.00,1.206e+06,1.00,0.99,1.00,11.9,1.00,352.6,1.00,7.691e+05,1.00,0.84,1.00,10.7,1.00,10.221,1.00,29.22,0.37,29.20,0.37,29.16,0.37,29.23,0.50,-999,0.00,-999,0.00,29.16,0.50,-999,0.00,-999,0.00
2018-12-31 00:00:00,2018-12-31 10:00:00,-0.004,1.00,0.009,1.00,-0.008,1.00,-0.017,1.00,0.053,1.00,0.114,1.00,2.082e+06,1.02,1.19,1.02,13.7,1.02,347.6,1.02,1.357e+06,1.00,1.03,1.00,12.1,1.00,10.221,1.00,-999,0.00,-999,0.00,-999,0.00,-999,0.00,-999,0.00,-999,0.00,-999,0.00,-999,0.00,-999,0.00
2019-01-07 00:00:00,2019-01-07 10:00:00,-0.028,1.00,-0.062,1.00,-0.013,1.00,-0.019,1.00,0.059,1.00,0.122,1.00,2.488e+06,1.00,1.33,1.00,12.4,1.00,352.1,1.00,1.807e+06,1.00,1.16,1.00,11.2,1.00,10.194,1.00,-999,0.00,-999,0.00,-999,0.00,-999,0.00,-999,0.00,-999,0.00,-999,0.00,-999,0.00,-999,0.00
2019-01-14 00:00:00,2019-01-14 10:00:00,-0.015,1.00,-0.048,1.00,-0.014,1.00,-0.027,1.00,0.063,1.00,0.146,1.00,3.521e+06,0.98,1.49,0.98,15.5,0.98,351.0,0.98,2.531e+06,0.94,1.32,0.94,14.2,0.94,10.256,0.94,-999,0.00,-999,0.00,-999,0.00,-999,0.00,-999,0.00,-999,0.00,-999,0.00,-999,0.00,-999,0.00
2019-01-21 00:00:00,2019-01-21 10:00:00,-0.008,1.00,-0.025,1.00,-0.012,1.00,-0.016,1.00,0.068,1.00,0.127,1.00,1.750e+06,1.00,1.12,1.00,13.4,1.00,351.6,1.00,9.467e+05,1.00,0.87,1.00,11.1,1.00,10.291,1.00,-999,0.00,29.26,0.21,29.23,0.22,-999,0.00,-999,0.00,-999,0.00,29.25,0.21,36.1749,0.21,22.9246,0.21
2019-01-28 00:00:00,2019-01-28 10:00:00,-0.025,1.00,-0.055,1.00,-0.011,1.00,-0.018,1.00,0.059,1.00,0.115,1.00,3.230e+06,1.00,1.65,1.00,12.1,1.00,356.7,1.00,1.517e+06,1.00,1.26,1.00,9.6,1.00,10.298,1.00,-999,0.00,28.90,1.00,28.89,1.00,-999,0.00,-999,0.00,-999,0.00,28.90,1.00,36.0454,1.00,22.9473,1.00
2019-02-04 00:00:00,2019-02-04 10:00:00,-0.012,1.00,-0.020,1.00,-0.011,1.00,-0.020,1.00,0.061,1.00,0.138,1.00,2.081e+06,1.00,1.17,1.00,15.0,1.00,350.0,1.00,1.426e+06,1.00,0.99,1.00,13.6,1.00,10.298,1.00,-999,0.00,29.07,1.00,29.02,1.00,-999,0.00,-999,0.00,-999,0.00,29.06,1.00,36.1604,1.00,22.9800,1.00
2019-02-11 00:00:00,2019-02-11 10:00:00,-0.001,1.00,0.031,1.00,-0.017,1.00,-0.026,1.00,0.084,1.00,0.216,1.00,4.019e+06,1.00,1.72,1.00,13.9,1.00,347.4,1.00,3.240e+06,1.00,1.55,1.00,13.2,1.00,10.308,1.00,-999,0.00,29.12,1.00,29.07,1.00,-999,0.00,-999,0.00,-999,0.00,29.10,1.00,36.1560,1.00,22.9606,1.00
2019-02-18 00:00:00,2019-02-18 10:00:00,-0.008,1.00,-0.012,1.00,-0.013,1.00,-0.017,1.00,0.074,1.00,0.169,1.00,3.100e+06,1.00,1.65,1.00,11.4,1.00,350.7,1.00,1.885e+06,1.00,1.35,1.00,10.1,1.00,10.302,1.00,-999,0.00,28.91,1.00,28.89,1.00,-999,0.00,-999,0.00,-999,0.00,28.90,1.00,36.0490,1.00,22.9481,1.00
2019-02-25 00:00:00,2019-02-25 10:00:00,-0.005,1.00,-0.017,1.00,-0.012,1.00,-0.010,1.00,0.066,1.00,0.144,1.00,7.903e+05,1.00,0.75,1.00,12.4,1.00,348.2,1.00,6.735e+05,1.00,0.69,1.00,11.7,1.00,10.286,1.00,-999,0.00,29.08,1.00,29.03,1.00,-999,0.00,-999,0.00,-999,0.00,29.06,1.00,36.0169,1.00,22.8704,1.00
2019-03-04 00:00:00,2019-03-04 10:00:00,-0.009,1.00,-0.025,1.00,-0.014,1.00,-0.012,1.00,0.064,1.00,0.136,1.00,7.715e+05,1.00,0.83,1.00,11.2,1.00,1.3,1.00,6.443e+05,1.00,0.73,1.00,11.2,1.00,10.314,1.00,-999,0.00,29.47,1.00,29.43,1.00,-999,0.00,-999,0.00,-999,0.00,29.46,1.00,36.0194,1.00,22.7389,1.00
2019-03-11 00:00:00,2019-03-11 10:00:00,0.004,1.00,-0.001,1.00,-0.012,1.00,-0.016,1.00,0.069,1.00,0.147,1.00,1.413e+06,1.00,1.05,1.00,12.2,1.00,354.4,1.00,1.197e+06,1.00,0.99,1.00,11.9,1.00,10.323,1.00,-999,0.00,29.31,1.00,29.28,1.00,-999,0.00,-999,0.00,-999,0.00,29.30,1.00,35.9486,1.00,22.7387,1.00
2019-03-18 00:00:00,2019-03-18 10:00:00,0.010,1.00,0.025,1.00,-0.012,1.00,-0.018,1.00,0.079,1.00,0.186,1.00,1.660e+06,1.00,1.04,1.00,13.7,1.00,352.2,1.00,1.204e+06,1.00,0.93,1.00,12.7,1.00,10.323,1.00,-999,0.00,29.24,1.00,29.17,1.00,-999,0.00,-999,0.00,-999,0.00,29.22,1.00,35.8232,1.00,22.6726,1.00
2019-03-25 00:00:00,2019-03-25 10:00:00,0.009,1.00,0.011,1.00,-0.011,1.00,-0.008,1.00,0.077,1.00,0.157,1.00,1.063e+06,1.00,0.88,1.00,13.4,1.00,354.4,1.00,9.342e+05,1.00,0.86,1.00,12.1,1.00,10.344,1.00,-999,0.00,29.80,1.00,29.77,1.00,-999,0.00,-999,0.00,-999,0.00,29.79,1.00,36.0286,1.00,22.6317,1.00
2019-04-01 00:00:00,2019-04-01 10:00:00,0.004,1.00,0.004,1.00,-0.012,1.00,-0.013,1.00,0.070,1.00,0.157,1.00,1.253e+06,1.00,0.93,1.00,14.1,1.00,348.4,1.00,7.711e+05,1.00,0.77,1.00,12.4,1.00,10.337,1.00,-999,0.00,30.13,1.00,30.08,1.00,-999,0.00,-999,0.00,-999,0.00,30.11,1.00,36.0766,1.00,22.5592,1.00
2019-04-08 00:00:00,2019-04-08 10:00:00,0.016,1.00,0.030,1.00,-0.011,1.00,-0.011,1.00,0.054,1.00,0.117,1.00,7.146e+05,1.00,0.75,1.00,12.5,1.00,349.6,1.00,4.870e+05,1.00,0.66,1.00,11.2,1.00,10.351,1.00,-999,0.00,30.08,1.00,30.06,1.00,-999,0.00,-999,0.00,-999,0.00,30.07,1.00,36.1099,1.00,22.5976,1.00
2019-04-15 00:00:00,2019-04-15 10:00:00,-0.028,1.00,-0.066,1.00,-0.013,1.00,-0.010,1.00,0.090,1.00,0.177,1.00,8.233e+05,1.00,0.88,1.00,10.6,1.00,2.5,1.00,6.244e+05,1.00,0.77,1.00,10.3,1.00,10.359,1.00,-999,0.00,29.85,1.00,29.84,1.00,-999,0.00,-999,0.00,-999,0.00,29.85,1.00,36.0964,1.00,22.6645,1.00
2019-04-22 00:00:00,2019-04-22 10:00:00,-0.014,1.00,-0.035,1.00,-0.009,1.00,-0.008,1.00,0.068,1.00,0.129,1.00,4.901e+05,1.00,0.73,1.00,9.2,1.00,6.4,1.00,2.609e+05,1.00,0.55,1.00,8.7,1.00,10.338,1.00,-999,0.00,29.57,1.00,29.56,1.00,-999,0.00,-999,0.00,-999,0.00,29.57,1.00,35.9578,1.00,22.6548,1.00
2019-04-29 00:00:00,2019-04-29 10:00:00,0.020,1.00,0.058,1.00,-0.008,1.00,-0.002,1.00,0.062,1.00,0.120,1.00,6.801e+05,1.00,1.01,1.00,6.7,1.00,43.9,1.00,3.227e+05,1.00,0.65,1.00,7.6,1.00,10.341,1.00,-999,0.00,29.03,1.00,29.03,1.00,-999,0.00,-999,0.00,-999,0.00,29.03,1.00,36.0197,1.00,22.8818,1.00
2019-05-06 00:00:00,2019-05-06 10:00:00,-0.008,1.00,-0.042,1.00,-0.007,1.00,-0.007,1.00,0.051,1.00,0.093,1.00,3.846e+05,1.00,0.67,1.00,8.9,1.00,10.4,1.00,1.924e+05,1.00,0.45,1.00,9.3,1.00,10.330,1.00,-999,0.00,28.85,1.00,28.85,1.00,-999,0.00,-999,0.00,-999,0.00,28.85,1.00,36.0661,1.00,22.9776,1.00
2019-05-13 00:00:00,2019-05-13 10:00:00,-0.016,1.00,-0.046,1.00,-0.009,1.00,-0.002,1.00,0.064,1.00,0.119,1.00,2.848e+05,1.00,0.72,1.00,5.5,1.00,40.4,1.00,1.517e+05,1.00,0.45,1.00,7.7,1.00,10.319,1.00,-999,0.00,28.79,1.00,28.78,1.00,-999,0.00,-999,0.00,-999,0.00,28.79,1.00,36.1441,1.00,23.0583,1.00
2019-05-20 00:00:00,2019-05-20 10:00:00,-0.020,1.00,-0.046,1.00,-0.009,1.00,-0.002,1.00,0.054,1.00,0.094,1.00,2.340e+05,0.98,0.60,0.98,7.0,0.98,16.3,0.98,1.315e+05,1.00,0.39,1.00,8.8,1.00,10.327,1.00,-999,0.00,28.67,1.00,28.67,1.00,-999,0.00,-999,0.00,-999,0.00,28.67,1.00,36.1093,1.00,23.0694,1.00
2019-05-27 00:00:00,2019-05-27 10:00:00,0.016,1.00,0.046,1.00,-0.009,1.00,-0.008,1.00,0.058,1.00,0.109,1.00,5.448e+05,1.00,0.78,1.00,9.2,1.00,2.3,1.00,3.310e+05,1.00,0.60,1.00,9.1,1.00,10.281,1.00,-999,0.00,28.43,1.00,28.43,1.00,-999,0.00,-999,0.00,-999,0.00,28.43,1.00,35.9367,1.00,23.0196,1.00
2019-06-03 00:00:00,2019-06-03 10:00:00,-0.001,1.00,0.006,1.00,-0.008,1.00,-0.002,1.00,0.060,1.00,0.103,1.00,4.059e+05,1.00,0.74,1.00,7.7,1.00,21.5,1.00,2.221e+05,1.00,0.53,1.00,8.0,1.00,10.290,1.00,-999,0.00,28.26,1.00,28.26,1.00,-999,0.00,-999,0.00,-999,0.00,28.26,1.00,35.9034,1.00,23.0509,1.00
2019-06-10 00:00:00,2019-06-10 10:00:00,0.003,1.00,0.025,1.00,-0.006,1.00,-0.001,1.00,0.058,1.00,0.109,1.00,5.135e+05,1.00,0.95,1.00,5.6,1.00,53.8,1.00,2.674e+05,1.00,0.63,1.00,6.8,1.00,10.311,1.00,-999,0.00,28.36,1.00,28.36,1.00,-999,0.00,-999,0.00,-999,0.00,28.36,1.00,36.0654,1.00,23.1417,1.00
2019-06-17 00:00:00,2019-06-17 10:00:00,-0.017,1.00,-0.021,1.00,-0.005,1.00,-0.002,1.00,0.070,1.00,0.131,1.00,5.295e+05,1.00,0.90,1.00,6.3,1.00,28.6,1.00,2.987e+05,1.00,0.64,1.00,7.0,1.00,10.306,1.00,-999,0.00,28.05,1.00,28.05,1.00,-999,0.00,-999,0.00,-999,0.00,28.11,0.69,36.1984,0.69,23.3224,0.69
2019-06-24 00:00:00,2019-06-24 10:00:00,-0.005,1.00,0.001,1.00,-0.005,1.00,-0.005,1.00,0.053,1.00,0.096,1.00,2.996e+05,1.00,0.63,1.00,8.2,1.00,34.4,1.00,1.453e+05,1.00,0.43,1.00,8.1,1.00,10.301,1.00,-999,0.00,27.63,1.00,27.63,1.00,-999,0.00,-999,0.00,-999,0.00,-999,0.00,-999,0.00,-999,0.00
2019-07-01 00:00:00,2019-07-01 10:00:00,0.046,1.00,0.137,1.00,-0.001,1.00,0.002,1.00,0.067,1.00,0.166,1.00,9.350e+05,1.00,1.11,1.00,7.2,1.00,51.9,1.00,4.228e+05,1.00,0.74,1.00,7.4,1.00,10.281,1.00,-999,0.00,27.26,1.00,27.26,1.00,-999,0.00,-999,0.00,-999,0.00,-999,0.00,-999,0.00,-999,0.00
2019-07-08 00:00:00,2019-07-08 10:00:00,-0.007,1.00,-0.022,1.00,-0.006,1.00,-0.000,1.00,0.048,1.00,0.089,1.00,2.696e+05,1.00,0.55,1.00,8.1,1.00,26.6,1.00,1.678e+05,0.93,0.40,0.93,9.5,0.93,10.255,0.94,-999,0.00,27.06,0.79,27.00,0.85,27.04,0.48,36.0497,0.48,23.5187,0.48,26.91,0.34,36.1229,0.34,23.6498,0.34
2019-07-15 00:00:00,2019-07-15 10:00:00,0.002,1.00,0.008,1.00,-0.000,1.00,-0.004,1.00,0.048,1.00,0.080,1.00,1.739e+05,0.98,0.55,0.98,5.5,0.98,47.5,0.98,8.430e+04,1.00,0.33,1.00,7.6,1.00,10.227,1.00,26.83,0.97,26.83,1.00,26.82,1.00,26.84,1.00,36.1477,1.00,23.6573,1.00,26.83,1.00,36.1862,1.00,23.7247,1.00
2019-07-22 00:00:00,2019-07-22 10:00:00,-0.010,1.00,-0.018,1.00,-0.005,1.00,0.002,1.00,0.043,1.00,0.072,1.00,3.023e+05,1.00,0.71,1.00,6.0,1.00,36.0,1.00,1.802e+05,1.00,0.50,1.00,7.2,1.00,10.224,1.00,26.72,1.00,26.70,1.00,26.67,1.00,26.75,1.00,36.1849,1.00,23.7138,1.00,26.69,1.00,36.1805,1.00,23.7650,1.00
2019-07-29 00:00:00,2019-07-29 10:00:00,-0.012,1.00,-0.014,1.00,-0.003,1.00,0.007,1.00,0.051,1.00,0.100,1.00,3.308e+05,1.00,0.72,1.00,6.3,1.00,38.4,1.00,1.813e+05,1.00,0.51,1.00,6.9,1.00,10.223,1.00,26.66,1.00,26.64,1.00,26.62,1.00,26.68,1.00,36.2134,1.00,23.7574,1.00,26.63,1.00,36.2087,1.00,23.8043,1.00
2019-08-05 00:00:00,2019-08-05 10:00:00,-0.014,1.00,-0.050,1.00,-0.006,1.00,0.003,1.00,0.048,1.00,0.095,1.00,4.197e+05,1.00,0.77,1.00,6.7,1.00,34.6,1.00,2.638e+05,1.00,0.57,1.00,7.7,1.00,10.221,1.00,26.81,1.00,26.79,1.00,26.74,1.00,26.83,1.00,36.2684,1.00,23.7502,1.00,26.77,1.00,36.2647,1.00,23.8028,1.00
2019-08-12 00:00:00,2019-08-12 10:00:00,-0.023,1.00,-0.070,1.00,-0.005,1.00,0.004,1.00,0.049,1.00,0.097,1.00,2.563e+05,1.00,0.62,1.00,6.4,1.00,33.9,1.00,1.426e+05,1.00,0.42,1.00,7.8,1.00,10.217,1.00,26.85,1.00,26.82,1.00,26.76,1.00,26.88,1.00,36.2585,1.00,23.7268,1.00,26.80,1.00,36.2501,1.00,23.7816,1.00
2019-08-19 00:00:00,2019-08-19 10:00:00,-0.024,1.00,-0.057,1.00,-0.007,1.00,0.003,1.00,0.044,1.00,0.079,1.00,2.355e+05,1.00,0.57,1.00,7.1,1.00,26.4,1.00,1.413e+05,1.00,0.42,1.00,7.9,1.00,10.236,1.00,26.83,1.00,26.80,1.00,26.76,1.00,26.86,1.00,36.2372,1.00,23.7167,1.00,26.78,1.00,36.2329,1.00,23.7742,1.00
2019-08-26 00:00:00,2019-08-26 10:00:00,-0.008,1.00,-0.020,1.00,-0.005,1.00,-0.001,1.00,0.050,1.00,0.090,1.00,2.001e+05,1.00,0.50,1.00,8.3,1.00,10.7,1.00,1.324e+05,1.00,0.39,1.00,8.7,1.00,10.266,1.00,26.94,1.00,26.90,1.00,26.82,1.00,26.98,1.00,36.2360,1.00,23.6791,1.00,26.87,1.00,36.2297,1.00,23.7431,1.00
2019-09-02 00:00:00,2019-09-02 10:00:00,-0.009,1.00,-0.014,1.00,-0.002,1.00,-0.001,1.00,0.058,1.00,0.105,1.00,2.327e+05,1.00,0.60,1.00,6.1,1.00,46.2,1.00,1.119e+05,1.00,0.37,1.00,7.9,1.00,10.245,1.00,26.51,0.73,26.50,0.73,26.45,1.00,26.51,0.74,36.2487,0.74,23.8365,0.74,26.46,1.00,36.2747,1.00,23.9173,1.00
2019-09-09 00:00:00,2019-09-09 10:00:00,-0.015,1.00,-0.039,1.00,-0.006,1.00,-0.000,1.00,0.050,1.00,0.099,1.00,2.085e+05,1.00,0.46,1.00,8.9,1.00,9.3,1.00,1.555e+05,1.00,0.39,1.00,9.6,1.00,10.242,1.00,-999,0.00,-999,0.00,26.41,1.00,-999,0.00,-999,0.00,-999,0.00,26.40,1.00,36.2937,1.00,23.9730,1.00
2019-09-16 00:00:00,2019-09-16 10:00:00,-0.024,1.00,-0.065,1.00,-0.005,1.00,0.003,1.00,0.056,1.00,0.107,1.00,2.401e+05,1.00,0.59,1.00,6.9,1.00,30.4,1.00,1.288e+05,1.00,0.39,1.00,8.3,1.00,10.249,1.00,-999,0.00,-999,0.00,26.63,1.00,-999,0.00,-999,0.00,-999,0.00,26.63,1.00,36.3398,1.00,23.9353,1.00
2019-09-23 00:00:00,2019-09-23 10:00:00,-0.010,1.00,-0.045,1.00,-0.006,1.00,0.002,1.00,0.042,1.00,0.087,1.00,2.954e+05,1.00,0.66,1.00,7.0,1.00,32.5,1.00,1.647e+05,1.00,0.46,1.00,7.8,1.00,10.199,1.00,-999,0.00,-999,0.00,26.74,1.00,-999,0.00,-999,0.00,-999,0.00,26.74,1.00,36.3616,1.00,23.9185,1.00
2019-09-30 00:00:00,2019-09-30 10:00:00,0.022,1.00,0.029,1.00,-0.005,1.00,-0.000,1.00,0.056,1.00,0.100,1.00,3.492e+05,1.00,0.59,1.00,10.2,1.00,12.8,1.00,1.829e+05,1.00,0.44,1.00,9.2,1.00,10.232,1.00,-999,0.00,-999,0.00,26.80,1.00,-999,0.00,-999,0.00,-999,0.00,26.80,1.00,36.3450,1.00,23.8871,1.00
2019-10-07 00:00:00,2019-10-07 10:00:00,0.013,1.00,0.006,1.00,-0.002,1.00,-0.000,1.00,0.049,1.00,0.085,1.00,2.687e+05,1.00,0.56,1.00,8.8,1.00,23.9,1.00,1.597e+05,1.00,0.43,1.00,8.7,1.00,10.197,1.00,-999,0.00,-999,0.00,26.32,1.00,-999,0.00,-999,0.00,-999,0.00,26.32,1.00,36.2713,1.00,23.9831,1.00
2019-10-14 00:00:00,2019-10-14 10:00:00,-0.028,1.00,-0.065,1.00,-0.004,1.00,0.001,1.00,0.046,1.00,0.100,1.00,2.836e+05,1.00,0.51,1.00,10.6,1.00,0.2,1.00,1.385e+05,1.00,0.38,1.00,9.2,1.00,10.149,1.00,-999,0.00,-999,0.00,25.78,1.00,-999,0.00,-999,0.00,-999,0.00,25.78,1.00,36.1803,1.00,24.0835,1.00
2019-10-21 00:00:00,2019-10-21 10:00:00,-0.014,1.00,-0.022,1.00,-0.003,1.00,-0.006,1.00,0.057,1.00,0.120,1.00,4.477e+05,1.00,0.59,1.00,12.5,1.00,3.1,1.00,3.963e+05,1.00,0.54,1.00,12.3,1.00,10.171,1.00,-999,0.00,-999,0.00,26.45,1.00,-999,0.00,-999,0.00,-999,0.00,26.44,1.00,36.2185,1.00,23.9030,1.00
2019-10-28 00:00:00,2019-10-28 10:00:00,-0.054,1.00,-0.119,1.00,-0.007,1.00,-0.001,1.00,0.078,1.00,0.161,1.00,1.273e+06,1.00,0.90,1.00,13.0,1.00,2.2,1.00,9.044e+05,1.00,0.74,1.00,12.4,1.00,10.204,1.00,-999,0.00,-999,0.00,27.29,1.00,-999,0.00,-999,0.00,-999,0.00,27.28,1.00,36.3468,1.00,23.7321,1.00
2019-11-04 00:00:00,2019-11-04 10:00:00,-0.040,1.00,-0.088,1.00,-0.008,1.00,0.000,1.00,0.065,1.00,0.133,1.00,6.937e+05,1.00,0.82,1.00,10.3,1.00,6.8,1.00,4.178e+05,1.00,0.65,1.00,9.8,1.00,10.239,1.00,-999,0.00,-999,0.00,27.80,1.00,-999,0.00,-999,0.00,-999,0.00,27.79,1.00,36.4068,1.00,23.6115,1.00
2019-11-11 00:00:00,2019-11-11 10:00:00,-0.025,1.00,-0.046,1.00,-0.008,1.00,-0.002,1.00,0.067,1.00,0.127,1.00,5.196e+05,1.00,0.78,1.00,9.1,1.00,23.1,1.00,2.598e+05,1.00,0.53,1.00,9.3,1.00,10.231,1.00,-999,0.00,-999,0.00,27.55,1.00,-999,0.00,-999,0.00,-999,0.00,27.55,1.00,36.3892,1.00,23.6789,1.00
2019-11-18 00:00:00,2019-11-18 10:00:00,-0.015,1.00,-0.046,1.00,-0.009,1.00,-0.012,1.00,0.055,1.00,0.122,1.00,1.980e+06,1.00,1.13,1.00,14.7,1.00,353.6,1.00,1.348e+06,1.00,0.96,1.00,13.3,1.00,10.247,1.00,-999,0.00,-999,0.00,27.53,1.00,-999,0.00,-999,0.00,-999,0.00,27.53,1.00,36.3707,1.00,23.6700,1.00
2019-11-25 00:00:00,2019-11-25 10:00:00,-0.019,1.00,-0.062,1.00,-0.006,1.00,-0.010,1.00,0.058,1.00,0.123,1.00,1.155e+06,0.98,0.92,0.98,13.6,0.98,347.6,0.98,7.868e+05,1.00,0.79,1.00,12.3,1.00,10.237,1.00,-999,0.00,-999,0.00,27.99,1.00,-999,0.00,-999,0.00,-999,0.00,27.98,1.00,36.3788,1.00,23.5272,1.00
2019-12-02 00:00:00,2019-12-02 10:00:00,-0.008,1.00,-0.020,1.00,-0.006,1.00,-0.013,1.00,0.049,1.00,0.116,1.00,1.291e+06,1.00,0.97,1.00,13.1,1.00,3.8,1.00,1.266e+06,1.00,0.95,1.00,12.6,1.00,10.225,1.00,-999,0.00,-999,0.00,28.18,1.00,-999,0.00,-999,0.00,-999,0.00,28.17,1.00,36.3330,1.00,23.4308,1.00
2019-12-09 00:00:00,2019-12-09 10:00:00,0.011,1.00,0.036,1.00,-0.010,1.00,-0.011,1.00,0.065,1.00,0.146,1.00,1.719e+06,1.00,1.04,1.00,14.4,1.00,4.8,1.00,1.433e+06,1.00,0.95,1.00,13.6,1.00,10.215,1.00,-999,0.00,-999,0.00,28.07,1.00,-999,0.00,-999,0.00,-999,0.00,28.07,1.00,36.2835,1.00,23.4284,1.00
2019-12-16 00:00:00,2019-12-16 10:00:00,0.005,1.00,0.021,1.00,-0.010,1.00,-0.008,1.00,0.077,1.00,0.175,1.00,1.925e+06,1.00,1.10,1.00,14.8,1.00,355.0,1.00,1.222e+06,1.00,0.95,1.00,12.8,1.00,10.220,1.00,-999,0.00,-999,0.00,27.49,1.00,-999,0.00,-999,0.00,-999,0.00,27.49,1.00,36.1704,1.00,23.5303,1.00
2019-12-23 00:00:00,2019-12-23 10:00:00,-0.002,1.00,-0.011,1.00,-0.009,1.00,-0.008,1.00,0.063,1.00,0.152,1.00,1.787e+06,1.00,1.26,1.00,11.4,1.00,354.5,1.00,1.361e+06,1.00,1.13,1.00,10.2,1.00,10.162,1.00,-999,0.00,-999,0.00,27.29,1.00,-999,0.00,-999,0.00,-999,0.00,27.29,1.00,36.1236,1.00,23.5606,1.00
2019-12-30 00:00:00,2019-12-30 10:00:00,-0.024,1.00,-0.095,1.00,-0.006,1.00,-0.019,1.00,0.061,1.00,0.163,1.00,4.558e+06,1.02,1.53,1.02,15.5,1.02,348.5,1.02,2.713e+06,1.00,1.25,1.00,13.2,1.00,10.135,1.00,-999,0.00,-999,0.00,27.20,1.00,-999,0.00,-999,0.00,-999,0.00,27.20,1.00,36.0052,1.00,23.5009,1.00
2020-01-06 00:00:00,2020-01-06 10:00:00,-0.007,1.00,-0.016,1.00,-0.006,1.00,-0.008,1.00,0.052,1.00,0.114,1.00,1.174e+06,1.00,1.02,1.00,11.3,1.00,359.4,1.00,7.162e+05,1.00,0.82,1.00,10.5,1.00,10.185,1.00,-999,0.00,-999,0.00,28.03,1.00,-999,0.00,-999,0.00,-999,0.00,28.03,1.00,31.9093,1.00,20.1531,1.00
2020-01-13 00:00:00,2020-01-13 10:00:00,-0.010,1.00,-0.020,1.00,-0.012,1.00,-0.009,1.00,0.060,1.00,0.125,1.00,1.538e+06,0.98,1.12,0.98,12.2,0.98,358.9,0.98,9.565e+05,0.75,0.92,0.75,11.2,0.75,10.240,0.75,-999,0.00,-999,0.00,27.85,0.78,-999,0.00,-999,0.00,-999,0.00,27.85,0.78,31.7925,0.78,20.1228,0.78
2020-01-20 00:00:00,2020-01-20 10:00:00,-0.053,1.00,-0.134,1.00,-0.011,1.00,-0.019,1.00,0.072,1.00,0.166,1.00,1.491e+06,1.00,1.03,1.00,13.5,1.00,336.9,1.00,-999,0.00,-999,0.00,-999,0.00,-999,0.00,-999,0.00,-999,0.00,-999,0.00,28.80,0.37,36.0038,0.37,22.9070,0.37,-999,0.00,-999,0.00,-999,0.00
2020-01-27 00:00:00,2020-01-27 10:00:00,-0.045,1.00,-0.137,1.00,-0.009,1.00,-0.035,1.00,0.065,1.00,0.169,1.00,3.535e+06,1.00,1.57,1.00,14.2,1.00,348.4,1.00,-999,0.00,-999,0.00,-999,0.00,-999,0.00,-999,0.00,-999,0.00,-999,0.00,28.98,1.00,35.7829,1.00,22.6809,1.00,-999,0.00,-999,0.00,-999,0.00
2020-02-03 00:00:00,2020-02-03 10:00:00,-0.079,1.00,-0.193,1.00,-0.020,1.00,-0.017,1.00,0.091,1.00,0.207,1.00,1.682e+06,1.00,1.26,1.00,10.6,1.00,359.5,1.00,-999,0.00,-999,0.00,-999,0.00,-999,0.00,-999,0.00,-999,0.00,-999,0.00,28.63,1.00,35.7697,1.00,22.7893,1.00,-999,0.00,-999,0.00,-999,0.00
2020-02-10 00:00:00,2020-02-10 10:00:00,-0.049,1.00,-0.111,1.00,-0.015,1.00,-0.022,1.00,0.082,1.00,0.174,1.00,1.845e+06,1.00,1.13,1.00,14.3,1.00,343.8,1.00,-999,0.00,-999,0.00,-999,0.00,-999,0.00,-999,0.00,-999,0.00,-999,0.00,28.72,1.00,35.9194,1.00,22.8716,1.00,-999,0.00,-999,0.00,-999,0.00
2020-02-17 00:00:00,2020-02-17 10:00:00,-0.033,1.00,-0.099,1.00,-0.012,1.00,-0.016,1.00,0.060,1.00,0.131,1.00,1.179e+06,1.00,0.99,1.00,11.4,1.00,343.2,1.00,-999,0.00,-999,0.00,-999,0.00,-999,0.00,-999,0.00,-999,0.00,-999,0.00,29.04,1.00,35.9087,1.00,22.7552,1.00,-999,0.00,-999,0.00,-999,0.00
2020-02-24 00:00:00,2020-02-24 10:00:00,-0.005,1.00,-0.008,1.00,-0.005,1.00,-0.016,1.00,0.048,1.00,0.106,1.00,1.503e+06,1.00,1.07,1.00,11.5,1.00,349.1,1.00,-999,0.00,-999,0.00,-999,0.00,-999,0.00,-999,0.00,-999,0.00,-999,0.00,29.23,1.00,35.7179,1.00,22.5465,1.00,-999,0.00,-999,0.00,-999,0.00
2020-03-02 00:00:00,2020-03-02 10:00:00,-0.003,1.00,-0.012,1.00,-0.003,1.00,-0.020,1.00,0.049,1.00,0.127,1.00,1.465e+06,1.00,1.03,1.00,12.5,1.00,352.7,1.00,-999,0.00,-999,0.00,-999,0.00,-999,0.00,-999,0.00,-999,0.00,-999,0.00,29.09,1.00,35.4499,1.00,22.3954,1.00,-999,0.00,-999,0.00,-999,0.00
2020-03-09 00:00:00,2020-03-09 10:00:00,-0.025,1.00,-0.054,1.00,-0.006,1.00,-0.019,1.00,0.070,1.00,0.147,1.00,9.695e+05,1.00,0.83,1.00,13.3,1.00,355.2,1.00,-999,0.00,-999,0.00,-999,0.00,-999,0.00,-999,0.00,-999,0.00,-999,0.00,29.44,1.00,35.6938,1.00,22.4609,1.00,-999,0.00,-999,0.00,-999,0.00
2020-03-16 00:00:00,2020-03-16 10:00:00,-0.019,1.00,-0.038,1.00,-0.013,1.00,-0.012,1.00,0.081,1.00,0.178,1.00,1.023e+06,1.00,0.87,1.00,13.0,1.00,352.2,1.00,-999,0.00,-999,0.00,-999,0.00,-999,0.00,-999,0.00,-999,0.00,-999,0.00,29.54,1.00,35.7744,1.00,22.4878,1.00,-999,0.00,-999,0.00,-999,0.00
2020-03-23 00:00:00,2020-03-23 10:00:00,-0.009,1.00,-0.024,1.00,-0.010,1.00,-0.015,1.00,0.064,1.00,0.142,1.00,1.092e+06,1.00,0.87,1.00,13.5,1.00,344.7,1.00,-999,0.00,-999,0.00,-999,0.00,-999,0.00,-999,0.00,-999,0.00,-999,0.00,29.74,1.00,35.7941,1.00,22.4318,1.00,-999,0.00,-999,0.00,-999,0.00
2020-03-30 00:00:00,2020-03-30 10:00:00,0.013,1.00,0.031,1.00,-0.010,1.00,-0.005,1.00,0.082,1.00,0.167,1.00,7.962e+05,1.00,0.87,1.00,10.3,1.00,359.3,1.00,-999,0.00,-999,0.00,-999,0.00,-999,0.00,-999,0.00,-999,0.00,-999,0.00,29.77,1.00,35.8357,1.00,22.4551,1.00,-999,0.00,-999,0.00,-999,0.00
2020-04-06 00:00:00,2020-04-06 10:00:00,-0.006,1.00,-0.012,1.00,-0.008,1.00,-0.005,1.00,0.088,1.00,0.184,1.00,6.442e+05,1.00,0.76,1.00,11.1,1.00,352.8,1.00,-999,0.00,-999,0.00,-999,0.00,-999,0.00,-999,0.00,-999,0.00,-999,0.00,29.67,1.00,35.8022,1.00,22.4640,1.00,-999,0.00,-999,0.00,-999,0.00
2020-04-13 00:00:00,2020-04-13 10:00:00,-0.012,1.00,-0.021,1.00,-0.007,1.00,-0.012,1.00,0.078,1.00,0.161,1.00,6.489e+05,1.00,0.66,1.00,13.1,1.00,343.9,1.00,-999,0.00,-999,0.00,-999,0.00,-999,0.00,-999,0.00,-999,0.00,-999,0.00,29.67,1.00,35.8485,1.00,22.4960,1.00,-999,0.00,-999,0.00,-999,0.00
2020-04-20 00:00:00,2020-04-20 10:00:00,0.016,1.00,0.042,1.00,-0.011,1.00,-0.007,1.00,0.075,1.00,0.140,1.00,1.155e+06,1.00,0.90,1.00,13.7,1.00,341.8,1.00,-999,0.00,-999,0.00,-999,0.00,-999,0.00,-999,0.00,-999,0.00,-999,0.00,29.44,1.00,35.8127,1.00,22.5485,1.00,-999,0.00,-999,0.00,-999,0.00
2020-04-27 00:00:00,2020-04-27 10:00:00,-0.011,1.00,-0.030,1.00,-0.011,1.00,-0.010,1.00,0.064,1.00,0.131,1.00,9.892e+05,1.00,0.88,1.00,10.7,1.00,4.2,1.00,-999,0.00,-999,0.00,-999,0.00,-999,0.00,-999,0.00,-999,0.00,-999,0.00,29.14,1.00,35.7772,1.00,22.6248,1.00,-999,0.00,-999,0.00,-999,0.00
2020-05-04 00:00:00,2020-05-04 10:00:00,-0.019,1.00,-0.041,1.00,-0.010,1.00,-0.007,1.00,0.080,1.00,0.152,1.00,3.912e+05,1.00,0.65,1.00,9.4,1.00,1.5,1.00,-999,0.00,-999,0.00,-999,0.00,-999,0.00,-999,0.00,-999,0.00,-999,0.00,29.06,1.00,35.8271,1.00,22.6870,1.00,-999,0.00,-999,0.00,-999,0.00
2020-05-11 00:00:00,2020-05-11 10:00:00,-0.022,1.00,-0.045,1.00,-0.010,1.00,-0.010,1.00,0.069,1.00,0.124,1.00,5.164e+05,1.00,0.69,1.00,11.1,1.00,356.7,1.00,-999,0.00,-999,0.00,-999,0.00,-999,0.00,-999,0.00,-999,0.00,-999,0.00,28.96,1.00,35.8563,1.00,22.7426,1.00,-999,0.00,-999,0.00,-999,0.00
2020-05-18 00:00:00,2020-05-18 10:00:00,0.003,1.00,0.012,1.00,-0.009,1.00,-0.004,1.00,0.069,1.00,0.129,1.00,6.035e+05,1.00,0.81,1.00,10.3,1.00,8.5,1.00,-999,0.00,-999,0.00,-999,0.00,-999,0.00,-999,0.00,-999,0.00,-999,0.00,28.72,1.00,35.8359,1.00,22.8079,1.00,-999,0.00,-999,0.00,-999,0.00
2020-05-25 00:00:00,2020-05-25 10:00:00,-0.008,1.00,-0.017,1.00,-0.006,1.00,-0.004,1.00,0.063,1.00,0.109,1.00,3.047e+05,1.00,0.68,1.00,7.0,1.00,25.7,1.00,-999,0.00,-999,0.00,-999,0.00,-999,0.00,-999,0.00,-999,0.00,-999,0.00,28.59,1.00,35.7873,1.00,22.8144,1.00,-999,0.00,-999,0.00,-999,0.00
2020-06-01 00:00:00,2020-06-01 10:00:00,0.013,1.00,0.020,1.00,-0.003,1.00,-0.001,1.00,0.072,1.00,0.126,1.00,2.261e+05,1.00,0.53,1.00,8.4,1.00,21.9,1.00,-999,0.00,-999,0.00,-999,0.00,-999,0.00,-999,0.00,-999,0.00,-999,0.00,28.47,1.00,35.7377,1.00,22.8155,1.00,-999,0.00,-999,0.00,-999,0.00
2020-06-08 00:00:00,2020-06-08 10:00:00,0.017,1.00,0.044,1.00,-0.005,1.00,0.001,1.00,0.061,1.00,0.105,1.00,3.164e+05,1.00,0.67,1.00,7.1,1.00,25.0,1.00,-999,0.00,-999,0.00,-999,0.00,-999,0.00,-999,0.00,-999,0.00,-999,0.00,28.31,1.00,35.7508,1.00,22.8795,1.00,-999,0.00,-999,0.00,-999,0.00
2020-06-15 00:00:00,2020-06-15 10:00:00,0.006,1.00,0.006,1.00,-0.008,1.00,-0.000,1.00,0.066,1.00,0.116,1.00,3.529e+05,1.00,0.72,1.00,7.1,1.00,5.6,1.00,-999,0.00,-999,0.00,-999,0.00,-999,0.00,-999,0.00,-999,0.00,-999,0.00,28.17,1.00,35.7417,1.00,22.9178,1.00,-999,0.00,-999,0.00,-999,0.00
2020-06-22 00:00:00,2020-06-22 10:00:00,-0.004,1.00,0.001,1.00,-0.004,1.00,-0.001,1.00,0.061,1.00,0.105,1.00,2.388e+05,1.00,0.60,1.00,6.5,1.00,30.0,1.00,-999,0.00,-999,0.00,-999,0.00,-999,0.00,-999,0.00,-999,0.00,-999,0.00,27.89,1.00,35.8330,1.00,23.0805,1.00,-999,0.00,-999,0.00,-999,0.00
2020-06-29 00:00:00,2020-06-29 10:00:00,-0.042,1.00,-0.080,1.00,-0.010,1.00,-0.010,1.00,0.082,1.00,0.154,1.00,6.136e+05,1.00,0.99,1.00,5.9,1.00,39.1,1.00,-999,0.00,-999,0.00,-999,0.00,-999,0.00,-999,0.00,-999,0.00,-999,0.00,27.63,1.00,35.9064,1.00,23.2208,1.00,-999,0.00,-999,0.00,-999,0.00
2020-07-06 00:00:00,2020-07-06 10:00:00,-0.046,1.00,-0.079,1.00,-0.010,1.00,-0.008,1.00,0.076,1.00,0.137,1.00,4.744e+05,1.00,0.89,1.00,6.0,1.00,42.4,1.00,-999,0.00,-999,0.00,-999,0.00,-999,0.00,-999,0.00,-999,0.00,-999,0.00,27.40,1.00,35.9754,1.00,23.3464,1.00,-999,0.00,-999,0.00,-999,0.00
2020-07-13 00:00:00,2020-07-13 10:00:00,-0.019,1.00,-0.047,1.00,-0.008,1.00,-0.007,1.00,0.057,1.00,0.104,1.00,2.840e+05,1.00,0.64,1.00,6.9,1.00,20.8,1.00,-999,0.00,-999,0.00,-999,0.00,-999,0.00,-999,0.00,-999,0.00,-999,0.00,27.14,1.00,35.9431,1.00,23.4061,1.00,-999,0.00,-999,0.00,-999,0.00
2020-07-20 00:00:00,2020-07-20 10:00:00,-0.017,1.00,-0.035,1.00,-0.007,1.00,-0.004,1.00,0.050,1.00,0.087,1.00,4.419e+05,1.00,0.87,1.00,5.9,1.00,39.6,1.00,-999,0.00,-999,0.00,-999,0.00,-999,0.00,-999,0.00,-999,0.00,-999,0.00,26.94,1.00,35.9673,1.00,23.4866,1.00,-999,0.00,-999,0.00,-999,0.00
2020-07-27 00:00:00,2020-07-27 10:00:00,-0.036,1.00,-0.076,1.00,-0.011,1.00,-0.009,1.00,0.062,1.00,0.119,1.00,5.863e+05,1.00,0.95,1.00,6.2,1.00,18.1,1.00,-999,0.00,-999,0.00,-999,0.00,-999,0.00,-999,0.00,-999,0.00,-999,0.00,26.92,1.00,35.9691,1.00,23.4969,1.00,-999,0.00,-999,0.00,-999,0.00
2020-08-03 00:00:00,2020-08-03 10:00:00,-0.036,1.00,-0.073,1.00,-0.010,1.00,-0.005,1.00,0.059,1.00,0.108,1.00,3.885e+05,1.00,0.77,1.00,6.4,1.00,21.2,1.00,-999,0.00,-999,0.00,-999,0.00,-999,0.00,-999,0.00,-999,0.00,-999,0.00,26.93,1.00,35.9790,1.00,23.5011,1.00,-999,0.00,-999,0.00,-999,0.00
2020-08-10 00:00:00,2020-08-10 10:00:00,-0.009,1.00,-0.020,1.00,-0.005,1.00,-0.000,1.00,0.050,1.00,0.088,1.00,2.120e+05,1.00,0.61,1.00,5.9,1.00,35.9,1.00,8.108e+04,0.61,0.34,0.61,7.0,0.61,10.257,0.61,-999,0.00,-999,0.00,-999,0.00,26.86,0.21,36.0172,0.21,23.5527,0.21,-999,0.00,-999,0.00,-999,0.00
2020-08-17 00:00:00,2020-08-17 10:00:00,-0.023,1.00,-0.039,1.00,-0.008,1.00,-0.003,1.00,0.058,1.00,0.102,1.00,4.307e+05,1.00,0.83,1.00,6.1,1.00,40.5,1.00,1.951e+05,1.00,0.52,1.00,7.1,1.00,10.245,1.00,-999,0.00,-999,0.00,-999,0.00,-999,0.00,-999,0.00,-999,0.00,-999,0.00,-999,0.00,-999,0.00
2020-08-24 00:00:00,2020-08-24 10:00:00,0.006,1.00,-0.003,1.00,-0.004,1.00,0.003,1.00,0.052,1.00,0.093,1.00,3.751e+05,0.91,0.76,0.91,5.5,0.91,43.6,0.91,1.441e+05,1.00,0.44,1.00,6.8,1.00,10.247,1.00,-999,0.00,-999,0.00,-999,0.00,-999,0.00,-999,0.00,-999,0.00,-999,0.00,-999,0.00,-999,0.00
2020-08-31 00:00:00,2020-08-31 10:00:00,-0.022,1.00,-0.033,1.00,-0.007,1.00,-0.002,1.00,0.051,1.00,0.094,1.00,6.310e+05,0.96,1.02,0.96,6.1,0.96,34.6,0.96,2.689e+05,1.00,0.63,1.00,6.9,1.00,10.276,1.00,-999,0.00,-999,0.00,-999,0.00,-999,0.00,-999,0.00,-999,0.00,-999,0.00,-999,0.00,-999,0.00
2020-09-07 00:00:00,2020-09-07 10:00:00,-0.022,1.00,-0.063,1.00,-0.009,1.00,-0.008,1.00,0.044,1.00,0.090,1.00,2.869e+05,0.96,0.62,0.96,7.4,0.96,16.7,0.96,1.413e+05,1.00,0.41,1.00,8.2,1.00,10.289,1.00,-999,0.00,-999,0.00,-999,0.00,-999,0.00,-999,0.00,-999,0.00,-999,0.00,-999,0.00,-999,0.00
2020-09-14 00:00:00,2020-09-14 10:00:00,-0.022,1.00,-0.067,1.00,-0.011,1.00,-0.006,1.00,0.049,1.00,0.098,1.00,4.244e+05,1.00,0.88,1.00,5.3,1.00,36.6,1.00,1.691e+05,1.00,0.49,1.00,7.3,1.00,10.295,1.00,-999,0.00,-999,0.00,-999,0.00,-999,0.00,-999,0.00,-999,0.00,-999,0.00,-999,0.00,-999,0.00
2020-09-21 00:00:00,2020-09-21 10:00:00,-0.016,1.00,-0.040,1.00,-0.010,1.00,-0.004,1.00,0.062,1.00,0.121,1.00,4.278e+05,1.00,0.90,1.00,5.1,1.00,35.2,1.00,1.908e+05,1.00,0.51,1.00,7.4,1.00,10.290,1.00,-999,0.00,-999,0.00,-999,0.00,-999,0.00,-999,0.00,-999,0.00,-999,0.00,-999,0.00,-999,0.00
2020-09-28 00:00:00,2020-09-28 10:00:00,-0.033,1.00,-0.073,1.00,-0.012,1.00,-0.012,1.00,0.050,1.00,0.096,1.00,8.563e+05,1.00,1.08,1.00,7.4,1.00,33.4,1.00,3.932e+05,1.00,0.68,1.00,8.5,1.00,10.303,1.00,-999,0.00,-999,0.00,-999,0.00,-999,0.00,-999,0.00,-999,0.00,-999,0.00,-999,0.00,-999,0.00
2020-10-05 00:00:00,2020-10-05 10:00:00,-0.028,1.00,-0.068,1.00,-0.012,1.00,-0.013,1.00,0.050,1.00,0.104,1.00,1.196e+06,1.00,1.06,1.00,10.8,1.00,8.3,1.00,5.970e+05,1.00,0.74,1.00,10.4,1.00,10.298,1.00,-999,0.00,-999,0.00,-999,0.00,-999,0.00,-999,0.00,-999,0.00,27.07,0.63,36.4148,0.63,23.8175,0.63
2020-10-12 00:00:00,2020-10-12 10:00:00,-0.023,1.00,-0.062,1.00,-0.011,1.00,-0.012,1.00,0.053,1.00,0.094,1.00,4.091e+05,1.00,0.90,1.00,5.0,1.00,25.6,1.00,2.046e+05,1.00,0.52,1.00,7.5,1.00,10.317,1.00,-999,0.00,-999,0.00,-999,0.00,-999,0.00,-999,0.00,-999,0.00,27.02,1.00,36.3930,1.00,23.8168,1.00
2020-10-19 00:00:00,2020-10-19 10:00:00,-0.020,1.00,-0.054,1.00,-0.011,1.00,-0.008,1.00,0.062,1.00,0.121,1.00,4.998e+05,1.00,0.77,1.00,9.0,1.00,357.5,1.00,2.785e+05,1.00,0.55,1.00,9.1,1.00,10.303,1.00,-999,0.00,-999,0.00,-999,0.00,-999,0.00,-999,0.00,-999,0.00,27.31,1.00,36.3919,1.00,23.7255,1.00
2020-10-26 00:00:00,2020-10-26 10:00:00,-0.020,1.00,-0.063,1.00,-0.008,1.00,-0.015,1.00,0.046,1.00,0.105,1.00,9.250e+05,1.00,1.11,1.00,7.7,1.00,358.6,1.00,4.177e+05,1.00,0.72,1.00,8.0,1.00,10.272,1.00,-999,0.00,-999,0.00,-999,0.00,-999,0.00,-999,0.00,-999,0.00,27.57,1.00,36.3603,1.00,23.6154,1.00
2020-11-02 00:00:00,2020-11-02 10:00:00,-0.029,1.00,-0.078,1.00,-0.010,1.00,-0.012,1.00,0.053,1.00,0.111,1.00,8.279e+05,1.00,1.07,1.00,7.5,1.00,16.9,1.00,3.450e+05,1.00,0.66,1.00,8.0,1.00,10.269,1.00,-999,0.00,-999,0.00,-999,0.00,-999,0.00,-999,0.00,-999,0.00,27.44,1.00,36.3089,1.00,23.6201,1.00
2020-11-09 00:00:00,2020-11-09 10:00:00,-0.019,1.00,-0.059,1.00,-0.011,1.00,-0.015,1.00,0.045,1.00,0.100,1.00,1.073e+06,1.00,0.93,1.00,12.4,1.00,355.8,1.00,5.975e+05,1.00,0.70,1.00,11.4,1.00,10.281,1.00,-999,0.00,-999,0.00,-999,0.00,-999,0.00,-999,0.00,-999,0.00,27.36,1.00,36.2599,1.00,23.6077,1.00
2020-11-16 00:00:00,2020-11-16 10:00:00,-0.013,1.00,-0.042,1.00,-0.009,1.00,-0.012,1.00,0.050,1.00,0.094,1.00,4.365e+05,1.00,0.62,1.00,11.1,1.00,355.5,1.00,2.361e+05,1.00,0.47,1.00,10.6,1.00,10.263,1.00,-999,0.00,-999,0.00,-999,0.00,-999,0.00,-999,0.00,-999,0.00,27.93,1.00,36.2761,1.00,23.4348,1.00
2020-11-23 00:00:00,2020-11-23 10:00:00,-0.001,1.00,0.008,1.00,-0.004,1.00,-0.015,1.00,0.049,1.00,0.120,1.00,8.004e+05,1.00,0.92,1.00,10.4,1.00,352.7,1.00,4.338e+05,1.00,0.67,1.00,10.0,1.00,10.277,1.00,-999,0.00,-999,0.00,-999,0.00,-999,0.00,-999,0.00,-999,0.00,28.09,1.00,36.1777,1.00,23.3069,1.00
2020-11-30 00:00:00,2020-11-30 10:00:00,-0.042,1.00,-0.096,1.00,-0.014,1.00,-0.017,1.00,0.070,1.00,0.151,1.00,1.921e+06,1.00,1.13,1.00,12.3,1.00,9.0,1.00,1.094e+06,1.00,0.82,1.00,11.4,1.00,10.251,1.00,-999,0.00,-999,0.00,-999,0.00,-999,0.00,-999,0.00,-999,0.00,28.22,1.00,36.1958,1.00,23.2792,1.00
2020-12-07 00:00:00,2020-12-07 10:00:00,-0.061,1.00,-0.139,1.00,-0.017,1.00,-0.024,1.00,0.073,1.00,0.157,1.00,1.785e+06,1.00,1.12,1.00,13.9,1.00,351.7,1.00,9.489e+05,1.00,0.87,1.00,12.1,1.00,10.310,1.00,-999,0.00,-999,0.00,-999,0.00,-999,0.00,-999,0.00,-999,0.00,27.88,1.00,36.2503,1.00,23.4326,1.00
2020-12-14 00:00:00,2020-12-14 10:00:00,-0.049,1.00,-0.115,1.00,-0.015,1.00,-0.018,1.00,0.073,1.00,0.155,1.00,1.168e+06,1.00,1.05,1.00,10.8,1.00,1.5,1.00,6.588e+05,1.00,0.77,1.00,10.5,1.00,10.308,1.00,-999,0.00,-999,0.00,-999,0.00,-999,0.00,-999,0.00,-999,0.00,28.06,1.00,36.3541,1.00,23.4511,1.00
2020-12-21 00:00:00,2020-12-21 10:00:00,-0.008,1.00,-0.015,1.00,-0.009,1.00,-0.013,1.00,0.054,1.00,0.121,1.00,1.546e+06,1.00,1.07,1.00,13.6,1.00,341.7,1.00,7.205e+05,1.00,0.77,1.00,11.9,1.00,10.317,1.00,-999,0.00,-999,0.00,-999,0.00,-999,0.00,-999,0.00,-999,0.00,28.07,1.00,36.2716,1.00,23.3852,1.00
2020-12-28 00:00:00,2020-12-28 10:00:00,-0.020,1.00,-0.050,1.00,-0.013,1.00,-0.016,1.00,0.059,1.00,0.121,1.00,2.052e+06,1.04,1.25,1.04,12.7,1.04,3.1,1.04,9.681e+05,1.00,0.89,1.00,11.6,1.00,10.308,1.00,-999,0.00,-999,0.00,-999,0.00,-999,0.00,-999,0.00,-999,0.00,28.33,1.00,36.2234,1.00,23.2632,1.00
2021-01-04 00:00:00,2021-01-04 10:00:00,-0.018,1.00,-0.038,1.00,-0.014,1.00,-0.022,1.00,0.055,1.00,0.115,1.00,2.247e+06,1.00,1.18,1.00,15.1,1.00,349.6,1.00,1.338e+06,1.00,0.98,1.00,13.6,1.00,10.298,1.00,-999,0.00,-999,0.00,-999,0.00,-999,0.00,-999,0.00,-999,0.00,28.21,1.00,36.3108,1.00,23.3701,1.00
2021-01-11 00:00:00,2021-01-11 10:00:00,-0.028,1.00,-0.063,1.00,-0.017,1.00,-0.018,1.00,0.069,1.00,0.139,1.00,2.596e+06,1.00,1.30,1.00,15.1,1.00,352.7,1.00,1.461e+06,1.00,1.03,1.00,13.5,1.00,10.286,1.00,-999,0.00,-999,0.00,-999,0.00,-999,0.00,-999,0.00,-999,0.00,28.09,1.00,36.3338,1.00,23.4268,1.00
2021-01-18 00:00:00,2021-01-18 10:00:00,-0.061,1.00,-0.148,1.00,-0.022,1.00,-0.030,1.00,0.077,1.00,0.165,1.00,3.153e+06,1.00,1.39,1.00,15.4,1.00,347.3,1.00,2.251e+06,1.00,1.19,1.00,14.4,1.00,10.303,1.00,-999,0.00,-999,0.00,-999,0.00,-999,0.00,-999,0.00,-999,0.00,28.22,1.00,36.3378,1.00,23.3872,1.00
2021-01-25 00:00:00,2021-01-25 10:00:00,-0.018,1.00,-0.038,1.00,-0.013,1.00,-0.020,1.00,0.056,1.00,0.126,1.00,2.311e+06,1.00,1.20,1.00,14.5,1.00,343.3,1.00,1.105e+06,1.00,0.92,1.00,12.3,1.00,10.312,1.00,-999,0.00,-999,0.00,-999,0.00,-999,0.00,-999,0.00,-999,0.00,28.26,1.00,36.3457,1.00,23.3785,1.00
2021-02-01 00:00:00,2021-02-01 10:00:00,-0.017,0.78,-0.036,0.78,-0.012,0.78,-0.019,0.78,0.060,0.78,0.130,0.78,1.524e+06,0.77,1.06,0.77,13.2,0.77,356.8,0.77,1.239e+06,0.98,0.96,0.98,13.0,0.98,10.347,0.97,-999,0.00,-999,0.00,-999,0.00,-999,0.00,-999,0.00,-999,0.00,28.41,1.00,36.3396,1.00,23.3238,1.00
2021-02-08 00:00:00,2021-02-08 10:00:00,-0.023,0.62,-0.050,0.62,-0.017,0.62,-0.017,0.62,0.070,0.62,0.129,0.62,9.559e+05,0.62,0.95,0.62,11.3,0.62,359.7,0.62,8.352e+05,1.00,0.83,1.00,11.8,1.00,10.322,1.00,-999,0.00,-999,0.00,-999,0.00,-999,0.00,-999,0.00,-999,0.00,28.36,1.00,36.1174,1.00,23.1751,1.00
2021-02-15 00:00:00,2021-02-15 10:00:00,-0.016,1.00,-0.056,1.00,-0.013,1.00,-0.025,1.00,0.048,1.00,0.102,1.00,1.847e+06,1.00,1.13,1.00,14.1,1.00,341.6,1.00,1.251e+06,1.00,0.94,1.00,12.9,1.00,10.324,1.00,-999,0.00,-999,0.00,-999,0.00,-999,0.00,-999,0.00,-999,0.00,28.30,1.00,36.0716,1.00,23.1609,1.00
2021-02-22 00:00:00,2021-02-22 10:00:00,-0.006,1.00,-0.000,1.00,-0.008,1.00,-0.018,1.00,0.045,1.00,0.102,1.00,7.305e+05,1.00,0.81,1.00,11.1,1.00,344.2,1.00,5.063e+05,1.00,0.69,1.00,10.6,1.00,10.362,1.00,-999,0.00,-999,0.00,-999,0.00,-999,0.00,-999,0.00,-999,0.00,28.37,1.00,36.1042,1.00,23.1605,1.00
2021-03-01 00:00:00,2021-03-01 10:00:00,0.003,1.00,0.039,1.00,-0.008,1.00,-0.017,1.00,0.053,1.00,0.126,1.00,1.072e+06,1.00,1.00,1.00,10.7,1.00,351.4,1.00,1.022e+06,1.00,0.96,1.00,10.9,1.00,10.357,1.00,-999,0.00,-999,0.00,-999,0.00,-999,0.00,-999,0.00,-999,0.00,28.73,1.00,36.1422,1.00,23.0716,1.00
2021-03-08 00:00:00,2021-03-08 10:00:00,-0.012,1.00,-0.026,1.00,-0.015,1.00,-0.021,1.00,0.063,1.00,0.142,1.00,1.651e+06,1.00,1.09,1.00,13.8,1.00,352.3,1.00,1.388e+06,1.00,1.03,1.00,12.7,1.00,10.336,1.00,-999,0.00,-999,0.00,-999,0.00,-999,0.00,-999,0.00,-999,0.00,28.84,1.00,36.1747,1.00,23.0584,1.00
2021-03-15 00:00:00,2021-03-15 10:00:00,0.003,1.00,0.015,1.00,-0.011,1.00,-0.017,1.00,0.052,1.00,0.128,1.00,9.832e+05,1.00,0.87,1.00,11.9,1.00,354.3,1.00,1.143e+06,1.00,0.93,1.00,11.8,1.00,10.329,1.00,-999,0.00,-999,0.00,-999,0.00,-999,0.00,-999,0.00,-999,0.00,29.06,1.00,36.1734,1.00,22.9845,1.00
2021-03-22 00:00:00,2021-03-22 10:00:00,-0.041,1.00,-0.087,1.00,-0.017,1.00,-0.019,1.00,0.061,1.00,0.127,1.00,1.475e+06,1.00,1.09,1.00,12.1,1.00,0.8,1.00,7.768e+05,1.00,0.85,1.00,10.3,1.00,10.338,1.00,-999,0.00,-999,0.00,-999,0.00,-999,0.00,-999,0.00,-999,0.00,28.96,1.00,36.2472,1.00,23.0719,1.00
2021-03-29 00:00:00,2021-03-29 10:00:00,-0.018,1.00,-0.042,1.00,-0.014,1.00,-0.013,1.00,0.060,1.00,0.119,1.00,7.945e+05,1.00,0.82,1.00,11.3,1.00,352.6,1.00,5.582e+05,1.00,0.72,1.00,10.7,1.00,10.365,1.00,-999,0.00,-999,0.00,-999,0.00,-999,0.00,-999,0.00,-999,0.00,28.86,1.00,36.3196,1.00,23.1596,1.00
2021-04-05 00:00:00,2021-04-05 10:00:00,-0.018,1.00,-0.045,1.00,-0.015,1.00,-0.011,1.00,0.071,1.00,0.128,1.00,5.772e+05,1.00,0.67,1.00,11.9,1.00,350.7,1.00,4.368e+05,1.00,0.61,1.00,11.2,1.00,10.338,1.00,-999,0.00,-999,0.00,-999,0.00,-999,0.00,-999,0.00,-999,0.00,28.86,1.00,36.3751,1.00,23.2020,1.00
2021-04-12 00:00:00,2021-04-12 10:00:00,-0.038,1.00,-0.096,1.00,-0.015,1.00,-0.018,1.00,0.065,1.00,0.129,1.00,6.577e+05,1.00,0.75,1.00,11.7,1.00,351.3,1.00,3.756e+05,1.00,0.59,1.00,10.6,1.00,10.309,1.00,-999,0.00,-999,0.00,-999,0.00,-999,0.00,-999,0.00,-999,0.00,28.66,1.00,36.2186,1.00,23.1507,1.00
2021-04-19 00:00:00,2021-04-19 10:00:00,-0.011,1.00,-0.036,1.00,-0.009,1.00,-0.010,1.00,0.049,1.00,0.097,1.00,3.363e+05,1.00,0.64,1.00,8.4,1.00,11.5,1.00,2.050e+05,1.00,0.47,1.00,9.2,1.00,10.290,1.00,-999,0.00,-999,0.00,-999,0.00,-999,0.00,-999,0.00,-999,0.00,28.77,1.00,36.3399,1.00,23.2058,1.00
2021-04-26 00:00:00,2021-04-26 10:00:00,0.017,1.00,0.048,1.00,-0.007,1.00,-0.005,1.00,0.057,1.00,0.116,1.00,3.733e+05,1.00,0.58,1.00,11.0,1.00,345.3,1.00,2.942e+05,1.00,0.52,1.00,10.7,1.00,10.270,1.00,-999,0.00,-999,0.00,-999,0.00,-999,0.00,-999,0.00,-999,0.00,28.75,1.00,36.2904,1.00,23.1759,1.00
2021-05-03 00:00:00,2021-05-03 10:00:00,-0.003,1.00,-0.004,1.00,-0.010,1.00,-0.014,1.00,0.056,1.00,0.119,1.00,1.117e+06,1.00,0.90,1.00,13.2,1.00,347.1,1.00,8.008e+05,1.00,0.75,1.00,12.4,1.00,10.268,1.00,-999,0.00,-999,0.00,-999,0.00,-999,0.00,-999,0.00,-999,0.00,28.80,1.00,36.2112,1.00,23.0994,1.00
2021-05-10 00:00:00,2021-05-10 10:00:00,-0.041,1.00,-0.081,1.00,-0.013,1.00,-0.013,1.00,0.069,1.00,0.120,1.00,6.893e+05,1.00,0.99,1.00,7.1,1.00,23.1,1.00,3.698e+05,1.00,0.70,1.00,7.6,1.00,10.292,1.00,-999,0.00,-999,0.00,-999,0.00,-999,0.00,-999,0.00,-999,0.00,28.54,1.00,36.2189,1.00,23.1898,1.00
2021-05-17 00:00:00,2021-05-17 10:00:00,-0.008,1.00,-0.016,1.00,-0.008,1.00,-0.003,1.00,0.057,1.00,0.100,1.00,3.530e+05,1.00,0.73,1.00,7.3,1.00,30.5,1.00,1.597e+05,1.00,0.45,1.00,8.2,1.00,10.329,1.00,-999,0.00,-999,0.00,-999,0.00,-999,0.00,-999,0.00,-999,0.00,28.43,1.00,36.3020,1.00,23.2903,1.00
2021-05-24 00:00:00,2021-05-24 10:00:00,-0.003,1.00,-0.011,1.00,-0.011,1.00,-0.006,1.00,0.056,1.00,0.102,1.00,2.537e+05,1.00,0.51,1.00,9.5,1.00,357.0,1.00,2.087e+05,1.00,0.47,1.00,9.5,1.00,10.343,1.00,-999,0.00,-999,0.00,-999,0.00,-999,0.00,-999,0.00,-999,0.00,28.36,1.00,36.3426,1.00,23.3452,1.00
2021-05-31 00:00:00,2021-05-31 10:00:00,-0.026,1.00,-0.041,1.00,-0.009,1.00,-0.008,1.00,0.049,1.00,0.089,1.00,2.441e+05,1.00,0.59,1.00,7.3,1.00,16.6,1.00,1.504e+05,1.00,0.40,1.00,9.2,1.00,10.347,1.00,-999,0.00,-999,0.00,-999,0.00,-999,0.00,-999,0.00,-999,0.00,28.08,1.00,36.5088,1.00,23.5611,1.00
2021-06-07 00:00:00,2021-06-07 10:00:00,-0.005,1.00,-0.006,1.00,-0.007,1.00,-0.006,1.00,0.046,1.00,0.075,1.00,2.246e+05,1.00,0.58,1.00,7.2,1.00,9.8,1.00,1.295e+05,1.00,0.38,1.00,8.6,1.00,10.316,1.00,-999,0.00,-999,0.00,-999,0.00,-999,0.00,-999,0.00,-999,0.00,28.02,1.00,36.5296,1.00,23.5959,1.00
2021-06-14 00:00:00,2021-06-14 10:00:00,-0.041,1.00,-0.070,1.00,-0.011,1.00,-0.011,1.00,0.066,1.00,0.108,1.00,5.097e+05,1.00,0.95,1.00,5.7,1.00,32.2,1.00,2.591e+05,1.00,0.61,1.00,7.0,1.00,10.315,1.00,-999,0.00,-999,0.00,-999,0.00,-999,0.00,-999,0.00,-999,0.00,27.83,1.00,36.5652,1.00,23.6855,1.00
2021-06-21 00:00:00,2021-06-21 10:00:00,-0.030,1.00,-0.070,1.00,-0.010,1.00,-0.010,1.00,0.073,1.00,0.143,1.00,2.655e+05,1.00,0.60,1.00,7.7,1.00,11.7,1.00,1.678e+05,1.00,0.43,1.00,8.6,1.00,10.303,1.00,-999,0.00,-999,0.00,-999,0.00,-999,0.00,-999,0.00,-999,0.00,27.79,1.00,36.5306,1.00,23.6725,1.00
2021-06-28 00:00:00,2021-06-28 10:00:00,-0.065,1.00,-0.111,1.00,-0.013,1.00,-0.014,1.00,0.084,1.00,0.143,1.00,7.747e+05,1.00,1.10,1.00,6.1,1.00,36.1,1.00,3.968e+05,1.00,0.73,1.00,7.1,1.00,10.308,1.00,-999,0.00,-999,0.00,-999,0.00,-999,0.00,-999,0.00,-999,0.00,27.55,1.00,36.4627,1.00,23.6984,1.00
2021-07-05 00:00:00,2021-07-05 10:00:00,-0.036,1.00,-0.056,1.00,-0.010,1.00,-0.007,1.00,0.080,1.00,0.139,1.00,3.836e+05,1.00,0.83,1.00,5.7,1.00,38.4,1.00,1.865e+05,1.00,0.52,1.00,7.0,1.00,10.287,1.00,-999,0.00,-999,0.00,-999,0.00,-999,0.00,-999,0.00,-999,0.00,27.46,1.00,36.4477,1.00,23.7171,1.00
2021-07-12 00:00:00,2021-07-12 10:00:00,-0.030,1.00,-0.045,1.00,-0.008,1.00,-0.005,1.00,0.066,1.00,0.114,1.00,6.000e+05,1.00,0.98,1.00,6.0,1.00,42.3,1.00,3.060e+05,0.88,0.67,0.88,6.8,0.88,10.252,0.88,-999,0.00,-999,0.00,-999,0.00,-999,0.00,-999,0.00,-999,0.00,27.27,0.99,36.4533,0.99,23.7824,0.99
2021-07-19 00:00:00,2021-07-19 10:00:00,-0.015,1.00,-0.035,1.00,-0.005,1.00,-0.007,1.00,0.059,1.00,0.107,1.00,4.447e+05,1.00,0.75,1.00,7.0,1.00,28.8,1.00,2.613e+05,1.00,0.54,1.00,8.0,1.00,10.221,1.00,-999,0.00,-999,0.00,-999,0.00,-999,0.00,-999,0.00,-999,0.00,27.07,1.00,36.3759,1.00,23.7887,1.00
2021-07-26 00:00:00,2021-07-26 10:00:00,-0.021,1.00,-0.038,1.00,-0.009,1.00,-0.003,1.00,0.061,1.00,0.110,1.00,1.854e+05,1.00,0.50,1.00,7.2,1.00,18.6,1.00,1.062e+05,1.00,0.35,1.00,8.2,1.00,10.218,1.00,-999,0.00,-999,0.00,-999,0.00,-999,0.00,-999,0.00,-999,0.00,27.00,1.00,36.4310,1.00,23.8525,1.00
2021-08-02 00:00:00,2021-08-02 10:00:00,-0.011,1.00,-0.032,1.00,-0.005,1.00,-0.006,1.00,0.038,1.00,0.071,1.00,1.941e+05,1.00,0.57,1.00,6.4,1.00,353.1,1.00,8.078e+04,0.12,0.34,0.12,7.1,0.12,10.194,0.13,-999,0.00,-999,0.00,-999,0.00,-999,0.00,-999,0.00,-999,0.00,27.05,1.00,36.4580,1.00,23.8576,1.00
2021-08-09 00:00:00,2021-08-09 10:00:00,-0.020,1.00,-0.047,1.00,-0.009,1.00,-0.006,1.00,0.047,1.00,0.084,1.00,2.523e+05,1.00,0.62,1.00,7.0,1.00,16.4,1.00,-999,0.00,-999,0.00,-999,0.00,-999,0.00,-999,0.00,-999,0.00,-999,0.00,-999,0.00,-999,0.00,-999,0.00,27.03,1.00,36.4484,1.00,23.8555,1.00
2021-08-16 00:00:00,2021-08-16 10:00:00,-0.029,1.00,-0.049,1.00,-0.009,1.00,-0.005,1.00,0.067,1.00,0.123,1.00,6.736e+05,1.00,0.90,1.00,8.8,1.00,19.6,1.00,-999,0.00,-999,0.00,-999,0.00,-999,0.00,-999,0.00,-999,0.00,-999,0.00,-999,0.00,-999,0.00,-999,0.00,26.88,1.00,36.4520,1.00,23.9070,1.00
2021-08-23 00:00:00,2021-08-23 10:00:00,-0.018,1.00,-0.035,1.00,-0.006,1.00,-0.002,1.00,0.067,1.00,0.117,1.00,2.808e+05,1.00,0.75,1.00,5.0,1.00,40.5,1.00,-999,0.00,-999,0.00,-999,0.00,-999,0.00,-999,0.00,-999,0.00,-999,0.00,-999,0.00,-999,0.00,-999,0.00,26.76,1.00,36.4847,1.00,23.9687,1.00
2021-08-30 00:00:00,2021-08-30 10:00:00,-0.040,1.00,-0.083,1.00,-0.010,1.00,-0.006,1.00,0.057,1.00,0.105,1.00,3.156e+05,1.00,0.79,1.00,5.0,1.00,40.3,1.00,-999,0.00,-999,0.00,-999,0.00,-999,0.00,-999,0.00,-999,0.00,-999,0.00,-999,0.00,-999,0.00,-999,0.00,26.83,1.00,36.4325,1.00,23.9094,1.00
2021-09-06 00:00:00,2021-09-06 10:00:00,-0.009,1.00,-0.027,1.00,-0.006,1.00,-0.004,1.00,0.054,1.00,0.097,1.00,1.387e+05,1.00,0.51,1.00,5.6,1.00,38.8,1.00,-999,0.00,-999,0.00,-999,0.00,-999,0.00,-999,0.00,-999,0.00,-999,0.00,-999,0.00,-999,0.00,-999,0.00,27.06,1.00,36.4263,1.00,23.8260,1.00
2021-09-13 00:00:00,2021-09-13 10:00:00,-0.009,1.00,-0.031,1.00,-0.007,1.00,-0.002,1.00,0.052,1.00,0.090,1.00,3.550e+05,1.00,0.77,1.00,5.9,1.00,43.2,1.00,-999,0.00,-999,0.00,-999,0.00,-999,0.00,-999,0.00,-999,0.00,-999,0.00,-999,0.00,-999,0.00,-999,0.00,26.87,1.00,36.4437,1.00,23.9026,1.00
2021-09-20 00:00:00,2021-09-20 10:00:00,-0.019,1.00,-0.038,1.00,-0.008,1.00,-0.004,1.00,0.051,1.00,0.097,1.00,2.902e+05,1.00,0.65,1.00,7.4,1.00,0.4,1.00,-999,0.00,-999,0.00,-999,0.00,-999,0.00,-999,0.00,-999,0.00,-999,0.00,-999,0.00,-999,0.00,-999,0.00,26.66,1.00,36.3875,1.00,23.9267,1.00
2021-09-27 00:00:00,2021-09-27 10:00:00,-0.024,1.00,-0.072,1.00,-0.011,1.00,-0.006,1.00,0.053,1.00,0.109,1.00,5.836e+05,1.00,0.89,1.00,7.6,1.00,24.3,1.00,-999,0.00,-999,0.00,-999,0.00,-999,0.00,-999,0.00,-999,0.00,-999,0.00,-999,0.00,-999,0.00,-999,0.00,26.70,1.00,36.3579,1.00,23.8893,1.00
2021-10-04 00:00:00,2021-10-04 10:00:00,-0.029,1.00,-0.076,1.00,-0.010,1.00,-0.009,1.00,0.056,1.00,0.115,1.00,5.268e+05,1.00,0.64,1.00,12.9,1.00,355.8,1.00,-999,0.00,-999,0.00,-999,0.00,-999,0.00,-999,0.00,-999,0.00,-999,0.00,-999,0.00,-999,0.00,-999,0.00,26.90,1.00,36.3489,1.00,23.8213,1.00
2021-10-11 00:00:00,2021-10-11 10:00:00,-0.041,1.00,-0.109,1.00,-0.012,1.00,-0.009,1.00,0.060,1.00,0.133,1.00,5.627e+05,1.00,0.92,1.00,7.1,1.00,22.8,1.00,-999,0.00,-999,0.00,-999,0.00,-999,0.00,-999,0.00,-999,0.00,-999,0.00,-999,0.00,-999,0.00,-999,0.00,27.08,1.00,36.3756,1.00,23.7818,1.00
2021-10-18 00:00:00,2021-10-18 10:00:00,-0.023,1.00,-0.031,1.00,-0.008,1.00,-0.009,1.00,0.060,1.00,0.130,1.00,1.172e+06,1.00,1.16,1.00,7.7,1.00,2.0,1.00,-999,0.00,-999,0.00,-999,0.00,-999,0.00,-999,0.00,-999,0.00,-999,0.00,-999,0.00,-999,0.00,-999,0.00,27.05,1.00,36.3202,1.00,23.7486,1.00
2021-10-25 00:00:00,2021-10-25 10:00:00,-0.011,1.00,-0.022,1.00,-0.005,1.00,-0.016,1.00,0.041,1.00,0.097,1.00,1.061e+06,1.00,0.86,1.00,14.3,1.00,355.6,1.00,-999,0.00,-999,0.00,-999,0.00,-999,0.00,-999,0.00,-999,0.00,-999,0.00,-999,0.00,-999,0.00,-999,0.00,26.84,1.00,36.1664,1.00,23.7005,1.00
2021-11-01 00:00:00,2021-11-01 10:00:00,-0.012,1.00,-0.038,1.00,-0.010,1.00,-0.014,1.00,0.059,1.00,0.126,1.00,1.165e+06,1.00,0.88,1.00,13.8,1.00,354.5,1.00,-999,0.00,-999,0.00,-999,0.00,-999,0.00,-999,0.00,-999,0.00,-999,0.00,-999,0.00,-999,0.00,-999,0.00,27.17,1.00,36.2189,1.00,23.6355,1.00
2021-11-08 00:00:00,2021-11-08 10:00:00,-0.016,1.00,-0.046,1.00,-0.010,1.00,-0.007,1.00,0.058,1.00,0.116,1.00,4.161e+05,1.00,0.59,1.00,11.7,1.00,354.7,1.00,-999,0.00,-999,0.00,-999,0.00,-999,0.00,-999,0.00,-999,0.00,-999,0.00,-999,0.00,-999,0.00,-999,0.00,27.18,1.00,36.2059,1.00,23.6219,1.00
2021-11-15 00:00:00,2021-11-15 10:00:00,-0.000,1.00,-0.011,1.00,-0.007,1.00,-0.003,1.00,0.049,1.00,0.102,1.00,5.350e+05,1.00,0.79,1.00,8.5,1.00,13.7,1.00,-999,0.00,-999,0.00,-999,0.00,-999,0.00,-999,0.00,-999,0.00,-999,0.00,-999,0.00,-999,0.00,-999,0.00,27.48,1.00,36.2731,1.00,23.5751,1.00
2021-11-22 00:00:00,2021-11-22 10:00:00,-0.006,1.00,-0.043,1.00,-0.007,1.00,-0.008,1.00,0.047,1.00,0.099,1.00,4.290e+05,1.00,0.72,1.00,7.8,1.00,18.8,1.00,-999,0.00,-999,0.00,-999,0.00,-999,0.00,-999,0.00,-999,0.00,-999,0.00,-999,0.00,-999,0.00,-999,0.00,27.59,1.00,36.2090,1.00,23.4897,1.00
2021-11-29 00:00:00,2021-11-29 10:00:00,-0.018,1.00,-0.084,1.00,-0.011,1.00,-0.011,1.00,0.053,1.00,0.124,1.00,1.192e+06,1.00,1.14,1.00,9.0,1.00,17.4,1.00,-999,0.00,-999,0.00,-999,0.00,-999,0.00,-999,0.00,-999,0.00,-999,0.00,-999,0.00,-999,0.00,-999,0.00,27.68,1.00,36.1621,1.00,23.4276,1.00
2021-12-06 00:00:00,2021-12-06 10:00:00,-0.011,1.00,-0.051,1.00,-0.009,1.00,-0.012,1.00,0.053,1.00,0.114,1.00,1.112e+06,1.00,0.95,1.00,11.8,1.00,352.9,1.00,-999,0.00,-999,0.00,-999,0.00,-999,0.00,-999,0.00,-999,0.00,-999,0.00,-999,0.00,-999,0.00,-999,0.00,28.09,1.00,36.2576,1.00,23.3629,1.00
2021-12-13 00:00:00,2021-12-13 10:00:00,0.012,1.00,0.017,1.00,-0.008,1.00,-0.009,1.00,0.053,1.00,0.110,1.00,1.207e+06,1.00,0.91,1.00,11.7,1.00,6.9,1.00,-999,0.00,-999,0.00,-999,0.00,-999,0.00,-999,0.00,-999,0.00,-999,0.00,-999,0.00,-999,0.00,-999,0.00,28.38,1.00,36.2673,1.00,23.2776,1.00
2021-12-20 00:00:00,2021-12-20 10:00:00,0.000,1.00,-0.009,1.00,-0.007,1.00,-0.017,1.00,0.045,1.00,0.088,1.00,1.496e+06,1.00,1.04,1.00,13.3,1.00,351.7,1.00,-999,0.00,-999,0.00,-999,0.00,-999,0.00,-999,0.00,-999,0.00,-999,0.00,-999,0.00,-999,0.00,-999,0.00,28.53,1.00,36.2960,1.00,23.2485,1.00
2021-12-27 00:00:00,2021-12-27 10:00:00,-0.025,1.00,-0.061,1.00,-0.013,1.00,-0.014,1.00,0.052,1.00,0.107,1.00,1.733e+06,1.02,1.14,1.02,12.6,1.02,354.7,1.02,-999,0.00,-999,0.00,-999,0.00,-999,0.00,-999,0.00,-999,0.00,-999,0.00,-999,0.00,-999,0.00,-999,0.00,28.36,1.00,36.3306,1.00,23.3292,1.00
2022-01-03 00:00:00,2022-01-03 10:00:00,-0.043,1.00,-0.102,1.00,-0.012,1.00,-0.021,1.00,0.062,1.00,0.139,1.00,2.258e+06,1.00,1.13,1.00,14.6,1.00,347.4,1.00,-999,0.00,-999,0.00,-999,0.00,-999,0.00,-999,0.00,-999,0.00,-999,0.00,-999,0.00,-999,0.00,-999,0.00,28.26,1.00,36.2807,1.00,23.3264,1.00
2022-01-10 00:00:00,2022-01-10 10:00:00,-0.014,1.00,-0.052,1.00,-0.005,1.00,-0.027,1.00,0.047,1.00,0.118,1.00,4.291e+06,1.00,1.89,1.00,12.3,1.00,346.2,1.00,-999,0.00,-999,0.00,-999,0.00,-999,0.00,-999,0.00,-999,0.00,-999,0.00,-999,0.00,-999,0.00,-999,0.00,28.07,1.00,36.0238,1.00,23.1945,1.00
2022-01-17 00:00:00,2022-01-17 10:00:00,-0.029,1.00,-0.099,1.00,-0.011,1.00,-0.015,1.00,0.052,1.00,0.122,1.00,2.368e+06,1.00,1.48,1.00,11.0,1.00,352.3,1.00,-999,0.00,-999,0.00,-999,0.00,-999,0.00,-999,0.00,-999,0.00,-999,0.00,-999,0.00,-999,0.00,-999,0.00,27.83,1.00,35.9725,1.00,23.2364,1.00
2022-01-24 00:00:00,2022-01-24 10:00:00,-0.008,1.00,-0.039,1.00,-0.014,1.00,-0.013,1.00,0.062,1.00,0.133,1.00,1.872e+06,0.98,1.08,0.98,14.2,0.98,335.9,0.98,4.504e+05,0.40,0.62,0.40,11.8,0.40,10.613,0.40,-999,0.00,-999,0.00,-999,0.00,-999,0.00,-999,0.00,-999,0.00,28.03,0.50,36.0115,0.50,23.1992,0.50
2022-01-31 00:00:00,2022-01-31 10:00:00,-0.032,1.00,-0.068,1.00,-0.015,1.00,-0.009,1.00,0.072,1.00,0.132,1.00,8.223e+05,1.00,0.92,1.00,9.9,1.00,12.0,1.00,3.481e+05,1.00,0.63,1.00,8.9,1.00,10.632,1.00,-999,0.00,-999,0.00,-999,0.00,-999,0.00,-999,0.00,-999,0.00,-999,0.00,-999,0.00,-999,0.00
2022-02-07 00:00:00,2022-02-07 10:00:00,-0.037,1.00,-0.087,1.00,-0.015,1.00,-0.019,1.00,0.068,1.00,0.140,1.00,1.062e+06,1.00,0.98,1.00,11.4,1.00,356.6,1.00,6.052e+05,1.00,0.76,1.00,10.4,1.00,10.640,1.00,-999,0.00,-999,0.00,-999,0.00,-999,0.00,-999,0.00,-999,0.00,-999,0.00,-999,0.00,-999,0.00
2022-02-14 00:00:00,2022-02-14 10:00:00,-0.030,1.00,-0.073,1.00,-0.016,1.00,-0.021,1.00,0.062,1.00,0.117,1.00,1.706e+06,1.00,1.07,1.00,13.6,1.00,345.8,1.00,8.481e+05,1.00,0.79,1.00,11.2,1.00,10.636,1.00,-999,0.00,-999,0.00,-999,0.00,-999,0.00,-999,0.00,-999,0.00,-999,0.00,-999,0.00,-999,0.00
2022-02-21 00:00:00,2022-02-21 10:00:00,-0.025,1.00,-0.078,1.00,-0.018,1.00,-0.016,1.00,0.063,1.00,0.137,1.00,1.621e+06,1.00,1.05,1.00,13.0,1.00,348.6,1.00,8.017e+05,1.00,0.82,1.00,10.9,1.00,10.641,1.00,-999,0.00,-999,0.00,-999,0.00,-999,0.00,-999,0.00,-999,0.00,-999,0.00,-999,0.00,-999,0.00
2022-02-28 00:00:00,2022-02-28 10:00:00,-0.042,1.00,-0.097,1.00,-0.020,1.00,-0.027,1.00,0.072,1.00,0.143,1.00,3.040e+06,1.00,1.29,1.00,14.7,1.00,343.1,1.00,1.769e+06,1.00,1.04,1.00,13.0,1.00,10.653,1.00,-999,0.00,-999,0.00,-999,0.00,-999,0.00,-999,0.00,-999,0.00,-999,0.00,-999,0.00,-999,0.00
2022-03-07 00:00:00,2022-03-07 10:00:00,-0.034,1.00,-0.091,1.00,-0.015,1.00,-0.016,1.00,0.060,1.00,0.128,1.00,6.691e+05,1.00,0.73,1.00,12.8,1.00,348.7,1.00,4.960e+05,1.00,0.65,1.00,11.8,1.00,10.628,1.00,-999,0.00,-999,0.00,-999,0.00,-999,0.00,-999,0.00,-999,0.00,-999,0.00,-999,0.00,-999,0.00
2022-03-14 00:00:00,2022-03-14 10:00:00,-0.031,1.00,-0.087,1.00,-0.013,1.00,-0.017,1.00,0.058,1.00,0.124,1.00,6.698e+05,1.00,0.76,1.00,11.8,1.00,351.0,1.00,4.505e+05,1.00,0.65,1.00,10.6,1.00,10.627,1.00,-999,0.00,-999,0.00,-999,0.00,-999,0.00,-999,0.00,-999,0.00,-999,0.00,-999,0.00,-999,0.00
2022-03-21 00:00:00,2022-03-21 10:00:00,-0.029,1.00,-0.076,1.00,-0.015,1.00,-0.017,1.00,0.065,1.00,0.130,1.00,8.883e+05,1.00,0.82,1.00,12.4,1.00,349.2,1.00,5.359e+05,1.00,0.68,1.00,11.0,1.00,10.654,1.00,-999,0.00,-999,0.00,-999,0.00,-999,0.00,-999,0.00,-999,0.00,-999,0.00,-999,0.00,-999,0.00
2022-03-28 00:00:00,2022-03-28 10:00:00,-0.029,1.00,-0.077,1.00,-0.015,1.00,-0.019,1.00,0.059,1.00,0.118,1.00,8.810e+05,1.00,0.82,1.00,12.3,1.00,354.5,1.00,8.361e+05,1.00,0.77,1.00,12.1,1.00,10.659,1.00,-999,0.00,-999,0.00,-999,0.00,-999,0.00,-999,0.00,-999,0.00,-999,0.00,-999,0.00,-999,0.00
2022-04-04 00:00:00,2022-04-04 10:00:00,-0.037,1.00,-0.073,1.00,-0.017,1.00,-0.016,1.00,0.069,1.00,0.131,1.00,1.185e+06,1.00,0.99,1.00,11.6,1.00,359.2,1.00,5.884e+05,1.00,0.76,1.00,10.0,1.00,10.653,1.00,-999,0.00,-999,0.00,-999,0.00,-999,0.00,-999,0.00,-999,0.00,-999,0.00,-999,0.00,-999,0.00
2022-04-11 00:00:00,2022-04-11 10:00:00,-0.022,1.00,-0.049,1.00,-0.012,1.00,-0.013,1.00,0.058,1.00,0.108,1.00,6.059e+05,1.00,0.84,1.00,8.9,1.00,14.1,1.00,3.974e+05,1.00,0.64,1.00,9.5,1.00,10.656,1.00,-999,0.00,-999,0.00,-999,0.00,-999,0.00,-999,0.00,-999,0.00,-999,0.00,-999,0.00,-999,0.00
2022-04-18 00:00:00,2022-04-18 10:00:00,-0.015,1.00,-0.043,1.00,-0.012,1.00,-0.007,1.00,0.069,1.00,0.139,1.00,2.970e+05,1.00,0.55,1.00,10.0,1.00,358.0,1.00,2.196e+05,1.00,0.47,1.00,10.1,1.00,10.648,1.00,-999,0.00,-999,0.00,-999,0.00,-999,0.00,-999,0.00,-999,0.00,-999,0.00,-999,0.00,-999,0.00
2022-04-25 00:00:00,2022-04-25 10:00:00,-0.050,1.00,-0.101,1.00,-0.017,1.00,-0.018,1.00,0.084,1.00,0.154,1.00,1.196e+06,1.00,0.98,1.00,11.8,1.00,1.8,1.00,6.743e+05,1.00,0.80,1.00,10.4,1.00,10.654,1.00,-999,0.00,-999,0.00,-999,0.00,-999,0.00,-999,0.00,-999,0.00,-999,0.00,-999,0.00,-999,0.00
2022-05-02 00:00:00,2022-05-02 10:00:00,0.002,1.00,-0.001,1.00,-0.011,1.00,-0.007,1.00,0.057,1.00,0.113,1.00,5.303e+05,1.00,0.72,1.00,10.3,1.00,347.7,1.00,3.313e+05,1.00,0.55,1.00,10.3,1.00,10.646,1.00,-999,0.00,-999,0.00,-999,0.00,-999,0.00,-999,0.00,-999,0.00,-999,0.00,-999,0.00,-999,0.00
2022-05-09 00:00:00,2022-05-09 10:00:00,-0.026,1.00,-0.053,1.00,-0.013,1.00,-0.013,1.00,0.069,1.00,0.124,1.00,5.446e+05,1.00,0.89,1.00,7.3,1.00,20.2,1.00,3.141e+05,1.00,0.62,1.00,8.2,1.00,10.643,1.00,-999,0.00,-999,0.00,-999,0.00,-999,0.00,-999,0.00,-999,0.00,-999,0.00,-999,0.00,-999,0.00
2022-05-16 00:00:00,2022-05-16 10:00:00,-0.015,1.00,-0.042,1.00,-0.011,1.00,-0.007,1.00,0.059,1.00,0.105,1.00,3.609e+05,1.00,0.63,1.00,8.3,1.00,7.1,1.00,2.270e+05,1.00,0.48,1.00,8.8,1.00,10.625,1.00,-999,0.00,-999,0.00,-999,0.00,-999,0.00,-999,0.00,-999,0.00,-999,0.00,-999,0.00,-999,0.00
2022-05-23 00:00:00,2022-05-23 10:00:00,-0.009,1.00,-0.029,1.00,-0.010,1.00,-0.004,1.00,0.054,1.00,0.092,1.00,2.704e+05,1.00,0.68,1.00,5.8,1.00,32.0,1.00,1.600e+05,1.00,0.45,1.00,7.6,1.00,10.620,1.00,-999,0.00,-999,0.00,-999,0.00,-999,0.00,-999,0.00,-999,0.00,-999,0.00,-999,0.00,-999,0.00
2022-05-30 00:00:00,2022-05-30 10:00:00,0.006,1.00,0.006,1.00,-0.005,1.00,-0.005,1.00,0.059,1.00,0.095,1.00,3.667e+05,1.00,0.75,1.00,6.0,1.00,18.2,1.00,1.757e+05,1.00,0.47,1.00,7.4,1.00,10.586,1.00,-999,0.00,-999,0.00,-999,0.00,-999,0.00,-999,0.00,-999,0.00,-999,0.00,-999,0.00,-999,0.00
2022-06-06 00:00:00,2022-06-06 10:00:00,0.010,1.00,0.015,1.00,-0.004,1.00,0.001,1.00,0.065,1.00,0.113,1.00,2.123e+05,1.00,0.64,1.00,5.3,1.00,31.1,1.00,1.185e+05,1.00,0.38,1.00,7.9,1.00,10.567,1.00,-999,0.00,-999,0.00,-999,0.00,-999,0.00,-999,0.00,-999,0.00,-999,0.00,-999,0.00,-999,0.00
2022-06-13 00:00:00,2022-06-13 10:00:00,0.014,1.00,0.039,1.00,-0.002,1.00,0.006,1.00,0.062,1.00,0.107,1.00,2.748e+05,1.00,0.71,1.00,5.4,1.00,45.2,1.00,1.229e+05,1.00,0.43,1.00,6.9,1.00,10.566,1.00,-999,0.00,-999,0.00,-999,0.00,-999,0.00,-999,0.00,-999,0.00,-999,0.00,-999,0.00,-999,0.00
2022-06-20 00:00:00,2022-06-20 10:00:00,-0.032,1.00,-0.061,1.00,-0.010,1.00,-0.008,1.00,0.052,1.00,0.090,1.00,3.409e+05,1.00,0.66,1.00,8.2,1.00,14.4,1.00,1.796e+05,1.00,0.47,1.00,8.3,1.00,10.608,1.00,-999,0.00,-999,0.00,-999,0.00,-999,0.00,-999,0.00,-999,0.00,-999,0.00,-999,0.00,-999,0.00
2022-06-27 00:00:00,2022-06-27 10:00:00,-0.037,1.00,-0.062,1.00,-0.008,1.00,-0.009,1.00,0.056,1.00,0.095,1.00,3.684e+05,1.00,0.78,1.00,5.9,1.00,38.9,1.00,1.917e+05,1.00,0.51,1.00,7.3,1.00,10.581,1.00,-999,0.00,-999,0.00,-999,0.00,-999,0.00,-999,0.00,-999,0.00,-999,0.00,-999,0.00,-999,0.00
2022-07-04 00:00:00,2022-07-04 10:00:00,-0.026,1.00,-0.059,1.00,-0.011,1.00,-0.007,1.00,0.062,1.00,0.114,1.00,2.740e+05,1.00,0.63,1.00,6.7,1.00,19.6,1.00,1.637e+05,1.00,0.45,1.00,7.8,1.00,10.633,1.00,-999,0.00,-999,0.00,-999,0.00,-999,0.00,-999,0.00,-999,0.00,-999,0.00,-999,0.00,-999,0.00
2022-07-11 00:00:00,2022-07-11 10:00:00,0.018,1.00,0.023,1.00,-0.002,1.00,0.007,1.00,0.079,1.00,0.137,1.00,1.706e+05,1.00,0.47,1.00,8.4,1.00,23.2,1.00,1.022e+05,1.00,0.34,1.00,8.8,1.00,10.615,1.00,-999,0.00,-999,0.00,-999,0.00,-999,0.00,-999,0.00,-999,0.00,-999,0.00,-999,0.00,-999,0.00
2022-07-18 00:00:00,2022-07-18 10:00:00,0.016,1.00,0.026,1.00,-0.001,1.00,0.006,1.00,0.060,1.00,0.103,1.00,1.670e+05,1.00,0.52,1.00,6.2,1.00,10.1,1.00,8.531e+04,1.00,0.33,1.00,8.1,1.00,10.624,1.00,-999,0.00,-999,0.00,-999,0.00,-999,0.00,-999,0.00,-999,0.00,-999,0.00,-999,0.00,-999,0.00
2022-07-25 00:00:00,2022-07-25 10:00:00,0.002,1.00,-0.001,1.00,-0.006,1.00,0.002,1.00,0.054,1.00,0.095,1.00,3.804e+05,1.00,0.79,1.00,5.8,1.00,24.3,1.00,1.944e+05,0.90,0.52,0.90,7.2,0.90,10.517,0.91,-999,0.00,-999,0.00,-999,0.00,-999,0.00,-999,0.00,-999,0.00,-999,0.00,-999,0.00,-999,0.00
2022-08-01 00:00:00,2022-08-01 10:00:00,0.006,0.99,0.005,0.99,-0.005,0.99,0.008,0.99,0.072,0.99,0.129,0.99,2.228e+05,1.00,0.62,1.00,5.9,1.00,49.1,1.00,1.050e+05,1.00,0.39,1.00,6.8,1.00,10.296,1.00,-999,0.00,-999,0.00,-999,0.00,-999,0.00,-999,0.00,-999,0.00,-999,0.00,-999,0.00,-999,0.00
2022-08-08 00:00:00,2022-08-08 10:00:00,0.001,1.00,-0.014,1.00,-0.002,1.00,0.003,1.00,0.057,1.00,0.106,1.00,2.232e+05,1.00,0.62,1.00,5.2,1.00,36.4,1.00,9.866e+04,1.00,0.37,1.00,7.1,1.00,10.277,1.00,-999,0.00,-999,0.00,-999,0.00,-999,0.00,-999,0.00,-999,0.00,-999,0.00,-999,0.00,-999,0.00
2022-08-15 00:00:00,2022-08-15 10:00:00,-0.012,1.00,-0.035,1.00,-0.006,1.00,0.001,1.00,0.049,1.00,0.093,1.00,4.828e+05,1.00,0.87,1.00,5.8,1.00,32.3,1.00,2.628e+05,1.00,0.60,1.00,6.8,1.00,10.298,1.00,-999,0.00,-999,0.00,-999,0.00,-999,0.00,-999,0.00,-999,0.00,-999,0.00,-999,0.00,-999,0.00
2022-08-22 00:00:00,2022-08-22 10:00:00,0.005,1.00,-0.013,1.00,-0.004,1.00,0.003,1.00,0.049,1.00,0.087,1.00,1.734e+05,1.00,0.51,1.00,6.6,1.00,33.3,1.00,7.477e+04,1.00,0.30,1.00,8.0,1.00,10.294,1.00,-999,0.00,-999,0.00,-999,0.00,-999,0.00,-999,0.00,-999,0.00,-999,0.00,-999,0.00,-999,0.00
2022-08-29 00:00:00,2022-08-29 10:00:00,-0.010,1.00,-0.054,1.00,-0.006,1.00,0.000,1.00,0.041,1.00,0.091,1.00,3.611e+05,1.00,0.79,1.00,5.8,1.00,33.4,1.00,1.732e+05,1.00,0.50,1.00,7.0,1.00,10.287,1.00,-999,0.00,-999,0.00,-999,0.00,-999,0.00,-999,0.00,-999,0.00,-999,0.00,-999,0.00,-999,0.00
2022-09-05 00:00:00,2022-09-05 10:00:00,-0.022,1.00,-0.055,1.00,-0.007,1.00,0.001,1.00,0.045,1.00,0.087,1.00,4.268e+05,1.00,0.85,1.00,5.5,1.00,50.1,1.00,1.859e+05,1.00,0.51,1.00,6.7,1.00,10.311,1.00,-999,0.00,-999,0.00,-999,0.00,-999,0.00,-999,0.00,-999,0.00,-999,0.00,-999,0.00,-999,0.00
2022-09-12 00:00:00,2022-09-12 10:00:00,-0.023,1.00,-0.049,1.00,-0.006,1.00,-0.000,1.00,0.046,1.00,0.082,1.00,3.913e+05,1.00,0.85,1.00,5.4,1.00,50.4,1.00,1.681e+05,1.00,0.49,1.00,7.0,1.00,10.292,1.00,-999,0.00,-999,0.00,-999,0.00,-999,0.00,-999,0.00,-999,0.00,-999,0.00,-999,0.00,-999,0.00
2022-09-19 00:00:00,2022-09-19 10:00:00,-0.041,1.00,-0.085,1.00,-0.009,1.00,-0.002,1.00,0.053,1.00,0.098,1.00,3.738e+05,1.00,0.83,1.00,5.4,1.00,47.4,1.00,1.652e+05,1.00,0.49,1.00,6.9,1.00,10.314,1.00,-999,0.00,-999,0.00,-999,0.00,-999,0.00,-999,0.00,-999,0.00,-999,0.00,-999,0.00,-999,0.00
2022-09-26 00:00:00,2022-09-26 10:00:00,-0.040,1.00,-0.098,1.00,-0.009,1.00,-0.002,1.00,0.054,1.00,0.113,1.00,2.300e+05,1.00,0.65,1.00,5.5,1.00,23.8,1.00,1.121e+05,1.00,0.38,1.00,7.5,1.00,10.313,1.00,-999,0.00,-999,0.00,-999,0.00,-999,0.00,-999,0.00,-999,0.00,-999,0.00,-999,0.00,-999,0.00
2022-10-03 00:00:00,2022-10-03 10:00:00,-0.017,1.00,-0.055,1.00,-0.010,1.00,-0.004,1.00,0.051,1.00,0.101,1.00,6.671e+05,1.00,0.93,1.00,7.5,1.00,37.3,1.00,3.200e+05,1.00,0.59,1.00,8.2,1.00,10.304,1.00,-999,0.00,-999,0.00,-999,0.00,-999,0.00,-999,0.00,-999,0.00,-999,0.00,-999,0.00,-999,0.00
2022-10-10 00:00:00,2022-10-10 10:00:00,-0.028,1.00,-0.064,1.00,-0.008,1.00,-0.004,1.00,0.054,1.00,0.107,1.00,4.617e+05,1.00,0.61,1.00,12.0,1.00,358.3,1.00,3.077e+05,1.00,0.50,1.00,11.4,1.00,10.285,1.00,-999,0.00,-999,0.00,-999,0.00,-999,0.00,-999,0.00,-999,0.00,-999,0.00,-999,0.00,-999,0.00
2022-10-17 00:00:00,2022-10-17 10:00:00,-0.002,1.00,-0.034,1.00,-0.007,1.00,-0.005,1.00,0.045,1.00,0.087,1.00,5.088e+05,1.00,0.66,1.00,11.1,1.00,8.0,1.00,2.666e+05,1.00,0.46,1.00,11.2,1.00,10.275,1.00,-999,0.00,-999,0.00,-999,0.00,-999,0.00,-999,0.00,-999,0.00,-999,0.00,-999,0.00,-999,0.00
2022-10-24 00:00:00,2022-10-24 10:00:00,-0.004,1.00,-0.021,1.00,-0.009,1.00,-0.002,1.00,0.056,1.00,0.124,1.00,7.782e+05,1.00,1.00,1.00,6.9,1.00,2.2,1.00,4.753e+05,1.00,0.70,1.00,8.1,1.00,10.289,1.00,-999,0.00,-999,0.00,-999,0.00,-999,0.00,-999,0.00,-999,0.00,-999,0.00,-999,0.00,-999,0.00
2022-10-31 00:00:00,2022-10-31 10:00:00,0.012,1.00,0.028,1.00,-0.009,1.00,0.000,1.00,0.059,1.00,0.129,1.00,1.078e+06,1.00,1.07,1.00,7.0,1.00,17.0,1.00,5.977e+05,1.00,0.75,1.00,8.3,1.00,10.280,1.00,-999,0.00,-999,0.00,-999,0.00,-999,0.00,-999,0.00,-999,0.00,-999,0.00,-999,0.00,-999,0.00
2022-11-07 00:00:00,2022-11-07 10:00:00,-0.030,1.00,-0.089,1.00,-0.006,1.00,-0.009,1.00,0.053,1.00,0.117,1.00,8.047e+05,1.00,0.80,1.00,12.9,1.00,353.2,1.00,5.151e+05,1.00,0.67,1.00,11.2,1.00,10.224,1.00,-999,0.00,-999,0.00,-999,0.00,-999,0.00,-999,0.00,-999,0.00,-999,0.00,-999,0.00,-999,0.00
2022-11-14 00:00:00,2022-11-14 10:00:00,-0.013,1.00,-0.047,1.00,-0.004,1.00,-0.012,1.00,0.042,1.00,0.093,1.00,8.747e+05,1.00,0.78,1.00,14.1,1.00,359.9,1.00,6.312e+05,1.00,0.69,1.00,13.2,1.00,10.229,1.00,-999,0.00,-999,0.00,-999,0.00,-999,0.00,-999,0.00,-999,0.00,-999,0.00,-999,0.00,-999,0.00
2022-11-21 00:00:00,2022-11-21 10:00:00,-0.008,1.00,-0.040,1.00,-0.006,1.00,-0.009,1.00,0.044,1.00,0.087,1.00,7.842e+05,1.00,0.75,1.00,13.7,1.00,352.1,1.00,4.540e+05,1.00,0.59,1.00,12.2,1.00,10.232,1.00,-999,0.00,-999,0.00,-999,0.00,-999,0.00,-999,0.00,-999,0.00,-999,0.00,-999,0.00,-999,0.00
2022-11-28 00:00:00,2022-11-28 10:00:00,-0.037,1.00,-0.101,1.00,-0.013,1.00,-0.015,1.00,0.062,1.00,0.136,1.00,2.728e+06,1.00,1.32,1.00,15.3,1.00,353.9,1.00,1.853e+06,1.00,1.13,1.00,13.5,1.00,10.248,1.00,-999,0.00,-999,0.00,-999,0.00,-999,0.00,-999,0.00,-999,0.00,-999,0.00,-999,0.00,-999,0.00
2022-12-05 00:00:00,2022-12-05 10:00:00,-0.049,1.00,-0.117,1.00,-0.014,1.00,-0.017,1.00,0.068,1.00,0.139,1.00,2.689e+06,1.00,1.33,1.00,14.2,1.00,358.2,1.00,1.650e+06,1.00,1.11,1.00,12.8,1.00,10.270,1.00,-999,0.00,-999,0.00,-999,0.00,-999,0.00,-999,0.00,-999,0.00,-999,0.00,-999,0.00,-999,0.00
2022-12-12 00:00:00,2022-12-12 10:00:00,-0.031,1.00,-0.105,1.00,-0.012,1.00,-0.009,1.00,0.053,1.00,0.126,1.00,1.200e+06,1.00,1.14,1.00,9.7,1.00,5.1,1.00,7.772e+05,1.00,0.91,1.00,9.3,1.00,10.294,1.00,-999,0.00,-999,0.00,-999,0.00,-999,0.00,-999,0.00,-999,0.00,-999,0.00,-999,0.00,-999,0.00
2022-12-19 00:00:00,2022-12-19 10:00:00,-0.015,1.00,-0.057,1.00,-0.013,1.00,-0.016,1.00,0.060,1.00,0.137,1.00,2.024e+06,1.00,1.13,1.00,15.4,1.00,355.2,1.00,1.365e+06,1.00,0.97,1.00,13.9,1.00,10.287,1.00,-999,0.00,-999,0.00,-999,0.00,-999,0.00,-999,0.00,-999,0.00,-999,0.00,-999,0.00,-999,0.00
2022-12-26 00:00:00,2022-12-26 10:00:00,-0.014,1.00,-0.039,1.00,-0.011,1.00,-0.014,1.00,0.072,1.00,0.152,1.00,1.434e+06,1.02,0.99,1.02,14.5,1.02,346.7,1.02,8.600e+05,1.00,0.80,1.00,13.1,1.00,10.320,1.00,-999,0.00,-999,0.00,-999,0.00,-999,0.00,-999,0.00,-999,0.00,-999,0.00,-999,0.00,-999,0.00
2023-01-02 00:00:00,2023-01-02 10:00:00,-0.002,1.00,-0.007,1.00,-0.010,1.00,-0.014,1.00,0.066,1.00,0.155,1.00,1.919e+06,1.00,1.15,1.00,14.4,1.00,346.0,1.00,9.785e+05,0.71,0.92,0.71,11.6,0.71,10.303,0.72,-999,0.00,-999,0.00,-999,0.00,-999,0.00,-999,0.00,-999,0.00,-999,0.00,-999,0.00,-999,0.00
2023-01-09 00:00:00,2023-01-09 10:00:00,0.006,0.99,0.038,0.99,-0.007,0.99,-0.018,0.99,0.047,0.99,0.120,0.99,2.832e+06,0.98,1.48,0.98,12.4,0.98,355.9,0.98,-999,0.00,-999,0.00,-999,0.00,-999,0.00,-999,0.00,-999,0.00,-999,0.00,-999,0.00,-999,0.00,-999,0.00,-999,0.00,-999,0.00,-999,0.00
2023-01-16 00:00:00,2023-01-16 10:00:00,-0.032,1.00,-0.081,1.00,-0.013,1.00,-0.025,1.00,0.054,1.00,0.121,1.00,3.597e+06,1.00,1.46,1.00,15.2,1.00,345.3,1.00,-999,0.00,-999,0.00,-999,0.00,-999,0.00,-999,0.00,-999,0.00,-999,0.00,-999,0.00,-999,0.00,-999,0.00,-999,0.00,-999,0.00,-999,0.00
2023-01-23 00:00:00,2023-01-23 10:00:00,-0.036,1.00,-0.078,1.00,-0.016,1.00,-0.026,1.00,0.069,1.00,0.147,1.00,4.053e+06,1.00,1.50,1.00,16.3,1.00,348.9,1.00,-999,0.00,-999,0.00,-999,0.00,-999,0.00,-999,0.00,-999,0.00,-999,0.00,-999,0.00,-999,0.00,-999,0.00,-999,0.00,-999,0.00,-999,0.00
2023-01-30 00:00:00,2023-01-30 10:00:00,-0.002,1.00,-0.017,1.00,-0.010,1.00,-0.014,1.00,0.054,1.00,0.109,1.00,2.317e+06,1.00,1.23,1.00,14.5,1.00,347.9,1.00,-999,0.00,-999,0.00,-999,0.00,-999,0.00,-999,0.00,-999,0.00,-999,0.00,-999,0.00,-999,0.00,-999,0.00,-999,0.00,-999,0.00,-999,0.00
2023-02-06 00:00:00,2023-02-06 10:00:00,0.002,1.00,-0.014,1.00,-0.009,1.00,-0.012,1.00,0.056,1.00,0.114,1.00,9.964e+05,1.00,0.82,1.00,13.9,1.00,350.0,1.00,-999,0.00,-999,0.00,-999,0.00,-999,0.00,-999,0.00,-999,0.00,-999,0.00,-999,0.00,-999,0.00,-999,0.00,-999,0.00,-999,0.00,-999,0.00
2023-02-13 00:00:00,2023-02-13 10:00:00,0.002,1.00,0.000,1.00,-0.008,1.00,-0.016,1.00,0.053,1.00,0.120,1.00,1.216e+06,1.00,0.98,1.00,12.4,1.00,356.3,1.00,-999,0.00,-999,0.00,-999,0.00,-999,0.00,-999,0.00,-999,0.00,-999,0.00,-999,0.00,-999,0.00,-999,0.00,-999,0.00,-999,0.00,-999,0.00
2023-02-20 00:00:00,2023-02-20 10:00:00,-0.011,1.00,-0.021,1.00,-0.007,1.00,-0.018,1.00,0.052,1.00,0.104,1.00,8.268e+05,1.00,0.83,1.00,12.0,1.00,352.0,1.00,-999,0.00,-999,0.00,-999,0.00,-999,0.00,-999,0.00,-999,0.00,-999,0.00,-999,0.00,-999,0.00,-999,0.00,-999,0.00,-999,0.00,-999,0.00
2023-02-27 00:00:00,2023-02-27 10:00:00,-0.018,1.00,-0.035,1.00,-0.007,1.00,-0.021,1.00,0.055,1.00,0.123,1.00,1.720e+06,1.00,1.15,1.00,12.6,1.00,1.8,1.00,-999,0.00,-999,0.00,-999,0.00,-999,0.00,-999,0.00,-999,0.00,-999,0.00,-999,0.00,-999,0.00,-999,0.00,-999,0.00,-999,0.00,-999,0.00
2023-03-06 00:00:00,2023-03-06 10:00:00,-0.008,1.00,-0.006,1.00,-0.010,1.00,-0.018,1.00,0.053,1.00,0.121,1.00,1.828e+06,1.00,1.10,1.00,13.1,1.00,353.5,1.00,-999,0.00,-999,0.00,-999,0.00,-999,0.00,-999,0.00,-999,0.00,-999,0.00,-999,0.00,-999,0.00,-999,0.00,-999,0.00,-999,0.00,-999,0.00
2023-03-13 00:00:00,2023-03-13 10:00:00,-0.036,1.00,-0.093,1.00,-0.012,1.00,-0.014,1.00,0.061,1.00,0.130,1.00,1.300e+06,1.00,0.95,1.00,11.5,1.00,351.9,1.00,-999,0.00,-999,0.00,-999,0.00,-999,0.00,-999,0.00,-999,0.00,-999,0.00,-999,0.00,-999,0.00,-999,0.00,-999,0.00,-999,0.00,-999,0.00
2023-03-20 00:00:00,2023-03-20 10:00:00,-0.006,1.00,-0.033,1.00,-0.010,1.00,-0.006,1.00,0.052,1.00,0.095,1.00,2.749e+05,1.00,0.59,1.00,8.2,1.00,11.2,1.00,-999,0.00,-999,0.00,-999,0.00,-999,0.00,-999,0.00,-999,0.00,-999,0.00,-999,0.00,-999,0.00,-999,0.00,-999,0.00,-999,0.00,-999,0.00
2023-03-27 00:00:00,2023-03-27 10:00:00,0.000,1.00,0.002,1.00,-0.008,1.00,-0.009,1.00,0.057,1.00,0.129,1.00,8.208e+05,1.00,0.85,1.00,10.9,1.00,0.1,1.00,-999,0.00,-999,0.00,-999,0.00,-999,0.00,-999,0.00,-999,0.00,-999,0.00,-999,0.00,-999,0.00,-999,0.00,-999,0.00,-999,0.00,-999,0.00
2023-04-03 00:00:00,2023-04-03 10:00:00,0.002,1.00,-0.004,1.00,-0.009,1.00,-0.011,1.00,0.058,1.00,0.122,1.00,7.023e+05,1.00,0.85,1.00,10.1,1.00,11.5,1.00,-999,0.00,-999,0.00,-999,0.00,-999,0.00,-999,0.00,-999,0.00,-999,0.00,-999,0.00,-999,0.00,-999,0.00,-999,0.00,-999,0.00,-999,0.00
2023-04-10 00:00:00,2023-04-10 10:00:00,0.002,1.00,0.002,1.00,-0.010,1.00,-0.005,1.00,0.068,1.00,0.121,1.00,4.229e+05,1.00,0.65,1.00,9.7,1.00,0.5,1.00,-999,0.00,-999,0.00,-999,0.00,-999,0.00,-999,0.00,-999,0.00,-999,0.00,-999,0.00,-999,0.00,-999,0.00,-999,0.00,-999,0.00,-999,0.00
2023-04-17 00:00:00,2023-04-17 10:00:00,-0.008,1.00,-0.010,1.00,-0.011,1.00,-0.008,1.00,0.064,1.00,0.119,1.00,7.912e+05,1.00,1.00,1.00,8.4,1.00,356.9,1.00,-999,0.00,-999,0.00,-999,0.00,-999,0.00,-999,0.00,-999,0.00,-999,0.00,-999,0.00,-999,0.00,-999,0.00,-999,0.00,-999,0.00,-999,0.00
2023-04-24 00:00:00,2023-04-24 10:00:00,-0.003,1.00,-0.015,1.00,-0.009,1.00,-0.008,1.00,0.066,1.00,0.124,1.00,5.975e+05,1.00,0.71,1.00,11.7,1.00,349.2,1.00,-999,0.00,-999,0.00,-999,0.00,-999,0.00,-999,0.00,-999,0.00,-999,0.00,-999,0.00,-999,0.00,-999,0.00,-999,0.00,-999,0.00,-999,0.00
2023-05-01 00:00:00,2023-05-01 10:00:00,-0.044,1.00,-0.095,1.00,-0.013,1.00,-0.008,1.00,0.072,1.00,0.136,1.00,1.012e+06,1.00,0.94,1.00,10.9,1.00,14.9,1.00,-999,0.00,-999,0.00,-999,0.00,-999,0.00,-999,0.00,-999,0.00,-999,0.00,-999,0.00,-999,0.00,-999,0.00,-999,0.00,-999,0.00,-999,0.00
2023-05-08 00:00:00,2023-05-08 10:00:00,0.004,1.00,0.017,1.00,-0.008,1.00,-0.002,1.00,0.067,1.00,0.129,1.00,5.796e+05,1.00,0.80,1.00,9.0,1.00,12.5,1.00,-999,0.00,-999,0.00,-999,0.00,-999,0.00,-999,0.00,-999,0.00,-999,0.00,-999,0.00,-999,0.00,-999,0.00,-999,0.00,-999,0.00,-999,0.00
2023-05-15 00:00:00,2023-05-15 10:00:00,-0.013,1.00,-0.040,1.00,-0.010,1.00,-0.003,1.00,0.068,1.00,0.127,1.00,4.454e+05,1.00,0.60,1.00,11.8,1.00,358.5,1.00,-999,0.00,-999,0.00,-999,0.00,-999,0.00,-999,0.00,-999,0.00,-999,0.00,-999,0.00,-999,0.00,-999,0.00,-999,0.00,-999,0.00,-999,0.00
2023-05-22 00:00:00,2023-05-22 10:00:00,-0.019,1.00,-0.040,1.00,-0.008,1.00,-0.003,1.00,0.072,1.00,0.133,1.00,3.066e+05,1.00,0.64,1.00,7.9,1.00,9.0,1.00,-999,0.00,-999,0.00,-999,0.00,-999,0.00,-999,0.00,-999,0.00,-999,0.00,-999,0.00,-999,0.00,-999,0.00,-999,0.00,-999,0.00,-999,0.00
2023-05-29 00:00:00,2023-05-29 10:00:00,-0.038,1.00,-0.088,1.00,-0.005,1.00,-0.004,1.00,0.069,1.00,0.131,1.00,2.611e+05,1.00,0.48,1.00,11.5,1.00,354.2,1.00,-999,0.00,-999,0.00,-999,0.00,-999,0.00,-999,0.00,-999,0.00,-999,0.00,-999,0.00,-999,0.00,-999,0.00,-999,0.00,-999,0.00,-999,0.00
2023-06-05 00:00:00,2023-06-05 10:00:00,-0.033,1.00,-0.060,1.00,-0.006,1.00,-0.002,1.00,0.068,1.00,0.119,1.00,2.523e+05,1.00,0.67,1.00,5.7,1.00,43.7,1.00,-999,0.00,-999,0.00,-999,0.00,-999,0.00,-999,0.00,-999,0.00,-999,0.00,-999,0.00,-999,0.00,-999,0.00,-999,0.00,-999,0.00,-999,0.00
2023-06-12 00:00:00,2023-06-12 10:00:00,-0.077,1.00,-0.140,1.00,-0.008,1.00,-0.002,1.00,0.088,1.00,0.159,1.00,5.077e+05,1.00,0.84,1.00,7.3,1.00,27.5,1.00,-999,0.00,-999,0.00,-999,0.00,-999,0.00,-999,0.00,-999,0.00,-999,0.00,-999,0.00,-999,0.00,-999,0.00,-999,0.00,-999,0.00,-999,0.00
2023-06-19 00:00:00,2023-06-19 10:00:00,-0.026,1.00,-0.050,1.00,-0.008,1.00,-0.004,1.00,0.052,1.00,0.095,1.00,3.878e+05,1.00,0.67,1.00,9.0,1.00,9.4,1.00,-999,0.00,-999,0.00,-999,0.00,-999,0.00,-999,0.00,-999,0.00,-999,0.00,-999,0.00,-999,0.00,-999,0.00,-999,0.00,-999,0.00,-999,0.00
2023-06-26 00:00:00,2023-06-26 10:00:00,-0.021,1.00,-0.033,1.00,-0.005,1.00,-0.001,1.00,0.057,1.00,0.101,1.00,7.317e+05,1.00,1.09,1.00,6.1,1.00,39.0,1.00,-999,0.00,-999,0.00,-999,0.00,-999,0.00,-999,0.00,-999,0.00,-999,0.00,-999,0.00,-999,0.00,-999,0.00,-999,0.00,-999,0.00,-999,0.00
2023-07-03 00:00:00,2023-07-03 10:00:00,-0.042,1.00,-0.066,1.00,-0.007,1.00,-0.003,1.00,0.075,1.00,0.132,1.00,6.462e+05,1.00,1.03,1.00,6.0,1.00,31.7,1.00,-999,0.00,-999,0.00,-999,0.00,-999,0.00,-999,0.00,-999,0.00,-999,0.00,-999,0.00,-999,0.00,-999,0.00,-999,0.00,-999,0.00,-999,0.00
2023-07-10 00:00:00,2023-07-10 10:00:00,-0.059,0.21,-0.098,0.21,-0.011,0.21,0.000,0.21,0.081,0.21,0.142,0.21,6.358e+05,0.20,1.06,0.20,5.7,0.20,47.0,0.20,-999,0.00,-999,0.00,-999,0.00,-999,0.00,-999,0.00,-999,0.00,-999,0.00,-999,0.00,-999,0.00,-999,0.00,-999,0.00,-999,0.00,-999,0.00
2023-07-17 00:00:00,2023-07-17 10:00:00,-999,0.00,-999,0.00,-999,0.00,-999,0.00,-999,0.00,-999,0.00,-999,0.00,-999,0.00,-999,0.00,-999,0.00,-999,0.00,-999,0.00,-999,0.00,-999,0.00,-999,0.00,-999,0.00,-999,0.00,-999,0.00,-999,0.00,-999,0.00,-999,0.00,-999,0.00,-999,0.00
2023-07-24 00:00:00,2023-07-24 10:00:00,-999,0.00,-999,0.00,-999,0.00,-999,0.00,-999,0.00,-999,0.00,-999,0.00,-999,0.00,-999,0.00,-999,0.00,-999,0.00,-999,0.00,-999,0.00,-999,0.00,-999,0.00,-999,0.00,-999,0.00,-999,0.00,-999,0.00,-999,0.00,-999,0.00,-999,0.00,-999,0.00
2023-07-31 00:00:00,2023-07-31 10:00:00,-999,0.00,-999,0.00,-999,0.00,-999,0.00,-999,0.00,-999,0.00,-999,0.00,-999,0.00,-999,0.00,-999,0.00,-999,0.00,-999,0.00,-999,0.00,-999,0.00,-999,0.00,-999,0.00,-999,0.00,-999,0.00,-999,0.00,-999,0.00,-999,0.00,-999,0.00,-999,0.00
2023-08-07 00:00:00,2023-08-07 10:00:00,-999,0.00,-999,0.00,-999,0.00,-999,0.00,-999,0.00,-999,0.00,-999,0.00,-999,0.00,-999,0.00,-999,0.00,-999,0.00,-999,0.00,-999,0.00,-999,0.00,-999,0.00,-999,0.00,-999,0.00,-999,0.00,-999,0.00,-999,0.00,-999,0.00,-999,0.00,-999,0.00
2023-08-14 00:00:00,2023-08-14 10:00:00,-999,0.00,-999,0.00,-999,0.00,-999,0.00,-999,0.00,-999,0.00,-999,0.00,-999,0.00,-999,0.00,-999,0.00,-999,0.00,-999,0.00,-999,0.00,-999,0.00,-999,0.00,-999,0.00,-999,0.00,-999,0.00,-999,0.00,-999,0.00,-999,0.00,-999,0.00,-999,0.00
2023-08-21 00:00:00,2023-08-21 10:00:00,-999,0.00,-999,0.00,-999,0.00,-999,0.00,-999,0.00,-999,0.00,-999,0.00,-999,0.00,-999,0.00,-999,0.00,-999,0.00,-999,0.00,-999,0.00,-999,0.00,-999,0.00,-999,0.00,-999,0.00,-999,0.00,-999,0.00,-999,0.00,-999,0.00,-999,0.00,-999,0.00
2023-08-28 00:00:00,2023-08-28 10:00:00,0.002,0.92,-0.007,0.92,-0.004,0.92,-0.002,0.92,0.049,0.92,0.079,0.92,1.380e+05,0.93,0.43,0.93,7.7,0.93,19.1,0.93,-999,0.00,-999,0.00,-999,0.00,-999,0.00,-999,0.00,-999,0.00,-999,0.00,-999,0.00,-999,0.00,-999,0.00,-999,0.00,-999,0.00,-999,0.00
2023-09-04 00:00:00,2023-09-04 10:00:00,-0.001,1.00,-0.014,1.00,-0.007,1.00,0.004,1.00,0.063,1.00,0.116,1.00,3.247e+05,1.00,0.71,1.00,6.7,1.00,28.1,1.00,-999,0.00,-999,0.00,-999,0.00,-999,0.00,-999,0.00,-999,0.00,-999,0.00,-999,0.00,-999,0.00,-999,0.00,-999,0.00,-999,0.00,-999,0.00
2023-09-11 00:00:00,2023-09-11 10:00:00,0.026,1.00,0.053,1.00,-0.002,1.00,0.004,1.00,0.060,1.00,0.107,1.00,4.029e+05,1.00,0.79,1.00,6.0,1.00,42.2,1.00,-999,0.00,-999,0.00,-999,0.00,-999,0.00,-999,0.00,-999,0.00,-999,0.00,-999,0.00,-999,0.00,-999,0.00,-999,0.00,-999,0.00,-999,0.00
2023-09-18 00:00:00,2023-09-18 10:00:00,0.010,1.00,-0.005,1.00,-0.005,1.00,0.002,1.00,0.057,1.00,0.092,1.00,1.007e+05,1.00,0.37,1.00,7.6,1.00,21.9,1.00,-999,0.00,-999,0.00,-999,0.00,-999,0.00,-999,0.00,-999,0.00,-999,0.00,-999,0.00,-999,0.00,-999,0.00,-999,0.00,-999,0.00,-999,0.00
2023-09-25 00:00:00,2023-09-25 10:00:00,-0.003,1.00,0.003,1.00,-0.004,1.00,0.003,1.00,0.060,1.00,0.121,1.00,5.199e+05,1.00,0.94,1.00,5.6,1.00,51.9,1.00,-999,0.00,-999,0.00,-999,0.00,-999,0.00,-999,0.00,-999,0.00,-999,0.00,-999,0.00,-999,0.00,-999,0.00,-999,0.00,-999,0.00,-999,0.00
2023-10-02 00:00:00,2023-10-02 10:00:00,-0.026,1.00,-0.079,1.00,-0.010,1.00,-0.005,1.00,0.055,1.00,0.108,1.00,7.969e+05,1.00,0.96,1.00,9.4,1.00,24.2,1.00,-999,0.00,-999,0.00,-999,0.00,-999,0.00,-999,0.00,-999,0.00,-999,0.00,-999,0.00,-999,0.00,-999,0.00,-999,0.00,-999,0.00,-999,0.00
2023-10-09 00:00:00,2023-10-09 10:00:00,-0.009,1.00,-0.052,1.00,-0.005,1.00,-0.004,1.00,0.047,1.00,0.099,1.00,3.889e+05,1.00,0.68,1.00,8.9,1.00,20.2,1.00,-999,0.00,-999,0.00,-999,0.00,-999,0.00,-999,0.00,-999,0.00,-999,0.00,-999,0.00,-999,0.00,-999,0.00,-999,0.00,-999,0.00,-999,0.00
2023-10-16 00:00:00,2023-10-16 10:00:00,-0.025,1.00,-0.103,1.00,-0.007,1.00,-0.016,1.00,0.054,1.00,0.135,1.00,1.136e+06,1.00,0.89,1.00,13.1,1.00,0.3,1.00,-999,0.00,-999,0.00,-999,0.00,-999,0.00,-999,0.00,-999,0.00,-999,0.00,-999,0.00,-999,0.00,-999,0.00,-999,0.00,-999,0.00,-999,0.00
2023-10-23 00:00:00,2023-10-23 10:00:00,-0.021,1.00,-0.064,1.00,-0.008,1.00,-0.010,1.00,0.055,1.00,0.118,1.00,7.043e+05,1.00,0.77,1.00,11.7,1.00,358.3,1.00,-999,0.00,-999,0.00,-999,0.00,-999,0.00,-999,0.00,-999,0.00,-999,0.00,-999,0.00,-999,0.00,-999,0.00,-999,0.00,-999,0.00,-999,0.00
2023-10-30 00:00:00,2023-10-30 10:00:00,-0.016,1.00,-0.037,1.00,-0.008,1.00,-0.003,1.00,0.057,1.00,0.104,1.00,3.708e+05,1.00,0.74,1.00,6.8,1.00,33.9,1.00,-999,0.00,-999,0.00,-999,0.00,-999,0.00,-999,0.00,-999,0.00,-999,0.00,-999,0.00,-999,0.00,-999,0.00,-999,0.00,-999,0.00,-999,0.00
2023-11-06 00:00:00,2023-11-06 10:00:00,-0.040,1.00,-0.096,1.00,-0.007,1.00,-0.001,1.00,0.062,1.00,0.124,1.00,3.156e+05,1.00,0.59,1.00,9.1,1.00,12.5,1.00,-999,0.00,-999,0.00,-999,0.00,-999,0.00,-999,0.00,-999,0.00,-999,0.00,-999,0.00,-999,0.00,-999,0.00,-999,0.00,-999,0.00,-999,0.00
2023-11-13 00:00:00,2023-11-13 10:00:00,-0.018,1.00,-0.040,1.00,-0.007,1.00,-0.006,1.00,0.073,1.00,0.164,1.00,7.843e+05,1.00,0.78,1.00,10.8,1.00,4.9,1.00,-999,0.00,-999,0.00,-999,0.00,-999,0.00,-999,0.00,-999,0.00,-999,0.00,-999,0.00,-999,0.00,-999,0.00,-999,0.00,-999,0.00,-999,0.00
2023-11-20 00:00:00,2023-11-20 10:00:00,0.035,1.00,0.078,1.00,-0.012,1.00,-0.012,1.00,0.060,1.00,0.133,1.00,1.819e+06,1.00,1.20,1.00,12.1,1.00,11.8,1.00,-999,0.00,-999,0.00,-999,0.00,-999,0.00,-999,0.00,-999,0.00,-999,0.00,-999,0.00,-999,0.00,-999,0.00,-999,0.00,-999,0.00,-999,0.00
2023-11-27 00:00:00,2023-11-27 10:00:00,0.003,1.00,0.011,1.00,-0.014,1.00,-0.015,1.00,0.069,1.00,0.152,1.00,3.514e+06,1.00,1.49,1.00,13.1,1.00,5.0,1.00,-999,0.00,-999,0.00,-999,0.00,-999,0.00,-999,0.00,-999,0.00,-999,0.00,-999,0.00,-999,0.00,-999,0.00,-999,0.00,-999,0.00,-999,0.00
2023-12-04 00:00:00,2023-12-04 10:00:00,0.004,1.00,0.011,1.00,-0.011,1.00,-0.007,1.00,0.057,1.00,0.110,1.00,1.553e+06,1.00,1.07,1.00,13.5,1.00,358.4,1.00,-999,0.00,-999,0.00,-999,0.00,-999,0.00,-999,0.00,-999,0.00,-999,0.00,-999,0.00,-999,0.00,-999,0.00,-999,0.00,-999,0.00,-999,0.00
2023-12-11 00:00:00,2023-12-11 10:00:00,-0.027,1.00,-0.076,1.00,-0.013,1.00,-0.010,1.00,0.066,1.00,0.134,1.00,1.491e+06,1.00,1.11,1.00,12.0,1.00,358.6,1.00,-999,0.00,-999,0.00,-999,0.00,-999,0.00,-999,0.00,-999,0.00,-999,0.00,-999,0.00,-999,0.00,-999,0.00,-999,0.00,-999,0.00,-999,0.00
2023-12-18 00:00:00,2023-12-18 10:00:00,-0.002,1.00,-0.013,1.00,-0.009,1.00,-0.023,1.00,0.053,1.00,0.130,1.00,2.147e+06,1.00,1.23,1.00,13.1,1.00,356.1,1.00,-999,0.00,-999,0.00,-999,0.00,-999,0.00,-999,0.00,-999,0.00,-999,0.00,-999,0.00,-999,0.00,-999,0.00,-999,0.00,-999,0.00,-999,0.00
2023-12-25 00:00:00,2023-12-25 10:00:00,-0.004,1.00,-0.029,1.00,-0.008,1.00,-0.012,1.00,0.056,1.00,0.137,1.00,1.240e+06,1.02,0.91,1.02,14.9,1.02,352.8,1.02,-999,0.00,-999,0.00,-999,0.00,-999,0.00,-999,0.00,-999,0.00,-999,0.00,-999,0.00,-999,0.00,-999,0.00,-999,0.00,-999,0.00,-999,0.00
2024-01-01 00:00:00,2024-01-01 10:00:00,0.007,1.00,0.009,1.00,-0.010,1.00,-0.017,1.00,0.061,1.00,0.142,1.00,2.412e+06,1.00,1.28,1.00,13.8,1.00,359.7,1.00,-999,0.00,-999,0.00,-999,0.00,-999,0.00,-999,0.00,-999,0.00,-999,0.00,-999,0.00,-999,0.00,-999,0.00,-999,0.00,-999,0.00,-999,0.00
2024-01-08 00:00:00,2024-01-08 10:00:00,-0.004,1.00,-0.019,1.00,-0.005,1.00,-0.018,1.00,0.054,1.00,0.128,1.00,1.785e+06,1.00,1.15,1.00,13.6,1.00,353.4,1.00,-999,0.00,-999,0.00,-999,0.00,-999,0.00,-999,0.00,-999,0.00,-999,0.00,-999,0.00,-999,0.00,-999,0.00,-999,0.00,-999,0.00,-999,0.00
2024-01-15 00:00:00,2024-01-15 10:00:00,-0.007,0.38,-0.066,0.38,-0.011,0.38,-0.007,0.38,0.056,0.38,0.130,0.38,1.464e+06,0.36,1.16,0.36,11.2,0.36,10.9,0.36,-999,0.00,-999,0.00,-999,0.00,-999,0.00,-999,0.00,-999,0.00,-999,0.00,-999,0.00,-999,0.00,-999,0.00,-999,0.00,-999,0.00,-999,0.00
2024-01-22 00:00:00,2024-01-22 10:00:00,0.004,0.37,0.002,0.37,-0.007,0.37,-0.024,0.37,0.052,0.37,0.128,0.37,1.793e+06,0.38,1.13,0.38,13.9,0.38,336.7,0.38,-999,0.00,-999,0.00,-999,0.00,-999,0.00,-999,0.00,-999,0.00,-999,0.00,-999,0.00,-999,0.00,-999,0.00,-999,0.00,-999,0.00,-999,0.00
2024-01-29 00:00:00,2024-01-29 10:00:00,-0.019,1.00,-0.058,1.00,-0.009,1.00,-0.029,1.00,0.054,1.00,0.137,1.00,1.415e+06,1.00,0.98,1.00,13.9,1.00,332.9,1.00,-999,0.00,-999,0.00,-999,0.00,-999,0.00,-999,0.00,-999,0.00,-999,0.00,-999,0.00,-999,0.00,-999,0.00,-999,0.00,-999,0.00,-999,0.00
2024-02-05 00:00:00,2024-02-05 10:00:00,0.012,1.00,0.032,1.00,-0.010,1.00,-0.025,1.00,0.083,1.00,0.223,1.00,8.707e+06,1.00,2.46,1.00,14.5,1.00,354.6,1.00,-999,0.00,-999,0.00,-999,0.00,-999,0.00,-999,0.00,-999,0.00,-999,0.00,-999,0.00,-999,0.00,-999,0.00,-999,0.00,-999,0.00,-999,0.00
2024-02-12 00:00:00,2024-02-12 10:00:00,0.010,1.00,0.016,1.00,-0.009,1.00,-0.014,1.00,0.070,1.00,0.172,1.00,2.599e+06,1.00,1.47,1.00,11.9,1.00,344.4,1.00,-999,0.00,-999,0.00,-999,0.00,-999,0.00,-999,0.00,-999,0.00,-999,0.00,-999,0.00,-999,0.00,-999,0.00,-999,0.00,-999,0.00,-999,0.00
2024-02-19 00:00:00,2024-02-19 10:00:00,-0.029,1.00,-0.085,1.00,-0.010,1.00,-0.034,1.00,0.064,1.00,0.163,1.00,2.692e+06,1.00,1.32,1.00,14.5,1.00,354.8,1.00,-999,0.00,-999,0.00,-999,0.00,-999,0.00,-999,0.00,-999,0.00,-999,0.00,-999,0.00,-999,0.00,-999,0.00,-999,0.00,-999,0.00,-999,0.00
2024-02-26 00:00:00,2024-02-26 10:00:00,-0.018,1.00,-0.045,1.00,-0.010,1.00,-0.022,1.00,0.060,1.00,0.135,1.00,1.498e+06,1.00,1.04,1.00,13.8,1.00,352.6,1.00,-999,0.00,-999,0.00,-999,0.00,-999,0.00,-999,0.00,-999,0.00,-999,0.00,-999,0.00,-999,0.00,-999,0.00,-999,0.00,-999,0.00,-999,0.00
2024-03-04 00:00:00,2024-03-04 10:00:00,-0.006,1.00,-0.020,1.00,-0.018,1.00,-0.018,1.00,0.072,1.00,0.148,1.00,1.895e+06,1.00,1.14,1.00,13.1,1.00,359.7,1.00,-999,0.00,-999,0.00,-999,0.00,-999,0.00,-999,0.00,-999,0.00,-999,0.00,-999,0.00,-999,0.00,-999,0.00,-999,0.00,-999,0.00,-999,0.00
2024-03-11 00:00:00,2024-03-11 10:00:00,0.002,1.00,0.015,1.00,-0.012,1.00,-0.014,1.00,0.082,1.00,0.183,1.00,1.271e+06,1.00,0.98,1.00,12.9,1.00,354.6,1.00,-999,0.00,-999,0.00,-999,0.00,-999,0.00,-999,0.00,-999,0.00,-999,0.00,-999,0.00,-999,0.00,-999,0.00,-999,0.00,-999,0.00,-999,0.00
2024-03-18 00:00:00,2024-03-18 10:00:00,-0.011,1.00,-0.022,1.00,-0.010,1.00,-0.030,1.00,0.066,1.00,0.150,1.00,2.231e+06,1.00,1.18,1.00,15.7,1.00,345.3,1.00,-999,0.00,-999,0.00,-999,0.00,-999,0.00,-999,0.00,-999,0.00,-999,0.00,-999,0.00,-999,0.00,-999,0.00,-999,0.00,-999,0.00,-999,0.00
2024-03-25 00:00:00,2024-03-25 10:00:00,0.029,1.00,0.076,1.00,-0.012,1.00,-0.009,1.00,0.078,1.00,0.170,1.00,1.771e+06,1.00,1.08,1.00,14.2,1.00,344.6,1.00,-999,0.00,-999,0.00,-999,0.00,-999,0.00,-999,0.00,-999,0.00,-999,0.00,-999,0.00,-999,0.00,-999,0.00,-999,0.00,-999,0.00,-999,0.00
2024-04-01 00:00:00,2024-04-01 10:00:00,0.038,1.00,0.071,1.00,-0.003,1.00,0.003,1.00,0.068,1.00,0.145,1.00,7.645e+05,1.00,0.92,1.00,9.5,1.00,12.6,1.00,-999,0.00,-999,0.00,-999,0.00,-999,0.00,-999,0.00,-999,0.00,-999,0.00,-999,0.00,-999,0.00,-999,0.00,-999,0.00,-999,0.00,-999,0.00
2024-04-08 00:00:00,2024-04-08 10:00:00,-0.008,1.00,-0.011,1.00,-0.017,1.00,-0.016,1.00,0.076,1.00,0.153,1.00,1.291e+06,1.00,1.19,1.00,9.4,1.00,11.4,1.00,-999,0.00,-999,0.00,-999,0.00,-999,0.00,-999,0.00,-999,0.00,-999,0.00,-999,0.00,-999,0.00,-999,0.00,-999,0.00,-999,0.00,-999,0.00
2024-04-15 00:00:00,2024-04-15 10:00:00,-0.030,1.00,-0.050,1.00,-0.012,1.00,-0.018,1.00,0.090,1.00,0.177,1.00,1.067e+06,1.00,0.98,1.00,11.0,1.00,358.3,1.00,-999,0.00,-999,0.00,-999,0.00,-999,0.00,-999,0.00,-999,0.00,-999,0.00,-999,0.00,-999,0.00,-999,0.00,-999,0.00,-999,0.00,-999,0.00
2024-04-22 00:00:00,2024-04-22 10:00:00,-0.004,1.00,-0.007,1.00,-0.005,1.00,-0.008,1.00,0.071,1.00,0.140,1.00,5.798e+05,1.00,0.75,1.00,10.2,1.00,0.1,1.00,-999,0.00,-999,0.00,-999,0.00,-999,0.00,-999,0.00,-999,0.00,-999,0.00,-999,0.00,-999,0.00,-999,0.00,-999,0.00,-999,0.00,-999,0.00
2024-04-29 00:00:00,2024-04-29 10:00:00,0.028,1.00,0.083,1.00,-0.001,1.00,0.009,1.00,0.072,1.00,0.143,1.00,6.570e+05,1.00,0.97,1.00,7.3,1.00,28.2,1.00,-999,0.00,-999,0.00,-999,0.00,-999,0.00,-999,0.00,-999,0.00,-999,0.00,-999,0.00,-999,0.00,-999,0.00,-999,0.00,-999,0.00,-999,0.00
2024-05-06 00:00:00,2024-05-06 10:00:00,-0.013,1.00,-0.022,1.00,-0.010,1.00,-0.006,1.00,0.068,1.00,0.120,1.00,6.524e+05,1.00,0.85,1.00,9.4,1.00,6.9,1.00,-999,0.00,-999,0.00,-999,0.00,-999,0.00,-999,0.00,-999,0.00,-999,0.00,-999,0.00,-999,0.00,-999,0.00,-999,0.00,-999,0.00,-999,0.00
2024-05-13 00:00:00,2024-05-13 10:00:00,0.033,1.00,0.074,1.00,-0.005,1.00,0.001,1.00,0.063,1.00,0.120,1.00,4.830e+05,1.00,0.92,1.00,5.6,1.00,50.7,1.00,-999,0.00,-999,0.00,-999,0.00,-999,0.00,-999,0.00,-999,0.00,-999,0.00,-999,0.00,-999,0.00,-999,0.00,-999,0.00,-999,0.00,-999,0.00
2024-05-20 00:00:00,2024-05-20 10:00:00,0.005,1.00,0.023,1.00,-0.005,1.00,0.001,1.00,0.071,1.00,0.135,1.00,5.700e+05,1.00,0.88,1.00,7.6,1.00,23.7,1.00,-999,0.00,-999,0.00,-999,0.00,-999,0.00,-999,0.00,-999,0.00,-999,0.00,-999,0.00,-999,0.00,-999,0.00,-999,0.00,-999,0.00,-999,0.00
2024-05-27 00:00:00,2024-05-27 10:00:00,-0.028,1.00,-0.058,1.00,-0.008,1.00,-0.007,1.00,0.062,1.00,0.111,1.00,4.115e+05,1.00,0.71,1.00,8.0,1.00,15.0,1.00,-999,0.00,-999,0.00,-999,0.00,-999,0.00,-999,0.00,-999,0.00,-999,0.00,-999,0.00,-999,0.00,-999,0.00,-999,0.00,-999,0.00,-999,0.00
2024-06-03 00:00:00,2024-06-03 10:00:00,-0.011,1.00,-0.026,1.00,-0.011,1.00,-0.007,1.00,0.061,1.00,0.113,1.00,3.650e+05,1.00,0.67,1.00,8.4,1.00,6.7,1.00,-999,0.00,-999,0.00,-999,0.00,-999,0.00,-999,0.00,-999,0.00,-999,0.00,-999,0.00,-999,0.00,-999,0.00,-999,0.00,-999,0.00,-999,0.00
2024-06-10 00:00:00,2024-06-10 10:00:00,-0.002,1.00,0.004,1.00,-0.006,1.00,-0.003,1.00,0.056,1.00,0.100,1.00,3.994e+05,1.00,0.77,1.00,7.0,1.00,28.4,1.00,-999,0.00,-999,0.00,-999,0.00,-999,0.00,-999,0.00,-999,0.00,-999,0.00,-999,0.00,-999,0.00,-999,0.00,-999,0.00,-999,0.00,-999,0.00
2024-06-17 00:00:00,2024-06-17 10:00:00,-0.014,1.00,-0.021,1.00,-0.004,1.00,-0.007,1.00,0.057,1.00,0.103,1.00,2.066e+05,1.00,0.52,1.00,7.6,1.00,6.5,1.00,-999,0.00,-999,0.00,-999,0.00,-999,0.00,-999,0.00,-999,0.00,-999,0.00,-999,0.00,-999,0.00,-999,0.00,-999,0.00,-999,0.00,-999,0.00
2024-06-24 00:00:00,2024-06-24 10:00:00,-0.008,1.00,0.001,1.00,-0.004,1.00,-0.004,1.00,0.064,1.00,0.109,1.00,5.868e+05,1.00,0.96,1.00,6.6,1.00,29.4,1.00,-999,0.00,-999,0.00,-999,0.00,-999,0.00,-999,0.00,-999,0.00,-999,0.00,-999,0.00,-999,0.00,-999,0.00,-999,0.00,-999,0.00,-999,0.00
2024-07-01 00:00:00,2024-07-01 10:00:00,-0.019,0.49,-0.020,0.49,-0.008,0.49,-0.005,0.49,0.055,0.49,0.094,0.49,6.975e+05,0.46,1.08,0.46,5.8,0.46,44.6,0.46,-999,0.00,-999,0.00,-999,0.00,-999,0.00,-999,0.00,-999,0.00,-999,0.00,-999,0.00,-999,0.00,-999,0.00,-999,0.00,-999,0.00,-999,0.00
2024-07-08 00:00:00,2024-07-08 10:00:00,-999,0.00,-999,0.00,-999,0.00,-999,0.00,-999,0.00,-999,0.00,-999,0.00,-999,0.00,-999,0.00,-999,0.00,-999,0.00,-999,0.00,-999,0.00,-999,0.00,-999,0.00,-999,0.00,-999,0.00,-999,0.00,-999,0.00,-999,0.00,-999,0.00,-999,0.00,-999,0.00
2024-07-15 00:00:00,2024-07-15 10:00:00,-999,0.00,-999,0.00,-999,0.00,-999,0.00,-999,0.00,-999,0.00,-999,0.00,-999,0.00,-999,0.00,-999,0.00,-999,0.00,-999,0.00,-999,0.00,-999,0.00,-999,0.00,-999,0.00,-999,0.00,-999,0.00,-999,0.00,-999,0.00,-999,0.00,-999,0.00,-999,0.00
2024-07-22 00:00:00,2024-07-22 10:00:00,-0.014,0.93,-0.022,0.93,-0.004,0.93,-0.003,0.93,0.052,0.93,0.086,0.93,3.920e+05,0.95,0.82,0.95,5.3,0.95,40.1,0.95,1.996e+05,0.88,0.52,0.88,6.9,0.88,10.571,0.87,-999,0.00,-999,0.00,-999,0.00,-999,0.00,-999,0.00,-999,0.00,-999,0.00,-999,0.00,-999,0.00
2024-07-29 00:00:00,2024-07-29 10:00:00,-0.015,1.00,-0.029,1.00,-0.002,1.00,-0.005,1.00,0.057,1.00,0.098,1.00,2.604e+05,1.00,0.59,1.00,7.5,1.00,359.6,1.00,1.521e+05,1.00,0.40,1.00,8.9,1.00,10.566,1.00,-999,0.00,-999,0.00,-999,0.00,-999,0.00,-999,0.00,-999,0.00,-999,0.00,-999,0.00,-999,0.00
2024-08-05 00:00:00,2024-08-05 10:00:00,-0.023,1.00,-0.041,1.00,-0.003,1.00,-0.001,1.00,0.061,1.00,0.109,1.00,2.727e+05,1.00,0.64,1.00,6.7,1.00,19.4,1.00,1.473e+05,1.00,0.45,1.00,7.4,1.00,10.589,1.00,-999,0.00,-999,0.00,-999,0.00,-999,0.00,-999,0.00,-999,0.00,-999,0.00,-999,0.00,-999,0.00
2024-08-12 00:00:00,2024-08-12 10:00:00,0.001,1.00,0.002,1.00,-0.004,1.00,0.001,1.00,0.053,1.00,0.096,1.00,2.490e+05,1.00,0.61,1.00,6.2,1.00,28.8,1.00,1.439e+05,1.00,0.43,1.00,7.7,1.00,10.557,1.00,-999,0.00,-999,0.00,-999,0.00,-999,0.00,-999,0.00,-999,0.00,-999,0.00,-999,0.00,-999,0.00
2024-08-19 00:00:00,2024-08-19 10:00:00,-0.022,1.00,-0.016,1.00,-0.000,1.00,0.002,1.00,0.072,1.00,0.139,1.00,7.482e+05,1.00,1.05,1.00,6.3,1.00,40.1,1.00,3.752e+05,1.00,0.71,1.00,7.1,1.00,10.609,1.00,-999,0.00,-999,0.00,-999,0.00,-999,0.00,-999,0.00,-999,0.00,-999,0.00,-999,0.00,-999,0.00
2024-08-26 00:00:00,2024-08-26 10:00:00,0.033,1.00,0.092,1.00,0.000,1.00,0.007,1.00,0.064,1.00,0.130,1.00,3.920e+05,1.00,0.79,1.00,6.2,1.00,37.5,1.00,2.080e+05,1.00,0.53,1.00,7.4,1.00,10.579,1.00,-999,0.00,-999,0.00,-999,0.00,-999,0.00,-999,0.00,-999,0.00,-999,0.00,-999,0.00,-999,0.00
2024-09-02 00:00:00,2024-09-02 10:00:00,-0.043,1.00,-0.055,1.00,-0.005,1.00,0.000,1.00,0.069,1.00,0.118,1.00,5.955e+05,1.00,1.04,1.00,5.4,1.00,50.9,1.00,2.848e+05,1.00,0.65,1.00,6.8,1.00,10.602,1.00,-999,0.00,-999,0.00,-999,0.00,-999,0.00,-999,0.00,-999,0.00,-999,0.00,-999,0.00,-999,0.00
2024-09-09 00:00:00,2024-09-09 10:00:00,0.007,1.00,0.016,1.00,-0.004,1.00,0.003,1.00,0.053,1.00,0.100,1.00,3.285e+05,1.00,0.73,1.00,6.3,1.00,35.2,1.00,1.776e+05,1.00,0.47,1.00,8.0,1.00,10.606,1.00,-999,0.00,-999,0.00,-999,0.00,-999,0.00,-999,0.00,-999,0.00,-999,0.00,-999,0.00,-999,0.00
2024-09-16 00:00:00,2024-09-16 10:00:00,-0.007,1.00,-0.040,1.00,-0.005,1.00,-0.001,1.00,0.053,1.00,0.098,1.00,1.838e+05,1.00,0.48,1.00,7.8,1.00,6.2,1.00,1.172e+05,1.00,0.37,1.00,8.4,1.00,10.606,1.00,-999,0.00,-999,0.00,-999,0.00,-999,0.00,-999,0.00,-999,0.00,-999,0.00,-999,0.00,-999,0.00
2024-09-23 00:00:00,2024-09-23 10:00:00,-0.003,1.00,-0.037,1.00,-0.004,1.00,-0.004,1.00,0.056,1.00,0.096,1.00,2.739e+05,1.00,0.57,1.00,7.5,1.00,19.2,1.00,1.254e+05,1.00,0.37,1.00,8.4,1.00,10.577,1.00,-999,0.00,-999,0.00,-999,0.00,-999,0.00,-999,0.00,-999,0.00,-999,0.00,-999,0.00,-999,0.00
2024-09-30 00:00:00,2024-09-30 10:00:00,-0.013,1.00,-0.032,1.00,-0.008,1.00,-0.003,1.00,0.067,1.00,0.118,1.00,2.343e+05,1.00,0.55,1.00,8.0,1.00,14.7,1.00,1.438e+05,1.00,0.40,1.00,9.0,1.00,10.585,1.00,-999,0.00,-999,0.00,-999,0.00,-999,0.00,-999,0.00,-999,0.00,-999,0.00,-999,0.00,-999,0.00
2024-10-07 00:00:00,2024-10-07 10:00:00,0.015,1.00,0.047,1.00,-0.008,1.00,-0.003,1.00,0.071,1.00,0.136,1.00,4.715e+05,1.00,0.78,1.00,8.9,1.00,32.3,1.00,3.120e+05,1.00,0.56,1.00,9.7,1.00,10.583,1.00,-999,0.00,-999,0.00,-999,0.00,-999,0.00,-999,0.00,-999,0.00,-999,0.00,-999,0.00,-999,0.00
2024-10-14 00:00:00,2024-10-14 10:00:00,-0.012,1.00,-0.026,1.00,-0.011,1.00,-0.010,1.00,0.058,1.00,0.119,1.00,8.854e+05,1.00,0.72,1.00,13.5,1.00,358.5,1.00,8.535e+05,1.00,0.72,1.00,12.5,1.00,10.605,1.00,-999,0.00,-999,0.00,-999,0.00,-999,0.00,-999,0.00,-999,0.00,-999,0.00,-999,0.00,-999,0.00
2024-10-21 00:00:00,2024-10-21 10:00:00,-0.018,1.00,-0.044,1.00,-0.011,1.00,-0.002,1.00,0.067,1.00,0.123,1.00,4.046e+05,1.00,0.75,1.00,7.0,1.00,32.9,1.00,2.465e+05,1.00,0.52,1.00,8.3,1.00,10.595,1.00,-999,0.00,-999,0.00,-999,0.00,-999,0.00,-999,0.00,-999,0.00,-999,0.00,-999,0.00,-999,0.00
2024-10-28 00:00:00,2024-10-28 10:00:00,0.010,1.00,0.023,1.00,-0.006,1.00,-0.005,1.00,0.044,1.00,0.089,1.00,4.773e+05,1.00,0.64,1.00,11.7,1.00,11.0,1.00,3.986e+05,1.00,0.57,1.00,11.4,1.00,10.576,1.00,-999,0.00,-999,0.00,-999,0.00,-999,0.00,-999,0.00,-999,0.00,-999,0.00,-999,0.00,-999,0.00
2024-11-04 00:00:00,2024-11-04 10:00:00,-0.014,1.00,-0.055,1.00,-0.006,1.00,-0.014,1.00,0.055,1.00,0.116,1.00,9.606e+05,1.00,0.79,1.00,14.4,1.00,352.9,1.00,7.908e+05,1.00,0.74,1.00,13.1,1.00,10.546,1.00,-999,0.00,-999,0.00,-999,0.00,-999,0.00,-999,0.00,-999,0.00,-999,0.00,-999,0.00,-999,0.00
2024-11-11 00:00:00,2024-11-11 10:00:00,0.038,1.00,0.090,1.00,-0.006,1.00,-0.007,1.00,0.064,1.00,0.132,1.00,6.798e+05,1.00,0.74,1.00,11.1,1.00,14.6,1.00,4.083e+05,1.00,0.57,1.00,10.8,1.00,10.534,1.00,-999,0.00,-999,0.00,-999,0.00,-999,0.00,-999,0.00,-999,0.00,-999,0.00,-999,0.00,-999,0.00
2024-11-18 00:00:00,2024-11-18 10:00:00,0.024,1.00,0.046,1.00,-0.007,1.00,-0.007,1.00,0.065,1.00,0.127,1.00,8.983e+05,1.00,0.88,1.00,11.6,1.00,0.5,1.00,6.252e+05,1.00,0.75,1.00,10.8,1.00,10.496,1.00,-999,0.00,-999,0.00,-999,0.00,-999,0.00,-999,0.00,-999,0.00,-999,0.00,-999,0.00,-999,0.00
2024-11-25 00:00:00,2024-11-25 10:00:00,-0.001,1.00,-0.014,1.00,-0.006,1.00,-0.012,1.00,0.047,1.00,0.093,1.00,9.075e+05,1.00,0.84,1.00,12.5,1.00,358.3,1.00,6.553e+05,1.00,0.75,1.00,11.3,1.00,10.528,1.00,-999,0.00,-999,0.00,-999,0.00,-999,0.00,-999,0.00,-999,0.00,-999,0.00,-999,0.00,-999,0.00
2024-12-02 00:00:00,2024-12-02 10:00:00,-0.043,1.00,-0.093,1.00,-0.011,1.00,-0.011,1.00,0.073,1.00,0.135,1.00,1.086e+06,1.00,1.02,1.00,10.9,1.00,5.1,1.00,7.675e+05,1.00,0.81,1.00,10.6,1.00,10.540,1.00,-999,0.00,-999,0.00,-999,0.00,-999,0.00,-999,0.00,-999,0.00,-999,0.00,-999,0.00,-999,0.00
2024-12-09 00:00:00,2024-12-09 10:00:00,-0.048,1.00,-0.094,1.00,-0.014,1.00,-0.014,1.00,0.077,1.00,0.143,1.00,1.309e+06,1.00,1.28,1.00,7.6,1.00,18.8,1.00,1.017e+06,1.00,1.01,1.00,9.1,1.00,10.595,1.00,-999,0.00,-999,0.00,-999,0.00,-999,0.00,-999,0.00,-999,0.00,-999,0.00,-999,0.00,-999,0.00
2024-12-16 00:00:00,2024-12-16 10:00:00,-0.009,1.00,-0.009,1.00,-0.008,1.00,-0.012,1.00,0.074,1.00,0.171,1.00,1.083e+06,1.00,0.88,1.00,13.6,1.00,352.3,1.00,8.772e+05,1.00,0.82,1.00,12.3,1.00,10.545,1.00,-999,0.00,-999,0.00,-999,0.00,-999,0.00,-999,0.00,-999,0.00,-999,0.00,-999,0.00,-999,0.00
2024-12-23 00:00:00,2024-12-23 10:00:00,-0.030,1.00,-0.052,1.00,-0.003,1.00,-0.028,1.00,0.069,1.00,0.171,1.00,2.812e+06,1.00,1.31,1.00,15.6,1.00,356.7,1.00,2.571e+06,1.00,1.30,1.00,14.2,1.00,10.507,1.00,-999,0.00,-999,0.00,-999,0.00,-999,0.00,-999,0.00,-999,0.00,-999,0.00,-999,0.00,-999,0.00
2024-12-30 00:00:00,2024-12-30 10:00:00,-0.018,1.00,-0.019,1.00,-0.002,1.00,-0.020,1.00,0.056,1.00,0.133,1.00,1.606e+06,1.02,1.14,1.02,12.0,1.02,350.4,1.02,1.559e+06,1.00,1.05,1.00,11.9,1.00,10.524,1.00,-999,0.00,-999,0.00,-999,0.00,-999,0.00,-999,0.00,-999,0.00,-999,0.00,-999,0.00,-999,0.00
2025-01-06 00:00:00,2025-01-06 10:00:00,-0.015,1.00,-0.001,1.00,-0.011,1.00,-0.027,1.00,0.069,1.00,0.170,1.00,4.208e+06,1.00,1.57,1.00,16.0,1.00,346.8,1.00,3.317e+06,1.00,1.43,1.00,14.9,1.00,10.544,1.00,-999,0.00,-999,0.00,-999,0.00,-999,0.00,-999,0.00,-999,0.00,-999,0.00,-999,0.00,-999,0.00
2025-01-13 00:00:00,2025-01-13 10:00:00,0.014,0.67,0.041,0.67,-0.008,0.67,-0.018,0.67,0.058,0.67,0.131,0.67,3.240e+06,0.66,1.49,0.66,12.6,0.66,342.8,0.66,1.597e+06,0.89,1.15,0.89,10.9,0.89,10.535,0.89,-999,0.00,-999,0.00,-999,0.00,-999,0.00,-999,0.00,-999,0.00,-999,0.00,-999,0.00,-999,0.00
