time_local,time_utc,along_shore_velocity_bottom_mps,data_coverage_along_shore_velocity_bottom_mps,along_shore_velocity_surface_mps,data_coverage_along_shore_velocity_surface_mps,across_shore_velocity_bottom_mps,data_coverage_across_shore_velocity_bottom_mps,across_shore_velocity_surface_mps,data_coverage_across_shore_velocity_surface_mps,current_speed_bottom_mps,data_coverage_current_speed_bottom_mps,current_speed_surface_mps,data_coverage_current_speed_surface_mps,wave_power_adcp,data_coverage_wave_power_adcp,wave_ht_adcp_m,data_coverage_wave_ht_adcp_m,wave_period_adcp_sec,data_coverage_wave_period_adcp_sec,wave_direction_adcp_degtrue,data_coverage_wave_direction_adcp_degtrue,wave_power_sbe26,data_coverage_wave_power_sbe26,wave_ht_sbe26_m,data_coverage_wave_ht_sbe26_m,wave_period_sbe26_sec,data_coverage_wave_period_sbe26_sec,sea_surface_ht_sbe26_m,data_coverage_sea_surface_ht_sbe26_m,upper_watercolumn_temperature_sbe39_C,data_coverage_upper_watercolumn_temperature_sbe39_C,middle_watercolumn_temperature_sbe39_C,data_coverage_middle_watercolumn_temperature_sbe39_C,bottom_watercolumn_temperature_sbe39_C,data_coverage_bottom_watercolumn_temperature_sbe39_C,temperature_shallow_sbe37_C,data_coverage_temperature_shallow_sbe37_C,salinity_shallow_sbe37_psu,data_coverage_salinity_shallow_sbe37_psu,density_shallow_sbe37_sigt,data_coverage_density_shallow_sbe37_sigt,temperature_deeper_sbe37_C,data_coverage_temperature_deeper_sbe37_C,salinity_deeper_sbe37_psu,data_coverage_salinity_deeper_sbe37_psu,density_deeper_sbe37_sigt,data_coverage_density_deeper_sbe37_sigt
2005-07-18 00:00:00,2005-07-18 10:00:00,-999,0.00,-999,0.00,-999,0.00,-999,0.00,-999,0.00,-999,0.00,-999,0.00,-999,0.00,-999,0.00,-999,0.00,-999,0.00,-999,0.00,-999,0.00,10.455,0.01,-999,0.00,-999,0.00,-999,0.00,-999,0.00,-999,0.00,-999,0.00,-999,0.00,-999,0.00,-999,0.00
2005-07-25 00:00:00,2005-07-25 10:00:00,-999,0.00,-999,0.00,-999,0.00,-999,0.00,-999,0.00,-999,0.00,-999,0.00,-999,0.00,-999,0.00,-999,0.00,2.905e+06,1.00,1.51,1.00,12.4,1.00,10.566,1.00,-999,0.00,-999,0.00,-999,0.00,-999,0.00,-999,0.00,-999,0.00,-999,0.00,-999,0.00,-999,0.00
2005-08-01 00:00:00,2005-08-01 10:00:00,-999,0.00,-999,0.00,-999,0.00,-999,0.00,-999,0.00,-999,0.00,-999,0.00,-999,0.00,-999,0.00,-999,0.00,9.017e+05,1.00,0.93,1.00,10.1,1.00,10.552,1.00,-999,0.00,-999,0.00,-999,0.00,-999,0.00,-999,0.00,-999,0.00,-999,0.00,-999,0.00,-999,0.00
2005-08-08 00:00:00,2005-08-08 10:00:00,-999,0.00,-999,0.00,-999,0.00,-999,0.00,-999,0.00,-999,0.00,-999,0.00,-999,0.00,-999,0.00,-999,0.00,1.634e+06,1.00,1.19,1.00,11.3,1.00,10.552,1.00,-999,0.00,-999,0.00,-999,0.00,-999,0.00,-999,0.00,-999,0.00,-999,0.00,-999,0.00,-999,0.00
2005-08-15 00:00:00,2005-08-15 10:00:00,-999,0.00,-999,0.00,-999,0.00,-999,0.00,-999,0.00,-999,0.00,-999,0.00,-999,0.00,-999,0.00,-999,0.00,1.723e+06,1.00,1.22,1.00,11.0,1.00,10.532,1.00,-999,0.00,-999,0.00,-999,0.00,-999,0.00,-999,0.00,-999,0.00,-999,0.00,-999,0.00,-999,0.00
2005-08-22 00:00:00,2005-08-22 10:00:00,-999,0.00,-999,0.00,-999,0.00,-999,0.00,-999,0.00,-999,0.00,-999,0.00,-999,0.00,-999,0.00,-999,0.00,2.631e+06,1.00,1.47,1.00,11.2,1.00,10.561,1.00,-999,0.00,-999,0.00,-999,0.00,-999,0.00,-999,0.00,-999,0.00,-999,0.00,-999,0.00,-999,0.00
2005-08-29 00:00:00,2005-08-29 10:00:00,-999,0.00,-999,0.00,-999,0.00,-999,0.00,-999,0.00,-999,0.00,-999,0.00,-999,0.00,-999,0.00,-999,0.00,4.598e+06,1.00,1.81,1.00,13.6,1.00,10.550,1.00,-999,0.00,-999,0.00,-999,0.00,-999,0.00,-999,0.00,-999,0.00,-999,0.00,-999,0.00,-999,0.00
2005-09-05 00:00:00,2005-09-05 10:00:00,-999,0.00,-999,0.00,-999,0.00,-999,0.00,-999,0.00,-999,0.00,-999,0.00,-999,0.00,-999,0.00,-999,0.00,2.642e+06,1.00,1.32,1.00,12.4,1.00,10.555,1.00,-999,0.00,-999,0.00,-999,0.00,-999,0.00,-999,0.00,-999,0.00,-999,0.00,-999,0.00,-999,0.00
2005-09-12 00:00:00,2005-09-12 10:00:00,-999,0.00,-999,0.00,-999,0.00,-999,0.00,-999,0.00,-999,0.00,-999,0.00,-999,0.00,-999,0.00,-999,0.00,8.176e+06,1.00,2.21,1.00,12.3,1.00,10.499,1.00,-999,0.00,-999,0.00,-999,0.00,-999,0.00,-999,0.00,-999,0.00,-999,0.00,-999,0.00,-999,0.00
2005-09-19 00:00:00,2005-09-19 10:00:00,-999,0.00,-999,0.00,-999,0.00,-999,0.00,-999,0.00,-999,0.00,-999,0.00,-999,0.00,-999,0.00,-999,0.00,2.076e+06,1.00,1.25,1.00,11.7,1.00,10.532,1.00,-999,0.00,-999,0.00,-999,0.00,-999,0.00,-999,0.00,-999,0.00,-999,0.00,-999,0.00,-999,0.00
2005-09-26 00:00:00,2005-09-26 10:00:00,-999,0.00,-999,0.00,-999,0.00,-999,0.00,-999,0.00,-999,0.00,-999,0.00,-999,0.00,-999,0.00,-999,0.00,2.585e+06,1.00,1.37,1.00,12.1,1.00,10.521,1.00,-999,0.00,-999,0.00,-999,0.00,-999,0.00,-999,0.00,-999,0.00,-999,0.00,-999,0.00,-999,0.00
2005-10-03 00:00:00,2005-10-03 10:00:00,-999,0.00,-999,0.00,-999,0.00,-999,0.00,-999,0.00,-999,0.00,-999,0.00,-999,0.00,-999,0.00,-999,0.00,5.135e+06,1.00,1.66,1.00,12.4,1.00,10.512,1.00,-999,0.00,-999,0.00,-999,0.00,-999,0.00,-999,0.00,-999,0.00,-999,0.00,-999,0.00,-999,0.00
2005-10-10 00:00:00,2005-10-10 10:00:00,-999,0.00,-999,0.00,-999,0.00,-999,0.00,-999,0.00,-999,0.00,-999,0.00,-999,0.00,-999,0.00,-999,0.00,2.916e+06,1.00,1.43,1.00,12.8,1.00,10.518,1.00,-999,0.00,-999,0.00,-999,0.00,-999,0.00,-999,0.00,-999,0.00,-999,0.00,-999,0.00,-999,0.00
2005-10-17 00:00:00,2005-10-17 10:00:00,-999,0.00,-999,0.00,-999,0.00,-999,0.00,-999,0.00,-999,0.00,-999,0.00,-999,0.00,-999,0.00,-999,0.00,1.389e+06,1.00,1.06,1.00,12.0,1.00,10.545,1.00,-999,0.00,-999,0.00,-999,0.00,-999,0.00,-999,0.00,-999,0.00,-999,0.00,-999,0.00,-999,0.00
2005-10-24 00:00:00,2005-10-24 10:00:00,-999,0.00,-999,0.00,-999,0.00,-999,0.00,-999,0.00,-999,0.00,-999,0.00,-999,0.00,-999,0.00,-999,0.00,2.520e+06,1.00,1.37,1.00,12.9,1.00,10.556,1.00,-999,0.00,-999,0.00,-999,0.00,-999,0.00,-999,0.00,-999,0.00,-999,0.00,-999,0.00,-999,0.00
2005-10-31 00:00:00,2005-10-31 10:00:00,-999,0.00,-999,0.00,-999,0.00,-999,0.00,-999,0.00,-999,0.00,-999,0.00,-999,0.00,-999,0.00,-999,0.00,1.559e+06,1.00,1.11,1.00,11.1,1.00,10.589,1.00,-999,0.00,-999,0.00,-999,0.00,-999,0.00,-999,0.00,-999,0.00,-999,0.00,-999,0.00,-999,0.00
2005-11-07 00:00:00,2005-11-07 10:00:00,-999,0.00,-999,0.00,-999,0.00,-999,0.00,-999,0.00,-999,0.00,-999,0.00,-999,0.00,-999,0.00,-999,0.00,5.183e+06,1.00,1.88,1.00,12.8,1.00,10.582,1.00,-999,0.00,-999,0.00,-999,0.00,-999,0.00,-999,0.00,-999,0.00,-999,0.00,-999,0.00,-999,0.00
2005-11-14 00:00:00,2005-11-14 10:00:00,-999,0.00,-999,0.00,-999,0.00,-999,0.00,-999,0.00,-999,0.00,-999,0.00,-999,0.00,-999,0.00,-999,0.00,1.559e+06,1.00,1.09,1.00,11.8,1.00,10.624,1.00,-999,0.00,-999,0.00,-999,0.00,-999,0.00,-999,0.00,-999,0.00,-999,0.00,-999,0.00,-999,0.00
2005-11-21 00:00:00,2005-11-21 10:00:00,-999,0.00,-999,0.00,-999,0.00,-999,0.00,-999,0.00,-999,0.00,-999,0.00,-999,0.00,-999,0.00,-999,0.00,2.010e+06,1.00,1.26,1.00,11.7,1.00,10.594,1.00,-999,0.00,-999,0.00,-999,0.00,-999,0.00,-999,0.00,-999,0.00,-999,0.00,-999,0.00,-999,0.00
2005-11-28 00:00:00,2005-11-28 10:00:00,-999,0.00,-999,0.00,-999,0.00,-999,0.00,-999,0.00,-999,0.00,-999,0.00,-999,0.00,-999,0.00,-999,0.00,1.664e+06,1.00,1.13,1.00,12.0,1.00,10.581,1.00,-999,0.00,-999,0.00,-999,0.00,-999,0.00,-999,0.00,-999,0.00,-999,0.00,-999,0.00,-999,0.00
2005-12-05 00:00:00,2005-12-05 10:00:00,-999,0.00,-999,0.00,-999,0.00,-999,0.00,-999,0.00,-999,0.00,-999,0.00,-999,0.00,-999,0.00,-999,0.00,1.498e+06,1.00,1.13,1.00,11.4,1.00,10.597,1.00,-999,0.00,-999,0.00,-999,0.00,-999,0.00,-999,0.00,-999,0.00,-999,0.00,-999,0.00,-999,0.00
2005-12-12 00:00:00,2005-12-12 10:00:00,-999,0.00,-999,0.00,-999,0.00,-999,0.00,-999,0.00,-999,0.00,-999,0.00,-999,0.00,-999,0.00,-999,0.00,8.338e+05,1.00,0.83,1.00,9.8,1.00,10.569,1.00,-999,0.00,-999,0.00,-999,0.00,-999,0.00,-999,0.00,-999,0.00,-999,0.00,-999,0.00,-999,0.00
2005-12-19 00:00:00,2005-12-19 10:00:00,-999,0.00,-999,0.00,-999,0.00,-999,0.00,-999,0.00,-999,0.00,-999,0.00,-999,0.00,-999,0.00,-999,0.00,9.244e+05,1.00,0.91,1.00,10.3,1.00,10.561,1.00,-999,0.00,-999,0.00,-999,0.00,-999,0.00,-999,0.00,-999,0.00,-999,0.00,-999,0.00,-999,0.00
2005-12-26 00:00:00,2005-12-26 10:00:00,-999,0.00,-999,0.00,-999,0.00,-999,0.00,-999,0.00,-999,0.00,-999,0.00,-999,0.00,-999,0.00,-999,0.00,9.458e+05,1.00,0.86,1.00,12.8,1.00,10.570,1.00,-999,0.00,-999,0.00,-999,0.00,-999,0.00,-999,0.00,-999,0.00,-999,0.00,-999,0.00,-999,0.00
2006-01-02 00:00:00,2006-01-02 10:00:00,-999,0.00,-999,0.00,-999,0.00,-999,0.00,-999,0.00,-999,0.00,-999,0.00,-999,0.00,-999,0.00,-999,0.00,8.860e+05,1.00,0.81,1.00,12.9,1.00,10.602,1.00,-999,0.00,-999,0.00,-999,0.00,-999,0.00,-999,0.00,-999,0.00,-999,0.00,-999,0.00,-999,0.00
2006-01-09 00:00:00,2006-01-09 10:00:00,-999,0.00,-999,0.00,-999,0.00,-999,0.00,-999,0.00,-999,0.00,-999,0.00,-999,0.00,-999,0.00,-999,0.00,1.553e+06,1.00,1.06,1.00,12.6,1.00,10.591,1.00,-999,0.00,-999,0.00,-999,0.00,-999,0.00,-999,0.00,-999,0.00,-999,0.00,-999,0.00,-999,0.00
2006-01-16 00:00:00,2006-01-16 10:00:00,-999,0.00,-999,0.00,-999,0.00,-999,0.00,-999,0.00,-999,0.00,-999,0.00,-999,0.00,-999,0.00,-999,0.00,1.045e+06,1.00,0.89,1.00,12.5,1.00,10.608,1.00,-999,0.00,-999,0.00,-999,0.00,-999,0.00,-999,0.00,-999,0.00,-999,0.00,-999,0.00,-999,0.00
2006-01-23 00:00:00,2006-01-23 10:00:00,-999,0.00,-999,0.00,-999,0.00,-999,0.00,-999,0.00,-999,0.00,-999,0.00,-999,0.00,-999,0.00,-999,0.00,7.752e+05,1.00,0.83,1.00,11.1,1.00,10.617,1.00,-999,0.00,-999,0.00,-999,0.00,-999,0.00,-999,0.00,-999,0.00,-999,0.00,-999,0.00,-999,0.00
2006-01-30 00:00:00,2006-01-30 10:00:00,-999,0.00,-999,0.00,-999,0.00,-999,0.00,-999,0.00,-999,0.00,-999,0.00,-999,0.00,-999,0.00,-999,0.00,2.219e+06,1.00,1.29,1.00,11.4,1.00,10.588,1.00,-999,0.00,-999,0.00,-999,0.00,-999,0.00,-999,0.00,-999,0.00,-999,0.00,-999,0.00,-999,0.00
2006-02-06 00:00:00,2006-02-06 10:00:00,-999,0.00,-999,0.00,-999,0.00,-999,0.00,-999,0.00,-999,0.00,-999,0.00,-999,0.00,-999,0.00,-999,0.00,9.671e+05,1.00,0.87,1.00,11.2,1.00,10.551,1.00,-999,0.00,-999,0.00,-999,0.00,-999,0.00,-999,0.00,-999,0.00,-999,0.00,-999,0.00,-999,0.00
2006-02-13 00:00:00,2006-02-13 10:00:00,-999,0.00,-999,0.00,-999,0.00,-999,0.00,-999,0.00,-999,0.00,-999,0.00,-999,0.00,-999,0.00,-999,0.00,2.074e+06,1.00,1.31,1.00,11.8,1.00,10.573,1.00,-999,0.00,-999,0.00,-999,0.00,-999,0.00,-999,0.00,-999,0.00,-999,0.00,-999,0.00,-999,0.00
2006-02-20 00:00:00,2006-02-20 10:00:00,-999,0.00,-999,0.00,-999,0.00,-999,0.00,-999,0.00,-999,0.00,-999,0.00,-999,0.00,-999,0.00,-999,0.00,2.469e+06,1.00,1.36,1.00,11.8,1.00,10.576,1.00,-999,0.00,-999,0.00,-999,0.00,-999,0.00,-999,0.00,-999,0.00,-999,0.00,-999,0.00,-999,0.00
2006-02-27 00:00:00,2006-02-27 10:00:00,-999,0.00,-999,0.00,-999,0.00,-999,0.00,-999,0.00,-999,0.00,-999,0.00,-999,0.00,-999,0.00,-999,0.00,2.935e+06,1.00,1.40,1.00,12.5,1.00,10.606,1.00,-999,0.00,-999,0.00,-999,0.00,-999,0.00,-999,0.00,-999,0.00,-999,0.00,-999,0.00,-999,0.00
2006-03-06 00:00:00,2006-03-06 10:00:00,-999,0.00,-999,0.00,-999,0.00,-999,0.00,-999,0.00,-999,0.00,-999,0.00,-999,0.00,-999,0.00,-999,0.00,2.610e+06,1.00,1.30,1.00,12.4,1.00,10.583,1.00,-999,0.00,-999,0.00,-999,0.00,-999,0.00,-999,0.00,-999,0.00,-999,0.00,-999,0.00,-999,0.00
2006-03-13 00:00:00,2006-03-13 10:00:00,-999,0.00,-999,0.00,-999,0.00,-999,0.00,-999,0.00,-999,0.00,-999,0.00,-999,0.00,-999,0.00,-999,0.00,2.046e+06,1.00,1.16,1.00,12.9,1.00,10.597,1.00,-999,0.00,-999,0.00,-999,0.00,-999,0.00,-999,0.00,-999,0.00,-999,0.00,-999,0.00,-999,0.00
2006-03-20 00:00:00,2006-03-20 10:00:00,-999,0.00,-999,0.00,-999,0.00,-999,0.00,-999,0.00,-999,0.00,-999,0.00,-999,0.00,-999,0.00,-999,0.00,1.539e+06,1.00,1.08,1.00,12.0,1.00,10.598,1.00,-999,0.00,-999,0.00,-999,0.00,-999,0.00,-999,0.00,-999,0.00,-999,0.00,-999,0.00,-999,0.00
2006-03-27 00:00:00,2006-03-27 10:00:00,-999,0.00,-999,0.00,-999,0.00,-999,0.00,-999,0.00,-999,0.00,-999,0.00,-999,0.00,-999,0.00,-999,0.00,3.385e+06,1.00,1.55,1.00,13.2,1.00,10.606,1.00,-999,0.00,29.29,0.66,29.27,0.66,29.33,0.66,35.8954,0.66,22.6425,0.66,29.28,0.66,35.9015,0.66,22.7060,0.66
2006-04-03 00:00:00,2006-04-03 10:00:00,-999,0.00,-999,0.00,-999,0.00,-999,0.00,-999,0.00,-999,0.00,-999,0.00,-999,0.00,-999,0.00,-999,0.00,1.009e+06,1.00,0.91,1.00,12.3,1.00,10.595,1.00,-999,0.00,29.42,1.00,29.38,1.00,29.50,1.00,35.8952,1.00,22.5877,1.00,29.39,1.00,35.9008,1.00,22.6664,1.00
2006-04-10 00:00:00,2006-04-10 10:00:00,-999,0.00,-999,0.00,-999,0.00,-999,0.00,-999,0.00,-999,0.00,-999,0.00,-999,0.00,-999,0.00,-999,0.00,8.886e+05,1.00,0.81,1.00,13.3,1.00,10.635,1.00,-999,0.00,29.27,1.00,29.27,1.00,29.30,1.00,35.9730,1.00,22.7127,1.00,29.27,1.00,35.9885,1.00,22.7746,1.00
2006-04-17 00:00:00,2006-04-17 10:00:00,-999,0.00,-999,0.00,-999,0.00,-999,0.00,-999,0.00,-999,0.00,-999,0.00,-999,0.00,-999,0.00,-999,0.00,5.664e+06,1.00,2.13,1.00,11.0,1.00,10.628,1.00,-999,0.00,28.99,1.00,28.99,1.00,28.99,1.00,35.9772,1.00,22.8215,1.00,28.99,1.00,36.0000,1.00,22.8769,1.00
2006-04-24 00:00:00,2006-04-24 10:00:00,-999,0.00,-999,0.00,-999,0.00,-999,0.00,-999,0.00,-999,0.00,-999,0.00,-999,0.00,-999,0.00,-999,0.00,3.211e+06,1.00,1.55,1.00,11.2,1.00,10.593,1.00,-999,0.00,28.80,1.00,28.80,1.00,28.80,1.00,35.8961,1.00,22.8238,1.00,28.80,1.00,35.9265,1.00,22.8847,1.00
2006-05-01 00:00:00,2006-05-01 10:00:00,-999,0.00,-999,0.00,-999,0.00,-999,0.00,-999,0.00,-999,0.00,-999,0.00,-999,0.00,-999,0.00,-999,0.00,1.667e+06,1.00,1.06,1.00,12.4,1.00,10.595,1.00,-999,0.00,28.87,1.00,28.86,1.00,28.89,1.00,35.9105,1.00,22.8019,1.00,28.86,1.00,35.9310,1.00,22.8691,1.00
2006-05-08 00:00:00,2006-05-08 10:00:00,-999,0.00,-999,0.00,-999,0.00,-999,0.00,-999,0.00,-999,0.00,-999,0.00,-999,0.00,-999,0.00,-999,0.00,1.842e+06,1.00,1.14,1.00,13.5,1.00,10.624,1.00,-999,0.00,28.85,1.00,28.84,1.00,28.88,1.00,35.8945,1.00,22.7950,1.00,28.84,1.00,35.9144,1.00,22.8621,1.00
2006-05-15 00:00:00,2006-05-15 10:00:00,-999,0.00,-999,0.00,-999,0.00,-999,0.00,-999,0.00,-999,0.00,-999,0.00,-999,0.00,-999,0.00,-999,0.00,4.633e+06,1.00,1.77,1.00,12.6,1.00,10.609,1.00,-999,0.00,28.89,1.00,28.87,1.00,28.97,0.26,35.8857,0.26,22.7580,0.26,28.93,0.35,35.9092,0.35,22.8299,0.35
2006-05-22 00:00:00,2006-05-22 10:00:00,-999,0.00,-999,0.00,-999,0.00,-999,0.00,-999,0.00,-999,0.00,-999,0.00,-999,0.00,-999,0.00,-999,0.00,5.471e+06,1.00,2.06,1.00,12.2,1.00,10.607,1.00,-999,0.00,28.54,1.00,28.56,1.00,-999,0.00,-999,0.00,-999,0.00,-999,0.00,-999,0.00,-999,0.00
2006-05-29 00:00:00,2006-05-29 10:00:00,-999,0.00,-999,0.00,-999,0.00,-999,0.00,-999,0.00,-999,0.00,-999,0.00,-999,0.00,-999,0.00,-999,0.00,3.827e+06,1.00,1.60,1.00,13.1,1.00,10.576,1.00,-999,0.00,28.31,1.00,28.31,1.00,-999,0.00,-999,0.00,-999,0.00,-999,0.00,-999,0.00,-999,0.00
2006-06-05 00:00:00,2006-06-05 10:00:00,-999,0.00,-999,0.00,-999,0.00,-999,0.00,-999,0.00,-999,0.00,-999,0.00,-999,0.00,-999,0.00,-999,0.00,6.336e+06,1.00,2.02,1.00,13.8,1.00,10.556,1.00,-999,0.00,28.11,1.00,28.10,1.00,-999,0.00,-999,0.00,-999,0.00,-999,0.00,-999,0.00,-999,0.00
2006-06-12 00:00:00,2006-06-12 10:00:00,-999,0.00,-999,0.00,-999,0.00,-999,0.00,-999,0.00,-999,0.00,-999,0.00,-999,0.00,-999,0.00,-999,0.00,3.104e+06,1.00,1.46,1.00,13.7,1.00,10.568,1.00,-999,0.00,27.83,1.00,27.82,1.00,-999,0.00,-999,0.00,-999,0.00,-999,0.00,-999,0.00,-999,0.00
2006-06-19 00:00:00,2006-06-19 10:00:00,-999,0.00,-999,0.00,-999,0.00,-999,0.00,-999,0.00,-999,0.00,-999,0.00,-999,0.00,-999,0.00,-999,0.00,3.799e+06,1.00,1.68,1.00,13.0,1.00,10.583,1.00,-999,0.00,27.48,1.00,27.47,1.00,27.44,0.35,35.8828,0.35,23.2566,0.35,27.43,0.35,35.8824,0.35,23.3005,0.35
2006-06-26 00:00:00,2006-06-26 10:00:00,-999,0.00,-999,0.00,-999,0.00,-999,0.00,-999,0.00,-999,0.00,-999,0.00,-999,0.00,-999,0.00,-999,0.00,2.224e+06,1.00,1.33,1.00,12.4,1.00,10.577,1.00,-999,0.00,27.46,1.00,27.45,1.00,27.47,1.00,35.9000,1.00,23.2626,1.00,27.45,1.00,35.8983,1.00,23.3063,1.00
2006-07-03 00:00:00,2006-07-03 10:00:00,-999,0.00,-999,0.00,-999,0.00,-999,0.00,-999,0.00,-999,0.00,-999,0.00,-999,0.00,-999,0.00,-999,0.00,4.463e+06,1.00,1.83,1.00,12.7,1.00,10.590,1.00,-999,0.00,27.44,1.00,27.44,1.00,27.45,1.00,35.8955,1.00,23.2640,1.00,27.44,1.00,35.9037,1.00,23.3152,1.00
2006-07-10 00:00:00,2006-07-10 10:00:00,-999,0.00,-999,0.00,-999,0.00,-999,0.00,-999,0.00,-999,0.00,-999,0.00,-999,0.00,-999,0.00,-999,0.00,3.530e+06,0.93,1.63,0.93,12.6,0.93,10.594,0.93,-999,0.00,27.31,1.00,27.31,1.00,27.32,1.00,35.9094,1.00,23.3170,1.00,27.31,1.00,35.9093,1.00,23.3609,1.00
2006-07-17 00:00:00,2006-07-17 10:00:00,-999,0.00,-999,0.00,-999,0.00,-999,0.00,-999,0.00,-999,0.00,-999,0.00,-999,0.00,-999,0.00,-999,0.00,1.876e+06,1.00,1.23,1.00,12.4,1.00,10.563,1.00,-999,0.00,27.21,1.00,27.21,1.00,27.23,1.00,35.9490,1.00,23.3745,1.00,27.21,1.00,35.9449,1.00,23.4207,1.00
2006-07-24 00:00:00,2006-07-24 10:00:00,-999,0.00,-999,0.00,-999,0.00,-999,0.00,-999,0.00,-999,0.00,-999,0.00,-999,0.00,-999,0.00,-999,0.00,1.280e+07,1.00,2.86,1.00,14.6,1.00,10.551,1.00,-999,0.00,27.10,1.00,27.10,1.00,27.12,1.00,35.9271,1.00,23.3961,1.00,27.10,1.00,35.9246,1.00,23.4394,1.00
2006-07-31 00:00:00,2006-07-31 10:00:00,-999,0.00,-999,0.00,-999,0.00,-999,0.00,-999,0.00,-999,0.00,-999,0.00,-999,0.00,-999,0.00,-999,0.00,5.885e+06,1.00,2.00,1.00,11.8,1.00,10.584,1.00,-999,0.00,27.00,1.00,27.00,1.00,27.01,1.00,35.8949,1.00,23.4073,1.00,27.00,1.00,35.8978,1.00,23.4519,1.00
2006-08-07 00:00:00,2006-08-07 10:00:00,-999,0.00,-999,0.00,-999,0.00,-999,0.00,-999,0.00,-999,0.00,-999,0.00,-999,0.00,-999,0.00,-999,0.00,2.643e+06,1.00,1.54,1.00,10.9,1.00,10.560,1.00,-999,0.00,26.58,1.00,26.58,1.00,26.58,1.00,35.9887,1.00,23.6129,1.00,26.58,1.00,35.9869,1.00,23.6532,1.00
2006-08-14 00:00:00,2006-08-14 10:00:00,-999,0.00,-999,0.00,-999,0.00,-999,0.00,-999,0.00,-999,0.00,-999,0.00,-999,0.00,-999,0.00,-999,0.00,2.832e+06,1.00,1.42,1.00,12.2,1.00,10.544,1.00,-999,0.00,26.50,1.00,26.50,1.00,26.50,1.00,35.9631,1.00,23.6189,1.00,26.50,1.00,35.9599,1.00,23.6592,1.00
2006-08-21 00:00:00,2006-08-21 10:00:00,-999,0.00,-999,0.00,-999,0.00,-999,0.00,-999,0.00,-999,0.00,-999,0.00,-999,0.00,-999,0.00,-999,0.00,3.833e+06,1.00,1.70,1.00,12.2,1.00,10.528,1.00,-999,0.00,26.42,1.00,26.41,1.00,26.45,1.00,36.0423,1.00,23.6943,1.00,26.41,1.00,36.0387,1.00,23.7470,1.00
2006-08-28 00:00:00,2006-08-28 10:00:00,-999,0.00,-999,0.00,-999,0.00,-999,0.00,-999,0.00,-999,0.00,-999,0.00,-999,0.00,-999,0.00,-999,0.00,3.718e+06,1.00,1.57,1.00,12.2,1.00,10.553,1.00,-999,0.00,26.50,1.00,26.49,1.00,26.53,1.00,36.1891,1.00,23.7803,1.00,26.49,1.00,36.2063,1.00,23.8457,1.00
2006-09-04 00:00:00,2006-09-04 10:00:00,-999,0.00,-999,0.00,-999,0.00,-999,0.00,-999,0.00,-999,0.00,-999,0.00,-999,0.00,-999,0.00,-999,0.00,4.110e+06,1.00,1.67,1.00,12.4,1.00,10.557,1.00,-999,0.00,26.41,1.00,26.40,1.00,26.42,1.00,36.2304,1.00,23.8456,1.00,26.40,1.00,36.2624,1.00,23.9183,1.00
2006-09-11 00:00:00,2006-09-11 10:00:00,-999,0.00,-999,0.00,-999,0.00,-999,0.00,-999,0.00,-999,0.00,-999,0.00,-999,0.00,-999,0.00,-999,0.00,8.524e+06,1.00,2.23,1.00,14.8,1.00,10.532,1.00,-999,0.00,26.47,1.00,26.44,1.00,26.54,1.00,36.2262,1.00,23.8065,1.00,26.45,1.00,36.2556,1.00,23.8979,1.00
2006-09-18 00:00:00,2006-09-18 10:00:00,-999,0.00,-999,0.00,-999,0.00,-999,0.00,-999,0.00,-999,0.00,-999,0.00,-999,0.00,-999,0.00,-999,0.00,4.345e+06,1.00,1.74,1.00,13.1,1.00,10.557,1.00,-999,0.00,26.61,1.00,26.59,1.00,26.65,1.00,36.2589,1.00,23.7954,1.00,26.59,1.00,36.2909,1.00,23.8783,1.00
2006-09-25 00:00:00,2006-09-25 10:00:00,-999,0.00,-999,0.00,-999,0.00,-999,0.00,-999,0.00,-999,0.00,-999,0.00,-999,0.00,-999,0.00,-999,0.00,1.646e+06,1.00,1.22,1.00,10.7,1.00,10.561,1.00,-999,0.00,26.66,1.00,26.64,1.00,26.70,1.00,36.2469,1.00,23.7697,1.00,26.65,1.00,36.2850,1.00,23.8562,1.00
2006-10-02 00:00:00,2006-10-02 10:00:00,-999,0.00,-999,0.00,-999,0.00,-999,0.00,-999,0.00,-999,0.00,-999,0.00,-999,0.00,-999,0.00,-999,0.00,1.106e+06,1.00,0.96,1.00,11.5,1.00,10.571,1.00,-999,0.00,27.04,1.00,26.97,1.00,27.12,1.00,36.2782,1.00,23.6593,1.00,27.00,1.00,36.3304,1.00,23.7780,1.00
2006-10-09 00:00:00,2006-10-09 10:00:00,-999,0.00,-999,0.00,-999,0.00,-999,0.00,-999,0.00,-999,0.00,-999,0.00,-999,0.00,-999,0.00,-999,0.00,5.044e+06,1.00,1.76,1.00,12.5,1.00,10.508,1.00,-999,0.00,26.76,1.00,26.73,1.00,26.79,1.00,36.2799,1.00,23.7667,1.00,26.74,1.00,36.3220,1.00,23.8546,1.00
2006-10-16 00:00:00,2006-10-16 10:00:00,-999,0.00,-999,0.00,-999,0.00,-999,0.00,-999,0.00,-999,0.00,-999,0.00,-999,0.00,-999,0.00,-999,0.00,8.319e+06,1.00,2.27,1.00,13.5,1.00,10.533,1.00,-999,0.00,27.01,1.00,27.01,1.00,27.02,1.00,36.3301,1.00,23.7300,1.00,27.01,1.00,36.3724,1.00,23.8070,1.00
2006-10-23 00:00:00,2006-10-23 10:00:00,-999,0.00,-999,0.00,-999,0.00,-999,0.00,-999,0.00,-999,0.00,-999,0.00,-999,0.00,-999,0.00,-999,0.00,3.453e+06,1.00,1.67,1.00,11.1,1.00,10.517,1.00,-999,0.00,26.79,1.00,26.79,1.00,26.80,1.00,36.2661,1.00,23.7525,1.00,26.79,1.00,36.3246,1.00,23.8406,1.00
2006-10-30 00:00:00,2006-10-30 10:00:00,-999,0.00,-999,0.00,-999,0.00,-999,0.00,-999,0.00,-999,0.00,-999,0.00,-999,0.00,-999,0.00,-999,0.00,1.913e+06,1.00,1.27,1.00,11.5,1.00,10.545,1.00,-999,0.00,26.82,1.00,26.81,1.00,26.84,1.00,36.2947,1.00,23.7596,1.00,26.82,1.00,36.3384,1.00,23.8429,1.00
2006-11-06 00:00:00,2006-11-06 10:00:00,-999,0.00,-999,0.00,-999,0.00,-999,0.00,-999,0.00,-999,0.00,-999,0.00,-999,0.00,-999,0.00,-999,0.00,1.339e+06,1.00,1.05,1.00,11.5,1.00,10.519,1.00,-999,0.00,27.16,1.00,27.05,1.00,27.33,1.00,36.3109,1.00,23.6162,1.00,27.09,1.00,36.3502,1.00,23.7624,1.00
2006-11-13 00:00:00,2006-11-13 10:00:00,-999,0.00,-999,0.00,-999,0.00,-999,0.00,-999,0.00,-999,0.00,-999,0.00,-999,0.00,-999,0.00,-999,0.00,1.988e+06,1.00,1.33,1.00,10.7,1.00,10.530,1.00,-999,0.00,27.37,1.00,27.27,1.00,27.45,1.00,36.2628,1.00,23.5396,1.00,27.31,1.00,36.3310,1.00,23.6770,1.00
2006-11-20 00:00:00,2006-11-20 10:00:00,-999,0.00,-999,0.00,-999,0.00,-999,0.00,-999,0.00,-999,0.00,-999,0.00,-999,0.00,-999,0.00,-999,0.00,1.976e+06,1.00,1.18,1.00,11.3,1.00,10.485,1.00,-999,0.00,27.24,1.00,27.22,1.00,27.30,1.00,36.3320,1.00,23.6422,1.00,27.23,1.00,36.3764,1.00,23.7386,1.00
2006-11-27 00:00:00,2006-11-27 10:00:00,-999,0.00,-999,0.00,-999,0.00,-999,0.00,-999,0.00,-999,0.00,-999,0.00,-999,0.00,-999,0.00,-999,0.00,8.881e+05,1.00,0.87,1.00,11.6,1.00,10.524,1.00,-999,0.00,27.55,1.00,27.53,1.00,27.61,1.00,36.3282,1.00,23.5393,1.00,27.54,1.00,36.3832,1.00,23.6439,1.00
2006-12-04 00:00:00,2006-12-04 10:00:00,-999,0.00,-999,0.00,-999,0.00,-999,0.00,-999,0.00,-999,0.00,-999,0.00,-999,0.00,-999,0.00,-999,0.00,9.842e+05,0.99,0.89,0.99,11.8,0.99,10.500,0.97,-999,0.00,27.85,1.00,27.79,1.00,27.92,1.00,36.0673,1.00,23.2413,1.00,27.82,1.00,36.1742,1.00,23.3925,1.00
2006-12-11 00:00:00,2006-12-11 10:00:00,-999,0.00,-999,0.00,-999,0.00,-999,0.00,-999,0.00,-999,0.00,-999,0.00,-999,0.00,-999,0.00,-999,0.00,7.326e+06,1.00,1.93,1.00,12.6,1.00,10.524,1.00,-999,0.00,28.66,1.00,28.54,1.00,28.79,1.00,36.0975,1.00,22.9733,1.00,28.60,1.00,36.0992,1.00,23.0806,1.00
2006-12-18 00:00:00,2006-12-18 10:00:00,-999,0.00,-999,0.00,-999,0.00,-999,0.00,-999,0.00,-999,0.00,-999,0.00,-999,0.00,-999,0.00,-999,0.00,1.701e+06,1.00,1.23,1.00,10.7,1.00,10.517,1.00,-999,0.00,28.51,1.00,28.36,1.00,28.64,1.00,36.1380,1.00,23.0546,1.00,28.43,1.00,36.1545,1.00,23.1770,1.00
2006-12-25 00:00:00,2006-12-25 10:00:00,-999,0.00,-999,0.00,-999,0.00,-999,0.00,-999,0.00,-999,0.00,-999,0.00,-999,0.00,-999,0.00,-999,0.00,4.490e+05,1.00,0.64,1.00,10.1,1.00,10.550,1.00,-999,0.00,28.93,1.00,28.79,1.00,29.09,1.00,36.1196,1.00,22.8907,1.00,28.85,1.00,36.1354,1.00,23.0250,1.00
2007-01-01 00:00:00,2007-01-01 10:00:00,-999,0.00,-999,0.00,-999,0.00,-999,0.00,-999,0.00,-999,0.00,-999,0.00,-999,0.00,-999,0.00,-999,0.00,5.658e+05,1.00,0.67,1.00,10.6,1.00,10.567,1.00,-999,0.00,29.26,1.00,29.21,1.00,29.32,1.00,36.1284,1.00,22.8189,1.00,29.23,1.00,36.1169,1.00,22.8823,1.00
2007-01-08 00:00:00,2007-01-08 10:00:00,-999,0.00,-999,0.00,-999,0.00,-999,0.00,-999,0.00,-999,0.00,-999,0.00,-999,0.00,-999,0.00,-999,0.00,1.593e+06,1.00,1.08,1.00,11.2,1.00,10.611,1.00,-999,0.00,28.88,1.00,28.87,1.00,28.88,1.00,36.0691,1.00,22.9253,1.00,28.87,1.00,36.0659,1.00,22.9646,1.00
2007-01-15 00:00:00,2007-01-15 10:00:00,-999,0.00,-999,0.00,-999,0.00,-999,0.00,-999,0.00,-999,0.00,-999,0.00,-999,0.00,-999,0.00,-999,0.00,1.765e+06,1.00,1.28,1.00,10.4,1.00,10.589,1.00,-999,0.00,28.17,1.00,28.15,1.00,28.17,1.00,35.7674,1.00,22.9323,1.00,28.16,1.00,35.8292,1.00,23.0228,1.00
2007-01-22 00:00:00,2007-01-22 10:00:00,-999,0.00,-999,0.00,-999,0.00,-999,0.00,-999,0.00,-999,0.00,-999,0.00,-999,0.00,-999,0.00,-999,0.00,1.343e+06,1.00,1.07,1.00,11.3,1.00,10.605,1.00,-999,0.00,28.00,1.00,27.97,1.00,28.04,1.00,35.8322,1.00,23.0251,1.00,27.98,1.00,35.8513,1.00,23.0982,1.00
2007-01-29 00:00:00,2007-01-29 10:00:00,-999,0.00,-999,0.00,-999,0.00,-999,0.00,-999,0.00,-999,0.00,-999,0.00,-999,0.00,-999,0.00,-999,0.00,1.049e+06,1.00,0.94,1.00,11.4,1.00,10.576,1.00,-999,0.00,28.49,1.00,28.43,1.00,28.62,1.00,35.9187,1.00,22.8968,1.00,28.46,1.00,35.9056,1.00,22.9826,1.00
2007-02-05 00:00:00,2007-02-05 10:00:00,-999,0.00,-999,0.00,-999,0.00,-999,0.00,-999,0.00,-999,0.00,-999,0.00,-999,0.00,-999,0.00,-999,0.00,9.650e+05,1.00,0.96,1.00,10.2,1.00,10.608,1.00,-999,0.00,28.82,1.00,28.69,1.00,28.95,1.00,35.6970,1.00,22.6197,1.00,28.74,1.00,35.7810,1.00,22.7939,1.00
2007-02-12 00:00:00,2007-02-12 10:00:00,-999,0.00,-999,0.00,-999,0.00,-999,0.00,-999,0.00,-999,0.00,-999,0.00,-999,0.00,-999,0.00,-999,0.00,3.408e+06,1.00,1.46,1.00,12.5,1.00,10.572,1.00,-999,0.00,29.10,1.00,28.86,1.00,29.36,1.00,35.7778,1.00,22.5425,1.00,28.96,1.00,35.8214,1.00,22.7520,1.00
2007-02-19 00:00:00,2007-02-19 10:00:00,-999,0.00,-999,0.00,-999,0.00,-999,0.00,-999,0.00,-999,0.00,-999,0.00,-999,0.00,-999,0.00,-999,0.00,2.705e+06,1.00,1.44,1.00,11.7,1.00,10.620,1.00,-999,0.00,29.26,1.00,29.15,1.00,29.40,1.00,35.8894,1.00,22.6139,1.00,29.20,1.00,35.8954,1.00,22.7271,1.00
2007-02-26 00:00:00,2007-02-26 10:00:00,-999,0.00,-999,0.00,-999,0.00,-999,0.00,-999,0.00,-999,0.00,-999,0.00,-999,0.00,-999,0.00,-999,0.00,2.252e+06,1.00,1.20,1.00,13.5,1.00,10.623,1.00,-999,0.00,29.59,1.00,29.56,1.00,29.68,1.00,36.0312,1.00,22.6239,1.00,29.57,1.00,36.0093,1.00,22.6874,1.00
2007-03-05 00:00:00,2007-03-05 10:00:00,-999,0.00,-999,0.00,-999,0.00,-999,0.00,-999,0.00,-999,0.00,-999,0.00,-999,0.00,-999,0.00,-999,0.00,4.182e+06,1.00,1.74,1.00,12.7,1.00,10.635,1.00,-999,0.00,29.49,1.00,29.49,1.00,29.52,1.00,36.0225,1.00,22.6750,1.00,29.49,1.00,36.0057,1.00,22.7123,1.00
2007-03-12 00:00:00,2007-03-12 10:00:00,-999,0.00,-999,0.00,-999,0.00,-999,0.00,-999,0.00,-999,0.00,-999,0.00,-999,0.00,-999,0.00,-999,0.00,2.026e+06,1.00,1.27,1.00,12.3,1.00,10.623,1.00,-999,0.00,29.44,1.00,29.43,1.00,29.47,1.00,35.9941,1.00,22.6696,1.00,29.43,1.00,35.9771,1.00,22.7097,1.00
2007-03-19 00:00:00,2007-03-19 10:00:00,-999,0.00,-999,0.00,-999,0.00,-999,0.00,-999,0.00,-999,0.00,-999,0.00,-999,0.00,-999,0.00,-999,0.00,1.969e+06,1.00,1.24,1.00,12.0,1.00,10.632,1.00,-999,0.00,29.48,0.99,29.45,0.96,29.55,1.00,35.9826,1.00,22.6333,1.00,29.46,1.00,35.9724,1.00,22.6966,1.00
2007-03-26 00:00:00,2007-03-26 10:00:00,-999,0.00,-999,0.00,-999,0.00,-999,0.00,-999,0.00,-999,0.00,-999,0.00,-999,0.00,-999,0.00,-999,0.00,4.429e+06,1.00,1.79,1.00,13.4,1.00,10.621,1.00,-999,0.00,29.25,1.00,29.24,1.00,29.25,1.00,35.7793,1.00,22.5828,1.00,29.24,1.00,35.8374,1.00,22.6690,1.00
2007-04-02 00:00:00,2007-04-02 10:00:00,0.022,0.37,-0.037,0.37,-0.005,0.37,0.067,0.37,0.080,0.37,0.133,0.37,1.601e+06,0.36,1.17,0.36,11.5,0.36,197.4,0.36,2.462e+06,1.00,1.33,1.00,12.2,1.00,10.604,1.00,-999,0.00,29.34,1.00,29.28,1.00,29.42,1.00,35.7848,1.00,22.5277,1.00,29.30,1.00,35.8239,1.00,22.6381,1.00
2007-04-09 00:00:00,2007-04-09 10:00:00,-999,0.00,-999,0.00,-999,0.00,-999,0.00,-999,0.00,-999,0.00,-999,0.00,-999,0.00,-999,0.00,-999,0.00,2.407e+06,1.00,1.37,1.00,12.3,1.00,10.572,1.00,-999,0.00,29.29,1.00,29.24,1.00,29.36,1.00,35.8119,1.00,22.5682,1.00,29.27,1.00,35.8450,1.00,22.6668,1.00
2007-04-16 00:00:00,2007-04-16 10:00:00,-999,0.00,-999,0.00,-999,0.00,-999,0.00,-999,0.00,-999,0.00,-999,0.00,-999,0.00,-999,0.00,-999,0.00,3.212e+06,1.00,1.47,1.00,13.4,1.00,10.573,1.00,-999,0.00,29.19,1.00,29.18,1.00,29.22,1.00,36.0192,1.00,22.7738,1.00,29.18,1.00,36.0403,1.00,22.8416,1.00
2007-04-23 00:00:00,2007-04-23 10:00:00,-999,0.00,-999,0.00,-999,0.00,-999,0.00,-999,0.00,-999,0.00,-999,0.00,-999,0.00,-999,0.00,-999,0.00,5.645e+06,1.00,1.89,1.00,13.2,1.00,10.572,1.00,-999,0.00,29.05,1.00,29.03,1.00,29.11,1.00,36.0450,1.00,22.8299,1.00,29.04,1.00,36.0530,1.00,22.8998,1.00
2007-04-30 00:00:00,2007-04-30 10:00:00,-999,0.00,-999,0.00,-999,0.00,-999,0.00,-999,0.00,-999,0.00,-999,0.00,-999,0.00,-999,0.00,-999,0.00,3.027e+06,1.00,1.44,1.00,12.4,1.00,10.599,1.00,-999,0.00,28.85,1.00,28.84,1.00,28.86,1.00,36.0479,1.00,22.9157,1.00,28.84,1.00,36.0579,1.00,22.9685,1.00
2007-05-07 00:00:00,2007-05-07 10:00:00,-999,0.00,-999,0.00,-999,0.00,-999,0.00,-999,0.00,-999,0.00,-999,0.00,-999,0.00,-999,0.00,-999,0.00,9.710e+05,1.00,0.89,1.00,12.2,1.00,10.615,1.00,-999,0.00,28.89,1.00,28.84,1.00,28.98,1.00,36.0510,1.00,22.8762,1.00,28.86,1.00,36.0595,1.00,22.9658,1.00
2007-05-14 00:00:00,2007-05-14 10:00:00,-999,0.00,-999,0.00,-999,0.00,-999,0.00,-999,0.00,-999,0.00,-999,0.00,-999,0.00,-999,0.00,-999,0.00,4.707e+06,1.00,1.65,1.00,13.7,1.00,10.582,1.00,-999,0.00,28.85,1.00,28.83,1.00,28.89,1.00,36.0364,1.00,22.8962,1.00,28.83,1.00,36.0477,1.00,22.9645,1.00
2007-05-21 00:00:00,2007-05-21 10:00:00,-999,0.00,-999,0.00,-999,0.00,-999,0.00,-999,0.00,-999,0.00,-999,0.00,-999,0.00,-999,0.00,-999,0.00,4.741e+06,1.00,1.85,1.00,13.2,1.00,10.585,1.00,-999,0.00,28.65,1.00,28.65,1.00,28.65,1.00,36.0070,1.00,22.9527,1.00,28.65,1.00,36.0259,1.00,23.0098,1.00
2007-05-28 00:00:00,2007-05-28 10:00:00,-999,0.00,-999,0.00,-999,0.00,-999,0.00,-999,0.00,-999,0.00,-999,0.00,-999,0.00,-999,0.00,-999,0.00,5.782e+06,1.00,1.98,1.00,12.7,1.00,10.559,1.00,-999,0.00,28.51,1.00,28.50,1.00,28.53,1.00,36.0119,1.00,22.9984,1.00,28.50,1.00,36.0257,1.00,23.0588,1.00
2007-06-04 00:00:00,2007-06-04 10:00:00,-999,0.00,-999,0.00,-999,0.00,-999,0.00,-999,0.00,-999,0.00,-999,0.00,-999,0.00,-999,0.00,-999,0.00,2.502e+06,1.00,1.34,1.00,13.1,1.00,10.570,1.00,-999,0.00,28.40,1.00,28.40,1.00,28.42,1.00,36.0255,1.00,23.0436,1.00,28.40,1.00,36.0410,1.00,23.1047,1.00
2007-06-11 00:00:00,2007-06-11 10:00:00,-999,0.00,-999,0.00,-999,0.00,-999,0.00,-999,0.00,-999,0.00,-999,0.00,-999,0.00,-999,0.00,-999,0.00,3.246e+06,1.00,1.41,1.00,11.7,1.00,10.574,1.00,-999,0.00,27.91,1.00,27.91,1.00,27.92,1.00,35.8736,1.00,23.0937,1.00,27.91,1.00,35.8943,1.00,23.1536,1.00
2007-06-18 00:00:00,2007-06-18 10:00:00,-999,0.00,-999,0.00,-999,0.00,-999,0.00,-999,0.00,-999,0.00,-999,0.00,-999,0.00,-999,0.00,-999,0.00,1.298e+06,1.00,1.03,1.00,11.9,1.00,10.538,1.00,-999,0.00,27.78,1.00,27.77,1.00,27.80,1.00,35.8776,1.00,23.1384,1.00,27.77,1.00,35.8984,1.00,23.2026,1.00
2007-06-25 00:00:00,2007-06-25 10:00:00,-999,0.00,-999,0.00,-999,0.00,-999,0.00,-999,0.00,-999,0.00,-999,0.00,-999,0.00,-999,0.00,-999,0.00,9.331e+06,1.00,2.53,1.00,13.3,1.00,10.544,1.00,-999,0.00,27.52,1.00,27.51,1.00,27.52,1.00,36.0227,1.00,23.3364,1.00,27.51,1.00,36.0387,1.00,23.3927,1.00
2007-07-02 00:00:00,2007-07-02 10:00:00,0.057,0.36,0.055,0.36,-0.005,0.36,0.057,0.36,0.073,0.36,0.127,0.36,1.143e+06,0.36,0.99,0.36,11.4,0.36,214.6,0.36,2.881e+06,0.94,1.45,0.94,11.0,0.94,10.554,0.93,-999,0.00,27.15,1.00,27.14,1.00,27.15,1.00,36.0503,1.00,23.4760,1.00,27.14,1.00,36.0694,1.00,23.5352,1.00
2007-07-09 00:00:00,2007-07-09 10:00:00,0.029,1.00,-0.040,1.00,0.000,1.00,0.078,1.00,0.058,1.00,0.114,1.00,2.252e+06,1.00,1.31,1.00,12.2,1.00,216.9,1.00,2.329e+06,1.00,1.35,1.00,11.7,1.00,10.537,1.00,-999,0.00,27.07,1.00,27.07,1.00,27.09,1.00,36.1196,1.00,23.5492,1.00,27.07,1.00,36.1215,1.00,23.5990,1.00
2007-07-16 00:00:00,2007-07-16 10:00:00,-0.007,1.00,-0.094,1.00,-0.001,1.00,0.069,1.00,0.060,1.00,0.139,1.00,2.643e+06,1.00,1.42,1.00,12.5,1.00,211.7,1.00,2.371e+06,1.00,1.40,1.00,11.8,1.00,10.537,1.00,-999,0.00,27.06,1.00,27.06,1.00,27.07,1.00,36.1557,1.00,23.5830,1.00,27.06,1.00,36.1580,1.00,23.6297,1.00
2007-07-23 00:00:00,2007-07-23 10:00:00,0.005,1.00,-0.090,1.00,0.000,1.00,0.083,1.00,0.058,1.00,0.146,1.00,4.200e+06,1.00,1.75,1.00,13.1,1.00,213.0,1.00,3.991e+06,1.00,1.75,1.00,12.1,1.00,10.538,1.00,-999,0.00,27.19,1.00,27.18,1.00,27.19,1.00,36.2128,1.00,23.5875,1.00,27.18,1.00,36.2168,1.00,23.6331,1.00
2007-07-30 00:00:00,2007-07-30 10:00:00,-0.007,1.00,-0.053,1.00,-0.002,1.00,0.044,1.00,0.055,1.00,0.096,1.00,9.943e+05,1.00,0.91,1.00,11.7,1.00,205.9,1.00,8.571e+05,1.00,0.84,1.00,11.3,1.00,10.595,1.00,-999,0.00,27.22,1.00,27.21,1.00,27.26,1.00,36.2887,1.00,23.6221,1.00,27.21,1.00,36.2967,1.00,23.6847,1.00
2007-08-06 00:00:00,2007-08-06 10:00:00,0.029,1.00,-0.033,1.00,-0.002,1.00,0.063,1.00,0.061,1.00,0.102,1.00,1.604e+06,0.99,1.15,0.99,11.2,0.99,209.2,0.99,1.337e+06,1.00,1.06,1.00,10.8,1.00,10.568,1.00,-999,0.00,27.12,1.00,27.11,1.00,27.15,1.00,36.2780,1.00,23.6476,1.00,27.11,1.00,36.2822,1.00,23.7054,1.00
2007-08-13 00:00:00,2007-08-13 10:00:00,0.071,0.63,0.031,0.63,-0.001,0.63,0.042,0.63,0.077,0.63,0.086,0.63,1.242e+06,0.62,0.99,0.62,12.7,0.62,215.2,0.62,2.487e+06,1.00,1.34,1.00,11.9,1.00,10.586,1.00,26.78,0.37,26.87,1.00,26.87,1.00,26.89,1.00,36.2358,1.00,23.7016,1.00,26.87,1.00,36.2240,1.00,23.7401,1.00
2007-08-20 00:00:00,2007-08-20 10:00:00,0.027,0.22,-0.014,0.22,0.005,0.22,0.124,0.22,0.039,0.22,0.143,0.22,4.609e+06,0.22,1.66,0.22,16.7,0.22,214.4,0.22,3.155e+06,1.00,1.37,1.00,13.8,1.00,10.551,1.00,26.88,1.00,26.87,1.00,26.86,1.00,26.93,1.00,36.2154,1.00,23.6739,1.00,26.86,1.00,36.1750,1.00,23.7048,1.00
2007-08-27 00:00:00,2007-08-27 10:00:00,0.069,1.00,0.002,1.00,0.007,1.00,0.098,1.00,0.077,1.00,0.123,1.00,3.619e+06,1.00,1.50,1.00,15.2,1.00,212.7,1.00,4.581e+06,1.00,1.74,1.00,13.3,1.00,10.559,1.00,27.09,1.00,27.08,1.00,27.08,1.00,27.11,1.00,36.3252,1.00,23.6980,1.00,27.08,1.00,36.2859,1.00,23.7196,1.00
2007-09-03 00:00:00,2007-09-03 10:00:00,0.006,1.00,-0.064,1.00,-0.001,1.00,0.075,1.00,0.057,1.00,0.133,1.00,2.770e+06,1.00,1.48,1.00,12.1,1.00,207.0,1.00,2.785e+06,1.00,1.49,1.00,11.5,1.00,10.523,1.00,26.90,1.00,26.89,1.00,26.88,1.00,26.91,1.00,36.2523,1.00,23.7065,1.00,26.89,1.00,36.2117,1.00,23.7244,1.00
2007-09-10 00:00:00,2007-09-10 10:00:00,-0.012,1.00,-0.106,1.00,-0.002,1.00,0.086,1.00,0.051,1.00,0.166,1.00,4.658e+06,1.00,1.75,1.00,14.8,1.00,207.1,1.00,5.479e+06,1.00,2.01,1.00,13.2,1.00,10.512,1.00,26.77,1.00,26.75,1.00,26.74,1.00,26.79,1.00,36.2750,1.00,23.7616,1.00,26.75,1.00,36.2301,1.00,23.7831,1.00
2007-09-17 00:00:00,2007-09-17 10:00:00,-0.004,1.00,-0.074,1.00,-0.003,1.00,0.039,1.00,0.074,1.00,0.132,1.00,1.692e+06,1.00,1.07,1.00,12.6,1.00,198.0,1.00,1.507e+06,1.00,1.07,1.00,11.8,1.00,10.520,1.00,26.80,1.00,26.77,1.00,26.75,1.00,26.84,1.00,36.3247,1.00,23.7824,1.00,26.76,1.00,36.2748,1.00,23.8121,1.00
2007-09-24 00:00:00,2007-09-24 10:00:00,0.028,1.00,-0.040,1.00,-0.002,1.00,0.061,1.00,0.058,1.00,0.116,1.00,1.889e+06,0.99,1.15,0.99,13.6,0.99,208.3,0.99,2.045e+06,1.00,1.25,1.00,12.5,1.00,10.543,1.00,26.90,1.00,26.87,1.00,26.85,1.00,26.96,1.00,36.3488,1.00,23.7644,1.00,26.86,1.00,36.2974,1.00,23.7969,1.00
2007-10-01 00:00:00,2007-10-01 10:00:00,-0.002,1.00,-0.063,1.00,-0.002,1.00,0.067,1.00,0.048,1.00,0.118,1.00,2.419e+06,1.00,1.28,1.00,12.5,1.00,205.6,1.00,2.773e+06,1.00,1.38,1.00,11.7,1.00,10.527,1.00,27.12,1.00,27.08,1.00,27.04,1.00,27.18,1.00,36.3521,1.00,23.6951,1.00,27.06,1.00,36.2980,1.00,23.7341,1.00
2007-10-08 00:00:00,2007-10-08 10:00:00,0.027,1.00,-0.053,1.00,-0.001,1.00,0.055,1.00,0.086,1.00,0.135,1.00,1.944e+06,1.00,1.34,1.00,10.6,1.00,194.1,1.00,1.520e+06,1.00,1.21,1.00,10.1,1.00,10.522,1.00,26.90,1.00,26.89,1.00,26.88,1.00,26.93,1.00,36.3588,1.00,23.7800,1.00,26.89,1.00,36.3075,1.00,23.7966,1.00
2007-10-15 00:00:00,2007-10-15 10:00:00,0.068,1.00,0.081,1.00,-0.000,1.00,0.066,1.00,0.081,1.00,0.119,1.00,1.377e+06,1.00,1.06,1.00,11.8,1.00,203.0,1.00,1.171e+06,1.00,1.02,1.00,10.9,1.00,10.493,1.00,26.83,1.00,26.78,1.00,26.73,1.00,26.91,1.00,36.2143,1.00,23.6788,1.00,26.76,1.00,36.2090,1.00,23.7635,1.00
2007-10-22 00:00:00,2007-10-22 10:00:00,0.078,1.00,0.074,1.00,-0.001,1.00,0.096,1.00,0.086,1.00,0.145,1.00,2.590e+06,1.00,1.29,1.00,14.6,1.00,218.6,1.00,3.685e+06,1.00,1.59,1.00,13.3,1.00,10.517,1.00,27.19,1.00,27.13,1.00,27.08,1.00,27.30,1.00,36.2763,1.00,23.5980,1.00,27.10,1.00,36.2223,1.00,23.6621,1.00
2007-10-29 00:00:00,2007-10-29 10:00:00,0.030,1.00,-0.009,1.00,0.001,1.00,0.125,1.00,0.077,1.00,0.162,1.00,5.630e+06,0.99,1.87,0.99,15.1,0.99,208.7,0.99,8.891e+06,1.00,2.39,1.00,13.7,1.00,10.507,1.00,27.30,1.00,27.28,1.00,27.26,1.00,27.35,1.00,36.2878,1.00,23.5908,1.00,27.27,1.00,36.2325,1.00,23.6170,1.00
2007-11-05 00:00:00,2007-11-05 10:00:00,0.031,1.00,-0.031,1.00,-0.002,1.00,0.058,1.00,0.079,1.00,0.133,1.00,1.542e+06,1.00,1.13,1.00,12.1,1.00,199.8,1.00,1.375e+06,1.00,1.12,1.00,10.9,1.00,10.528,1.00,27.51,1.00,27.49,1.00,27.44,1.00,27.56,1.00,36.2817,1.00,23.5192,1.00,27.47,1.00,36.2326,1.00,23.5518,1.00
2007-11-12 00:00:00,2007-11-12 10:00:00,-0.016,1.00,-0.085,1.00,-0.005,1.00,0.057,1.00,0.059,1.00,0.135,1.00,1.902e+06,1.00,1.15,1.00,12.4,1.00,200.7,1.00,2.275e+06,1.00,1.24,1.00,11.3,1.00,10.532,1.00,27.30,1.00,27.27,1.00,27.23,1.00,27.33,1.00,36.2566,1.00,23.5755,1.00,27.25,1.00,36.2127,1.00,23.6073,1.00
2007-11-19 00:00:00,2007-11-19 10:00:00,-0.006,1.00,-0.061,1.00,-0.006,1.00,0.068,1.00,0.053,1.00,0.123,1.00,2.111e+06,1.00,1.23,1.00,12.5,1.00,209.6,1.00,2.145e+06,1.00,1.29,1.00,11.6,1.00,10.547,1.00,27.62,1.00,27.59,1.00,27.54,1.00,27.67,1.00,36.2114,1.00,23.4286,1.00,27.57,1.00,36.1634,1.00,23.4676,1.00
2007-11-26 00:00:00,2007-11-26 10:00:00,-0.005,0.63,-0.017,0.63,-0.005,0.63,0.028,0.63,0.066,0.63,0.093,0.63,1.166e+06,0.63,0.89,0.63,12.9,0.63,205.4,0.63,1.137e+06,0.94,0.94,0.94,11.8,0.94,10.521,0.94,27.87,0.86,27.86,0.64,27.84,0.65,28.15,1.00,36.1838,1.00,23.2512,1.00,27.96,1.00,36.1681,1.00,23.3429,1.00
2007-12-03 00:00:00,2007-12-03 10:00:00,-0.005,0.08,-0.039,0.08,-0.003,0.08,0.057,0.08,0.063,0.08,0.123,0.08,1.952e+06,0.06,1.30,0.06,11.6,0.06,201.8,0.06,3.445e+06,1.00,1.62,1.00,11.0,1.00,10.490,1.00,27.78,1.00,27.80,1.00,27.78,1.00,27.82,1.00,35.9071,1.00,23.1527,1.00,27.79,1.00,36.0502,1.00,23.3114,1.00
2007-12-10 00:00:00,2007-12-10 10:00:00,0.007,1.00,-0.008,1.00,-0.006,1.00,0.047,1.00,0.093,1.00,0.160,1.00,1.751e+06,1.00,1.20,1.00,11.4,1.00,207.6,1.00,1.766e+06,1.00,1.23,1.00,10.8,1.00,10.470,1.00,27.76,1.00,27.75,1.00,27.74,1.00,27.82,1.00,35.9793,1.00,23.2056,1.00,27.74,1.00,36.0293,1.00,23.3115,1.00
2007-12-17 00:00:00,2007-12-17 10:00:00,0.034,1.00,0.005,1.00,-0.002,1.00,0.039,1.00,0.077,1.00,0.124,1.00,1.734e+06,1.00,1.17,1.00,12.4,1.00,203.5,1.00,1.500e+06,1.00,1.14,1.00,11.0,1.00,10.472,1.00,27.90,1.00,27.90,1.00,27.89,1.00,27.94,1.00,36.0293,1.00,23.2038,1.00,27.89,1.00,36.0561,1.00,23.2837,1.00
2007-12-24 00:00:00,2007-12-24 10:00:00,0.024,1.00,0.033,1.00,-0.002,1.00,0.010,1.00,0.080,1.00,0.122,1.00,5.423e+05,1.00,0.72,1.00,10.2,1.00,193.6,1.00,4.243e+05,1.00,0.65,1.00,9.7,1.00,10.504,1.00,27.58,1.00,27.58,1.00,27.57,1.00,27.59,1.00,35.9682,1.00,23.2741,1.00,27.57,1.00,36.0089,1.00,23.3512,1.00
2007-12-31 00:00:00,2007-12-31 10:00:00,0.031,1.00,0.053,1.00,0.001,1.00,0.010,1.00,0.075,1.00,0.119,1.00,5.495e+05,1.01,0.66,1.01,11.6,1.01,209.7,1.01,5.111e+05,1.00,0.65,1.00,10.8,1.00,10.508,1.00,27.64,1.00,27.63,1.00,27.62,1.00,27.72,1.00,35.9551,1.00,23.2193,1.00,27.61,1.00,35.9772,1.00,23.3140,1.00
2008-01-07 00:00:00,2008-01-07 10:00:00,-0.005,1.00,0.001,1.00,-0.005,1.00,0.041,1.00,0.048,1.00,0.095,1.00,1.741e+06,0.99,1.07,0.99,13.9,0.99,212.7,0.99,2.624e+06,1.00,1.32,1.00,12.9,1.00,10.513,1.00,28.04,1.00,28.04,1.00,28.02,1.00,28.12,1.00,35.9185,1.00,23.0611,1.00,28.02,1.00,35.9514,1.00,23.1600,1.00
2008-01-14 00:00:00,2008-01-14 10:00:00,0.008,1.00,0.005,1.00,-0.002,1.00,0.032,1.00,0.065,1.00,0.115,1.00,1.992e+06,1.00,1.13,1.00,15.1,1.00,212.2,1.00,2.420e+06,1.00,1.30,1.00,13.2,1.00,10.549,1.00,27.96,1.00,27.96,1.00,27.95,1.00,27.98,1.00,35.9294,1.00,23.1151,1.00,27.95,1.00,35.9575,1.00,23.1878,1.00
2008-01-21 00:00:00,2008-01-21 10:00:00,0.019,1.00,0.014,1.00,-0.000,1.00,0.014,1.00,0.064,1.00,0.102,1.00,9.176e+05,1.00,0.83,1.00,12.8,1.00,219.9,1.00,9.286e+05,1.00,0.86,1.00,11.9,1.00,10.511,1.00,27.79,1.00,27.79,1.00,27.79,1.00,27.80,1.00,35.9680,1.00,23.2046,1.00,27.79,1.00,36.0039,1.00,23.2770,1.00
2008-01-28 00:00:00,2008-01-28 10:00:00,0.019,1.00,0.010,1.00,-0.003,1.00,0.032,1.00,0.061,1.00,0.107,1.00,1.445e+06,1.00,1.05,1.00,12.9,1.00,210.3,1.00,1.674e+06,1.00,1.15,1.00,12.1,1.00,10.521,1.00,27.95,1.00,27.94,1.00,27.93,1.00,28.04,1.00,36.0609,1.00,23.1951,1.00,27.93,1.00,36.0764,1.00,23.2853,1.00
2008-02-04 00:00:00,2008-02-04 10:00:00,0.010,1.00,-0.008,1.00,-0.003,1.00,0.022,1.00,0.062,1.00,0.116,1.00,1.132e+06,1.00,0.88,1.00,13.6,1.00,218.9,1.00,1.401e+06,1.00,0.98,1.00,12.5,1.00,10.546,1.00,28.13,1.00,28.12,1.00,28.10,1.00,28.23,1.00,36.0966,1.00,23.1607,1.00,28.10,1.00,36.1140,1.00,23.2560,1.00
2008-02-11 00:00:00,2008-02-11 10:00:00,0.009,1.00,0.035,1.00,-0.007,1.00,0.018,1.00,0.081,1.00,0.126,1.00,7.441e+05,0.99,0.79,0.99,11.3,0.99,213.2,0.99,8.269e+05,1.00,0.84,1.00,10.9,1.00,10.559,1.00,28.41,1.00,28.38,1.00,28.35,1.00,28.60,1.00,36.0356,1.00,22.9918,1.00,28.35,1.00,36.0714,1.00,23.1416,1.00
2008-02-18 00:00:00,2008-02-18 10:00:00,0.023,1.00,0.006,1.00,-0.004,1.00,0.045,1.00,0.068,1.00,0.138,1.00,2.239e+06,1.00,1.11,1.00,14.3,1.00,214.7,1.00,3.770e+06,1.00,1.41,1.00,13.3,1.00,10.555,1.00,28.61,1.00,28.61,1.00,28.60,1.00,28.68,1.00,36.0519,1.00,22.9764,1.00,28.60,1.00,36.0766,1.00,23.0645,1.00
2008-02-25 00:00:00,2008-02-25 10:00:00,0.039,1.00,0.055,1.00,-0.002,1.00,0.021,1.00,0.083,1.00,0.127,1.00,1.073e+06,1.00,0.88,1.00,13.7,1.00,211.2,1.00,1.042e+06,1.00,0.91,1.00,12.5,1.00,10.543,1.00,28.44,1.00,28.45,1.00,28.44,1.00,28.47,1.00,36.0676,1.00,23.0576,1.00,28.44,1.00,36.0937,1.00,23.1305,1.00
2008-03-03 00:00:00,2008-03-03 10:00:00,0.096,1.00,0.129,1.00,-0.003,1.00,0.036,1.00,0.109,1.00,0.158,1.00,1.346e+06,1.00,1.00,1.00,12.8,1.00,202.0,1.00,1.772e+06,1.00,1.10,1.00,12.1,1.00,10.545,1.00,28.35,1.00,28.35,1.00,28.34,1.00,28.37,1.00,36.0829,1.00,23.1037,1.00,28.34,1.00,36.1133,1.00,23.1761,1.00
2008-03-10 00:00:00,2008-03-10 10:00:00,0.086,1.00,0.115,1.00,-0.002,1.00,0.050,1.00,0.105,1.00,0.164,1.00,1.876e+06,1.00,1.11,1.00,14.4,1.00,215.7,1.00,2.465e+06,1.00,1.30,1.00,13.3,1.00,10.541,1.00,28.28,1.00,28.28,1.00,28.26,1.00,28.32,1.00,36.0901,1.00,23.1243,1.00,28.26,1.00,36.1137,1.00,23.2036,1.00
2008-03-17 00:00:00,2008-03-17 10:00:00,0.090,0.91,0.106,0.91,0.003,0.91,0.064,0.91,0.100,0.91,0.155,0.91,2.229e+06,0.42,1.18,0.42,15.7,0.42,214.3,0.42,3.997e+06,1.00,1.63,1.00,14.3,1.00,10.571,1.00,28.10,1.00,28.10,1.00,28.09,1.00,28.12,1.00,36.0819,1.00,23.1857,1.00,28.09,1.00,36.0998,1.00,23.2493,1.00
2008-03-24 00:00:00,2008-03-24 10:00:00,-999,0.00,-999,0.00,-999,0.00,-999,0.00,-999,0.00,-999,0.00,-999,0.00,-999,0.00,-999,0.00,-999,0.00,2.651e+06,1.00,1.35,1.00,13.8,1.00,10.555,1.00,28.22,1.00,28.22,1.00,28.20,1.00,28.30,1.00,36.1819,1.00,23.2023,1.00,28.20,1.00,36.1287,1.00,23.2356,1.00
2008-03-31 00:00:00,2008-03-31 10:00:00,-999,0.00,-999,0.00,-999,0.00,-999,0.00,-999,0.00,-999,0.00,-999,0.00,-999,0.00,-999,0.00,-999,0.00,1.311e+06,1.00,1.06,1.00,11.6,1.00,10.576,1.00,28.36,1.00,28.34,1.00,28.33,1.00,28.44,1.00,36.1949,1.00,23.1662,1.00,28.32,1.00,36.1472,1.00,23.2086,1.00
2008-04-07 00:00:00,2008-04-07 10:00:00,-999,0.00,-999,0.00,-999,0.00,-999,0.00,-999,0.00,-999,0.00,-999,0.00,-999,0.00,-999,0.00,-999,0.00,3.832e+06,1.00,1.58,1.00,13.1,1.00,10.567,1.00,28.39,1.00,28.39,1.00,28.38,1.00,28.42,1.00,36.1489,1.00,23.1379,1.00,28.39,1.00,36.1127,1.00,23.1622,1.00
2008-04-14 00:00:00,2008-04-14 10:00:00,-999,0.00,-999,0.00,-999,0.00,-999,0.00,-999,0.00,-999,0.00,-999,0.00,-999,0.00,-999,0.00,-999,0.00,5.151e+06,1.00,1.78,1.00,12.4,1.00,10.573,1.00,28.28,1.00,28.28,1.00,28.28,1.00,28.29,1.00,36.1163,1.00,23.1549,1.00,28.28,1.00,36.0748,1.00,23.1697,1.00
2008-04-21 00:00:00,2008-04-21 10:00:00,-999,0.00,-999,0.00,-999,0.00,-999,0.00,-999,0.00,-999,0.00,-999,0.00,-999,0.00,-999,0.00,-999,0.00,8.435e+06,1.00,2.12,1.00,13.7,1.00,10.522,1.00,28.34,1.00,28.34,1.00,28.33,1.00,28.38,1.00,36.1551,1.00,23.1560,1.00,28.33,1.00,36.0967,1.00,23.1688,1.00
2008-04-28 00:00:00,2008-04-28 10:00:00,-999,0.00,-999,0.00,-999,0.00,-999,0.00,-999,0.00,-999,0.00,-999,0.00,-999,0.00,-999,0.00,-999,0.00,3.601e+06,1.00,1.59,1.00,11.7,1.00,10.563,1.00,28.22,1.00,28.22,1.00,28.21,1.00,28.24,1.00,36.0852,1.00,23.1486,1.00,28.21,1.00,36.0292,1.00,23.1563,1.00
2008-05-05 00:00:00,2008-05-05 10:00:00,-999,0.00,-999,0.00,-999,0.00,-999,0.00,-999,0.00,-999,0.00,-999,0.00,-999,0.00,-999,0.00,-999,0.00,7.119e+05,1.00,0.75,1.00,11.8,1.00,10.569,1.00,28.32,1.00,28.32,1.00,28.31,1.00,28.37,1.00,36.0934,1.00,23.1117,1.00,28.31,1.00,36.0340,1.00,23.1289,1.00
2008-05-12 00:00:00,2008-05-12 10:00:00,-999,0.00,-999,0.00,-999,0.00,-999,0.00,-999,0.00,-999,0.00,-999,0.00,-999,0.00,-999,0.00,-999,0.00,1.013e+06,1.00,0.93,1.00,11.1,1.00,10.573,1.00,28.23,1.00,28.23,1.00,28.22,1.00,28.27,1.00,36.0286,1.00,23.0943,1.00,28.22,1.00,35.9632,1.00,23.1047,1.00
2008-05-19 00:00:00,2008-05-19 10:00:00,-999,0.00,-999,0.00,-999,0.00,-999,0.00,-999,0.00,-999,0.00,-999,0.00,-999,0.00,-999,0.00,-999,0.00,3.116e+06,1.00,1.52,1.00,11.7,1.00,10.540,1.00,28.18,1.00,28.18,1.00,28.17,1.00,28.20,1.00,36.1058,1.00,23.1756,1.00,28.17,1.00,36.0419,1.00,23.1786,1.00
2008-05-26 00:00:00,2008-05-26 10:00:00,-999,0.00,-999,0.00,-999,0.00,-999,0.00,-999,0.00,-999,0.00,-999,0.00,-999,0.00,-999,0.00,-999,0.00,3.329e+06,1.00,1.62,1.00,12.0,1.00,10.562,1.00,28.11,1.00,28.11,1.00,28.10,1.00,28.12,1.00,36.1711,1.00,23.2527,1.00,28.10,1.00,36.1080,1.00,23.2520,1.00
2008-06-02 00:00:00,2008-06-02 10:00:00,-999,0.00,-999,0.00,-999,0.00,-999,0.00,-999,0.00,-999,0.00,-999,0.00,-999,0.00,-999,0.00,-999,0.00,6.618e+06,1.00,2.01,1.00,14.1,1.00,10.543,1.00,27.91,1.00,27.90,1.00,27.90,1.00,27.92,1.00,36.0642,1.00,23.2393,1.00,27.90,1.00,36.0007,1.00,23.2376,1.00
2008-06-09 00:00:00,2008-06-09 10:00:00,-999,0.00,-999,0.00,-999,0.00,-999,0.00,-999,0.00,-999,0.00,-999,0.00,-999,0.00,-999,0.00,-999,0.00,1.102e+07,1.00,2.71,1.00,14.3,1.00,10.572,1.00,27.67,1.00,27.67,1.00,27.67,1.00,27.67,1.00,36.1514,1.00,23.3864,1.00,27.67,1.00,36.0908,1.00,23.3811,1.00
2008-06-16 00:00:00,2008-06-16 10:00:00,-999,0.00,-999,0.00,-999,0.00,-999,0.00,-999,0.00,-999,0.00,-999,0.00,-999,0.00,-999,0.00,-999,0.00,3.070e+06,1.00,1.55,1.00,12.0,1.00,10.531,1.00,27.34,1.00,27.34,1.00,27.34,1.00,27.35,1.00,36.2743,1.00,23.5822,1.00,27.34,1.00,36.2042,1.00,23.5721,1.00
2008-06-23 00:00:00,2008-06-23 10:00:00,-999,0.00,-999,0.00,-999,0.00,-999,0.00,-999,0.00,-999,0.00,-999,0.00,-999,0.00,-999,0.00,-999,0.00,4.791e+06,0.87,1.86,0.87,12.9,0.87,10.529,0.87,27.20,1.00,27.20,1.00,27.20,1.00,27.21,1.00,36.3406,1.00,23.6779,1.00,27.20,1.00,36.2728,1.00,23.6693,1.00
2008-06-30 00:00:00,2008-06-30 10:00:00,-999,0.00,-999,0.00,-999,0.00,-999,0.00,-999,0.00,-999,0.00,-999,0.00,-999,0.00,-999,0.00,-999,0.00,-999,0.00,-999,0.00,-999,0.00,-999,0.00,27.11,1.00,27.11,1.00,27.11,1.00,27.12,1.00,36.3783,1.00,23.7339,1.00,27.11,1.00,36.3338,1.00,23.7453,1.00
2008-07-07 00:00:00,2008-07-07 10:00:00,-999,0.00,-999,0.00,-999,0.00,-999,0.00,-999,0.00,-999,0.00,-999,0.00,-999,0.00,-999,0.00,-999,0.00,-999,0.00,-999,0.00,-999,0.00,-999,0.00,26.98,1.00,26.98,1.00,26.98,1.00,26.99,1.00,36.3703,1.00,23.7698,1.00,26.98,1.00,36.3305,1.00,23.7836,1.00
2008-07-14 00:00:00,2008-07-14 10:00:00,-999,0.00,-999,0.00,-999,0.00,-999,0.00,-999,0.00,-999,0.00,-999,0.00,-999,0.00,-999,0.00,-999,0.00,4.128e+06,0.95,1.80,0.95,11.9,0.95,10.514,0.95,26.82,1.00,26.82,1.00,26.81,1.00,26.82,1.00,36.3423,1.00,23.8022,1.00,26.81,1.00,36.3101,1.00,23.8216,1.00
2008-07-21 00:00:00,2008-07-21 10:00:00,-999,0.00,-999,0.00,-999,0.00,-999,0.00,-999,0.00,-999,0.00,-999,0.00,-999,0.00,-999,0.00,-999,0.00,2.351e+06,1.00,1.40,1.00,11.2,1.00,10.574,1.00,26.80,1.00,26.80,1.00,26.79,1.00,26.81,1.00,36.4238,1.00,23.8686,1.00,26.79,1.00,36.3852,1.00,23.8852,1.00
2008-07-28 00:00:00,2008-07-28 10:00:00,-999,0.00,-999,0.00,-999,0.00,-999,0.00,-999,0.00,-999,0.00,-999,0.00,-999,0.00,-999,0.00,-999,0.00,4.249e+06,1.00,1.86,1.00,11.3,1.00,10.545,1.00,26.62,1.00,26.62,1.00,26.61,1.00,26.62,1.00,36.4373,1.00,23.9371,1.00,26.61,1.00,36.4064,1.00,23.9590,1.00
2008-08-04 00:00:00,2008-08-04 10:00:00,-999,0.00,-999,0.00,-999,0.00,-999,0.00,-999,0.00,-999,0.00,-999,0.00,-999,0.00,-999,0.00,-999,0.00,2.013e+06,1.00,1.27,1.00,10.9,1.00,10.538,1.00,26.44,1.00,26.44,1.00,26.43,1.00,26.45,1.00,36.4767,1.00,24.0221,1.00,26.43,1.00,36.4291,1.00,24.0329,1.00
2008-08-11 00:00:00,2008-08-11 10:00:00,-999,0.00,-999,0.00,-999,0.00,-999,0.00,-999,0.00,-999,0.00,-999,0.00,-999,0.00,-999,0.00,-999,0.00,2.524e+06,1.00,1.32,1.00,13.1,1.00,10.494,1.00,26.18,1.00,26.18,1.00,26.17,1.00,26.19,1.00,36.4729,1.00,24.1016,1.00,26.17,1.00,36.4252,1.00,24.1121,1.00
2008-08-18 00:00:00,2008-08-18 10:00:00,-999,0.00,-999,0.00,-999,0.00,-999,0.00,-999,0.00,-999,0.00,-999,0.00,-999,0.00,-999,0.00,-999,0.00,2.152e+06,1.00,1.28,1.00,12.3,1.00,10.518,1.00,26.18,0.99,26.16,0.99,26.15,1.00,26.21,1.00,36.4917,1.00,24.1095,1.00,26.16,1.00,36.4562,1.00,24.1402,1.00
2008-08-25 00:00:00,2008-08-25 10:00:00,-999,0.00,-999,0.00,-999,0.00,-999,0.00,-999,0.00,-999,0.00,-999,0.00,-999,0.00,-999,0.00,-999,0.00,1.711e+06,1.00,1.18,1.00,12.1,1.00,10.514,1.00,26.22,1.00,26.20,1.00,26.19,1.00,26.24,1.00,36.4959,1.00,24.1037,1.00,26.19,1.00,36.4632,1.00,24.1345,1.00
2008-09-01 00:00:00,2008-09-01 10:00:00,-999,0.00,-999,0.00,-999,0.00,-999,0.00,-999,0.00,-999,0.00,-999,0.00,-999,0.00,-999,0.00,-999,0.00,8.188e+06,1.00,2.46,1.00,11.6,1.00,10.473,1.00,25.88,1.00,25.88,1.00,25.88,1.00,25.88,1.00,36.4878,1.00,24.2094,1.00,25.88,1.00,36.4579,1.00,24.2284,1.00
2008-09-08 00:00:00,2008-09-08 10:00:00,-999,0.00,-999,0.00,-999,0.00,-999,0.00,-999,0.00,-999,0.00,-999,0.00,-999,0.00,-999,0.00,-999,0.00,2.351e+06,1.00,1.44,1.00,11.2,1.00,10.464,1.00,25.83,1.00,25.82,1.00,25.82,1.00,25.83,1.00,36.5275,1.00,24.2566,1.00,25.82,1.00,36.4975,1.00,24.2756,1.00
2008-09-15 00:00:00,2008-09-15 10:00:00,-999,0.00,-999,0.00,-999,0.00,-999,0.00,-999,0.00,-999,0.00,-999,0.00,-999,0.00,-999,0.00,-999,0.00,8.400e+05,1.00,0.84,1.00,11.5,1.00,10.476,1.00,25.95,1.00,25.93,1.00,25.90,1.00,25.98,1.00,36.5560,1.00,24.2307,1.00,25.91,1.00,36.5234,1.00,24.2672,1.00
2008-09-22 00:00:00,2008-09-22 10:00:00,-999,0.00,-999,0.00,-999,0.00,-999,0.00,-999,0.00,-999,0.00,-999,0.00,-999,0.00,-999,0.00,-999,0.00,2.608e+06,1.00,1.32,1.00,13.7,1.00,10.486,1.00,26.02,1.00,25.98,1.00,25.94,1.00,26.08,1.00,36.5786,1.00,24.2144,1.00,25.95,1.00,36.5415,1.00,24.2691,1.00
2008-09-29 00:00:00,2008-09-29 10:00:00,-999,0.00,-999,0.00,-999,0.00,-999,0.00,-999,0.00,-999,0.00,-999,0.00,-999,0.00,-999,0.00,-999,0.00,2.920e+06,1.00,1.41,1.00,13.5,1.00,10.494,1.00,26.42,1.00,26.38,1.00,26.33,1.00,26.47,1.00,36.5718,1.00,24.0857,1.00,26.35,1.00,36.5419,1.00,24.1446,1.00
2008-10-06 00:00:00,2008-10-06 10:00:00,-999,0.00,-999,0.00,-999,0.00,-999,0.00,-999,0.00,-999,0.00,-999,0.00,-999,0.00,-999,0.00,-999,0.00,2.003e+06,1.00,1.23,1.00,12.1,1.00,10.489,1.00,26.40,1.00,26.39,1.00,26.37,1.00,26.42,1.00,36.5505,1.00,24.0878,1.00,26.38,1.00,36.5213,1.00,24.1189,1.00
2008-10-13 00:00:00,2008-10-13 10:00:00,-999,0.00,-999,0.00,-999,0.00,-999,0.00,-999,0.00,-999,0.00,-999,0.00,-999,0.00,-999,0.00,-999,0.00,4.550e+06,1.00,1.63,1.00,13.8,1.00,10.503,1.00,26.48,1.00,26.46,1.00,26.43,1.00,26.51,1.00,36.5573,1.00,24.0624,1.00,26.44,1.00,36.5222,1.00,24.1008,1.00
2008-10-20 00:00:00,2008-10-20 10:00:00,-999,0.00,-999,0.00,-999,0.00,-999,0.00,-999,0.00,-999,0.00,-999,0.00,-999,0.00,-999,0.00,-999,0.00,2.401e+06,1.00,1.33,1.00,13.3,1.00,10.513,1.00,26.83,1.00,26.78,1.00,26.74,1.00,26.90,1.00,36.5522,1.00,23.9356,1.00,26.76,1.00,36.5149,1.00,23.9940,1.00
2008-10-27 00:00:00,2008-10-27 10:00:00,-999,0.00,-999,0.00,-999,0.00,-999,0.00,-999,0.00,-999,0.00,-999,0.00,-999,0.00,-999,0.00,-999,0.00,2.340e+06,1.00,1.34,1.00,12.8,1.00,10.510,1.00,27.16,1.00,27.11,1.00,27.02,1.00,27.24,1.00,36.5456,1.00,23.8193,1.00,27.05,1.00,36.5084,1.00,23.8937,1.00
2008-11-03 00:00:00,2008-11-03 10:00:00,-999,0.00,-999,0.00,-999,0.00,-999,0.00,-999,0.00,-999,0.00,-999,0.00,-999,0.00,-999,0.00,-999,0.00,3.008e+06,1.00,1.44,1.00,12.9,1.00,10.491,1.00,27.30,1.00,27.25,1.00,27.15,1.00,27.36,1.00,36.5654,1.00,23.7977,1.00,27.20,1.00,36.5275,1.00,23.8603,1.00
2008-11-10 00:00:00,2008-11-10 10:00:00,-999,0.00,-999,0.00,-999,0.00,-999,0.00,-999,0.00,-999,0.00,-999,0.00,-999,0.00,-999,0.00,-999,0.00,1.212e+06,1.00,1.00,1.00,11.4,1.00,10.498,1.00,27.32,1.00,27.26,1.00,27.14,1.00,27.40,1.00,36.5917,1.00,23.8033,1.00,27.20,1.00,36.5711,1.00,23.8938,1.00
2008-11-17 00:00:00,2008-11-17 10:00:00,-999,0.00,-999,0.00,-999,0.00,-999,0.00,-999,0.00,-999,0.00,-999,0.00,-999,0.00,-999,0.00,-999,0.00,1.358e+06,1.00,1.01,1.00,11.7,1.00,10.503,1.00,27.62,1.00,27.53,1.00,27.39,1.00,27.72,1.00,36.5322,1.00,23.6545,1.00,27.45,1.00,36.5159,1.00,23.7698,1.00
2008-11-24 00:00:00,2008-11-24 10:00:00,-999,0.00,-999,0.00,-999,0.00,-999,0.00,-999,0.00,-999,0.00,-999,0.00,-999,0.00,-999,0.00,-999,0.00,9.129e+05,1.00,0.88,1.00,10.8,1.00,10.514,1.00,27.98,1.00,27.96,1.00,27.92,1.00,28.00,1.00,36.4869,1.00,23.5303,1.00,27.94,1.00,36.4609,1.00,23.5689,1.00
2008-12-01 00:00:00,2008-12-01 10:00:00,-999,0.00,-999,0.00,-999,0.00,-999,0.00,-999,0.00,-999,0.00,-999,0.00,-999,0.00,-999,0.00,-999,0.00,8.308e+05,0.94,0.87,0.94,10.8,0.94,10.530,0.93,27.86,1.00,27.84,1.00,27.82,1.00,27.89,1.00,36.3233,1.00,23.4443,1.00,27.82,0.49,36.3790,0.49,23.5455,0.49
2008-12-08 00:00:00,2008-12-08 10:00:00,-999,0.00,-999,0.00,-999,0.00,-999,0.00,-999,0.00,-999,0.00,-999,0.00,-999,0.00,-999,0.00,-999,0.00,3.999e+05,1.00,0.61,1.00,10.7,1.00,10.510,1.00,28.38,1.00,28.29,1.00,28.16,1.00,28.44,1.00,36.2398,1.00,23.1976,1.00,28.23,1.00,36.2949,1.00,23.3432,1.00
2008-12-15 00:00:00,2008-12-15 10:00:00,-999,0.00,-999,0.00,-999,0.00,-999,0.00,-999,0.00,-999,0.00,-999,0.00,-999,0.00,-999,0.00,-999,0.00,4.066e+05,1.00,0.62,1.00,10.3,1.00,10.524,1.00,28.55,1.00,28.49,1.00,28.32,1.00,28.60,1.00,36.2291,1.00,23.1365,1.00,28.42,1.00,36.2815,1.00,23.2692,1.00
2008-12-22 00:00:00,2008-12-22 10:00:00,-999,0.00,-999,0.00,-999,0.00,-999,0.00,-999,0.00,-999,0.00,-999,0.00,-999,0.00,-999,0.00,-999,0.00,9.880e+05,1.00,0.92,1.00,11.4,1.00,10.501,1.00,28.45,1.00,28.40,1.00,28.33,1.00,28.51,1.00,36.2462,1.00,23.1795,1.00,28.37,1.00,36.2935,1.00,23.2955,1.00
2008-12-29 00:00:00,2008-12-29 10:00:00,-999,0.00,-999,0.00,-999,0.00,-999,0.00,-999,0.00,-999,0.00,3.006e+06,0.01,1.38,0.01,16.0,0.01,216.0,0.01,2.020e+06,1.00,1.15,1.00,12.0,1.00,10.512,1.00,28.51,1.00,28.47,1.00,28.43,1.00,28.55,1.00,36.2204,1.00,23.1487,1.00,28.45,1.00,36.2529,1.00,23.2400,1.00
2009-01-05 00:00:00,2009-01-05 10:00:00,-999,0.00,-999,0.00,-999,0.00,-999,0.00,-999,0.00,-999,0.00,-999,0.00,-999,0.00,-999,0.00,-999,0.00,5.082e+05,1.00,0.68,1.00,10.8,1.00,10.536,1.00,28.73,1.00,28.69,1.00,28.60,1.00,28.78,1.00,36.1337,1.00,23.0071,1.00,28.66,1.00,36.1723,1.00,23.1106,1.00
2009-01-12 00:00:00,2009-01-12 10:00:00,-999,0.00,-999,0.00,-999,0.00,-999,0.00,-999,0.00,-999,0.00,-999,0.00,-999,0.00,-999,0.00,-999,0.00,1.631e+06,1.00,1.19,1.00,11.0,1.00,10.515,1.00,28.72,1.00,28.67,1.00,28.53,1.00,28.76,1.00,36.0271,1.00,22.9326,1.00,28.62,1.00,36.0970,1.00,23.0666,1.00
2009-01-19 00:00:00,2009-01-19 10:00:00,-999,0.00,-999,0.00,-999,0.00,-999,0.00,-999,0.00,-999,0.00,-999,0.00,-999,0.00,-999,0.00,-999,0.00,1.438e+06,1.00,1.03,1.00,13.0,1.00,10.484,1.00,28.79,1.00,28.77,1.00,28.70,1.00,28.82,1.00,36.1199,1.00,22.9833,1.00,28.75,1.00,36.1530,1.00,23.0654,1.00
2009-01-26 00:00:00,2009-01-26 10:00:00,-999,0.00,-999,0.00,-999,0.00,-999,0.00,-999,0.00,-999,0.00,-999,0.00,-999,0.00,-999,0.00,-999,0.00,1.242e+06,1.00,0.92,1.00,12.8,1.00,10.501,1.00,28.94,1.00,28.91,1.00,28.86,1.00,28.99,1.00,36.1405,1.00,22.9428,1.00,28.89,1.00,36.1881,1.00,23.0464,1.00
2009-02-02 00:00:00,2009-02-02 10:00:00,-999,0.00,-999,0.00,-999,0.00,-999,0.00,-999,0.00,-999,0.00,-999,0.00,-999,0.00,-999,0.00,-999,0.00,2.938e+06,1.00,1.44,1.00,13.2,1.00,10.497,1.00,28.67,1.00,28.65,1.00,28.64,1.00,28.70,1.00,36.2409,1.00,23.1153,1.00,28.64,1.00,36.2558,1.00,23.1782,1.00
2009-02-09 00:00:00,2009-02-09 10:00:00,-999,0.00,-999,0.00,-999,0.00,-999,0.00,-999,0.00,-999,0.00,-999,0.00,-999,0.00,-999,0.00,-999,0.00,1.569e+06,1.00,1.10,1.00,12.5,1.00,10.502,1.00,28.91,1.00,28.86,1.00,28.80,1.00,28.96,1.00,36.2571,1.00,23.0411,1.00,28.84,1.00,36.2746,1.00,23.1282,1.00
2009-02-16 00:00:00,2009-02-16 10:00:00,-999,0.00,-999,0.00,-999,0.00,-999,0.00,-999,0.00,-999,0.00,-999,0.00,-999,0.00,-999,0.00,-999,0.00,2.331e+06,1.00,1.31,1.00,12.6,1.00,10.503,1.00,29.07,1.00,29.04,1.00,29.00,1.00,29.10,1.00,36.2896,1.00,23.0162,1.00,29.02,1.00,36.3081,1.00,23.0919,1.00
2009-02-23 00:00:00,2009-02-23 10:00:00,-999,0.00,-999,0.00,-999,0.00,-999,0.00,-999,0.00,-999,0.00,-999,0.00,-999,0.00,-999,0.00,-999,0.00,1.172e+06,1.00,0.96,1.00,11.7,1.00,10.540,1.00,28.63,1.00,28.62,1.00,28.61,1.00,28.66,1.00,36.2704,1.00,23.1519,1.00,28.61,1.00,36.2922,1.00,23.2164,1.00
2009-03-02 00:00:00,2009-03-02 10:00:00,-999,0.00,-999,0.00,-999,0.00,-999,0.00,-999,0.00,-999,0.00,-999,0.00,-999,0.00,-999,0.00,-999,0.00,5.830e+05,1.00,0.70,1.00,11.2,1.00,10.532,1.00,28.72,1.00,28.69,1.00,28.67,1.00,28.76,1.00,36.2138,1.00,23.0757,1.00,28.68,1.00,36.2132,1.00,23.1339,1.00
2009-03-09 00:00:00,2009-03-09 10:00:00,-999,0.00,-999,0.00,-999,0.00,-999,0.00,-999,0.00,-999,0.00,-999,0.00,-999,0.00,-999,0.00,-999,0.00,8.580e+05,1.00,0.81,1.00,12.4,1.00,10.547,1.00,28.58,1.00,28.57,1.00,28.55,1.00,28.59,1.00,36.1579,1.00,23.0895,1.00,28.56,1.00,36.1945,1.00,23.1608,1.00
2009-03-16 00:00:00,2009-03-16 10:00:00,-999,0.00,-999,0.00,-999,0.00,-999,0.00,-999,0.00,-999,0.00,-999,0.00,-999,0.00,-999,0.00,-999,0.00,1.591e+06,1.00,1.06,1.00,12.4,1.00,10.552,1.00,28.68,1.00,28.65,1.00,28.61,1.00,28.72,1.00,35.9334,1.00,22.8786,1.00,28.63,1.00,35.9729,1.00,22.9703,1.00
2009-03-23 00:00:00,2009-03-23 10:00:00,-999,0.00,-999,0.00,-999,0.00,-999,0.00,-999,0.00,-999,0.00,-999,0.00,-999,0.00,-999,0.00,-999,0.00,1.512e+06,1.00,1.08,1.00,12.2,1.00,10.567,1.00,28.81,1.00,28.79,1.00,28.77,1.00,28.84,1.00,35.9034,1.00,22.8134,1.00,28.78,1.00,35.9369,1.00,22.8936,1.00
2009-03-30 00:00:00,2009-03-30 10:00:00,-999,0.00,-999,0.00,-999,0.00,-999,0.00,-999,0.00,-999,0.00,-999,0.00,-999,0.00,-999,0.00,-999,0.00,2.482e+06,1.00,1.28,1.00,12.6,1.00,10.566,1.00,28.93,1.00,28.91,1.00,28.89,1.00,28.95,1.00,35.9988,1.00,22.8509,1.00,28.90,1.00,36.0247,1.00,22.9183,1.00
2009-04-06 00:00:00,2009-04-06 10:00:00,-999,0.00,-999,0.00,-999,0.00,-999,0.00,-999,0.00,-999,0.00,-999,0.00,-999,0.00,-999,0.00,-999,0.00,2.636e+06,1.00,1.38,1.00,11.9,1.00,10.548,1.00,28.91,1.00,28.89,1.00,28.86,1.00,28.93,1.00,36.0777,1.00,22.9150,1.00,28.87,1.00,36.0996,1.00,22.9844,1.00
2009-04-13 00:00:00,2009-04-13 10:00:00,-999,0.00,-999,0.00,-999,0.00,-999,0.00,-999,0.00,-999,0.00,-999,0.00,-999,0.00,-999,0.00,-999,0.00,2.431e+06,1.00,1.27,1.00,13.0,1.00,10.548,1.00,28.93,1.00,28.90,1.00,28.86,1.00,28.96,1.00,36.1358,1.00,22.9461,1.00,28.88,1.00,36.1615,1.00,23.0281,1.00
2009-04-20 00:00:00,2009-04-20 10:00:00,-999,0.00,-999,0.00,-999,0.00,-999,0.00,-999,0.00,-999,0.00,-999,0.00,-999,0.00,-999,0.00,-999,0.00,3.350e+06,1.00,1.47,1.00,13.0,1.00,10.565,1.00,28.95,1.00,28.93,1.00,28.91,1.00,28.98,1.00,36.1040,1.00,22.9178,1.00,28.92,1.00,36.1138,1.00,22.9778,1.00
2009-04-27 00:00:00,2009-04-27 10:00:00,-999,0.00,-999,0.00,-999,0.00,-999,0.00,-999,0.00,-999,0.00,-999,0.00,-999,0.00,-999,0.00,-999,0.00,1.840e+06,1.00,1.27,1.00,10.5,1.00,10.556,1.00,28.73,1.00,28.72,1.00,28.72,1.00,28.73,1.00,36.1360,1.00,23.0244,1.00,28.72,1.00,36.1716,1.00,23.0879,1.00
2009-05-04 00:00:00,2009-05-04 10:00:00,-999,0.00,-999,0.00,-999,0.00,-999,0.00,-999,0.00,-999,0.00,-999,0.00,-999,0.00,-999,0.00,-999,0.00,2.552e+06,1.00,1.44,1.00,12.2,1.00,10.557,1.00,28.66,1.00,28.65,1.00,28.64,1.00,28.67,1.00,36.1584,1.00,23.0610,1.00,28.65,1.00,36.1867,1.00,23.1239,1.00
2009-05-11 00:00:00,2009-05-11 10:00:00,-999,0.00,-999,0.00,-999,0.00,-999,0.00,-999,0.00,-999,0.00,-999,0.00,-999,0.00,-999,0.00,-999,0.00,1.644e+06,1.00,1.18,1.00,11.5,1.00,10.556,1.00,28.34,1.00,28.33,1.00,28.34,1.00,28.34,0.91,36.2074,0.91,23.2073,0.91,28.33,1.00,36.2189,1.00,23.2518,1.00
2009-05-18 00:00:00,2009-05-18 10:00:00,-999,0.00,-999,0.00,-999,0.00,-999,0.00,-999,0.00,-999,0.00,-999,0.00,-999,0.00,-999,0.00,-999,0.00,1.608e+06,1.00,1.16,1.00,11.9,1.00,10.573,1.00,28.21,1.00,28.20,1.00,28.20,1.00,-999,0.00,-999,0.00,-999,0.00,28.20,0.84,36.2604,0.84,23.3273,0.84
2009-05-25 00:00:00,2009-05-25 10:00:00,-999,0.00,-999,0.00,-999,0.00,-999,0.00,-999,0.00,-999,0.00,-999,0.00,-999,0.00,-999,0.00,-999,0.00,4.474e+06,1.00,1.85,1.00,12.7,1.00,10.535,1.00,28.05,1.00,28.04,1.00,28.04,1.00,-999,0.00,-999,0.00,-999,0.00,-999,0.00,-999,0.00,-999,0.00
2009-06-01 00:00:00,2009-06-01 10:00:00,-999,0.00,-999,0.00,-999,0.00,-999,0.00,-999,0.00,-999,0.00,-999,0.00,-999,0.00,-999,0.00,-999,0.00,6.105e+06,1.00,1.94,1.00,13.9,1.00,10.544,1.00,27.92,1.00,27.91,1.00,27.91,1.00,-999,0.00,-999,0.00,-999,0.00,-999,0.00,-999,0.00,-999,0.00
2009-06-08 00:00:00,2009-06-08 10:00:00,-999,0.00,-999,0.00,-999,0.00,-999,0.00,-999,0.00,-999,0.00,-999,0.00,-999,0.00,-999,0.00,-999,0.00,7.985e+06,1.00,2.46,1.00,12.5,1.00,10.522,1.00,27.58,1.00,27.58,1.00,27.58,1.00,-999,0.00,-999,0.00,-999,0.00,-999,0.00,-999,0.00,-999,0.00
2009-06-15 00:00:00,2009-06-15 10:00:00,-999,0.00,-999,0.00,-999,0.00,-999,0.00,-999,0.00,-999,0.00,-999,0.00,-999,0.00,-999,0.00,-999,0.00,3.866e+06,1.00,1.55,1.00,11.7,1.00,10.539,1.00,27.43,1.00,27.42,1.00,27.41,1.00,-999,0.00,-999,0.00,-999,0.00,-999,0.00,-999,0.00,-999,0.00
2009-06-22 00:00:00,2009-06-22 10:00:00,-999,0.00,-999,0.00,-999,0.00,-999,0.00,-999,0.00,-999,0.00,-999,0.00,-999,0.00,-999,0.00,-999,0.00,8.180e+06,1.00,2.46,1.00,12.6,1.00,10.477,1.00,27.33,1.00,27.32,1.00,27.31,1.00,-999,0.00,-999,0.00,-999,0.00,-999,0.00,-999,0.00,-999,0.00
2009-06-29 00:00:00,2009-06-29 10:00:00,-999,0.00,-999,0.00,-999,0.00,-999,0.00,-999,0.00,-999,0.00,-999,0.00,-999,0.00,-999,0.00,-999,0.00,4.786e+06,0.96,1.75,0.96,13.1,0.96,10.496,0.95,27.15,1.00,27.14,0.99,27.13,1.00,-999,0.00,-999,0.00,-999,0.00,27.13,0.08,36.3304,0.08,23.7309,0.08
2009-07-06 00:00:00,2009-07-06 10:00:00,-999,0.00,-999,0.00,-999,0.00,-999,0.00,-999,0.00,-999,0.00,-999,0.00,-999,0.00,-999,0.00,-999,0.00,4.895e+06,1.00,1.89,1.00,11.7,1.00,10.511,1.00,26.99,1.00,26.98,1.00,26.96,1.00,-999,0.00,-999,0.00,-999,0.00,26.97,1.00,36.3419,1.00,23.7899,1.00
2009-07-13 00:00:00,2009-07-13 10:00:00,-999,0.00,-999,0.00,-999,0.00,-999,0.00,-999,0.00,-999,0.00,-999,0.00,-999,0.00,-999,0.00,-999,0.00,9.249e+06,1.00,2.48,1.00,12.9,1.00,10.493,1.00,26.98,1.00,26.98,1.00,26.97,1.00,-999,0.00,-999,0.00,-999,0.00,26.97,1.00,36.3589,1.00,23.8013,1.00
2009-07-20 00:00:00,2009-07-20 10:00:00,-999,0.00,-999,0.00,-999,0.00,-999,0.00,-999,0.00,-999,0.00,-999,0.00,-999,0.00,-999,0.00,-999,0.00,3.659e+06,1.00,1.67,1.00,12.3,1.00,10.550,1.00,26.93,1.00,26.92,1.00,26.92,1.00,-999,0.00,-999,0.00,-999,0.00,26.92,1.00,36.3712,1.00,23.8269,1.00
2009-07-27 00:00:00,2009-07-27 10:00:00,-999,0.00,-999,0.00,-999,0.00,-999,0.00,-999,0.00,-999,0.00,-999,0.00,-999,0.00,-999,0.00,-999,0.00,5.311e+06,1.00,1.93,1.00,12.6,1.00,10.520,1.00,26.70,1.00,26.69,1.00,26.68,1.00,-999,0.00,-999,0.00,-999,0.00,26.69,1.00,36.3807,1.00,23.9092,1.00
2009-08-03 00:00:00,2009-08-03 10:00:00,-999,0.00,-999,0.00,-999,0.00,-999,0.00,-999,0.00,-999,0.00,-999,0.00,-999,0.00,-999,0.00,-999,0.00,1.619e+06,1.00,1.15,1.00,11.9,1.00,10.520,1.00,26.31,1.00,26.30,1.00,26.27,1.00,-999,0.00,-999,0.00,-999,0.00,26.28,1.00,36.3366,1.00,24.0052,1.00
2009-08-10 00:00:00,2009-08-10 10:00:00,-999,0.00,-999,0.00,-999,0.00,-999,0.00,-999,0.00,-999,0.00,-999,0.00,-999,0.00,-999,0.00,-999,0.00,4.383e+06,1.00,1.93,1.00,11.0,1.00,10.496,1.00,26.43,1.00,26.42,1.00,26.41,1.00,-999,0.00,-999,0.00,-999,0.00,26.41,1.00,36.3404,1.00,23.9661,1.00
2009-08-17 00:00:00,2009-08-17 10:00:00,-999,0.00,-999,0.00,-999,0.00,-999,0.00,-999,0.00,-999,0.00,-999,0.00,-999,0.00,-999,0.00,-999,0.00,2.502e+06,1.00,1.33,1.00,13.0,1.00,10.530,1.00,26.82,1.00,26.81,1.00,26.79,1.00,-999,0.00,-999,0.00,-999,0.00,26.80,1.00,36.3477,1.00,23.8491,1.00
2009-08-24 00:00:00,2009-08-24 10:00:00,-999,0.00,-999,0.00,-999,0.00,-999,0.00,-999,0.00,-999,0.00,-999,0.00,-999,0.00,-999,0.00,-999,0.00,1.966e+06,1.00,1.27,1.00,10.6,1.00,10.527,1.00,26.79,1.00,26.79,1.00,26.78,1.00,-999,0.00,-999,0.00,-999,0.00,26.78,1.00,36.3502,1.00,23.8554,1.00
2009-08-31 00:00:00,2009-08-31 10:00:00,-999,0.00,-999,0.00,-999,0.00,-999,0.00,-999,0.00,-999,0.00,-999,0.00,-999,0.00,-999,0.00,-999,0.00,2.248e+06,1.00,1.49,1.00,10.0,1.00,10.513,1.00,26.34,1.00,26.33,1.00,26.33,1.00,-999,0.00,-999,0.00,-999,0.00,26.33,1.00,36.3564,1.00,24.0049,1.00
2009-09-07 00:00:00,2009-09-07 10:00:00,-0.004,0.94,-0.023,0.94,-0.004,0.94,0.055,0.94,0.053,0.94,0.111,0.94,3.247e+06,0.95,1.59,0.95,12.4,0.95,212.9,0.95,3.179e+06,1.00,1.55,1.00,12.0,1.00,10.533,1.00,26.54,1.00,26.52,1.00,26.51,1.00,-999,0.00,-999,0.00,-999,0.00,26.52,1.00,36.3195,1.00,23.9165,1.00
2009-09-14 00:00:00,2009-09-14 10:00:00,0.112,1.00,0.102,1.00,-0.013,1.00,0.050,1.00,0.133,1.00,0.189,1.00,2.440e+06,1.00,1.43,1.00,12.1,1.00,206.4,1.00,1.594e+06,1.00,1.21,1.00,10.8,1.00,10.521,1.00,26.73,1.00,26.69,1.00,26.65,1.00,-999,0.00,-999,0.00,-999,0.00,26.67,1.00,36.2723,1.00,23.8316,1.00
2009-09-21 00:00:00,2009-09-21 10:00:00,0.068,1.00,0.077,1.00,-0.005,1.00,0.029,1.00,0.106,1.00,0.143,1.00,1.943e+06,1.00,1.17,1.00,13.7,1.00,213.6,1.00,1.598e+06,1.00,1.09,1.00,13.1,1.00,10.569,1.00,26.98,1.00,26.97,1.00,26.96,1.00,-999,0.00,-999,0.00,-999,0.00,26.96,1.00,36.2459,1.00,23.7200,1.00
2009-09-28 00:00:00,2009-09-28 10:00:00,0.015,1.00,0.000,1.00,-0.005,1.00,0.034,1.00,0.060,1.00,0.102,1.00,2.382e+06,1.00,1.30,1.00,12.6,1.00,206.6,1.00,2.164e+06,1.00,1.18,1.00,12.3,1.00,10.543,1.00,26.83,1.00,26.83,1.00,26.82,1.00,-999,0.00,-999,0.00,-999,0.00,26.83,1.00,36.1850,1.00,23.7163,1.00
2009-10-05 00:00:00,2009-10-05 10:00:00,0.033,1.00,0.009,1.00,-0.004,1.00,0.035,1.00,0.064,1.00,0.101,1.00,1.902e+06,1.00,1.16,1.00,13.5,1.00,215.4,1.00,1.461e+06,1.00,1.03,1.00,12.5,1.00,10.515,1.00,26.63,1.00,26.60,1.00,26.58,1.00,-999,0.00,-999,0.00,-999,0.00,26.59,1.00,36.2538,1.00,23.8443,1.00
2009-10-12 00:00:00,2009-10-12 10:00:00,0.049,1.00,0.062,1.00,-0.005,1.00,0.080,1.00,0.080,1.00,0.148,1.00,4.602e+06,1.00,1.67,1.00,13.9,1.00,216.2,1.00,5.170e+06,1.00,1.73,1.00,13.3,1.00,10.541,1.00,26.99,1.00,26.95,1.00,26.92,1.00,-999,0.00,-999,0.00,-999,0.00,26.94,1.00,36.2444,1.00,23.7260,1.00
2009-10-19 00:00:00,2009-10-19 10:00:00,0.041,1.00,0.027,1.00,-0.007,1.00,0.041,1.00,0.087,1.00,0.129,1.00,1.654e+06,1.00,1.15,1.00,12.3,1.00,206.4,1.00,1.444e+06,1.00,1.05,1.00,11.5,1.00,10.532,1.00,26.94,1.00,26.92,1.00,26.90,1.00,-999,0.00,-999,0.00,-999,0.00,26.91,1.00,36.2680,1.00,23.7520,1.00
2009-10-26 00:00:00,2009-10-26 10:00:00,0.103,1.00,0.132,1.00,-0.011,1.00,0.040,1.00,0.111,1.00,0.164,1.00,1.826e+06,0.98,1.18,0.98,12.8,0.98,217.5,0.98,1.382e+06,1.00,1.05,1.00,11.7,1.00,10.540,1.00,27.02,1.00,26.99,1.00,26.95,1.00,-999,0.00,-999,0.00,-999,0.00,26.97,1.00,36.2409,1.00,23.7120,1.00
2009-11-02 00:00:00,2009-11-02 10:00:00,0.082,1.00,0.073,1.00,-0.008,1.00,0.095,1.00,0.097,1.00,0.160,1.00,4.929e+06,1.00,1.90,1.00,12.6,1.00,215.4,1.00,4.584e+06,1.00,1.85,1.00,12.2,1.00,10.510,1.00,27.14,1.00,27.11,1.00,27.08,1.00,-999,0.00,-999,0.00,-999,0.00,27.10,1.00,36.2677,1.00,23.6918,1.00
2009-11-09 00:00:00,2009-11-09 10:00:00,0.082,1.00,0.111,1.00,-0.010,1.00,0.067,1.00,0.095,1.00,0.159,1.00,3.009e+06,1.00,1.47,1.00,13.2,1.00,216.8,1.00,2.937e+06,1.00,1.46,1.00,12.6,1.00,10.588,1.00,28.07,1.00,28.00,1.00,27.95,1.00,-999,0.00,-999,0.00,-999,0.00,27.98,1.00,36.2044,1.00,23.3586,1.00
2009-11-16 00:00:00,2009-11-16 10:00:00,0.096,1.00,0.096,1.00,-0.011,1.00,0.046,1.00,0.115,1.00,0.188,1.00,3.050e+06,1.00,1.46,1.00,13.5,1.00,216.9,1.00,2.015e+06,1.00,1.23,1.00,12.4,1.00,10.589,1.00,28.17,1.00,28.13,1.00,28.08,1.00,-999,0.00,-999,0.00,-999,0.00,28.11,1.00,36.0987,1.00,23.2369,1.00
2009-11-23 00:00:00,2009-11-23 10:00:00,0.015,1.00,0.006,1.00,-0.004,1.00,0.024,1.00,0.077,1.00,0.119,1.00,1.169e+06,1.00,0.95,1.00,12.5,1.00,218.2,1.00,9.317e+05,1.00,0.85,1.00,11.7,1.00,10.583,1.00,27.93,1.00,27.86,1.00,27.81,1.00,-999,0.00,-999,0.00,-999,0.00,27.84,1.00,36.0395,1.00,23.2800,1.00
2009-11-30 00:00:00,2009-11-30 10:00:00,0.003,1.00,-0.048,1.00,-0.002,1.00,0.057,1.00,0.076,1.00,0.154,1.00,4.578e+06,1.00,1.65,1.00,13.6,1.00,216.9,1.00,3.717e+06,1.00,1.52,1.00,12.7,1.00,10.573,1.00,27.76,1.00,27.72,1.00,27.68,1.00,-999,0.00,-999,0.00,-999,0.00,27.70,1.00,36.1574,1.00,23.4134,1.00
2009-12-07 00:00:00,2009-12-07 10:00:00,0.019,1.00,-0.005,1.00,-0.007,1.00,0.024,1.00,0.092,1.00,0.145,1.00,1.048e+06,1.00,0.90,1.00,12.9,1.00,215.4,1.00,7.834e+05,0.82,0.78,0.82,12.2,0.82,10.556,0.82,28.38,0.99,28.33,0.99,28.25,0.99,-999,0.00,-999,0.00,-999,0.00,28.02,0.20,36.1673,0.20,23.3169,0.20
2009-12-14 00:00:00,2009-12-14 10:00:00,0.016,1.00,-0.032,1.00,-0.010,1.00,0.028,1.00,0.082,1.00,0.148,1.00,8.784e+05,0.98,0.89,0.98,10.7,0.98,216.7,0.98,6.988e+05,1.00,0.78,1.00,10.7,1.00,10.551,1.00,28.65,1.00,28.58,1.00,28.47,1.00,-999,0.00,-999,0.00,-999,0.00,-999,0.00,-999,0.00,-999,0.00
2009-12-21 00:00:00,2009-12-21 10:00:00,0.017,1.00,0.003,1.00,-0.005,1.00,0.047,1.00,0.078,1.00,0.133,1.00,1.622e+06,1.66,1.11,1.66,12.5,1.66,213.0,1.66,1.841e+06,1.00,1.19,1.00,12.2,1.00,10.569,1.00,28.77,1.00,28.74,1.00,28.71,1.00,-999,0.00,-999,0.00,-999,0.00,-999,0.00,-999,0.00,-999,0.00
2009-12-28 00:00:00,2009-12-28 10:00:00,0.069,1.00,0.090,1.00,-0.005,1.00,0.039,1.00,0.090,1.00,0.138,1.00,1.011e+06,2.70,0.88,2.70,12.6,2.70,212.1,2.70,8.562e+05,1.00,0.84,1.00,11.5,1.00,10.550,1.00,29.27,1.00,29.17,1.00,29.03,1.00,-999,0.00,-999,0.00,-999,0.00,-999,0.00,-999,0.00,-999,0.00
2010-01-04 00:00:00,2010-01-04 10:00:00,0.012,1.00,0.001,1.00,-0.006,1.00,0.045,1.00,0.078,1.00,0.133,1.00,1.705e+06,1.41,1.17,1.41,12.4,1.41,212.5,1.41,1.550e+06,1.00,1.13,1.00,11.8,1.00,10.596,1.00,29.30,1.00,29.27,1.00,29.19,1.00,-999,0.00,-999,0.00,-999,0.00,-999,0.00,-999,0.00,-999,0.00
2010-01-11 00:00:00,2010-01-11 10:00:00,0.014,1.00,0.004,1.00,-0.006,1.00,0.032,1.00,0.093,1.00,0.134,1.00,1.448e+06,2.21,1.17,2.21,9.5,2.21,192.7,2.21,7.774e+05,1.00,0.87,1.00,9.4,1.00,10.516,1.00,29.03,1.00,28.98,1.00,28.86,1.00,-999,0.00,-999,0.00,-999,0.00,-999,0.00,-999,0.00,-999,0.00
2010-01-18 00:00:00,2010-01-18 10:00:00,0.077,0.88,0.075,0.88,-0.003,0.88,0.043,0.88,0.091,0.88,0.110,0.88,1.189e+06,1.54,1.06,1.54,10.8,1.54,195.1,1.54,8.811e+05,1.00,0.90,1.00,10.9,1.00,10.524,1.00,29.00,1.00,28.98,1.00,28.92,1.00,-999,0.00,-999,0.00,-999,0.00,-999,0.00,-999,0.00,-999,0.00
2010-01-25 00:00:00,2010-01-25 10:00:00,-999,0.00,-999,0.00,-999,0.00,-999,0.00,-999,0.00,-999,0.00,-999,0.00,-999,0.00,-999,0.00,-999,0.00,1.249e+06,1.00,1.11,1.00,9.9,1.00,10.553,1.00,28.86,1.00,28.84,1.00,28.75,1.00,-999,0.00,-999,0.00,-999,0.00,-999,0.00,-999,0.00,-999,0.00
2010-02-01 00:00:00,2010-02-01 10:00:00,-999,0.00,-999,0.00,-999,0.00,-999,0.00,-999,0.00,-999,0.00,-999,0.00,-999,0.00,-999,0.00,-999,0.00,5.701e+06,1.00,2.18,1.00,10.4,1.00,10.571,1.00,28.36,1.00,28.32,1.00,28.23,1.00,-999,0.00,-999,0.00,-999,0.00,-999,0.00,-999,0.00,-999,0.00
2010-02-08 00:00:00,2010-02-08 10:00:00,-999,0.00,-999,0.00,-999,0.00,-999,0.00,-999,0.00,-999,0.00,-999,0.00,-999,0.00,-999,0.00,-999,0.00,4.264e+06,1.00,1.73,1.00,12.4,1.00,10.479,1.00,28.55,1.00,28.50,1.00,28.41,1.00,-999,0.00,-999,0.00,-999,0.00,-999,0.00,-999,0.00,-999,0.00
2010-02-15 00:00:00,2010-02-15 10:00:00,-999,0.00,-999,0.00,-999,0.00,-999,0.00,-999,0.00,-999,0.00,-999,0.00,-999,0.00,-999,0.00,-999,0.00,2.426e+06,1.00,1.31,1.00,12.1,1.00,10.517,1.00,28.86,1.00,28.84,1.00,28.81,1.00,-999,0.00,-999,0.00,-999,0.00,-999,0.00,-999,0.00,-999,0.00
2010-02-22 00:00:00,2010-02-22 10:00:00,-999,0.00,-999,0.00,-999,0.00,-999,0.00,-999,0.00,-999,0.00,-999,0.00,-999,0.00,-999,0.00,-999,0.00,1.127e+06,1.00,0.96,1.00,11.7,1.00,10.527,1.00,28.62,1.00,28.61,1.00,28.60,1.00,-999,0.00,-999,0.00,-999,0.00,-999,0.00,-999,0.00,-999,0.00
2010-03-01 00:00:00,2010-03-01 10:00:00,-999,0.00,-999,0.00,-999,0.00,-999,0.00,-999,0.00,-999,0.00,-999,0.00,-999,0.00,-999,0.00,-999,0.00,1.565e+06,1.00,1.23,1.00,10.1,1.00,10.534,1.00,28.58,1.00,28.58,1.00,28.56,1.00,-999,0.00,-999,0.00,-999,0.00,-999,0.00,-999,0.00,-999,0.00
2010-03-08 00:00:00,2010-03-08 10:00:00,-999,0.00,-999,0.00,-999,0.00,-999,0.00,-999,0.00,-999,0.00,-999,0.00,-999,0.00,-999,0.00,-999,0.00,1.703e+06,1.00,1.16,1.00,11.7,1.00,10.475,1.00,28.75,1.00,28.71,1.00,28.64,1.00,-999,0.00,-999,0.00,-999,0.00,-999,0.00,-999,0.00,-999,0.00
2010-03-15 00:00:00,2010-03-15 10:00:00,-999,0.00,-999,0.00,-999,0.00,-999,0.00,-999,0.00,-999,0.00,-999,0.00,-999,0.00,-999,0.00,-999,0.00,8.688e+06,1.00,2.14,1.00,13.7,1.00,10.478,1.00,28.59,1.00,28.56,1.00,28.51,1.00,-999,0.00,-999,0.00,-999,0.00,-999,0.00,-999,0.00,-999,0.00
2010-03-22 00:00:00,2010-03-22 10:00:00,-999,0.00,-999,0.00,-999,0.00,-999,0.00,-999,0.00,-999,0.00,-999,0.00,-999,0.00,-999,0.00,-999,0.00,2.342e+06,1.00,1.24,1.00,12.3,1.00,10.487,1.00,28.76,1.00,28.74,1.00,28.71,1.00,-999,0.00,-999,0.00,-999,0.00,-999,0.00,-999,0.00,-999,0.00
2010-03-29 00:00:00,2010-03-29 10:00:00,-999,0.00,-999,0.00,-999,0.00,-999,0.00,-999,0.00,-999,0.00,-999,0.00,-999,0.00,-999,0.00,-999,0.00,2.715e+06,1.00,1.41,1.00,12.8,1.00,10.511,1.00,29.04,1.00,29.01,1.00,28.97,1.00,-999,0.00,-999,0.00,-999,0.00,-999,0.00,-999,0.00,-999,0.00
2010-04-05 00:00:00,2010-04-05 10:00:00,-999,0.00,-999,0.00,-999,0.00,-999,0.00,-999,0.00,-999,0.00,-999,0.00,-999,0.00,-999,0.00,-999,0.00,2.368e+06,1.00,1.32,1.00,12.8,1.00,10.499,1.00,29.08,1.00,29.07,1.00,29.05,1.00,-999,0.00,-999,0.00,-999,0.00,-999,0.00,-999,0.00,-999,0.00
2010-04-12 00:00:00,2010-04-12 10:00:00,-999,0.00,-999,0.00,-999,0.00,-999,0.00,-999,0.00,-999,0.00,-999,0.00,-999,0.00,-999,0.00,-999,0.00,1.976e+06,1.00,1.26,1.00,12.2,1.00,10.513,1.00,29.04,1.00,29.03,1.00,29.00,1.00,-999,0.00,-999,0.00,-999,0.00,-999,0.00,-999,0.00,-999,0.00
2010-04-19 00:00:00,2010-04-19 10:00:00,-999,0.00,-999,0.00,-999,0.00,-999,0.00,-999,0.00,-999,0.00,-999,0.00,-999,0.00,-999,0.00,-999,0.00,5.817e+06,1.00,1.96,1.00,14.1,1.00,10.528,1.00,28.99,1.00,28.98,1.00,28.96,1.00,-999,0.00,-999,0.00,-999,0.00,-999,0.00,-999,0.00,-999,0.00
2010-04-26 00:00:00,2010-04-26 10:00:00,-999,0.00,-999,0.00,-999,0.00,-999,0.00,-999,0.00,-999,0.00,-999,0.00,-999,0.00,-999,0.00,-999,0.00,4.267e+06,1.00,1.77,1.00,12.2,1.00,10.505,1.00,28.98,1.00,28.97,1.00,28.95,1.00,-999,0.00,-999,0.00,-999,0.00,-999,0.00,-999,0.00,-999,0.00
2010-05-03 00:00:00,2010-05-03 10:00:00,-999,0.00,-999,0.00,-999,0.00,-999,0.00,-999,0.00,-999,0.00,-999,0.00,-999,0.00,-999,0.00,-999,0.00,1.941e+06,1.00,1.18,1.00,13.6,1.00,10.498,1.00,29.05,1.00,29.04,1.00,29.03,1.00,-999,0.00,-999,0.00,-999,0.00,-999,0.00,-999,0.00,-999,0.00
2010-05-10 00:00:00,2010-05-10 10:00:00,-999,0.00,-999,0.00,-999,0.00,-999,0.00,-999,0.00,-999,0.00,-999,0.00,-999,0.00,-999,0.00,-999,0.00,4.034e+06,1.00,1.75,1.00,11.6,1.00,10.475,1.00,28.63,1.00,28.63,1.00,28.61,1.00,-999,0.00,-999,0.00,-999,0.00,-999,0.00,-999,0.00,-999,0.00
2010-05-17 00:00:00,2010-05-17 10:00:00,-999,0.00,-999,0.00,-999,0.00,-999,0.00,-999,0.00,-999,0.00,-999,0.00,-999,0.00,-999,0.00,-999,0.00,3.073e+06,1.00,1.46,1.00,12.7,1.00,10.453,1.00,27.93,1.00,27.91,1.00,27.88,1.00,-999,0.00,-999,0.00,-999,0.00,-999,0.00,-999,0.00,-999,0.00
2010-05-24 00:00:00,2010-05-24 10:00:00,-999,0.00,-999,0.00,-999,0.00,-999,0.00,-999,0.00,-999,0.00,-999,0.00,-999,0.00,-999,0.00,-999,0.00,5.100e+06,1.00,1.86,1.00,12.2,1.00,10.425,1.00,27.93,1.00,27.93,1.00,27.91,1.00,-999,0.00,-999,0.00,-999,0.00,-999,0.00,-999,0.00,-999,0.00
2010-05-31 00:00:00,2010-05-31 10:00:00,-999,0.00,-999,0.00,-999,0.00,-999,0.00,-999,0.00,-999,0.00,-999,0.00,-999,0.00,-999,0.00,-999,0.00,1.164e+06,1.00,0.95,1.00,12.3,1.00,10.468,1.00,28.02,1.00,28.02,1.00,28.01,1.00,-999,0.00,-999,0.00,-999,0.00,-999,0.00,-999,0.00,-999,0.00
2010-06-07 00:00:00,2010-06-07 10:00:00,-999,0.00,-999,0.00,-999,0.00,-999,0.00,-999,0.00,-999,0.00,-999,0.00,-999,0.00,-999,0.00,-999,0.00,3.487e+06,1.00,1.56,1.00,13.0,1.00,10.453,1.00,28.00,1.00,27.99,1.00,27.98,1.00,-999,0.00,-999,0.00,-999,0.00,-999,0.00,-999,0.00,-999,0.00
2010-06-14 00:00:00,2010-06-14 10:00:00,-999,0.00,-999,0.00,-999,0.00,-999,0.00,-999,0.00,-999,0.00,-999,0.00,-999,0.00,-999,0.00,-999,0.00,6.803e+06,1.00,2.21,1.00,12.4,1.00,10.467,1.00,27.76,1.00,27.75,1.00,27.73,1.00,-999,0.00,-999,0.00,-999,0.00,-999,0.00,-999,0.00,-999,0.00
2010-06-21 00:00:00,2010-06-21 10:00:00,-999,0.00,-999,0.00,-999,0.00,-999,0.00,-999,0.00,-999,0.00,-999,0.00,-999,0.00,-999,0.00,-999,0.00,4.212e+06,1.00,1.80,1.00,12.3,1.00,10.462,1.00,27.46,1.00,27.44,1.00,27.40,1.00,-999,0.00,-999,0.00,-999,0.00,-999,0.00,-999,0.00,-999,0.00
2010-06-28 00:00:00,2010-06-28 10:00:00,-0.029,0.22,-999,0.00,-0.008,0.22,-999,0.00,0.072,0.22,-999,0.00,5.575e+05,0.20,0.77,0.20,10.2,0.20,213.5,0.20,1.659e+06,0.89,1.10,0.89,11.4,0.89,10.477,0.89,27.52,1.00,27.52,0.99,27.52,0.99,27.47,0.22,35.9238,0.22,23.2801,0.22,27.49,0.22,35.9944,0.22,23.3591,0.22
2010-07-05 00:00:00,2010-07-05 10:00:00,0.040,1.00,-999,0.00,-0.003,1.00,-999,0.00,0.061,1.00,-999,0.00,3.158e+06,1.00,1.42,1.00,14.9,1.00,216.3,1.00,2.618e+06,1.00,1.34,1.00,13.7,1.00,10.478,1.00,27.40,1.00,27.40,1.00,27.39,1.00,27.41,1.00,35.9738,1.00,23.3366,1.00,27.39,1.00,36.0168,1.00,23.4089,1.00
2010-07-12 00:00:00,2010-07-12 10:00:00,0.063,1.00,-999,0.00,-0.002,1.00,-999,0.00,0.082,1.00,-999,0.00,3.604e+06,1.00,1.54,1.00,13.9,1.00,208.3,1.00,3.452e+06,1.00,1.49,1.00,13.4,1.00,10.507,1.00,27.08,1.00,27.07,1.00,27.06,1.00,27.09,1.00,36.0338,1.00,23.4865,1.00,27.06,1.00,36.0749,1.00,23.5593,1.00
2010-07-19 00:00:00,2010-07-19 10:00:00,0.087,1.00,0.033,0.00,-0.005,1.00,0.013,0.00,0.093,1.00,0.035,0.00,2.932e+06,1.00,1.37,1.00,13.4,1.00,209.6,1.00,1.247e+06,0.54,0.94,0.54,12.0,0.54,10.517,0.56,26.90,1.00,26.89,1.00,26.89,1.00,26.90,1.00,36.0553,1.00,23.5620,1.00,26.89,1.00,36.0966,1.00,23.6308,1.00
2010-07-26 00:00:00,2010-07-26 10:00:00,0.067,1.00,-999,0.00,-0.002,1.00,-999,0.00,0.075,1.00,-999,0.00,4.623e+06,1.00,1.71,1.00,15.3,1.00,213.4,1.00,-999,0.00,-999,0.00,-999,0.00,-999,0.00,26.93,1.00,26.93,1.00,26.92,1.00,26.94,1.00,36.0641,1.00,23.5563,1.00,26.92,1.00,36.0653,1.00,23.5974,1.00
2010-08-02 00:00:00,2010-08-02 10:00:00,-0.004,1.00,-999,0.00,-0.000,1.00,-999,0.00,0.049,1.00,-999,0.00,2.144e+06,1.00,1.29,1.00,11.6,1.00,204.2,1.00,-999,0.00,-999,0.00,-999,0.00,-999,0.00,26.72,1.00,26.72,1.00,26.69,1.00,26.73,1.00,36.0753,1.00,23.6303,1.00,26.71,1.00,36.0555,1.00,23.6581,1.00
2010-08-09 00:00:00,2010-08-09 10:00:00,0.066,1.00,-999,0.00,-0.001,1.00,-999,0.00,0.086,1.00,-999,0.00,4.540e+06,1.00,1.74,1.00,13.9,1.00,215.9,1.00,-999,0.00,-999,0.00,-999,0.00,-999,0.00,26.65,1.00,26.64,1.00,26.64,1.00,26.65,1.00,36.0764,1.00,23.6565,1.00,26.64,1.00,36.0516,1.00,23.6768,1.00
2010-08-16 00:00:00,2010-08-16 10:00:00,0.042,1.00,-999,0.00,-0.004,1.00,-999,0.00,0.073,1.00,-999,0.00,3.489e+06,1.00,1.56,1.00,13.7,1.00,210.1,1.00,-999,0.00,-999,0.00,-999,0.00,-999,0.00,26.52,1.00,26.51,1.00,26.49,1.00,26.53,1.00,36.1026,1.00,23.7157,1.00,26.50,1.00,36.0589,1.00,23.7268,1.00
2010-08-23 00:00:00,2010-08-23 10:00:00,0.105,1.00,-999,0.00,-0.007,1.00,-999,0.00,0.108,1.00,-999,0.00,1.081e+06,1.00,0.86,1.00,14.6,1.00,220.5,1.00,-999,0.00,-999,0.00,-999,0.00,-999,0.00,26.57,1.00,26.55,1.00,26.54,1.00,26.59,1.00,36.1070,1.00,23.7005,1.00,26.54,1.00,36.0551,1.00,23.7102,1.00
2010-08-30 00:00:00,2010-08-30 10:00:00,0.142,1.00,-999,0.00,-0.012,1.00,-999,0.00,0.144,1.00,-999,0.00,1.129e+06,1.00,0.99,1.00,11.3,1.00,212.9,1.00,-999,0.00,-999,0.00,-999,0.00,-999,0.00,26.65,1.00,26.63,1.00,26.61,1.00,26.68,1.00,36.1219,1.00,23.6816,1.00,26.62,1.00,36.0597,1.00,23.6901,1.00
2010-09-06 00:00:00,2010-09-06 10:00:00,0.134,1.00,0.120,0.02,-0.004,1.00,0.052,0.02,0.141,1.00,0.134,0.02,5.716e+06,1.00,1.89,1.00,14.3,1.00,213.0,1.00,-999,0.00,-999,0.00,-999,0.00,-999,0.00,26.41,1.00,26.40,1.00,26.39,1.00,26.42,1.00,36.1435,1.00,23.7827,1.00,26.40,1.00,36.0693,1.00,23.7675,1.00
2010-09-13 00:00:00,2010-09-13 10:00:00,0.058,1.00,-999,0.00,-0.004,1.00,-999,0.00,0.088,1.00,-999,0.00,3.212e+06,1.00,1.46,1.00,13.6,1.00,208.3,1.00,-999,0.00,-999,0.00,-999,0.00,-999,0.00,26.17,1.00,26.17,1.00,26.17,1.00,26.17,1.00,36.0935,1.00,23.8205,1.00,26.17,1.00,35.9898,1.00,23.7787,1.00
2010-09-20 00:00:00,2010-09-20 10:00:00,0.111,1.00,-999,0.00,-0.006,1.00,-999,0.00,0.113,1.00,-999,0.00,3.604e+06,1.00,1.53,1.00,14.8,1.00,220.0,1.00,-999,0.00,-999,0.00,-999,0.00,-999,0.00,26.29,1.00,26.28,1.00,26.28,1.00,26.30,1.00,36.0918,1.00,23.7795,1.00,26.28,1.00,35.9737,1.00,23.7327,1.00
2010-09-27 00:00:00,2010-09-27 10:00:00,0.090,1.00,-999,0.00,-0.004,1.00,-999,0.00,0.092,1.00,-999,0.00,3.667e+06,1.00,1.66,1.00,12.8,1.00,206.1,1.00,-999,0.00,-999,0.00,-999,0.00,-999,0.00,26.27,1.00,26.26,1.00,26.26,1.00,26.27,1.00,36.0979,1.00,23.7935,1.00,26.26,1.00,35.9587,1.00,23.7260,1.00
2010-10-04 00:00:00,2010-10-04 10:00:00,0.043,1.00,0.069,0.01,-0.005,1.00,0.017,0.01,0.070,1.00,0.072,0.01,2.137e+06,1.00,1.23,1.00,13.3,1.00,216.6,1.00,-999,0.00,-999,0.00,-999,0.00,-999,0.00,26.34,1.00,26.32,1.00,26.31,1.00,26.35,1.00,36.0893,1.00,23.7626,1.00,26.32,1.00,35.9401,1.00,23.6943,1.00
2010-10-11 00:00:00,2010-10-11 10:00:00,0.075,1.00,-999,0.00,-0.008,1.00,-999,0.00,0.086,1.00,-999,0.00,3.601e+06,1.00,1.66,1.00,13.1,1.00,206.8,1.00,-999,0.00,-999,0.00,-999,0.00,-999,0.00,26.60,1.00,26.59,1.00,26.59,1.00,26.60,1.00,36.0725,1.00,23.6706,1.00,26.59,1.00,35.9061,1.00,23.5825,1.00
2010-10-18 00:00:00,2010-10-18 10:00:00,0.014,1.00,-999,0.00,-0.006,1.00,-999,0.00,0.078,1.00,-999,0.00,9.875e+05,1.00,0.87,1.00,12.8,1.00,213.7,1.00,-999,0.00,-999,0.00,-999,0.00,-999,0.00,26.58,1.00,26.55,1.00,26.53,1.00,26.62,1.00,36.1256,1.00,23.7036,1.00,26.54,1.00,35.9449,1.00,23.6286,1.00
2010-10-25 00:00:00,2010-10-25 10:00:00,-0.012,1.00,-999,0.00,-0.001,1.00,-999,0.00,0.058,1.00,-999,0.00,3.503e+06,1.00,1.57,1.00,12.6,1.00,213.2,1.00,-999,0.00,-999,0.00,-999,0.00,-999,0.00,26.78,1.00,26.75,1.00,26.70,1.00,26.80,1.00,36.0834,1.00,23.6161,1.00,26.73,1.00,35.9691,1.00,23.5866,1.00
2010-11-01 00:00:00,2010-11-01 10:00:00,0.053,0.18,-999,0.00,-0.011,0.18,-999,0.00,0.075,0.18,-999,0.00,1.274e+06,0.16,1.01,0.16,12.4,0.16,221.9,0.16,-999,0.00,-999,0.00,-999,0.00,-999,0.00,26.87,1.00,26.81,1.00,26.69,1.00,26.93,1.00,36.1222,1.00,23.6017,1.00,26.75,1.00,36.0121,1.00,23.6098,1.00
2010-11-08 00:00:00,2010-11-08 10:00:00,-999,0.00,-999,0.00,-999,0.00,-999,0.00,-999,0.00,-999,0.00,-999,0.00,-999,0.00,-999,0.00,-999,0.00,-999,0.00,-999,0.00,-999,0.00,-999,0.00,27.20,1.00,27.17,1.00,27.13,1.00,27.23,1.00,36.0583,1.00,23.4592,1.00,27.15,1.00,35.9284,1.00,23.4210,1.00
2010-11-15 00:00:00,2010-11-15 10:00:00,-999,0.00,-999,0.00,-999,0.00,-999,0.00,-999,0.00,-999,0.00,-999,0.00,-999,0.00,-999,0.00,-999,0.00,-999,0.00,-999,0.00,-999,0.00,-999,0.00,27.45,1.00,27.43,1.00,27.39,1.00,27.47,1.00,36.0189,1.00,23.3492,1.00,27.41,1.00,35.9093,1.00,23.3231,1.00
2010-11-22 00:00:00,2010-11-22 10:00:00,-999,0.00,-999,0.00,-999,0.00,-999,0.00,-999,0.00,-999,0.00,-999,0.00,-999,0.00,-999,0.00,-999,0.00,-999,0.00,-999,0.00,-999,0.00,-999,0.00,27.94,1.00,27.91,1.00,27.86,1.00,27.97,1.00,35.9467,1.00,23.1351,1.00,27.89,0.77,35.8433,0.77,23.1151,0.77
2010-11-29 00:00:00,2010-11-29 10:00:00,-999,0.00,-999,0.00,-999,0.00,-999,0.00,-999,0.00,-999,0.00,-999,0.00,-999,0.00,-999,0.00,-999,0.00,-999,0.00,-999,0.00,-999,0.00,-999,0.00,28.06,1.00,28.03,1.00,27.99,1.00,28.09,1.00,35.9404,1.00,23.0892,1.00,-999,0.00,-999,0.00,-999,0.00
2010-12-06 00:00:00,2010-12-06 10:00:00,-999,0.00,-999,0.00,-999,0.00,-999,0.00,-999,0.00,-999,0.00,-999,0.00,-999,0.00,-999,0.00,-999,0.00,-999,0.00,-999,0.00,-999,0.00,-999,0.00,28.08,1.00,28.06,1.00,28.04,1.00,28.10,1.00,35.9779,1.00,23.1135,1.00,-999,0.00,-999,0.00,-999,0.00
2010-12-13 00:00:00,2010-12-13 10:00:00,-999,0.00,-999,0.00,-999,0.00,-999,0.00,-999,0.00,-999,0.00,-999,0.00,-999,0.00,-999,0.00,-999,0.00,-999,0.00,-999,0.00,-999,0.00,-999,0.00,28.16,1.00,28.14,1.00,28.11,1.00,28.17,1.00,35.9374,1.00,23.0617,1.00,-999,0.00,-999,0.00,-999,0.00
2010-12-20 00:00:00,2010-12-20 10:00:00,-999,0.00,-999,0.00,-999,0.00,-999,0.00,-999,0.00,-999,0.00,-999,0.00,-999,0.00,-999,0.00,-999,0.00,-999,0.00,-999,0.00,-999,0.00,-999,0.00,28.35,1.00,28.34,1.00,28.32,1.00,28.33,0.46,35.9733,0.46,23.0358,0.46,-999,0.00,-999,0.00,-999,0.00
2010-12-27 00:00:00,2010-12-27 10:00:00,-999,0.00,-999,0.00,-999,0.00,-999,0.00,-999,0.00,-999,0.00,1.402e+06,0.02,1.03,0.02,13.4,0.02,217.0,0.02,-999,0.00,-999,0.00,-999,0.00,-999,0.00,28.08,1.00,28.07,1.00,28.06,1.00,-999,0.00,-999,0.00,-999,0.00,-999,0.00,-999,0.00,-999,0.00
2011-01-03 00:00:00,2011-01-03 10:00:00,-999,0.00,-999,0.00,-999,0.00,-999,0.00,-999,0.00,-999,0.00,-999,0.00,-999,0.00,-999,0.00,-999,0.00,-999,0.00,-999,0.00,-999,0.00,-999,0.00,28.07,1.00,28.05,1.00,28.03,1.00,-999,0.00,-999,0.00,-999,0.00,-999,0.00,-999,0.00,-999,0.00
2011-01-10 00:00:00,2011-01-10 10:00:00,-999,0.00,-999,0.00,-999,0.00,-999,0.00,-999,0.00,-999,0.00,-999,0.00,-999,0.00,-999,0.00,-999,0.00,-999,0.00,-999,0.00,-999,0.00,-999,0.00,27.87,1.00,27.86,1.00,27.85,1.00,-999,0.00,-999,0.00,-999,0.00,-999,0.00,-999,0.00,-999,0.00
2011-01-17 00:00:00,2011-01-17 10:00:00,0.077,0.22,0.087,0.22,-0.003,0.22,0.020,0.22,0.101,0.22,0.142,0.22,8.422e+05,0.23,0.82,0.23,12.6,0.23,208.2,0.23,7.444e+05,0.42,0.78,0.42,12.5,0.42,10.455,0.21,27.68,0.99,27.68,0.99,27.67,1.00,27.53,0.22,36.0819,0.22,23.3777,0.22,27.53,0.22,36.1156,0.22,23.4359,0.22
2011-01-24 00:00:00,2011-01-24 10:00:00,0.046,1.00,0.046,1.00,-0.008,1.00,0.038,1.00,0.085,1.00,0.126,1.00,1.335e+06,1.00,1.05,1.00,12.0,1.00,212.9,1.00,1.277e+06,2.00,1.02,2.00,12.0,2.00,10.465,1.00,27.78,1.00,27.74,1.00,27.69,1.00,27.82,1.00,36.0643,1.00,23.2703,1.00,27.70,1.00,36.0951,1.00,23.3647,1.00
2011-01-31 00:00:00,2011-01-31 10:00:00,0.031,1.00,-0.000,1.00,-0.002,1.00,0.044,1.00,0.055,1.00,0.091,1.00,2.062e+06,1.00,1.17,1.00,13.2,1.00,214.6,1.00,2.257e+06,2.00,1.16,2.00,12.6,2.00,10.482,1.00,27.84,1.00,27.82,1.00,27.80,1.00,27.86,1.00,36.0506,1.00,23.2479,1.00,27.81,1.00,36.0807,1.00,23.3206,1.00
2011-02-07 00:00:00,2011-02-07 10:00:00,0.042,1.00,0.020,1.00,-0.002,1.00,0.029,1.00,0.062,1.00,0.091,1.00,1.420e+06,1.00,1.04,1.00,12.9,1.00,212.4,1.00,1.129e+06,2.00,0.92,2.00,12.1,2.00,10.481,1.00,27.62,1.00,27.60,1.00,27.59,1.00,27.65,1.00,36.1205,1.00,23.3695,1.00,27.59,1.00,36.1494,1.00,23.4419,1.00
2011-02-14 00:00:00,2011-02-14 10:00:00,0.011,1.00,-0.013,1.00,-0.006,1.00,0.034,1.00,0.048,1.00,0.090,1.00,1.339e+06,1.00,1.02,1.00,12.6,1.00,206.2,1.00,1.361e+06,2.00,1.03,2.00,12.2,2.00,10.476,1.00,27.72,1.00,27.67,1.00,27.63,1.00,27.77,1.00,36.1849,1.00,23.3789,1.00,27.64,1.00,36.2221,1.00,23.4800,1.00
2011-02-21 00:00:00,2011-02-21 10:00:00,0.009,1.00,-0.003,1.00,-0.001,1.00,0.029,1.00,0.060,1.00,0.098,1.00,1.348e+06,1.00,1.01,1.00,12.8,1.00,215.0,1.00,1.459e+06,2.00,1.04,2.00,12.6,2.00,10.485,1.00,27.68,1.00,27.66,1.00,27.64,1.00,27.70,1.00,36.2662,1.00,23.4619,1.00,27.65,1.00,36.2899,1.00,23.5292,1.00
2011-02-28 00:00:00,2011-02-28 10:00:00,-0.003,1.00,-0.003,1.00,-0.003,1.00,0.026,1.00,0.061,1.00,0.101,1.00,1.196e+06,1.00,0.97,1.00,12.4,1.00,215.9,1.00,1.381e+06,2.00,1.04,2.00,12.4,2.00,10.484,1.00,27.72,1.00,27.71,1.00,27.69,1.00,27.75,1.00,36.2774,1.00,23.4543,1.00,27.69,1.00,36.3032,1.00,23.5250,1.00
2011-03-07 00:00:00,2011-03-07 10:00:00,0.007,1.00,-0.026,1.00,-0.004,1.00,0.039,1.00,0.052,1.00,0.102,1.00,1.691e+06,1.00,1.09,1.00,12.9,1.00,216.1,1.00,1.862e+06,2.00,1.11,2.00,12.9,2.00,10.489,1.00,27.90,1.00,27.86,1.00,27.81,1.00,27.94,1.00,36.2756,1.00,23.3927,1.00,27.82,1.00,36.3071,1.00,23.4847,1.00
2011-03-14 00:00:00,2011-03-14 10:00:00,-0.002,1.00,-0.036,1.00,-0.001,1.00,0.046,1.00,0.052,1.00,0.110,1.00,1.919e+06,1.00,1.24,1.00,11.9,1.00,206.0,1.00,2.000e+06,2.00,1.27,2.00,11.7,2.00,10.514,1.00,27.78,1.00,27.77,1.00,27.74,1.00,27.80,1.00,36.3011,1.00,23.4556,1.00,27.75,1.00,36.3282,1.00,23.5249,1.00
2011-03-21 00:00:00,2011-03-21 10:00:00,0.014,1.00,0.005,1.00,-0.005,1.00,0.062,1.00,0.065,1.00,0.125,1.00,2.878e+06,1.00,1.37,1.00,14.7,1.00,213.6,1.00,3.185e+06,2.00,1.47,2.00,14.1,2.00,10.523,1.00,27.92,1.00,27.90,1.00,27.88,1.00,27.94,1.00,36.2718,1.00,23.3891,1.00,27.89,1.00,36.2974,1.00,23.4574,1.00
2011-03-28 00:00:00,2011-03-28 10:00:00,-0.023,1.00,-0.098,1.00,0.001,1.00,0.067,1.00,0.057,1.00,0.151,1.00,3.602e+06,1.00,1.60,1.00,13.6,1.00,216.5,1.00,3.969e+06,2.00,1.64,2.00,13.5,2.00,10.527,1.00,28.11,1.00,28.09,1.00,28.07,1.00,28.12,1.00,36.1661,1.00,23.2488,1.00,28.08,1.00,36.1942,1.00,23.3168,1.00
2011-04-04 00:00:00,2011-04-04 10:00:00,0.012,1.00,-0.008,1.00,-0.002,1.00,0.047,1.00,0.078,1.00,0.128,1.00,2.026e+06,1.00,1.23,1.00,13.1,1.00,206.8,1.00,2.005e+06,2.00,1.24,2.00,12.7,2.00,10.512,1.00,28.02,1.00,28.01,1.00,27.99,1.00,28.04,1.00,36.1688,1.00,23.2783,1.00,28.00,1.00,36.1911,1.00,23.3404,1.00
2011-04-11 00:00:00,2011-04-11 10:00:00,0.004,1.00,-0.026,1.00,-0.000,1.00,0.109,1.00,0.065,1.00,0.162,1.00,5.617e+06,1.00,1.91,1.00,14.3,1.00,215.1,1.00,7.036e+06,2.00,2.16,2.00,13.7,2.00,10.520,1.00,28.01,1.00,28.00,1.00,27.98,1.00,28.03,1.00,36.2002,1.00,23.3058,1.00,27.99,1.00,36.2203,1.00,23.3660,1.00
2011-04-18 00:00:00,2011-04-18 10:00:00,0.065,1.00,0.073,1.00,-0.003,1.00,0.054,1.00,0.085,1.00,0.133,1.00,2.321e+06,1.00,1.23,1.00,13.5,1.00,217.7,1.00,2.489e+06,2.00,1.27,2.00,13.1,2.00,10.526,1.00,28.01,1.00,28.00,1.00,27.99,1.00,28.02,1.00,36.2495,1.00,23.3448,1.00,27.99,1.00,36.2672,1.00,23.3995,1.00
2011-04-25 00:00:00,2011-04-25 10:00:00,0.052,1.00,0.072,1.00,-0.004,1.00,0.061,1.00,0.070,1.00,0.125,1.00,2.221e+06,1.00,1.24,1.00,14.1,1.00,215.6,1.00,2.390e+06,2.00,1.31,2.00,13.5,2.00,10.516,1.00,27.98,1.00,27.97,1.00,27.95,1.00,27.99,1.00,36.2350,1.00,23.3451,1.00,27.96,1.00,36.2527,1.00,23.4004,1.00
2011-05-02 00:00:00,2011-05-02 10:00:00,0.010,1.00,-0.045,1.00,0.005,1.00,0.094,1.00,0.059,1.00,0.147,1.00,5.956e+06,1.00,2.22,1.00,12.0,1.00,204.3,1.00,5.300e+06,2.00,2.16,2.00,11.3,2.00,10.495,1.00,27.61,1.00,27.61,1.00,27.61,1.00,27.61,1.00,36.2524,1.00,23.4805,1.00,27.61,1.00,36.2728,1.00,23.5299,1.00
2011-05-09 00:00:00,2011-05-09 10:00:00,0.012,1.00,-0.012,1.00,-0.002,1.00,0.041,1.00,0.054,1.00,0.096,1.00,1.953e+06,1.00,1.20,1.00,12.6,1.00,204.7,1.00,1.766e+06,2.00,1.16,2.00,11.7,2.00,10.463,1.00,27.56,1.00,27.54,1.00,27.53,1.00,27.57,1.00,36.3007,1.00,23.5296,1.00,27.53,1.00,36.3154,1.00,23.5866,1.00
2011-05-16 00:00:00,2011-05-16 10:00:00,0.003,1.00,-0.040,1.00,0.002,1.00,0.083,1.00,0.046,1.00,0.120,1.00,4.574e+06,1.00,1.73,1.00,14.5,1.00,212.4,1.00,4.550e+06,2.00,1.74,2.00,13.4,2.00,10.469,1.00,27.46,1.00,27.45,1.00,27.44,1.00,27.47,1.00,36.3093,1.00,23.5697,1.00,27.44,1.00,36.3236,1.00,23.6211,1.00
2011-05-23 00:00:00,2011-05-23 10:00:00,0.004,1.00,-0.038,1.00,0.002,1.00,0.062,1.00,0.050,1.00,0.107,1.00,3.016e+06,1.00,1.45,1.00,14.3,1.00,212.0,1.00,3.081e+06,2.00,1.49,2.00,13.4,2.00,10.452,1.00,27.38,1.00,27.38,1.00,27.38,1.00,27.38,1.00,36.2865,1.00,23.5814,1.00,27.37,1.00,36.3052,1.00,23.6296,1.00
2011-05-30 00:00:00,2011-05-30 10:00:00,0.015,1.00,-0.018,1.00,0.005,1.00,0.083,1.00,0.058,1.00,0.130,1.00,7.386e+06,0.98,2.08,0.98,15.2,0.98,216.1,0.98,7.547e+06,2.00,2.15,2.00,14.2,2.00,10.427,1.00,27.20,1.00,27.20,1.00,27.20,1.00,27.21,1.00,36.2892,1.00,23.6399,1.00,27.20,1.00,36.3046,1.00,23.6856,1.00
2011-06-06 00:00:00,2011-06-06 10:00:00,0.065,1.00,0.028,1.00,-0.002,1.00,0.056,1.00,0.104,1.00,0.146,1.00,4.130e+06,1.00,1.76,1.00,11.8,1.00,200.3,1.00,3.336e+06,2.00,1.61,2.00,11.1,2.00,10.441,1.00,26.72,1.00,26.72,1.00,26.72,1.00,26.72,1.00,36.2099,1.00,23.7350,1.00,26.72,1.00,36.2675,1.00,23.8127,1.00
2011-06-13 00:00:00,2011-06-13 10:00:00,0.031,1.00,0.014,1.00,0.000,1.00,0.092,1.00,0.057,1.00,0.126,1.00,5.691e+06,1.00,1.73,1.00,14.6,1.00,213.8,1.00,6.227e+06,2.00,1.81,2.00,13.7,2.00,10.427,1.00,26.76,1.00,26.75,1.00,26.74,1.00,26.76,1.00,36.2329,1.00,23.7396,1.00,26.74,1.00,36.2451,1.00,23.7866,1.00
2011-06-20 00:00:00,2011-06-20 10:00:00,0.111,1.00,0.101,1.00,-0.002,1.00,0.076,1.00,0.115,1.00,0.153,1.00,3.364e+06,1.00,1.42,1.00,13.2,1.00,208.5,1.00,3.116e+06,2.00,1.34,2.00,12.8,2.00,10.443,1.00,26.96,1.00,26.96,1.00,26.95,1.00,26.96,1.00,36.3042,1.00,23.7297,1.00,26.95,1.00,36.3145,1.00,23.7728,1.00
2011-06-27 00:00:00,2011-06-27 10:00:00,0.040,0.86,0.119,0.41,0.001,0.86,0.043,0.41,0.082,0.86,0.133,0.41,5.157e+06,0.82,1.67,0.82,13.1,0.82,211.4,0.82,3.700e+06,1.44,1.40,1.44,12.2,1.44,10.474,0.95,26.85,1.00,26.84,1.00,26.84,1.00,26.86,1.00,36.3031,1.00,23.7625,1.00,26.84,1.00,36.3174,1.00,23.8115,1.00
2011-07-04 00:00:00,2011-07-04 10:00:00,0.038,1.00,0.014,0.01,0.004,1.00,0.068,0.01,0.081,1.00,0.076,0.01,6.760e+06,1.00,1.93,1.00,14.2,1.00,213.2,1.00,6.188e+06,1.00,1.91,1.00,12.8,1.00,10.487,1.00,26.69,1.00,26.68,1.00,26.68,1.00,26.69,1.00,36.2924,1.00,23.8079,1.00,26.68,1.00,36.3120,1.00,23.8575,1.00
2011-07-11 00:00:00,2011-07-11 10:00:00,0.005,1.00,-0.031,0.21,0.002,1.00,0.043,0.21,0.037,1.00,0.078,0.21,3.559e+06,1.00,1.56,1.00,14.2,1.00,227.8,1.00,3.173e+06,1.00,1.55,1.00,13.2,1.00,10.480,1.00,26.53,1.00,26.53,1.00,26.53,1.00,26.54,1.00,36.2989,1.00,23.8618,1.00,26.53,1.00,36.3188,1.00,23.9114,1.00
2011-07-18 00:00:00,2011-07-18 10:00:00,-0.003,1.00,-0.044,0.13,0.001,1.00,0.025,0.13,0.049,1.00,0.071,0.13,1.910e+06,1.00,1.20,1.00,13.1,1.00,216.8,1.00,1.978e+06,1.00,1.25,1.00,12.7,1.00,10.508,1.00,26.37,1.00,26.36,1.00,26.35,1.00,26.38,1.00,36.3124,1.00,23.9231,1.00,26.36,1.00,36.3337,1.00,23.9770,1.00
2011-07-25 00:00:00,2011-07-25 10:00:00,-0.007,1.00,-0.037,0.17,0.003,1.00,0.090,0.17,0.057,1.00,0.138,0.17,6.283e+06,1.00,1.95,1.00,13.9,1.00,215.9,1.00,6.272e+06,1.00,2.03,1.00,12.9,1.00,10.484,1.00,26.35,1.00,26.34,1.00,26.33,1.00,26.36,1.00,36.3137,1.00,23.9303,1.00,26.33,1.00,36.3375,1.00,23.9875,1.00
2011-08-01 00:00:00,2011-08-01 10:00:00,0.049,1.00,0.009,0.26,0.001,1.00,0.065,0.26,0.057,1.00,0.082,0.26,2.756e+06,1.00,1.44,1.00,13.0,1.00,213.8,1.00,2.883e+06,1.00,1.48,1.00,12.7,1.00,10.522,1.00,26.35,1.00,26.34,1.00,26.33,1.00,26.37,1.00,36.3069,1.00,23.9202,1.00,26.33,1.00,36.3285,1.00,23.9814,1.00
2011-08-08 00:00:00,2011-08-08 10:00:00,0.005,1.00,-0.063,0.25,0.000,1.00,0.061,0.25,0.041,1.00,0.113,0.25,3.362e+06,1.00,1.54,1.00,13.6,1.00,211.9,1.00,3.560e+06,1.00,1.62,1.00,13.0,1.00,10.502,1.00,26.39,1.00,26.37,1.00,26.35,1.00,26.40,1.00,36.3044,1.00,23.9090,1.00,26.36,1.00,36.3280,1.00,23.9726,1.00
2011-08-15 00:00:00,2011-08-15 10:00:00,-0.012,1.00,-0.042,0.26,0.002,1.00,0.052,0.26,0.036,1.00,0.092,0.26,2.588e+06,1.00,1.43,1.00,12.5,1.00,218.6,1.00,2.854e+06,1.00,1.51,1.00,12.2,1.00,10.512,1.00,26.38,1.00,26.37,1.00,26.35,1.00,26.39,1.00,36.3223,1.00,23.9250,1.00,26.35,1.00,36.3467,1.00,23.9874,1.00
2011-08-22 00:00:00,2011-08-22 10:00:00,-0.025,1.00,-0.055,0.11,0.009,1.00,0.075,0.11,0.048,1.00,0.109,0.11,9.782e+06,1.00,2.42,1.00,14.7,1.00,211.4,1.00,1.209e+07,1.00,2.61,1.00,13.5,1.00,10.477,1.00,26.18,1.00,26.18,1.00,26.16,1.00,26.19,1.00,36.3400,1.00,24.0035,1.00,26.17,1.00,36.3693,1.00,24.0627,1.00
2011-08-29 00:00:00,2011-08-29 10:00:00,0.021,1.00,-0.024,0.27,-0.002,1.00,0.056,0.27,0.052,1.00,0.094,0.27,2.440e+06,1.00,1.31,1.00,12.8,1.00,212.4,1.00,2.616e+06,1.00,1.34,1.00,12.2,1.00,10.497,1.00,26.29,1.00,26.27,1.00,26.25,1.00,26.30,1.00,36.3226,1.00,23.9542,1.00,26.26,1.00,36.3516,1.00,24.0217,1.00
2011-09-05 00:00:00,2011-09-05 10:00:00,0.032,1.00,-0.024,0.20,0.002,1.00,0.081,0.20,0.063,1.00,0.120,0.20,5.149e+06,1.00,1.81,1.00,13.3,1.00,211.4,1.00,5.693e+06,1.00,1.90,1.00,12.7,1.00,10.481,1.00,26.33,1.00,26.32,1.00,26.32,1.00,26.34,1.00,36.3557,1.00,23.9680,1.00,26.32,1.00,36.3861,1.00,24.0278,1.00
2011-09-12 00:00:00,2011-09-12 10:00:00,0.023,1.00,0.036,0.14,-0.004,1.00,0.054,0.14,0.061,1.00,0.102,0.14,3.163e+06,1.00,1.49,1.00,13.6,1.00,221.5,1.00,3.222e+06,1.00,1.51,1.00,12.8,1.00,10.457,1.00,26.40,1.00,26.38,1.00,26.34,1.00,26.43,1.00,36.3651,1.00,23.9457,1.00,26.32,0.59,36.3981,0.59,24.0360,0.59
2011-09-19 00:00:00,2011-09-19 10:00:00,0.041,1.00,0.006,0.30,-0.000,1.00,0.038,0.30,0.054,1.00,0.078,0.30,1.678e+06,1.00,1.08,1.00,13.5,1.00,218.6,1.00,1.786e+06,1.00,1.14,1.00,12.8,1.00,10.512,1.00,26.41,1.00,26.41,1.00,26.40,1.00,26.43,1.00,36.3392,1.00,23.9269,1.00,-999,0.00,-999,0.00,-999,0.00
2011-09-26 00:00:00,2011-09-26 10:00:00,0.021,1.00,0.013,0.40,0.002,1.00,0.041,0.40,0.066,1.00,0.108,0.40,3.983e+06,1.00,1.38,1.00,13.4,1.00,216.3,1.00,4.942e+06,1.00,1.47,1.00,13.2,1.00,10.537,1.00,26.43,1.00,26.41,1.00,26.40,1.00,26.45,1.00,36.3994,1.00,23.9663,1.00,-999,0.00,-999,0.00,-999,0.00
2011-10-03 00:00:00,2011-10-03 10:00:00,-0.025,0.25,-0.005,0.01,-0.005,0.25,0.044,0.01,0.038,0.25,0.055,0.01,5.551e+06,0.21,2.03,0.21,13.5,0.21,210.2,0.21,3.434e+06,1.00,1.68,1.00,11.5,1.00,10.531,1.00,26.53,1.00,26.52,1.00,26.50,1.00,26.55,1.00,36.3622,1.00,23.9066,1.00,-999,0.00,-999,0.00,-999,0.00
2011-10-10 00:00:00,2011-10-10 10:00:00,-999,0.00,-999,0.00,-999,0.00,-999,0.00,-999,0.00,-999,0.00,-999,0.00,-999,0.00,-999,0.00,-999,0.00,4.018e+06,1.00,1.83,1.00,11.3,1.00,10.508,1.00,26.58,1.00,26.57,1.00,26.54,1.00,26.60,1.00,36.3602,1.00,23.8867,1.00,-999,0.00,-999,0.00,-999,0.00
2011-10-17 00:00:00,2011-10-17 10:00:00,-999,0.00,-999,0.00,-999,0.00,-999,0.00,-999,0.00,-999,0.00,-999,0.00,-999,0.00,-999,0.00,-999,0.00,1.032e+06,1.00,0.97,1.00,10.9,1.00,10.485,1.00,26.33,1.00,26.33,1.00,26.32,1.00,26.34,1.00,36.3716,1.00,23.9792,1.00,-999,0.00,-999,0.00,-999,0.00
2011-10-24 00:00:00,2011-10-24 10:00:00,-999,0.00,-999,0.00,-999,0.00,-999,0.00,-999,0.00,-999,0.00,-999,0.00,-999,0.00,-999,0.00,-999,0.00,2.366e+06,1.00,1.25,1.00,13.4,1.00,10.532,1.00,26.34,1.00,26.32,1.00,26.31,1.00,26.36,1.00,36.4025,1.00,23.9952,1.00,-999,0.00,-999,0.00,-999,0.00
2011-10-31 00:00:00,2011-10-31 10:00:00,-999,0.00,-999,0.00,-999,0.00,-999,0.00,-999,0.00,-999,0.00,-999,0.00,-999,0.00,-999,0.00,-999,0.00,2.085e+06,1.00,1.20,1.00,12.0,1.00,10.513,1.00,26.41,1.00,26.41,1.00,26.39,1.00,26.43,1.00,36.2933,1.00,23.8924,1.00,-999,0.00,-999,0.00,-999,0.00
2011-11-07 00:00:00,2011-11-07 10:00:00,-999,0.00,-999,0.00,-999,0.00,-999,0.00,-999,0.00,-999,0.00,-999,0.00,-999,0.00,-999,0.00,-999,0.00,6.982e+05,1.00,0.75,1.00,12.0,1.00,10.521,1.00,26.86,1.00,26.83,1.00,26.77,1.00,26.90,1.00,36.3110,1.00,23.7550,1.00,-999,0.00,-999,0.00,-999,0.00
2011-11-14 00:00:00,2011-11-14 10:00:00,-999,0.00,-999,0.00,-999,0.00,-999,0.00,-999,0.00,-999,0.00,-999,0.00,-999,0.00,-999,0.00,-999,0.00,6.814e+05,1.00,0.78,1.00,10.5,1.00,10.552,1.00,27.08,1.00,27.05,1.00,26.98,1.00,27.12,1.00,36.3105,1.00,23.6832,1.00,-999,0.00,-999,0.00,-999,0.00
2011-11-21 00:00:00,2011-11-21 10:00:00,-999,0.00,-999,0.00,-999,0.00,-999,0.00,-999,0.00,-999,0.00,-999,0.00,-999,0.00,-999,0.00,-999,0.00,1.984e+06,1.00,1.16,1.00,12.6,1.00,10.543,1.00,27.43,1.00,27.41,1.00,27.38,1.00,27.46,1.00,36.3257,1.00,23.5855,1.00,-999,0.00,-999,0.00,-999,0.00
2011-11-28 00:00:00,2011-11-28 10:00:00,-999,0.00,-999,0.00,-999,0.00,-999,0.00,-999,0.00,-999,0.00,-999,0.00,-999,0.00,-999,0.00,-999,0.00,3.286e+06,1.00,1.44,1.00,13.1,1.00,10.532,1.00,27.36,1.00,27.35,1.00,27.32,1.00,27.33,0.64,36.3487,0.64,23.6461,0.64,-999,0.00,-999,0.00,-999,0.00
2011-12-05 00:00:00,2011-12-05 10:00:00,-999,0.00,-999,0.00,-999,0.00,-999,0.00,-999,0.00,-999,0.00,-999,0.00,-999,0.00,-999,0.00,-999,0.00,7.954e+05,1.00,0.84,1.00,10.8,1.00,10.495,1.00,27.55,1.00,27.50,1.00,27.42,1.00,-999,0.00,-999,0.00,-999,0.00,-999,0.00,-999,0.00,-999,0.00
2011-12-12 00:00:00,2011-12-12 10:00:00,-999,0.00,-999,0.00,-999,0.00,-999,0.00,-999,0.00,-999,0.00,-999,0.00,-999,0.00,-999,0.00,-999,0.00,9.090e+05,1.00,0.85,1.00,12.3,1.00,10.489,1.00,27.97,1.00,27.91,1.00,27.80,1.00,-999,0.00,-999,0.00,-999,0.00,-999,0.00,-999,0.00,-999,0.00
2011-12-19 00:00:00,2011-12-19 10:00:00,-999,0.00,-999,0.00,-999,0.00,-999,0.00,-999,0.00,-999,0.00,-999,0.00,-999,0.00,-999,0.00,-999,0.00,8.602e+05,1.00,0.81,1.00,12.5,1.00,10.530,1.00,27.76,1.00,27.75,1.00,27.72,1.00,-999,0.00,-999,0.00,-999,0.00,-999,0.00,-999,0.00,-999,0.00
2011-12-26 00:00:00,2011-12-26 10:00:00,-999,0.00,-999,0.00,-999,0.00,-999,0.00,-999,0.00,-999,0.00,4.524e+06,0.02,1.85,0.02,13.4,0.02,215.0,0.02,7.973e+05,1.00,0.83,1.00,10.6,1.00,10.536,1.00,27.85,1.00,27.84,1.00,27.83,1.00,-999,0.00,-999,0.00,-999,0.00,-999,0.00,-999,0.00,-999,0.00
2012-01-02 00:00:00,2012-01-02 10:00:00,-999,0.00,-999,0.00,-999,0.00,-999,0.00,-999,0.00,-999,0.00,-999,0.00,-999,0.00,-999,0.00,-999,0.00,1.401e+06,1.00,1.07,1.00,11.1,1.00,10.524,1.00,28.04,1.00,28.03,1.00,27.99,1.00,-999,0.00,-999,0.00,-999,0.00,-999,0.00,-999,0.00,-999,0.00
2012-01-09 00:00:00,2012-01-09 10:00:00,-999,0.00,-999,0.00,-999,0.00,-999,0.00,-999,0.00,-999,0.00,-999,0.00,-999,0.00,-999,0.00,-999,0.00,1.334e+06,1.00,1.10,1.00,11.1,1.00,10.547,1.00,27.35,1.00,27.35,1.00,27.33,1.00,-999,0.00,-999,0.00,-999,0.00,-999,0.00,-999,0.00,-999,0.00
2012-01-16 00:00:00,2012-01-16 10:00:00,-999,0.00,-999,0.00,-999,0.00,-999,0.00,-999,0.00,-999,0.00,-999,0.00,-999,0.00,-999,0.00,-999,0.00,1.440e+06,1.00,0.99,1.00,11.8,1.00,10.524,1.00,27.60,1.00,27.56,1.00,27.52,1.00,-999,0.00,-999,0.00,-999,0.00,-999,0.00,-999,0.00,-999,0.00
2012-01-23 00:00:00,2012-01-23 10:00:00,0.060,0.79,0.084,0.13,-0.008,0.79,0.034,0.13,0.073,0.79,0.108,0.13,9.124e+05,0.79,0.91,0.79,11.4,0.79,215.8,0.79,1.041e+06,0.96,0.93,0.96,11.5,0.96,10.590,0.95,28.05,1.00,28.00,1.00,27.90,1.00,28.24,0.79,36.1163,0.79,23.1740,0.79,28.06,0.79,36.0330,0.79,23.2024,0.79
2012-01-30 00:00:00,2012-01-30 10:00:00,0.069,1.00,0.035,0.00,-0.004,1.00,0.030,0.00,0.082,1.00,0.046,0.00,2.548e+06,1.00,1.38,1.00,12.4,1.00,226.9,1.00,2.218e+06,1.00,1.30,1.00,12.2,1.00,10.603,1.00,28.02,1.00,28.00,1.00,27.96,1.00,28.04,1.00,36.0835,1.00,23.2148,1.00,27.99,1.00,36.0177,1.00,23.2141,1.00
2012-02-06 00:00:00,2012-02-06 10:00:00,0.039,1.00,0.080,0.20,-0.007,1.00,0.049,0.20,0.069,1.00,0.150,0.20,1.466e+06,1.00,1.14,1.00,10.5,1.00,229.7,1.00,1.324e+06,1.00,1.05,1.00,10.6,1.00,10.567,1.00,28.37,1.00,28.32,1.00,28.19,1.00,28.42,1.00,36.1413,1.00,23.1312,1.00,28.27,1.00,36.0805,1.00,23.1667,1.00
2012-02-13 00:00:00,2012-02-13 10:00:00,0.015,1.00,0.007,0.02,-0.010,1.00,0.043,0.02,0.063,1.00,0.090,0.02,2.299e+06,1.00,1.29,1.00,12.6,1.00,220.2,1.00,2.264e+06,1.00,1.28,1.00,11.7,1.00,10.559,1.00,28.62,1.00,28.55,1.00,28.42,1.00,28.68,1.00,36.1184,1.00,23.0294,1.00,28.50,1.00,36.0469,1.00,23.0674,1.00
2012-02-20 00:00:00,2012-02-20 10:00:00,0.020,1.00,-0.001,0.27,-0.006,1.00,0.027,0.27,0.077,1.00,0.125,0.27,9.912e+05,1.00,0.92,1.00,11.7,1.00,209.8,1.00,1.273e+06,0.33,1.00,0.33,12.4,0.33,10.577,0.35,29.08,1.00,29.04,1.00,28.95,1.00,29.13,1.00,36.1691,1.00,22.9150,1.00,29.00,1.00,36.0866,1.00,22.9290,1.00
2012-02-27 00:00:00,2012-02-27 10:00:00,0.003,1.00,0.043,0.07,-0.004,1.00,0.009,0.07,0.076,1.00,0.113,0.07,1.085e+06,1.00,0.98,1.00,10.7,1.00,195.3,1.00,-999,0.00,-999,0.00,-999,0.00,-999,0.00,29.13,1.00,29.11,1.00,29.08,1.00,29.15,1.00,36.2961,1.00,23.0032,1.00,29.09,1.00,36.2045,1.00,22.9872,1.00
2012-03-05 00:00:00,2012-03-05 10:00:00,0.010,1.00,0.004,0.27,-0.010,1.00,0.049,0.27,0.081,1.00,0.128,0.27,2.038e+06,1.00,1.24,1.00,12.5,1.00,209.3,1.00,-999,0.00,-999,0.00,-999,0.00,-999,0.00,29.50,1.00,29.46,1.00,29.37,1.00,29.53,1.00,36.2878,1.00,22.8694,1.00,29.42,1.00,36.2033,1.00,22.8752,1.00
2012-03-12 00:00:00,2012-03-12 10:00:00,0.038,1.00,0.012,0.05,-0.006,1.00,0.051,0.05,0.081,1.00,0.090,0.05,2.116e+06,1.00,1.27,1.00,12.9,1.00,210.8,1.00,-999,0.00,-999,0.00,-999,0.00,-999,0.00,28.96,1.00,28.94,1.00,28.88,1.00,28.97,1.00,36.0652,1.00,22.8918,1.00,28.92,1.00,36.0069,1.00,22.8978,1.00
2012-03-19 00:00:00,2012-03-19 10:00:00,0.028,1.00,0.032,0.05,-0.003,1.00,0.040,0.05,0.071,1.00,0.076,0.05,3.522e+06,1.00,1.51,1.00,14.2,1.00,213.0,1.00,-999,0.00,-999,0.00,-999,0.00,-999,0.00,28.42,1.00,28.40,1.00,28.37,1.00,28.44,1.00,36.1390,1.00,23.1240,1.00,28.39,1.00,36.0610,1.00,23.1149,1.00
2012-03-26 00:00:00,2012-03-26 10:00:00,0.081,1.00,-999,0.00,-0.011,1.00,-999,0.00,0.098,1.00,-999,0.00,2.453e+06,1.00,1.29,1.00,14.0,1.00,210.6,1.00,-999,0.00,-999,0.00,-999,0.00,-999,0.00,28.71,1.00,28.68,1.00,28.61,1.00,28.75,1.00,36.1312,1.00,23.0134,1.00,28.65,1.00,36.0503,1.00,23.0199,1.00
2012-04-02 00:00:00,2012-04-02 10:00:00,0.001,1.00,0.018,0.04,-0.006,1.00,0.058,0.04,0.068,1.00,0.129,0.04,3.051e+06,1.00,1.46,1.00,13.6,1.00,209.4,1.00,-999,0.00,-999,0.00,-999,0.00,-999,0.00,28.77,1.00,28.74,1.00,28.67,1.00,28.80,1.00,36.1621,1.00,23.0222,1.00,28.72,1.00,36.0720,1.00,23.0137,1.00
2012-04-09 00:00:00,2012-04-09 10:00:00,-0.004,1.00,-0.124,0.00,-0.003,1.00,0.044,0.00,0.068,1.00,0.132,0.00,2.312e+06,1.00,1.29,1.00,12.5,1.00,205.9,1.00,-999,0.00,-999,0.00,-999,0.00,-999,0.00,28.83,1.00,28.79,1.00,28.75,1.00,28.87,1.00,36.1903,1.00,23.0205,1.00,28.77,1.00,36.0981,1.00,23.0149,1.00
2012-04-16 00:00:00,2012-04-16 10:00:00,0.016,1.00,0.016,0.10,-0.004,1.00,0.024,0.10,0.087,1.00,0.095,0.10,1.757e+06,1.00,1.11,1.00,12.9,1.00,212.4,1.00,-999,0.00,-999,0.00,-999,0.00,-999,0.00,28.93,1.00,28.92,1.00,28.89,1.00,28.95,1.00,36.2091,1.00,23.0055,1.00,28.91,1.00,36.1097,1.00,22.9788,1.00
2012-04-23 00:00:00,2012-04-23 10:00:00,0.009,1.00,0.011,0.00,-0.001,1.00,0.031,0.00,0.069,1.00,0.033,0.00,3.923e+06,1.00,1.74,1.00,12.6,1.00,203.8,1.00,-999,0.00,-999,0.00,-999,0.00,-999,0.00,28.85,1.00,28.85,1.00,28.83,1.00,28.85,1.00,36.1535,1.00,22.9981,1.00,28.84,1.00,36.0686,1.00,22.9700,1.00
2012-04-30 00:00:00,2012-04-30 10:00:00,0.004,1.00,0.096,0.05,-0.001,1.00,0.048,0.05,0.073,1.00,0.126,0.05,2.375e+06,1.00,1.25,1.00,13.6,1.00,211.1,1.00,-999,0.00,-999,0.00,-999,0.00,-999,0.00,28.43,1.00,28.42,1.00,28.42,1.00,28.44,1.00,36.0462,1.00,23.0546,1.00,28.42,1.00,35.9493,1.00,23.0194,1.00
2012-05-07 00:00:00,2012-05-07 10:00:00,0.017,1.00,-999,0.00,-0.005,1.00,-999,0.00,0.096,1.00,-999,0.00,3.531e+06,1.00,1.50,1.00,13.8,1.00,213.9,1.00,-999,0.00,-999,0.00,-999,0.00,-999,0.00,28.39,1.00,28.37,1.00,28.33,1.00,28.42,1.00,36.0724,1.00,23.0802,1.00,28.35,1.00,35.9732,1.00,23.0620,1.00
2012-05-14 00:00:00,2012-05-14 10:00:00,0.018,1.00,0.093,0.01,-0.005,1.00,0.011,0.01,0.077,1.00,0.095,0.01,1.805e+06,1.00,1.11,1.00,12.6,1.00,217.4,1.00,-999,0.00,-999,0.00,-999,0.00,-999,0.00,28.14,1.00,28.12,1.00,28.08,1.00,28.17,1.00,36.1786,1.00,23.2430,1.00,28.10,1.00,36.0802,1.00,23.2225,1.00
2012-05-21 00:00:00,2012-05-21 10:00:00,0.011,1.00,-999,0.00,-0.003,1.00,-999,0.00,0.075,1.00,-999,0.00,2.742e+06,1.00,1.50,1.00,12.2,1.00,215.4,1.00,-999,0.00,-999,0.00,-999,0.00,-999,0.00,28.08,1.00,28.07,1.00,28.04,1.00,28.10,1.00,36.1976,1.00,23.2804,1.00,28.06,1.00,36.0978,1.00,23.2511,1.00
2012-05-28 00:00:00,2012-05-28 10:00:00,0.027,1.00,-999,0.00,-0.001,1.00,-999,0.00,0.063,1.00,-999,0.00,3.158e+06,0.98,1.38,0.98,14.9,0.98,218.1,0.98,-999,0.00,-999,0.00,-999,0.00,-999,0.00,27.89,1.00,27.88,1.00,27.86,1.00,27.90,1.00,36.1994,1.00,23.3485,1.00,27.87,1.00,36.0986,1.00,23.3126,1.00
2012-06-04 00:00:00,2012-06-04 10:00:00,-0.022,1.00,-999,0.00,0.001,1.00,-999,0.00,0.079,1.00,-999,0.00,4.750e+06,1.00,1.81,1.00,13.8,1.00,218.9,1.00,-999,0.00,-999,0.00,-999,0.00,-999,0.00,27.63,1.00,27.62,1.00,27.60,1.00,27.63,1.00,36.2602,1.00,23.4799,1.00,27.61,1.00,36.1583,1.00,23.4413,1.00
2012-06-11 00:00:00,2012-06-11 10:00:00,0.023,1.00,-999,0.00,-0.003,1.00,-999,0.00,0.055,1.00,-999,0.00,3.429e+06,1.00,1.45,1.00,14.4,1.00,224.0,1.00,-999,0.00,-999,0.00,-999,0.00,-999,0.00,27.67,1.00,27.66,1.00,27.64,1.00,27.68,1.00,36.2485,1.00,23.4569,1.00,27.65,1.00,36.1447,1.00,23.4195,1.00
2012-06-18 00:00:00,2012-06-18 10:00:00,0.020,1.00,-0.056,0.00,-0.002,1.00,0.025,0.00,0.081,1.00,0.061,0.00,3.290e+06,1.00,1.68,1.00,11.3,1.00,209.2,1.00,-999,0.00,-999,0.00,-999,0.00,-999,0.00,27.38,1.00,27.38,1.00,27.38,1.00,27.38,1.00,36.2630,1.00,23.5634,1.00,27.38,1.00,36.1589,1.00,23.5181,1.00
2012-06-25 00:00:00,2012-06-25 10:00:00,0.062,1.00,-999,0.00,-0.008,1.00,-999,0.00,0.081,1.00,-999,0.00,3.245e+06,1.00,1.53,1.00,11.8,1.00,206.9,1.00,-999,0.00,-999,0.00,-999,0.00,-999,0.00,27.08,1.00,27.07,1.00,27.06,1.00,27.09,1.00,36.2676,1.00,23.6625,1.00,27.07,1.00,36.1683,1.00,23.6248,1.00
2012-07-02 00:00:00,2012-07-02 10:00:00,0.009,1.00,-999,0.00,-0.002,1.00,-999,0.00,0.063,1.00,-999,0.00,4.332e+06,1.00,1.72,1.00,12.8,1.00,218.0,1.00,-999,0.00,-999,0.00,-999,0.00,-999,0.00,26.90,1.00,26.89,1.00,26.86,1.00,26.91,1.00,36.2635,1.00,23.7165,1.00,26.88,1.00,36.1519,1.00,23.6745,1.00
2012-07-09 00:00:00,2012-07-09 10:00:00,0.059,1.00,-999,0.00,-0.008,1.00,-999,0.00,0.089,1.00,-999,0.00,2.816e+06,1.00,1.45,1.00,12.0,1.00,206.3,1.00,-999,0.00,-999,0.00,-999,0.00,-999,0.00,26.82,1.00,26.81,1.00,26.79,0.99,26.83,1.00,36.1643,1.00,23.6661,1.00,26.80,1.00,36.1533,1.00,23.6991,1.00
2012-07-16 00:00:00,2012-07-16 10:00:00,0.007,0.59,-0.086,0.07,-0.002,0.59,0.077,0.07,0.059,0.59,0.138,0.07,1.633e+06,0.59,1.07,0.59,13.1,0.59,213.9,0.59,3.075e+06,0.02,1.65,0.02,11.3,0.02,10.422,0.02,26.87,1.00,26.85,1.00,26.85,1.00,26.88,1.00,36.1688,1.00,23.6530,1.00,26.85,1.00,36.1592,1.00,23.6884,1.00
2012-07-23 00:00:00,2012-07-23 10:00:00,0.005,0.98,-0.034,0.98,0.000,0.98,0.070,0.98,0.073,0.98,0.141,0.98,3.601e+06,0.95,1.67,0.95,13.2,0.95,213.8,0.95,3.174e+06,1.00,1.60,1.00,12.4,1.00,10.474,1.00,26.69,1.00,26.68,1.00,26.68,1.00,26.70,1.00,36.1912,1.00,23.7301,1.00,26.68,1.00,36.1805,1.00,23.7591,1.00
2012-07-30 00:00:00,2012-07-30 10:00:00,-0.021,0.99,-0.073,0.99,-0.001,0.99,0.072,0.99,0.059,0.99,0.138,0.99,3.203e+06,0.96,1.57,0.96,12.7,0.96,213.2,0.96,2.630e+06,1.00,1.48,1.00,11.8,1.00,10.469,1.00,26.60,1.00,26.59,1.00,26.58,1.00,26.60,1.00,36.2217,1.00,23.7820,1.00,26.59,1.00,36.2113,1.00,23.8117,1.00
2012-08-06 00:00:00,2012-08-06 10:00:00,0.013,1.00,-0.023,1.00,-0.005,1.00,0.050,1.00,0.066,1.00,0.105,1.00,1.358e+06,1.00,1.10,1.00,11.2,1.00,204.2,1.00,1.077e+06,1.00,0.96,1.00,11.3,1.00,10.449,1.00,26.43,1.00,26.42,1.00,26.41,1.00,26.43,1.00,36.2460,1.00,23.8544,1.00,26.42,1.00,36.2375,1.00,23.8853,1.00
2012-08-13 00:00:00,2012-08-13 10:00:00,0.001,1.00,-0.038,1.00,-0.002,1.00,0.071,1.00,0.043,1.00,0.110,1.00,2.386e+06,1.00,1.37,1.00,12.2,1.00,214.5,1.00,1.901e+06,1.00,1.28,1.00,11.3,1.00,10.467,1.00,26.25,1.00,26.24,1.00,26.22,1.00,26.26,1.00,36.2521,1.00,23.9133,1.00,26.23,1.00,36.2451,1.00,23.9505,1.00
2012-08-20 00:00:00,2012-08-20 10:00:00,0.027,1.00,-0.003,1.00,-0.001,1.00,0.034,1.00,0.058,1.00,0.093,1.00,1.354e+06,0.95,1.07,0.95,11.4,0.95,212.0,0.95,1.142e+06,1.00,0.96,1.00,10.9,1.00,10.466,1.00,26.19,1.00,26.18,1.00,26.18,1.00,26.20,1.00,36.2637,1.00,23.9427,1.00,26.18,1.00,36.2582,1.00,23.9764,1.00
2012-08-27 00:00:00,2012-08-27 10:00:00,-0.008,0.97,-0.043,0.97,-0.001,0.97,0.049,0.97,0.053,0.97,0.107,0.97,2.909e+06,0.96,1.50,0.96,12.4,0.96,207.6,0.96,2.375e+06,1.00,1.38,1.00,11.7,1.00,10.478,1.00,26.28,1.00,26.28,1.00,26.27,1.00,26.29,1.00,36.2812,1.00,23.9276,1.00,26.27,1.00,36.2797,1.00,23.9626,1.00
2012-09-03 00:00:00,2012-09-03 10:00:00,0.056,0.99,0.017,0.99,-0.006,0.99,0.055,0.99,0.085,0.99,0.120,0.99,3.808e+06,0.93,1.72,0.93,12.5,0.93,212.8,0.93,2.777e+06,1.00,1.50,1.00,11.1,1.00,10.439,1.00,26.18,1.00,26.17,1.00,26.16,1.00,26.19,1.00,36.3143,1.00,23.9828,1.00,26.17,1.00,36.3124,1.00,24.0204,1.00
2012-09-10 00:00:00,2012-09-10 10:00:00,0.024,0.98,-0.003,0.98,-0.008,0.98,0.055,0.98,0.072,0.98,0.129,0.98,2.334e+06,0.93,1.27,0.93,14.3,0.93,222.4,0.93,2.222e+06,1.00,1.27,1.00,13.4,1.00,10.443,1.00,26.11,1.00,26.06,1.00,26.03,1.00,26.15,1.00,36.3218,1.00,24.0010,1.00,26.05,1.00,36.3194,1.00,24.0626,1.00
2012-09-17 00:00:00,2012-09-17 10:00:00,0.045,1.00,0.031,1.00,-0.003,1.00,0.077,1.00,0.071,1.00,0.129,1.00,4.055e+06,1.00,1.74,1.00,13.6,1.00,211.7,1.00,4.105e+06,1.00,1.75,1.00,13.2,1.00,10.447,1.00,26.06,1.00,26.04,1.00,26.02,1.00,26.08,1.00,36.3358,1.00,24.0326,1.00,26.03,1.00,36.3365,1.00,24.0806,1.00
2012-09-24 00:00:00,2012-09-24 10:00:00,-0.006,0.98,-0.074,0.98,-0.001,0.98,0.083,0.98,0.061,0.98,0.160,0.98,6.417e+06,0.98,2.16,0.98,13.3,0.98,209.0,0.98,6.461e+06,1.00,2.18,1.00,12.4,1.00,10.429,1.00,26.20,1.00,26.18,1.00,26.15,1.00,26.21,1.00,36.3118,1.00,23.9732,1.00,26.17,1.00,36.3127,1.00,24.0203,1.00
2012-10-01 00:00:00,2012-10-01 10:00:00,0.039,0.96,-0.001,0.96,-0.007,0.96,0.043,0.96,0.063,0.96,0.104,0.96,1.877e+06,0.89,1.18,0.89,13.3,0.89,206.5,0.89,1.643e+06,1.00,1.12,1.00,12.4,1.00,10.412,1.00,26.03,1.00,26.00,1.00,25.97,1.00,26.05,1.00,36.3445,1.00,24.0482,1.00,25.99,1.00,36.3478,1.00,24.1034,1.00
2012-10-08 00:00:00,2012-10-08 10:00:00,0.040,0.99,0.009,0.99,-0.007,0.99,0.077,0.99,0.064,0.99,0.131,0.99,3.634e+06,0.96,1.49,0.96,14.4,0.96,218.1,0.96,3.702e+06,1.00,1.53,1.00,13.7,1.00,10.418,1.00,26.17,1.00,26.14,1.00,26.12,1.00,26.19,1.00,36.3384,1.00,24.0022,1.00,26.14,1.00,36.3462,1.00,24.0561,1.00
2012-10-15 00:00:00,2012-10-15 10:00:00,-0.019,1.00,-0.064,1.00,-0.009,1.00,0.079,1.00,0.069,1.00,0.145,1.00,3.601e+06,1.00,1.51,1.00,13.7,1.00,217.9,1.00,3.761e+06,1.00,1.59,1.00,13.0,1.00,10.457,1.00,26.96,1.00,26.90,1.00,26.86,1.00,27.01,1.00,36.2054,1.00,23.6403,1.00,26.88,1.00,36.2205,1.00,23.7246,1.00
2012-10-22 00:00:00,2012-10-22 10:00:00,0.055,1.00,0.033,1.00,-0.007,1.00,0.052,1.00,0.083,1.00,0.123,1.00,2.247e+06,1.00,1.38,1.00,11.4,1.00,205.6,1.00,1.659e+06,1.00,1.22,1.00,10.8,1.00,10.483,1.00,27.20,1.00,27.17,1.00,27.16,1.00,27.22,1.00,36.1515,1.00,23.5320,1.00,27.17,1.00,36.1683,1.00,23.5944,1.00
2012-10-29 00:00:00,2012-10-29 10:00:00,0.055,1.00,0.065,1.00,-0.012,1.00,0.037,1.00,0.079,1.00,0.114,1.00,1.256e+06,1.00,0.97,1.00,13.0,1.00,216.8,1.00,1.456e+06,1.00,1.03,1.00,12.9,1.00,10.459,1.00,27.21,1.00,27.15,1.00,27.11,1.00,27.25,1.00,36.2069,1.00,23.5629,1.00,27.13,1.00,36.2271,1.00,23.6485,1.00
2012-11-05 00:00:00,2012-11-05 10:00:00,0.055,1.00,0.033,1.00,-0.010,1.00,0.053,1.00,0.084,1.00,0.141,1.00,1.765e+06,1.00,1.17,1.00,12.7,1.00,219.7,1.00,1.561e+06,1.00,1.12,1.00,12.2,1.00,10.464,1.00,27.58,1.00,27.51,1.00,27.46,1.00,27.63,1.00,36.1751,1.00,23.4169,1.00,27.49,1.00,36.2044,1.00,23.5162,1.00
2012-11-12 00:00:00,2012-11-12 10:00:00,0.066,1.00,0.061,1.00,-0.007,1.00,0.040,1.00,0.086,1.00,0.120,1.00,1.353e+06,1.00,1.02,1.00,12.2,1.00,209.1,1.00,1.462e+06,1.00,1.06,1.00,12.1,1.00,10.438,1.00,27.82,1.00,27.78,1.00,27.75,1.00,27.88,1.00,36.1701,1.00,23.3307,1.00,27.77,1.00,36.1877,1.00,23.4130,1.00
2012-11-19 00:00:00,2012-11-19 10:00:00,0.023,1.00,0.031,1.00,-0.007,1.00,0.037,1.00,0.083,1.00,0.126,1.00,1.066e+06,1.00,0.90,1.00,12.3,1.00,220.0,1.00,1.191e+06,1.00,0.94,1.00,11.9,1.00,10.488,1.00,28.30,1.00,28.24,1.00,28.18,1.00,28.35,1.00,36.1441,1.00,23.1555,1.00,28.21,1.00,36.1579,1.00,23.2443,1.00
2012-11-26 00:00:00,2012-11-26 10:00:00,0.015,1.00,-0.006,1.00,-0.011,1.00,0.067,1.00,0.080,1.00,0.141,1.00,2.224e+06,1.00,1.24,1.00,12.5,1.00,213.1,1.00,2.695e+06,1.00,1.37,1.00,12.1,1.00,10.462,1.00,28.83,1.00,28.74,1.00,28.65,1.00,28.90,1.00,36.1497,1.00,22.9765,1.00,28.70,1.00,36.1651,1.00,23.0898,1.00
2012-12-03 00:00:00,2012-12-03 10:00:00,0.037,1.00,0.012,1.00,-0.011,1.00,0.094,1.00,0.079,1.00,0.153,1.00,3.841e+06,1.00,1.74,1.00,11.5,1.00,207.5,1.00,3.966e+06,1.00,1.77,1.00,11.3,1.00,10.509,1.00,28.64,1.00,28.59,1.00,28.54,1.00,28.67,1.00,36.1316,1.00,23.0418,1.00,28.57,1.00,36.1459,1.00,23.1187,1.00
2012-12-10 00:00:00,2012-12-10 10:00:00,-0.017,1.00,0.037,1.00,-0.006,1.00,0.043,1.00,0.075,1.00,0.129,1.00,1.318e+06,1.00,1.13,1.00,10.3,1.00,225.8,1.00,1.104e+06,1.00,1.04,1.00,10.1,1.00,10.493,1.00,28.33,1.00,28.32,1.00,28.29,1.00,28.34,1.00,36.0619,1.00,23.0986,1.00,28.31,1.00,36.1118,1.00,23.1790,1.00
2012-12-17 00:00:00,2012-12-17 10:00:00,0.047,1.00,0.047,1.00,-0.011,1.00,0.064,1.00,0.101,1.00,0.165,1.00,2.676e+06,1.00,1.43,1.00,12.8,1.00,214.3,1.00,2.778e+06,1.00,1.45,1.00,12.2,1.00,10.453,1.00,27.72,1.00,27.69,1.00,27.66,1.00,27.72,1.00,35.7027,1.00,23.0324,1.00,27.68,1.00,35.7835,1.00,23.1383,1.00
2012-12-24 00:00:00,2012-12-24 10:00:00,0.119,1.00,0.122,1.00,-0.017,1.00,0.059,1.00,0.123,1.00,0.145,1.00,1.507e+06,1.00,1.24,1.00,9.6,1.00,194.6,1.00,1.323e+06,1.00,1.15,1.00,9.8,1.00,10.433,1.00,27.93,1.00,27.89,1.00,27.85,1.00,27.97,1.00,35.8014,1.00,23.0239,1.00,27.87,1.00,35.8493,1.00,23.1244,1.00
2012-12-31 00:00:00,2012-12-31 10:00:00,0.051,1.00,0.028,1.00,-0.008,1.00,0.030,1.00,0.112,1.00,0.161,1.00,1.472e+06,1.02,1.19,1.02,10.1,1.02,194.2,1.02,1.075e+06,1.00,1.02,1.00,9.9,1.00,10.477,1.00,28.30,1.00,28.28,1.00,28.24,1.00,28.31,1.00,35.8489,1.00,22.9471,1.00,28.26,1.00,35.8777,1.00,23.0180,1.00
2013-01-07 00:00:00,2013-01-07 10:00:00,0.023,1.00,0.027,1.00,-0.008,1.00,0.031,1.00,0.087,1.00,0.126,1.00,1.009e+06,1.00,0.98,1.00,10.4,1.00,195.4,1.00,8.775e+05,1.00,0.92,1.00,10.2,1.00,10.476,1.00,28.16,1.00,28.14,1.00,28.10,1.00,28.18,1.00,35.6468,1.00,22.8402,1.00,28.12,1.00,35.6967,1.00,22.9284,1.00
2013-01-14 00:00:00,2013-01-14 10:00:00,0.009,1.00,0.026,1.00,-0.002,1.00,0.014,1.00,0.070,1.00,0.107,1.00,6.413e+05,1.00,0.75,1.00,11.3,1.00,230.7,1.00,5.655e+05,1.00,0.72,1.00,11.0,1.00,10.525,1.00,28.03,1.00,28.05,1.00,28.05,1.00,28.02,1.00,35.5124,1.00,22.7897,1.00,28.05,1.00,35.5391,1.00,22.8331,1.00
2013-01-21 00:00:00,2013-01-21 10:00:00,0.015,1.00,-0.002,0.37,-0.005,1.00,0.029,0.37,0.060,1.00,0.115,0.37,1.843e+06,0.96,1.16,0.96,13.2,0.96,231.8,0.96,1.785e+06,0.94,1.16,0.94,12.6,0.94,10.551,0.95,28.12,1.00,28.12,0.99,28.10,1.00,28.13,1.00,35.7062,1.00,22.9005,1.00,28.11,1.00,35.6916,1.00,22.9285,1.00
2013-01-28 00:00:00,2013-01-28 10:00:00,0.009,1.00,0.080,0.26,-0.008,1.00,0.039,0.26,0.061,1.00,0.126,0.26,2.231e+06,1.00,1.42,1.00,10.2,1.00,219.8,1.00,2.016e+06,1.00,1.34,1.00,9.9,1.00,10.564,1.00,28.26,1.00,28.25,1.00,28.21,1.00,28.27,1.00,35.6909,1.00,22.8413,1.00,28.22,1.00,35.6868,1.00,22.8870,1.00
2013-02-04 00:00:00,2013-02-04 10:00:00,0.034,1.00,0.034,0.24,-0.005,1.00,0.049,0.24,0.075,1.00,0.102,0.24,2.382e+06,1.00,1.49,1.00,10.3,1.00,243.0,1.00,1.889e+06,1.00,1.35,1.00,9.8,1.00,10.520,1.00,28.13,1.00,28.12,1.00,28.08,1.00,28.14,1.00,35.6469,1.00,22.8512,1.00,28.10,1.00,35.6458,1.00,22.8983,1.00
2013-02-11 00:00:00,2013-02-11 10:00:00,0.031,1.00,-0.046,0.19,-0.009,1.00,0.055,0.19,0.075,1.00,0.146,0.19,1.646e+06,1.00,1.17,1.00,12.1,1.00,215.2,1.00,1.406e+06,1.00,1.12,1.00,11.2,1.00,10.518,1.00,28.34,1.00,28.31,1.00,28.21,1.00,28.39,1.00,35.7432,1.00,22.8413,1.00,28.25,1.00,35.7631,1.00,22.9364,1.00
2013-02-18 00:00:00,2013-02-18 10:00:00,-0.007,1.00,0.002,0.32,-0.000,1.00,0.055,0.32,0.067,1.00,0.105,0.32,2.777e+06,1.00,1.38,1.00,13.8,1.00,216.4,1.00,2.798e+06,1.00,1.40,1.00,13.2,1.00,10.533,1.00,28.36,1.00,28.36,1.00,28.33,1.00,28.38,1.00,35.7510,1.00,22.8520,1.00,28.34,1.00,35.7269,1.00,22.8789,1.00
2013-02-25 00:00:00,2013-02-25 10:00:00,0.004,1.00,-0.077,0.34,-0.002,1.00,0.042,0.34,0.075,1.00,0.143,0.34,2.546e+06,1.00,1.30,1.00,13.8,1.00,215.6,1.00,2.421e+06,1.00,1.28,1.00,12.8,1.00,10.531,1.00,28.32,1.00,28.31,1.00,28.29,1.00,28.33,1.00,35.7790,1.00,22.8879,1.00,28.30,1.00,35.7602,1.00,22.9169,1.00
2013-03-04 00:00:00,2013-03-04 10:00:00,0.025,1.00,0.106,0.30,-0.005,1.00,0.036,0.30,0.095,1.00,0.139,0.30,1.655e+06,1.00,1.10,1.00,13.0,1.00,214.9,1.00,1.395e+06,1.00,0.99,1.00,12.3,1.00,10.511,1.00,28.02,1.00,28.01,1.00,27.99,1.00,28.04,1.00,35.7701,1.00,22.9797,1.00,28.00,1.00,35.7499,1.00,23.0087,1.00
2013-03-11 00:00:00,2013-03-11 10:00:00,0.042,1.00,0.013,0.32,-0.010,1.00,0.049,0.32,0.071,1.00,0.119,0.32,2.794e+06,1.00,1.38,1.00,13.8,1.00,217.3,1.00,3.165e+06,1.00,1.46,1.00,13.7,1.00,10.515,1.00,28.29,1.00,28.26,1.00,28.18,1.00,28.34,1.00,35.8319,1.00,22.9247,1.00,28.22,1.00,35.8171,1.00,22.9880,1.00
2013-03-18 00:00:00,2013-03-18 10:00:00,0.022,1.00,-0.051,0.17,-0.007,1.00,0.027,0.17,0.080,1.00,0.110,0.17,1.263e+06,1.00,0.98,1.00,12.8,1.00,217.4,1.00,1.208e+06,1.00,0.96,1.00,12.7,1.00,10.514,1.00,28.56,1.00,28.53,1.00,28.45,1.00,28.61,1.00,35.7545,1.00,22.7791,1.00,28.48,1.00,35.7428,1.00,22.8430,1.00
2013-03-25 00:00:00,2013-03-25 10:00:00,0.007,1.00,0.009,0.37,-0.011,1.00,0.044,0.37,0.070,1.00,0.120,0.37,2.043e+06,1.00,1.17,1.00,13.7,1.00,211.6,1.00,2.451e+06,1.00,1.25,1.00,13.0,1.00,10.537,1.00,28.80,1.00,28.76,1.00,28.66,1.00,28.85,1.00,35.6947,1.00,22.6525,1.00,28.71,1.00,35.6985,1.00,22.7354,1.00
2013-04-01 00:00:00,2013-04-01 10:00:00,0.025,1.00,0.171,0.21,-0.011,1.00,0.029,0.21,0.111,1.00,0.207,0.21,2.316e+06,1.00,1.23,1.00,15.0,1.00,217.0,1.00,2.147e+06,1.00,1.25,1.00,13.2,1.00,10.536,1.00,29.01,1.00,28.98,1.00,28.88,1.00,29.05,1.00,35.7881,1.00,22.6578,1.00,28.92,1.00,35.7779,1.00,22.7235,1.00
2013-04-08 00:00:00,2013-04-08 10:00:00,0.070,1.00,0.092,0.42,-0.011,1.00,0.031,0.42,0.120,1.00,0.162,0.42,1.362e+06,1.00,1.03,1.00,12.7,1.00,216.6,1.00,1.148e+06,1.00,0.97,1.00,11.8,1.00,10.565,1.00,28.78,1.00,28.78,1.00,28.75,1.00,28.79,1.00,35.7424,1.00,22.7081,1.00,28.76,1.00,35.7365,1.00,22.7459,1.00
2013-04-15 00:00:00,2013-04-15 10:00:00,0.063,1.00,0.174,0.20,-0.013,1.00,0.046,0.20,0.101,1.00,0.205,0.20,2.481e+06,1.00,1.39,1.00,12.5,1.00,218.8,1.00,2.573e+06,1.00,1.43,1.00,12.0,1.00,10.542,1.00,28.64,1.00,28.63,1.00,28.61,1.00,28.65,1.00,35.6445,1.00,22.6812,1.00,28.62,1.00,35.6603,1.00,22.7377,1.00
2013-04-22 00:00:00,2013-04-22 10:00:00,0.009,1.00,0.017,0.42,-0.006,1.00,0.061,0.42,0.066,1.00,0.118,0.42,3.126e+06,1.00,1.42,1.00,13.3,1.00,212.3,1.00,3.189e+06,1.00,1.47,1.00,12.5,1.00,10.545,1.00,28.71,1.00,28.70,1.00,28.67,1.00,28.72,1.00,35.5857,1.00,22.6151,1.00,28.68,1.00,35.6009,1.00,22.6710,1.00
2013-04-29 00:00:00,2013-04-29 10:00:00,0.012,1.00,0.054,0.26,-0.004,1.00,0.039,0.26,0.076,1.00,0.114,0.26,2.045e+06,1.00,1.17,1.00,14.0,1.00,222.8,1.00,1.572e+06,1.00,1.11,1.00,12.1,1.00,10.564,1.00,28.70,1.00,28.70,1.00,28.67,1.00,28.71,1.00,35.5800,1.00,22.6139,1.00,28.68,1.00,35.5841,1.00,22.6582,1.00
2013-05-06 00:00:00,2013-05-06 10:00:00,0.001,1.00,-0.040,0.21,-0.001,1.00,0.057,0.21,0.079,1.00,0.121,0.21,2.496e+06,1.00,1.41,1.00,12.7,1.00,214.1,1.00,2.241e+06,1.00,1.36,1.00,12.0,1.00,10.495,1.00,28.54,1.00,28.53,1.00,28.52,1.00,28.55,1.00,35.6076,1.00,22.6868,1.00,28.52,1.00,35.6054,1.00,22.7276,1.00
2013-05-13 00:00:00,2013-05-13 10:00:00,-0.030,1.00,0.024,0.09,0.009,1.00,0.098,0.09,0.094,1.00,0.122,0.09,1.224e+07,1.00,2.69,1.00,15.5,1.00,213.8,1.00,1.490e+07,1.00,3.06,1.00,14.8,1.00,10.499,1.00,28.40,1.00,28.40,1.00,28.38,1.00,28.41,1.00,35.5626,1.00,22.7012,1.00,28.39,1.00,35.6021,1.00,22.7695,1.00
2013-05-20 00:00:00,2013-05-20 10:00:00,0.048,1.00,0.086,0.42,-0.002,1.00,0.045,0.42,0.083,1.00,0.124,0.42,3.239e+06,1.00,1.52,1.00,12.9,1.00,216.0,1.00,2.915e+06,1.00,1.45,1.00,12.4,1.00,10.533,1.00,28.27,1.00,28.26,1.00,28.26,1.00,28.27,1.00,35.6217,1.00,22.7907,1.00,28.26,1.00,35.6151,1.00,22.8215,1.00
2013-05-27 00:00:00,2013-05-27 10:00:00,0.018,1.00,0.105,0.20,-0.002,1.00,0.050,0.20,0.131,1.00,0.164,0.20,9.218e+06,0.98,2.22,0.98,13.9,0.98,214.5,0.98,1.128e+07,1.00,2.37,1.00,12.8,1.00,10.504,1.00,28.01,1.00,28.00,1.00,27.98,1.00,28.01,1.00,35.7256,1.00,22.9542,1.00,27.99,1.00,35.7252,1.00,22.9931,1.00
2013-06-03 00:00:00,2013-06-03 10:00:00,0.109,1.00,0.185,0.25,-0.015,1.00,0.050,0.25,0.140,1.00,0.216,0.25,3.624e+06,1.00,1.57,1.00,14.2,1.00,220.0,1.00,2.724e+06,1.00,1.42,1.00,12.5,1.00,10.495,1.00,27.62,1.00,27.62,1.00,27.60,1.00,27.63,1.00,35.7800,1.00,23.1196,1.00,27.61,1.00,35.7756,1.00,23.1564,1.00
2013-06-10 00:00:00,2013-06-10 10:00:00,0.062,1.00,0.009,0.01,-0.011,1.00,0.046,0.01,0.089,1.00,0.053,0.01,4.040e+06,1.00,1.70,1.00,14.0,1.00,214.7,1.00,3.900e+06,1.00,1.70,1.00,13.0,1.00,10.457,1.00,27.16,1.00,27.15,1.00,27.12,1.00,27.17,1.00,35.8451,1.00,23.3157,1.00,27.13,1.00,35.8384,1.00,23.3570,1.00
2013-06-17 00:00:00,2013-06-17 10:00:00,0.054,1.00,0.119,0.15,-0.009,1.00,0.048,0.15,0.100,1.00,0.141,0.15,3.019e+06,1.00,1.56,1.00,12.3,1.00,209.8,1.00,2.597e+06,1.00,1.48,1.00,11.7,1.00,10.460,1.00,27.13,1.00,27.13,1.00,27.12,1.00,27.14,1.00,35.8676,1.00,23.3452,1.00,27.12,1.00,35.8522,1.00,23.3695,1.00
2013-06-24 00:00:00,2013-06-24 10:00:00,0.034,1.00,-0.038,0.21,-0.004,1.00,0.092,0.21,0.085,1.00,0.145,0.21,5.285e+06,1.00,1.93,1.00,13.1,1.00,219.5,1.00,6.257e+06,1.00,2.08,1.00,12.8,1.00,10.469,1.00,27.09,1.00,27.09,1.00,27.06,1.00,27.10,1.00,35.8921,1.00,23.3754,1.00,27.07,1.00,35.8722,1.00,23.4011,1.00
2013-07-01 00:00:00,2013-07-01 10:00:00,-0.005,1.00,0.003,0.12,0.002,1.00,0.057,0.12,0.071,1.00,0.096,0.12,5.019e+06,1.00,2.04,1.00,11.6,1.00,211.5,1.00,4.345e+06,1.00,1.96,1.00,11.1,1.00,10.475,1.00,26.85,1.00,26.85,1.00,26.85,1.00,26.86,1.00,35.9491,1.00,23.4959,1.00,26.85,1.00,35.9212,1.00,23.5094,1.00
2013-07-08 00:00:00,2013-07-08 10:00:00,0.004,0.82,-0.087,0.15,-0.002,0.82,0.045,0.15,0.064,0.82,0.121,0.15,3.008e+06,0.80,1.42,0.80,14.0,0.80,214.7,0.80,4.034e+06,1.00,1.61,1.00,13.0,1.00,10.463,1.00,26.72,1.00,26.72,1.00,26.71,1.00,26.73,1.00,36.0123,1.00,23.5834,1.00,26.71,1.00,35.9792,1.00,23.5970,1.00
2013-07-15 00:00:00,2013-07-15 10:00:00,-0.038,0.64,-999,0.00,0.006,0.64,-999,0.00,0.086,0.64,-999,0.00,6.520e+06,0.62,2.07,0.62,14.1,0.62,213.1,0.62,6.095e+06,0.80,2.12,0.80,12.3,0.80,10.462,0.79,26.46,0.99,26.45,0.99,26.45,1.00,26.46,1.00,35.9985,1.00,23.6589,1.00,26.45,1.00,35.9738,1.00,23.6771,1.00
2013-07-22 00:00:00,2013-07-22 10:00:00,0.089,1.00,-999,0.00,-0.007,1.00,-999,0.00,0.103,1.00,-999,0.00,2.875e+06,1.00,1.40,1.00,14.0,1.00,205.7,1.00,3.218e+06,1.00,1.61,1.00,11.8,1.00,10.468,1.00,26.08,1.00,26.07,1.00,26.08,1.00,26.07,1.00,35.9896,1.00,23.7742,1.00,26.08,1.00,35.9677,1.00,23.7897,1.00
2013-07-29 00:00:00,2013-07-29 10:00:00,0.025,1.00,-999,0.00,0.002,1.00,-999,0.00,0.054,1.00,-999,0.00,3.804e+06,1.00,1.57,1.00,13.6,1.00,213.5,1.00,4.995e+06,1.00,1.85,1.00,12.8,1.00,10.471,1.00,25.87,1.00,25.86,1.00,25.86,1.00,25.88,1.00,35.9686,1.00,23.8201,1.00,25.86,1.00,35.9480,1.00,23.8413,1.00
2013-08-05 00:00:00,2013-08-05 10:00:00,0.012,1.00,-999,0.00,-0.007,1.00,-999,0.00,0.090,1.00,-999,0.00,1.761e+06,1.00,1.17,1.00,11.9,1.00,203.8,1.00,2.057e+06,1.00,1.34,1.00,10.4,1.00,10.440,1.00,25.73,1.00,25.73,1.00,25.73,1.00,25.73,1.00,35.9956,1.00,23.8866,1.00,25.73,1.00,35.9759,1.00,23.9047,1.00
2013-08-12 00:00:00,2013-08-12 10:00:00,0.076,1.00,-999,0.00,-0.010,1.00,-999,0.00,0.089,1.00,-999,0.00,1.222e+06,1.00,0.99,1.00,11.8,1.00,217.2,1.00,1.621e+06,1.00,1.17,1.00,10.9,1.00,10.469,1.00,25.53,1.00,25.50,1.00,25.48,1.00,25.55,1.00,36.0322,1.00,23.9707,1.00,25.49,1.00,36.0227,1.00,24.0124,1.00
2013-08-19 00:00:00,2013-08-19 10:00:00,0.045,1.00,-999,0.00,-0.012,1.00,-999,0.00,0.074,1.00,-999,0.00,1.883e+06,1.00,1.18,1.00,12.7,1.00,214.1,1.00,2.532e+06,1.00,1.42,1.00,11.9,1.00,10.457,1.00,25.73,1.00,25.68,1.00,25.64,1.00,25.77,1.00,36.0413,1.00,23.9083,1.00,25.68,1.00,36.0316,1.00,23.9622,1.00
2013-08-26 00:00:00,2013-08-26 10:00:00,0.044,1.00,-999,0.00,-0.009,1.00,-999,0.00,0.077,1.00,-999,0.00,7.323e+05,1.00,0.73,1.00,12.2,1.00,209.8,1.00,8.941e+05,1.00,0.87,1.00,10.8,1.00,10.447,1.00,25.92,1.00,25.86,1.00,25.80,1.00,25.95,1.00,36.0841,1.00,23.8841,1.00,25.84,1.00,36.0730,1.00,23.9410,1.00
2013-09-02 00:00:00,2013-09-02 10:00:00,-0.015,1.00,-999,0.00,-0.007,1.00,-999,0.00,0.064,1.00,-999,0.00,1.925e+06,1.00,1.15,1.00,14.0,1.00,216.4,1.00,2.622e+06,1.00,1.37,1.00,13.3,1.00,10.448,1.00,26.45,1.00,26.32,1.00,26.18,1.00,26.51,1.00,36.0904,1.00,23.7123,1.00,26.29,1.00,36.0714,1.00,23.7988,1.00
2013-09-09 00:00:00,2013-09-09 10:00:00,0.061,1.00,-999,0.00,-0.011,1.00,-999,0.00,0.093,1.00,-999,0.00,2.135e+06,1.00,1.31,1.00,12.5,1.00,206.2,1.00,2.645e+06,1.00,1.56,1.00,10.8,1.00,10.426,1.00,25.73,1.00,25.68,1.00,25.62,1.00,25.75,1.00,36.1719,1.00,24.0115,1.00,25.67,1.00,36.1585,1.00,24.0591,1.00
2013-09-16 00:00:00,2013-09-16 10:00:00,0.119,1.00,-999,0.00,-0.013,1.00,-999,0.00,0.120,1.00,-999,0.00,1.993e+06,1.00,1.20,1.00,13.2,1.00,216.8,1.00,2.430e+06,1.00,1.39,1.00,11.7,1.00,10.453,1.00,25.62,1.00,25.59,1.00,25.57,1.00,25.64,1.00,36.1407,1.00,24.0225,1.00,25.58,1.00,36.1278,1.00,24.0640,1.00
2013-09-23 00:00:00,2013-09-23 10:00:00,0.071,1.00,-999,0.00,-0.011,1.00,-999,0.00,0.086,1.00,-999,0.00,1.981e+06,1.00,1.20,1.00,12.7,1.00,208.3,1.00,2.582e+06,1.00,1.46,1.00,11.4,1.00,10.454,1.00,25.63,1.00,25.57,1.00,25.50,1.00,25.67,1.00,36.0803,1.00,23.9674,1.00,25.57,1.00,36.0789,1.00,24.0319,1.00
2013-09-30 00:00:00,2013-09-30 10:00:00,0.054,1.00,-999,0.00,-0.008,1.00,-999,0.00,0.072,1.00,-999,0.00,1.132e+06,1.00,0.86,1.00,14.6,1.00,220.4,1.00,1.303e+06,1.00,0.96,1.00,13.6,1.00,10.468,1.00,26.16,1.00,26.10,1.00,26.06,1.00,26.20,1.00,36.0843,1.00,23.8056,1.00,26.09,1.00,36.0730,1.00,23.8630,1.00
2013-10-07 00:00:00,2013-10-07 10:00:00,-0.002,1.00,-999,0.00,-0.006,1.00,-999,0.00,0.067,1.00,-999,0.00,1.061e+06,1.00,0.85,1.00,14.1,1.00,218.2,1.00,1.381e+06,1.00,1.00,1.00,13.2,1.00,10.470,1.00,26.66,1.00,26.58,1.00,26.52,1.00,26.72,1.00,36.0750,1.00,23.6330,1.00,26.56,1.00,36.0583,1.00,23.7048,1.00
2013-10-14 00:00:00,2013-10-14 10:00:00,0.017,1.00,-999,0.00,-0.003,1.00,-999,0.00,0.068,1.00,-999,0.00,1.647e+06,1.00,1.11,1.00,12.3,1.00,218.6,1.00,2.173e+06,1.00,1.36,1.00,11.2,1.00,10.494,1.00,26.63,1.00,26.60,1.00,26.58,1.00,26.64,1.00,36.0778,1.00,23.6603,1.00,26.60,1.00,36.0747,1.00,23.7053,1.00
2013-10-21 00:00:00,2013-10-21 10:00:00,0.011,1.00,-999,0.00,-0.006,1.00,-999,0.00,0.057,1.00,-999,0.00,2.346e+06,1.00,1.29,1.00,14.2,1.00,214.2,1.00,2.731e+06,1.00,1.54,1.00,11.7,1.00,10.448,1.00,26.54,1.00,26.49,1.00,26.44,1.00,26.56,1.00,36.0896,1.00,23.6947,1.00,26.49,1.00,36.0806,1.00,23.7435,1.00
2013-10-28 00:00:00,2013-10-28 10:00:00,0.077,1.00,-999,0.00,-0.010,1.00,-999,0.00,0.092,1.00,-999,0.00,1.327e+06,1.00,1.01,1.00,12.7,1.00,212.1,1.00,1.559e+06,1.00,1.17,1.00,11.1,1.00,10.427,1.00,26.35,1.00,26.32,1.00,26.30,1.00,26.36,1.00,36.1396,1.00,23.7970,1.00,26.32,1.00,36.1269,1.00,23.8329,1.00
2013-11-04 00:00:00,2013-11-04 10:00:00,0.051,1.00,-999,0.00,-0.005,1.00,-999,0.00,0.128,1.00,-999,0.00,1.588e+06,1.00,1.08,1.00,11.8,1.00,209.9,1.00,2.332e+06,1.00,1.37,1.00,10.7,1.00,10.475,1.00,26.70,1.00,26.67,1.00,26.62,1.00,26.72,1.00,36.1081,1.00,23.6590,1.00,26.66,1.00,36.0963,1.00,23.7017,1.00
2013-11-11 00:00:00,2013-11-11 10:00:00,0.013,1.00,-999,0.00,-0.005,1.00,-999,0.00,0.077,1.00,-999,0.00,9.924e+05,1.00,0.92,1.00,11.4,1.00,201.0,1.00,1.225e+06,1.00,1.09,1.00,10.1,1.00,10.494,1.00,26.48,1.00,26.48,1.00,26.47,1.00,26.49,1.00,36.1206,1.00,23.7425,1.00,26.48,1.00,36.1039,1.00,23.7659,1.00
2013-11-18 00:00:00,2013-11-18 10:00:00,0.012,1.00,-999,0.00,-0.008,1.00,-999,0.00,0.060,1.00,-999,0.00,3.967e+05,0.98,0.56,0.98,12.3,0.98,217.1,0.98,5.294e+05,1.00,0.67,1.00,11.4,1.00,10.469,1.00,26.92,1.00,26.79,1.00,26.69,1.00,27.00,1.00,36.0903,1.00,23.5543,1.00,26.76,1.00,36.0898,1.00,23.6629,1.00
2013-11-25 00:00:00,2013-11-25 10:00:00,0.022,1.00,-999,0.00,-0.005,1.00,-999,0.00,0.076,1.00,-999,0.00,8.355e+05,1.00,0.80,1.00,12.4,1.00,213.9,1.00,9.232e+05,1.00,0.94,1.00,10.0,1.00,10.480,1.00,27.15,1.00,27.05,1.00,26.95,1.00,27.21,1.00,36.1500,1.00,23.5329,1.00,27.04,1.00,36.1227,1.00,23.5995,1.00
2013-12-02 00:00:00,2013-12-02 10:00:00,-0.003,1.00,-999,0.00,-0.004,1.00,-999,0.00,0.064,1.00,-999,0.00,1.545e+06,1.00,0.97,1.00,12.1,1.00,213.1,1.00,2.010e+06,1.00,1.18,1.00,10.7,1.00,10.453,1.00,26.89,1.00,26.85,1.00,26.81,1.00,26.92,1.00,36.1762,1.00,23.6470,1.00,26.85,1.00,36.1543,1.00,23.6850,1.00
2013-12-09 00:00:00,2013-12-09 10:00:00,0.119,1.00,-999,0.00,-0.017,1.00,-999,0.00,0.132,1.00,-999,0.00,6.820e+05,1.00,0.73,1.00,12.1,1.00,211.2,1.00,9.007e+05,1.00,0.87,1.00,11.3,1.00,10.425,1.00,27.40,1.00,27.26,1.00,27.13,1.00,27.48,1.00,36.1620,1.00,23.4549,1.00,27.24,1.00,36.1546,1.00,23.5579,1.00
2013-12-16 00:00:00,2013-12-16 10:00:00,0.094,1.00,-999,0.00,-0.011,1.00,-999,0.00,0.110,1.00,-999,0.00,3.540e+05,1.00,0.55,1.00,11.2,1.00,206.8,1.00,5.205e+05,1.00,0.69,1.00,10.4,1.00,10.425,1.00,28.11,1.00,27.95,1.00,27.79,1.00,28.19,1.00,36.1036,1.00,23.1806,1.00,27.93,1.00,36.0833,1.00,23.2808,1.00
2013-12-23 00:00:00,2013-12-23 10:00:00,0.033,1.00,-999,0.00,-0.003,1.00,-999,0.00,0.067,1.00,-999,0.00,6.019e+05,1.00,0.65,1.00,13.8,1.00,233.5,1.00,7.454e+05,1.00,0.75,1.00,13.1,1.00,10.480,1.00,28.21,1.00,28.18,1.00,28.15,1.00,28.23,1.00,36.0798,1.00,23.1493,1.00,28.18,1.00,36.0500,1.00,23.1748,1.00
2013-12-30 00:00:00,2013-12-30 10:00:00,0.060,1.00,-999,0.00,-0.009,1.00,-999,0.00,0.086,1.00,-999,0.00,6.628e+05,1.02,0.79,1.02,10.6,1.02,206.7,1.02,1.057e+06,1.00,1.02,1.00,10.1,1.00,10.479,1.00,28.39,1.00,28.29,1.00,28.19,1.00,28.48,1.00,36.1130,1.00,23.0922,1.00,28.28,1.00,36.0660,1.00,23.1551,1.00
2014-01-06 00:00:00,2014-01-06 10:00:00,0.057,1.00,-999,0.00,-0.006,1.00,-999,0.00,0.091,1.00,-999,0.00,2.924e+05,1.00,0.47,1.00,12.9,1.00,225.4,1.00,3.746e+05,1.00,0.58,1.00,10.8,1.00,10.464,1.00,28.30,1.00,28.25,1.00,28.19,1.00,28.32,1.00,36.1176,1.00,23.1468,1.00,28.25,1.00,36.0758,1.00,23.1716,1.00
2014-01-13 00:00:00,2014-01-13 10:00:00,0.089,1.00,-999,0.00,-0.012,1.00,-999,0.00,0.112,1.00,-999,0.00,9.161e+05,1.00,0.77,1.00,13.3,1.00,221.1,1.00,1.276e+06,1.00,0.93,1.00,12.4,1.00,10.447,1.00,28.41,1.00,28.35,1.00,28.29,1.00,28.46,1.00,36.0724,1.00,23.0674,1.00,28.34,1.00,36.0190,1.00,23.0978,1.00
2014-01-20 00:00:00,2014-01-20 10:00:00,0.099,1.00,-999,0.00,-0.013,1.00,-999,0.00,0.116,1.00,-999,0.00,1.373e+06,1.00,0.99,1.00,12.6,1.00,221.4,1.00,1.805e+06,1.00,1.18,1.00,11.8,1.00,10.469,1.00,28.59,1.00,28.50,1.00,28.38,1.00,28.63,1.00,35.9691,1.00,22.9319,1.00,28.49,1.00,35.9391,1.00,22.9888,1.00
2014-01-27 00:00:00,2014-01-27 10:00:00,0.011,1.00,-999,0.00,-0.008,1.00,-999,0.00,0.077,1.00,-999,0.00,9.668e+05,1.00,0.89,1.00,11.8,1.00,218.3,1.00,1.277e+06,1.00,1.06,1.00,11.3,1.00,10.450,1.00,28.49,1.00,28.41,1.00,28.29,1.00,28.53,1.00,35.9616,1.00,22.9587,1.00,28.40,1.00,35.9158,1.00,23.0010,1.00
2014-02-03 00:00:00,2014-02-03 10:00:00,0.002,1.00,0.080,0.13,-0.008,1.00,0.030,0.13,0.085,1.00,0.167,0.13,1.416e+06,0.96,1.03,0.96,12.5,0.96,217.7,0.96,1.609e+06,0.94,1.09,0.94,12.0,0.94,10.446,0.94,28.48,1.00,28.41,1.00,28.31,1.00,28.50,1.00,35.9628,1.00,22.9696,1.00,28.41,1.00,36.0519,1.00,23.0993,1.00
2014-02-10 00:00:00,2014-02-10 10:00:00,0.019,1.00,-0.054,0.45,-0.005,1.00,0.007,0.45,0.090,1.00,0.147,0.45,4.746e+05,1.00,0.61,1.00,12.7,1.00,210.7,1.00,4.814e+05,1.00,0.62,1.00,12.3,1.00,10.457,1.00,27.92,1.00,27.92,1.00,27.92,1.00,27.92,1.00,35.7847,1.00,23.0283,1.00,27.92,1.00,35.9027,1.00,23.1483,1.00
2014-02-17 00:00:00,2014-02-17 10:00:00,0.116,1.00,0.157,0.82,-0.001,1.00,0.014,0.82,0.127,1.00,0.173,0.82,4.542e+05,1.00,0.60,1.00,12.4,1.00,212.9,1.00,4.513e+05,1.00,0.61,1.00,11.9,1.00,10.536,1.00,28.26,1.00,28.25,1.00,28.24,1.00,28.27,1.00,35.5065,1.00,22.7049,1.00,28.25,1.00,35.5840,1.00,22.8015,1.00
2014-02-24 00:00:00,2014-02-24 10:00:00,0.094,1.00,0.133,0.69,-0.002,1.00,0.046,0.69,0.102,1.00,0.162,0.69,1.476e+06,1.00,0.94,1.00,13.7,1.00,214.0,1.00,1.657e+06,1.00,0.97,1.00,13.1,1.00,10.568,1.00,28.60,1.00,28.57,1.00,28.56,1.00,28.62,1.00,35.3998,1.00,22.5076,1.00,28.57,1.00,35.4797,1.00,22.6182,1.00
2014-03-03 00:00:00,2014-03-03 10:00:00,0.024,1.00,0.059,0.86,-0.001,1.00,0.038,0.86,0.067,1.00,0.124,0.86,1.930e+06,1.00,1.14,1.00,14.0,1.00,219.1,1.00,1.724e+06,1.00,1.13,1.00,12.9,1.00,10.586,1.00,28.73,1.00,28.71,1.00,28.70,1.00,28.74,1.00,35.2997,1.00,22.3940,1.00,28.71,1.00,35.3975,1.00,22.5101,1.00
2014-03-10 00:00:00,2014-03-10 10:00:00,0.001,1.00,0.055,0.68,0.003,1.00,0.036,0.68,0.063,1.00,0.116,0.68,2.425e+06,1.00,1.29,1.00,11.6,1.00,212.5,1.00,2.499e+06,1.00,1.31,1.00,11.9,1.00,10.580,1.00,28.55,1.00,28.55,1.00,28.55,1.00,28.55,1.00,35.2975,1.00,22.4556,1.00,28.55,1.00,35.3860,1.00,22.5523,1.00
2014-03-17 00:00:00,2014-03-17 10:00:00,-0.003,1.00,-0.020,0.79,0.002,1.00,0.038,0.79,0.061,1.00,0.119,0.79,2.120e+06,1.00,1.28,1.00,11.8,1.00,211.1,1.00,2.270e+06,1.00,1.31,1.00,11.8,1.00,10.567,1.00,28.38,1.00,28.36,1.00,28.35,1.00,28.40,1.00,35.5063,1.00,22.6616,1.00,28.36,1.00,35.5881,1.00,22.7695,1.00
2014-03-24 00:00:00,2014-03-24 10:00:00,0.046,1.00,0.062,0.71,-0.002,1.00,0.045,0.71,0.074,1.00,0.117,0.71,1.454e+06,1.00,1.04,1.00,12.2,1.00,213.7,1.00,1.440e+06,1.00,1.02,1.00,12.1,1.00,10.541,1.00,28.62,1.00,28.59,1.00,28.57,1.00,28.65,1.00,35.5115,1.00,22.5836,1.00,28.59,1.00,35.5851,1.00,22.6905,1.00
2014-03-31 00:00:00,2014-03-31 10:00:00,0.063,1.00,0.080,0.70,0.000,1.00,0.063,0.70,0.095,1.00,0.140,0.70,2.648e+06,1.00,1.39,1.00,12.7,1.00,209.1,1.00,2.780e+06,1.00,1.40,1.00,12.4,1.00,10.532,1.00,28.64,1.00,28.63,1.00,28.62,1.00,28.66,1.00,35.4887,1.00,22.5636,1.00,28.63,1.00,35.5744,1.00,22.6696,1.00
2014-04-07 00:00:00,2014-04-07 10:00:00,0.063,1.00,0.073,0.72,-0.002,1.00,0.040,0.72,0.107,1.00,0.144,0.72,1.622e+06,1.00,1.25,1.00,10.8,1.00,193.9,1.00,1.116e+06,1.00,1.01,1.00,11.0,1.00,10.531,1.00,28.38,1.00,28.38,1.00,28.38,1.00,28.39,1.00,35.5443,1.00,22.6939,1.00,28.38,1.00,35.6217,1.00,22.7871,1.00
2014-04-14 00:00:00,2014-04-14 10:00:00,0.053,1.00,0.059,0.55,-0.003,1.00,0.042,0.55,0.080,1.00,0.115,0.55,1.644e+06,1.00,1.10,1.00,13.5,1.00,207.8,1.00,1.424e+06,1.00,1.06,1.00,12.5,1.00,10.497,1.00,28.32,1.00,28.30,1.00,28.29,1.00,28.34,1.00,35.5443,1.00,22.7107,1.00,28.30,1.00,35.6284,1.00,22.8197,1.00
2014-04-21 00:00:00,2014-04-21 10:00:00,0.020,1.00,0.034,0.58,-0.003,1.00,0.041,0.58,0.061,1.00,0.096,0.58,1.451e+06,1.00,1.03,1.00,13.3,1.00,212.0,1.00,1.535e+06,1.00,1.06,1.00,13.2,1.00,10.504,1.00,28.39,1.00,28.36,1.00,28.34,1.00,28.42,1.00,35.5776,1.00,22.7077,1.00,28.35,1.00,35.6628,1.00,22.8264,1.00
2014-04-28 00:00:00,2014-04-28 10:00:00,-0.012,1.00,-0.077,0.58,0.001,1.00,0.057,0.58,0.072,1.00,0.153,0.58,3.722e+06,1.00,1.78,1.00,11.5,1.00,199.1,1.00,3.116e+06,1.00,1.66,1.00,11.0,1.00,10.506,1.00,28.07,1.00,28.06,1.00,28.06,1.00,28.07,1.00,35.4121,1.00,22.6996,1.00,28.06,1.00,35.6224,1.00,22.8912,1.00
2014-05-05 00:00:00,2014-05-05 10:00:00,0.004,1.00,0.010,0.64,-0.001,1.00,0.036,0.64,0.067,1.00,0.108,0.64,1.239e+06,1.00,1.11,1.00,10.2,1.00,227.8,1.00,9.671e+05,1.00,0.97,1.00,10.4,1.00,10.486,1.00,28.06,1.00,28.05,1.00,28.04,1.00,28.07,1.00,35.5352,1.00,22.7919,1.00,28.04,1.00,35.6135,1.00,22.8913,1.00
2014-05-12 00:00:00,2014-05-12 10:00:00,-0.023,1.00,-0.048,0.58,0.003,1.00,0.066,0.58,0.067,1.00,0.137,0.58,4.805e+06,1.00,1.67,1.00,14.8,1.00,209.5,1.00,5.636e+06,1.00,1.82,1.00,14.2,1.00,10.500,1.00,27.98,1.00,27.97,1.00,27.96,1.00,27.98,1.00,35.5360,1.00,22.8204,1.00,27.96,1.00,35.6152,1.00,22.9191,1.00
2014-05-19 00:00:00,2014-05-19 10:00:00,0.004,1.00,-0.009,0.84,0.000,1.00,0.067,0.84,0.069,1.00,0.131,0.84,3.185e+06,1.00,1.41,1.00,13.8,1.00,213.2,1.00,3.723e+06,1.00,1.54,1.00,13.6,1.00,10.513,1.00,27.88,1.00,27.87,1.00,27.86,1.00,27.89,1.00,35.5413,1.00,22.8544,1.00,27.86,1.00,35.6235,1.00,22.9580,1.00
2014-05-26 00:00:00,2014-05-26 10:00:00,0.060,1.00,0.057,0.69,-0.002,1.00,0.056,0.69,0.095,1.00,0.138,0.69,1.949e+06,1.00,1.21,1.00,13.2,1.00,214.5,1.00,2.003e+06,1.00,1.24,1.00,12.7,1.00,10.499,1.00,27.79,1.00,27.78,1.00,27.77,1.00,27.80,1.00,35.5369,1.00,22.8831,1.00,27.77,1.00,35.6170,1.00,22.9822,1.00
2014-06-02 00:00:00,2014-06-02 10:00:00,0.086,1.00,0.107,0.85,0.007,1.00,0.076,0.85,0.097,1.00,0.153,0.85,3.009e+06,1.00,1.45,1.00,13.3,1.00,209.9,1.00,3.530e+06,1.00,1.57,1.00,13.0,1.00,10.543,1.00,27.56,1.00,27.55,1.00,27.55,1.00,27.56,1.00,35.5839,1.00,22.9945,1.00,27.55,1.00,35.6650,1.00,23.0903,1.00
2014-06-09 00:00:00,2014-06-09 10:00:00,0.062,1.00,0.067,0.63,0.000,1.00,0.052,0.63,0.096,1.00,0.133,0.63,2.000e+06,0.98,1.28,0.98,11.7,0.98,203.1,0.98,1.621e+06,1.00,1.17,1.00,11.4,1.00,10.497,1.00,27.30,1.00,27.30,1.00,27.29,1.00,27.30,1.00,35.5895,1.00,23.0826,1.00,27.29,1.00,35.6709,1.00,23.1781,1.00
2014-06-16 00:00:00,2014-06-16 10:00:00,0.084,1.00,0.100,0.60,-0.004,1.00,0.043,0.60,0.110,1.00,0.162,0.60,2.059e+06,1.00,1.19,1.00,13.0,1.00,206.9,1.00,1.324e+06,1.00,1.01,1.00,11.6,1.00,10.470,1.00,27.20,1.00,27.20,1.00,27.20,1.00,27.20,1.00,35.5947,1.00,23.1179,1.00,27.20,1.00,35.6780,1.00,23.2142,1.00
2014-06-23 00:00:00,2014-06-23 10:00:00,0.088,1.00,0.138,0.52,-0.005,1.00,0.063,0.52,0.098,1.00,0.163,0.52,2.152e+06,0.98,1.26,0.98,12.9,0.98,213.7,0.98,2.674e+06,0.96,1.37,0.96,12.6,0.96,10.458,0.96,26.90,1.00,26.89,1.00,26.89,1.00,26.90,1.00,35.6389,1.00,23.2475,1.00,26.89,1.00,35.7362,1.00,23.3557,1.00
2014-06-30 00:00:00,2014-06-30 10:00:00,0.025,1.00,0.008,1.00,-0.005,1.00,0.058,1.00,0.069,1.00,0.131,1.00,2.232e+06,1.00,1.30,1.00,11.3,1.00,218.7,1.00,2.045e+06,1.00,1.22,1.00,11.5,1.00,10.449,1.00,26.85,1.00,26.84,1.00,26.83,1.00,26.86,1.00,35.5787,1.00,23.2159,1.00,26.84,1.00,35.6531,1.00,23.3116,1.00
2014-07-07 00:00:00,2014-07-07 10:00:00,-0.013,0.98,-0.022,0.98,0.009,0.98,0.108,0.98,0.057,0.98,0.148,0.98,6.637e+06,0.95,2.20,0.95,13.3,0.95,216.0,0.95,7.248e+06,1.00,2.33,1.00,12.9,1.00,10.475,1.00,26.79,1.00,26.78,1.00,26.78,1.00,26.79,1.00,35.6268,1.00,23.2733,1.00,26.78,1.00,35.6847,1.00,23.3522,1.00
2014-07-14 00:00:00,2014-07-14 10:00:00,0.035,0.96,0.029,0.96,-0.006,0.96,0.048,0.96,0.074,0.96,0.120,0.96,1.845e+06,0.93,1.18,0.93,12.6,0.93,215.8,0.93,1.671e+06,1.00,1.13,1.00,12.3,1.00,10.463,1.00,26.78,1.00,26.77,1.00,26.76,0.51,26.80,1.00,35.6596,1.00,23.2964,1.00,26.76,1.00,35.7163,1.00,23.3833,1.00
2014-07-21 00:00:00,2014-07-21 10:00:00,0.028,1.00,0.048,1.00,-0.000,1.00,0.050,1.00,0.059,1.00,0.108,1.00,2.197e+06,1.00,1.28,1.00,12.6,1.00,225.3,1.00,2.404e+06,1.00,1.32,1.00,12.7,1.00,10.497,1.00,26.82,1.00,26.81,1.00,-999,0.00,26.83,1.00,35.6683,1.00,23.2944,1.00,26.81,1.00,35.7194,1.00,23.3701,1.00
2014-07-28 00:00:00,2014-07-28 10:00:00,0.003,1.00,-0.038,1.00,0.004,1.00,0.100,1.00,0.059,1.00,0.147,1.00,5.105e+06,1.00,2.00,1.00,12.2,1.00,212.0,1.00,4.479e+06,1.00,1.93,1.00,11.5,1.00,10.499,1.00,26.93,1.00,26.92,1.00,-999,0.00,26.93,1.00,35.6858,1.00,23.2733,1.00,26.92,1.00,35.7405,1.00,23.3516,1.00
2014-08-04 00:00:00,2014-08-04 10:00:00,0.020,0.95,-0.012,0.95,0.001,0.95,0.060,0.95,0.069,0.95,0.124,0.95,3.582e+06,0.89,1.58,0.89,13.4,0.89,210.4,0.89,3.281e+06,1.00,1.51,1.00,12.7,1.00,10.482,1.00,26.70,1.00,26.70,1.00,-999,0.00,26.71,1.00,35.6877,1.00,23.3472,1.00,26.70,1.00,35.7391,1.00,23.4199,1.00
2014-08-11 00:00:00,2014-08-11 10:00:00,0.006,0.94,-0.008,0.94,0.000,0.94,0.074,0.94,0.072,0.94,0.143,0.94,3.415e+06,0.89,1.48,0.89,13.8,0.89,221.5,0.89,3.860e+06,1.00,1.58,1.00,13.7,1.00,10.507,1.00,26.91,1.00,26.89,1.00,-999,0.00,26.92,1.00,35.7338,1.00,23.3133,1.00,26.89,1.00,35.7824,1.00,23.3916,1.00
2014-08-18 00:00:00,2014-08-18 10:00:00,-0.025,1.00,-0.058,1.00,0.003,1.00,0.085,1.00,0.076,1.00,0.159,1.00,5.667e+06,1.00,1.87,1.00,14.6,1.00,220.5,1.00,5.892e+06,1.00,1.98,1.00,13.7,1.00,10.499,1.00,26.99,1.00,26.99,1.00,-999,0.00,27.00,1.00,35.7703,1.00,23.3151,1.00,26.99,1.00,35.8200,1.00,23.3899,1.00
2014-08-25 00:00:00,2014-08-25 10:00:00,-0.012,1.00,-0.050,1.00,0.008,1.00,0.102,1.00,0.062,1.00,0.158,1.00,7.958e+06,0.96,2.37,0.96,13.7,0.96,214.2,0.96,7.781e+06,1.00,2.36,1.00,13.1,1.00,10.500,1.00,26.87,1.00,26.87,1.00,-999,0.00,26.87,1.00,35.7371,1.00,23.3320,1.00,26.87,1.00,35.7910,1.00,23.4052,1.00
2014-09-01 00:00:00,2014-09-01 10:00:00,0.062,0.95,0.040,0.95,-0.004,0.95,0.060,0.95,0.104,0.95,0.162,0.95,4.141e+06,0.96,1.73,0.96,12.4,0.96,207.8,0.96,3.178e+06,1.00,1.53,1.00,11.7,1.00,10.498,1.00,26.75,1.00,26.74,1.00,-999,0.00,26.75,1.00,35.7530,1.00,23.3830,1.00,26.74,1.00,35.8019,1.00,23.4534,1.00
2014-09-08 00:00:00,2014-09-08 10:00:00,-0.033,0.88,-0.079,0.88,0.001,0.88,0.082,0.88,0.070,0.88,0.158,0.88,6.574e+06,0.86,1.78,0.86,14.5,0.86,220.6,0.86,6.702e+06,1.00,1.76,1.00,13.6,1.00,10.530,1.00,26.95,1.00,26.94,1.00,-999,0.00,26.96,1.00,35.6601,1.00,23.2464,1.00,26.94,1.00,35.7552,1.00,23.3550,1.00
2014-09-15 00:00:00,2014-09-15 10:00:00,0.008,0.28,-0.041,0.28,-0.001,0.28,0.021,0.28,0.076,0.28,0.136,0.28,1.987e+06,0.27,1.31,0.27,11.6,0.27,210.2,0.27,9.251e+05,1.00,0.89,1.00,11.5,1.00,10.510,1.00,27.03,1.00,27.02,1.00,-999,0.00,27.05,1.00,35.7171,1.00,23.2591,1.00,27.01,1.00,35.7680,1.00,23.3411,1.00
2014-09-22 00:00:00,2014-09-22 10:00:00,-999,0.00,-999,0.00,-999,0.00,-999,0.00,-999,0.00,-999,0.00,-999,0.00,-999,0.00,-999,0.00,-999,0.00,6.886e+06,1.00,1.93,1.00,13.3,1.00,10.519,1.00,27.41,1.00,27.37,1.00,-999,0.00,27.43,1.00,35.7982,1.00,23.1974,1.00,27.37,1.00,35.8401,1.00,23.2823,1.00
2014-09-29 00:00:00,2014-09-29 10:00:00,-999,0.00,-999,0.00,-999,0.00,-999,0.00,-999,0.00,-999,0.00,-999,0.00,-999,0.00,-999,0.00,-999,0.00,2.370e+06,1.00,1.33,1.00,12.0,1.00,10.510,1.00,27.22,1.00,27.21,1.00,-999,0.00,27.23,1.00,35.8226,1.00,23.2826,1.00,27.21,1.00,35.8695,1.00,23.3557,1.00
2014-10-06 00:00:00,2014-10-06 10:00:00,-999,0.00,-999,0.00,-999,0.00,-999,0.00,-999,0.00,-999,0.00,-999,0.00,-999,0.00,-999,0.00,-999,0.00,3.252e+06,1.00,1.52,1.00,13.0,1.00,10.508,1.00,26.79,1.00,26.78,1.00,-999,0.00,26.80,1.00,35.8338,1.00,23.4260,1.00,26.78,1.00,35.8795,1.00,23.5009,1.00
2014-10-13 00:00:00,2014-10-13 10:00:00,-999,0.00,-999,0.00,-999,0.00,-999,0.00,-999,0.00,-999,0.00,-999,0.00,-999,0.00,-999,0.00,-999,0.00,1.351e+06,1.00,1.01,1.00,12.1,1.00,10.507,1.00,27.02,1.00,27.01,1.00,-999,0.00,27.04,1.00,35.8267,1.00,23.3458,1.00,27.00,1.00,35.5953,1.00,23.2142,1.00
2014-10-20 00:00:00,2014-10-20 10:00:00,-999,0.00,-999,0.00,-999,0.00,-999,0.00,-999,0.00,-999,0.00,-999,0.00,-999,0.00,-999,0.00,-999,0.00,2.988e+06,1.00,1.58,1.00,12.0,1.00,10.484,1.00,27.19,1.00,27.17,1.00,-999,0.00,27.20,1.00,35.7846,1.00,23.2609,1.00,27.17,1.00,35.8401,1.00,23.3456,1.00
2014-10-27 00:00:00,2014-10-27 10:00:00,-999,0.00,-999,0.00,-999,0.00,-999,0.00,-999,0.00,-999,0.00,-999,0.00,-999,0.00,-999,0.00,-999,0.00,2.285e+06,1.00,1.36,1.00,12.1,1.00,10.454,1.00,27.66,1.00,27.58,1.00,-999,0.00,27.69,1.00,35.7530,1.00,23.0784,1.00,27.57,1.00,35.8163,1.00,23.1967,1.00
2014-11-03 00:00:00,2014-11-03 10:00:00,-999,0.00,-999,0.00,-999,0.00,-999,0.00,-999,0.00,-999,0.00,-999,0.00,-999,0.00,-999,0.00,-999,0.00,1.871e+06,1.00,1.26,1.00,10.7,1.00,10.463,1.00,27.30,1.00,27.28,1.00,-999,0.00,27.31,1.00,35.7754,1.00,23.2190,1.00,27.28,1.00,35.8221,1.00,23.2969,1.00
2014-11-10 00:00:00,2014-11-10 10:00:00,-999,0.00,-999,0.00,-999,0.00,-999,0.00,-999,0.00,-999,0.00,-999,0.00,-999,0.00,-999,0.00,-999,0.00,8.116e+05,1.00,0.82,1.00,11.6,1.00,10.424,1.00,27.63,1.00,27.57,1.00,-999,0.00,27.69,1.00,35.7373,1.00,23.0687,1.00,27.56,1.00,35.7848,1.00,23.1784,1.00
2014-11-17 00:00:00,2014-11-17 10:00:00,-999,0.00,-999,0.00,-999,0.00,-999,0.00,-999,0.00,-999,0.00,-999,0.00,-999,0.00,-999,0.00,-999,0.00,1.347e+06,1.00,1.07,1.00,11.3,1.00,10.413,1.00,27.91,1.00,27.87,1.00,-999,0.00,27.94,1.00,35.7931,1.00,23.0273,1.00,27.86,1.00,35.8398,1.00,23.1203,1.00
2014-11-24 00:00:00,2014-11-24 10:00:00,-999,0.00,-999,0.00,-999,0.00,-999,0.00,-999,0.00,-999,0.00,-999,0.00,-999,0.00,-999,0.00,-999,0.00,6.275e+05,1.00,0.74,1.00,10.2,1.00,10.443,1.00,27.89,1.00,27.85,1.00,-999,0.00,27.92,1.00,35.7903,1.00,23.0338,1.00,27.84,1.00,35.8419,1.00,23.1282,1.00
2014-12-01 00:00:00,2014-12-01 10:00:00,-999,0.00,-999,0.00,-999,0.00,-999,0.00,-999,0.00,-999,0.00,-999,0.00,-999,0.00,-999,0.00,-999,0.00,8.271e+05,1.00,0.83,1.00,12.0,1.00,10.444,1.00,28.18,1.00,28.12,1.00,-999,0.00,28.23,1.00,35.6875,1.00,22.8540,1.00,28.11,1.00,35.7460,1.00,22.9689,1.00
2014-12-08 00:00:00,2014-12-08 10:00:00,-999,0.00,-999,0.00,-999,0.00,-999,0.00,-999,0.00,-999,0.00,-999,0.00,-999,0.00,-999,0.00,-999,0.00,2.955e+06,1.00,1.32,1.00,11.6,1.00,10.453,1.00,28.34,1.00,28.30,1.00,-999,0.00,28.35,1.00,35.6595,1.00,22.7928,1.00,28.30,1.00,35.7289,1.00,22.8949,1.00
2014-12-15 00:00:00,2014-12-15 10:00:00,-999,0.00,-999,0.00,-999,0.00,-999,0.00,-999,0.00,-999,0.00,-999,0.00,-999,0.00,-999,0.00,-999,0.00,2.680e+06,1.00,1.46,1.00,11.5,1.00,10.497,1.00,28.24,1.00,28.17,1.00,-999,0.00,28.26,1.00,35.5867,1.00,22.7680,1.00,28.17,1.00,35.6639,1.00,22.8882,1.00
2014-12-22 00:00:00,2014-12-22 10:00:00,-999,0.00,-999,0.00,-999,0.00,-999,0.00,-999,0.00,-999,0.00,-999,0.00,-999,0.00,-999,0.00,-999,0.00,1.305e+06,1.00,1.07,1.00,9.7,1.00,10.496,1.00,27.90,1.00,27.86,1.00,-999,0.00,27.92,1.00,35.4820,1.00,22.8012,1.00,27.86,1.00,35.5637,1.00,22.9138,1.00
2014-12-29 00:00:00,2014-12-29 10:00:00,-999,0.00,-999,0.00,-999,0.00,-999,0.00,-999,0.00,-999,0.00,1.675e+06,0.02,1.21,0.02,11.6,0.02,180.0,0.02,1.471e+06,1.00,1.15,1.00,10.8,1.00,10.502,1.00,28.50,1.00,28.42,1.00,-999,0.00,28.55,1.00,35.4047,1.00,22.5365,1.00,28.41,1.00,35.4851,1.00,22.6737,1.00
2015-01-05 00:00:00,2015-01-05 10:00:00,-999,0.00,-999,0.00,-999,0.00,-999,0.00,-999,0.00,-999,0.00,-999,0.00,-999,0.00,-999,0.00,-999,0.00,1.332e+06,1.00,1.02,1.00,11.7,1.00,10.521,1.00,29.03,1.00,28.96,1.00,-999,0.00,29.08,1.00,35.4007,1.00,22.3562,1.00,28.95,1.00,35.4665,1.00,22.4795,1.00
2015-01-12 00:00:00,2015-01-12 10:00:00,-999,0.00,-999,0.00,-999,0.00,-999,0.00,-999,0.00,-999,0.00,-999,0.00,-999,0.00,-999,0.00,-999,0.00,1.491e+06,1.00,1.13,1.00,10.9,1.00,10.521,1.00,29.38,1.00,29.27,1.00,-999,0.00,29.44,1.00,35.3299,1.00,22.1813,1.00,29.26,1.00,35.4324,1.00,22.3499,1.00
2015-01-19 00:00:00,2015-01-19 10:00:00,0.015,0.37,0.005,0.03,-0.009,0.37,0.045,0.03,0.099,0.37,0.125,0.03,1.577e+06,0.38,1.06,0.38,14.3,0.38,230.1,0.38,1.197e+06,0.98,1.04,0.98,10.8,0.98,10.528,0.97,28.82,1.00,28.80,1.00,28.67,0.37,28.82,1.00,35.1551,1.00,22.2585,1.00,28.80,0.99,35.2600,0.99,22.3743,0.99
2015-01-26 00:00:00,2015-01-26 10:00:00,0.009,1.00,0.108,0.06,-0.009,1.00,0.016,0.06,0.097,1.00,0.118,0.06,8.980e+05,1.00,0.85,1.00,12.2,1.00,224.9,1.00,8.483e+05,1.00,0.85,1.00,11.5,1.00,10.518,1.00,28.74,1.00,28.67,1.00,28.59,1.00,28.76,1.00,35.0407,1.00,22.1904,1.00,28.67,1.00,35.1765,1.00,22.3551,1.00
2015-02-02 00:00:00,2015-02-02 10:00:00,-0.013,1.00,0.009,0.27,-0.002,1.00,0.020,0.27,0.077,1.00,0.114,0.27,1.089e+06,1.00,0.88,1.00,13.2,1.00,220.3,1.00,1.139e+06,1.00,0.93,1.00,12.6,1.00,10.547,1.00,29.02,1.00,28.98,1.00,28.96,1.00,29.04,1.00,35.1579,1.00,22.1857,1.00,28.98,1.00,35.2309,1.00,22.2939,1.00
2015-02-09 00:00:00,2015-02-09 10:00:00,-0.002,1.00,0.051,0.11,0.001,1.00,0.018,0.11,0.088,1.00,0.124,0.11,1.768e+06,1.00,1.15,1.00,13.0,1.00,221.5,1.00,2.037e+06,1.00,1.23,1.00,12.8,1.00,10.562,1.00,28.97,1.00,28.96,1.00,28.95,1.00,28.98,1.00,35.3113,1.00,22.3209,1.00,28.96,1.00,35.3869,1.00,22.4184,1.00
2015-02-16 00:00:00,2015-02-16 10:00:00,0.014,1.00,0.071,0.44,0.000,1.00,0.028,0.44,0.086,1.00,0.125,0.44,1.496e+06,1.00,1.06,1.00,12.8,1.00,216.7,1.00,1.550e+06,1.00,1.10,1.00,12.4,1.00,10.595,1.00,28.81,1.00,28.79,1.00,28.78,1.00,28.83,1.00,35.4420,1.00,22.4711,1.00,28.79,1.00,35.5133,1.00,22.5697,1.00
2015-02-23 00:00:00,2015-02-23 10:00:00,0.049,1.00,0.091,0.26,-0.006,1.00,0.040,0.26,0.087,1.00,0.149,0.26,1.777e+06,1.00,1.12,1.00,14.1,1.00,218.0,1.00,1.879e+06,1.00,1.19,1.00,13.2,1.00,10.576,1.00,28.84,1.00,28.81,1.00,28.80,1.00,28.87,1.00,35.5804,1.00,22.5602,1.00,28.81,1.00,35.6508,1.00,22.6657,1.00
2015-03-02 00:00:00,2015-03-02 10:00:00,-0.022,1.00,0.010,0.45,0.000,1.00,0.018,0.45,0.062,1.00,0.088,0.45,7.486e+05,1.00,0.77,1.00,12.2,1.00,216.2,1.00,8.299e+05,1.00,0.83,1.00,11.7,1.00,10.593,1.00,28.98,1.00,28.96,1.00,28.96,1.00,28.99,1.00,35.5941,1.00,22.5297,1.00,28.96,1.00,35.6635,1.00,22.6244,1.00
2015-03-09 00:00:00,2015-03-09 10:00:00,0.009,1.00,0.015,0.30,-0.004,1.00,0.044,0.30,0.069,1.00,0.132,0.30,2.420e+06,1.00,1.29,1.00,13.3,1.00,229.6,1.00,2.090e+06,1.00,1.28,1.00,12.1,1.00,10.598,1.00,29.33,1.00,29.29,1.00,29.25,1.00,29.36,1.00,35.5820,1.00,22.3984,1.00,29.28,1.00,35.6491,1.00,22.5059,1.00
2015-03-16 00:00:00,2015-03-16 10:00:00,0.020,1.00,0.079,0.38,0.003,1.00,0.053,0.38,0.076,1.00,0.139,0.38,3.001e+06,1.00,1.45,1.00,13.6,1.00,230.6,1.00,3.371e+06,1.00,1.53,1.00,12.9,1.00,10.573,1.00,28.89,1.00,28.87,1.00,28.85,1.00,28.90,1.00,35.5911,1.00,22.5600,1.00,28.87,1.00,35.6558,1.00,22.6501,1.00
2015-03-23 00:00:00,2015-03-23 10:00:00,-0.004,1.00,0.044,0.21,-0.004,1.00,0.048,0.21,0.063,1.00,0.101,0.21,2.692e+06,1.00,1.41,1.00,13.3,1.00,209.1,1.00,2.950e+06,1.00,1.50,1.00,12.7,1.00,10.576,1.00,29.03,1.00,28.99,1.00,28.96,1.00,29.05,1.00,35.6043,1.00,22.5175,1.00,28.98,1.00,35.6665,1.00,22.6192,1.00
2015-03-30 00:00:00,2015-03-30 10:00:00,0.008,1.00,0.048,0.38,-0.003,1.00,0.065,0.38,0.051,1.00,0.112,0.38,3.063e+06,1.00,1.48,1.00,13.1,1.00,214.3,1.00,3.328e+06,1.00,1.58,1.00,12.4,1.00,10.576,1.00,29.19,1.00,29.15,1.00,29.13,1.00,29.21,1.00,35.5847,1.00,22.4503,1.00,29.15,1.00,35.6252,1.00,22.5321,1.00
2015-04-06 00:00:00,2015-04-06 10:00:00,0.015,1.00,0.060,0.21,-0.002,1.00,0.060,0.21,0.063,1.00,0.116,0.21,2.470e+06,1.00,1.30,1.00,13.8,1.00,217.5,1.00,2.711e+06,1.00,1.41,1.00,12.7,1.00,10.575,1.00,29.11,1.00,29.08,1.00,29.06,1.00,29.13,1.00,35.6520,1.00,22.5288,1.00,29.07,1.00,35.7138,1.00,22.6247,1.00
2015-04-13 00:00:00,2015-04-13 10:00:00,0.032,1.00,0.095,0.40,-0.003,1.00,0.077,0.40,0.080,1.00,0.168,0.40,3.727e+06,1.00,1.56,1.00,14.0,1.00,221.1,1.00,4.302e+06,1.00,1.69,1.00,12.9,1.00,10.589,1.00,29.07,1.00,29.06,1.00,29.06,1.00,29.08,1.00,35.6501,1.00,22.5429,1.00,29.07,1.00,35.7262,1.00,22.6366,1.00
2015-04-20 00:00:00,2015-04-20 10:00:00,0.001,1.00,0.078,0.31,0.005,1.00,0.039,0.31,0.089,1.00,0.121,0.31,2.022e+06,1.00,1.20,1.00,13.8,1.00,216.9,1.00,2.076e+06,1.00,1.24,1.00,13.0,1.00,10.595,1.00,28.94,1.00,28.93,1.00,28.93,1.00,28.95,1.00,35.8080,1.00,22.7053,1.00,28.93,1.00,35.8573,1.00,22.7800,1.00
2015-04-27 00:00:00,2015-04-27 10:00:00,0.004,0.99,0.060,0.39,0.001,0.99,0.057,0.39,0.078,0.99,0.140,0.39,4.086e+06,0.96,1.55,0.96,14.5,0.96,217.7,0.96,4.407e+06,1.00,1.63,1.00,13.9,1.00,10.590,1.00,28.90,1.00,28.88,1.00,28.88,1.00,28.91,1.00,35.8234,1.00,22.7293,1.00,28.88,1.00,35.8744,1.00,22.8097,1.00
2015-05-04 00:00:00,2015-05-04 10:00:00,-0.030,1.00,-0.034,0.17,0.011,1.00,0.100,0.17,0.063,1.00,0.121,0.17,6.774e+06,1.00,2.21,1.00,13.5,1.00,211.2,1.00,7.524e+06,1.00,2.37,1.00,12.8,1.00,10.567,1.00,28.67,1.00,28.66,1.00,28.67,1.00,28.67,1.00,35.8797,1.00,22.8513,1.00,28.67,1.00,35.9274,1.00,22.9215,1.00
2015-05-11 00:00:00,2015-05-11 10:00:00,0.011,1.00,0.059,0.39,0.003,1.00,0.053,0.39,0.059,1.00,0.114,0.39,2.364e+06,1.00,1.35,1.00,12.9,1.00,212.4,1.00,2.274e+06,1.00,1.38,1.00,11.9,1.00,10.599,1.00,28.60,1.00,28.59,1.00,28.59,1.00,28.61,1.00,35.8748,1.00,22.8700,1.00,28.59,1.00,35.9160,1.00,22.9380,1.00
2015-05-18 00:00:00,2015-05-18 10:00:00,-0.036,1.00,-0.009,0.22,0.002,1.00,0.092,0.22,0.076,1.00,0.169,0.22,8.755e+06,1.00,2.29,1.00,14.6,1.00,221.5,1.00,9.367e+06,1.00,2.45,1.00,13.3,1.00,10.577,1.00,28.46,1.00,28.46,1.00,28.47,1.00,28.46,1.00,35.7067,1.00,22.7934,1.00,28.47,1.00,35.7958,1.00,22.8888,1.00
2015-05-25 00:00:00,2015-05-25 10:00:00,0.020,1.00,0.091,0.23,0.006,1.00,0.127,0.23,0.083,1.00,0.188,0.23,8.789e+06,1.00,2.24,1.00,14.9,1.00,220.7,1.00,9.859e+06,1.00,2.43,1.00,14.2,1.00,10.582,1.00,28.42,1.00,28.41,1.00,28.41,1.00,28.43,1.00,35.7051,1.00,22.8025,1.00,28.42,1.00,35.7504,1.00,22.8722,1.00
2015-06-01 00:00:00,2015-06-01 10:00:00,0.013,1.00,0.028,0.33,0.004,1.00,0.051,0.33,0.063,1.00,0.092,0.33,2.749e+06,1.00,1.42,1.00,12.9,1.00,212.6,1.00,2.821e+06,1.00,1.46,1.00,12.2,1.00,10.577,1.00,28.27,1.00,28.27,1.00,28.27,1.00,28.28,1.00,35.6862,1.00,22.8375,1.00,28.27,1.00,35.7214,1.00,22.8969,1.00
2015-06-08 00:00:00,2015-06-08 10:00:00,0.022,1.00,0.069,0.37,0.003,1.00,0.069,0.37,0.070,1.00,0.127,0.37,3.218e+06,1.00,1.51,1.00,13.0,1.00,214.8,1.00,2.900e+06,1.00,1.49,1.00,12.3,1.00,10.592,1.00,28.15,1.00,28.14,1.00,28.14,1.00,28.15,1.00,35.6917,1.00,22.8823,1.00,28.14,1.00,35.7265,1.00,22.9440,1.00
2015-06-15 00:00:00,2015-06-15 10:00:00,0.054,1.00,0.146,0.25,0.006,1.00,0.062,0.25,0.088,1.00,0.192,0.25,5.125e+06,1.00,1.84,1.00,14.0,1.00,216.9,1.00,5.327e+06,1.00,1.94,1.00,13.0,1.00,10.561,1.00,27.94,1.00,27.94,1.00,27.95,1.00,27.94,1.00,35.7744,1.00,23.0131,1.00,27.94,1.00,35.8093,1.00,23.0713,1.00
2015-06-22 00:00:00,2015-06-22 10:00:00,0.033,1.00,0.114,0.14,0.006,1.00,0.064,0.14,0.076,1.00,0.165,0.14,4.414e+06,1.00,1.71,1.00,13.9,1.00,214.7,1.00,3.997e+06,1.00,1.72,1.00,12.5,1.00,10.566,1.00,27.73,1.00,27.72,1.00,27.72,1.00,27.73,1.00,35.7696,1.00,23.0790,1.00,27.72,1.00,35.7980,1.00,23.1363,1.00
2015-06-29 00:00:00,2015-06-29 10:00:00,-0.023,1.00,-0.039,0.25,0.015,1.00,0.096,0.25,0.056,1.00,0.128,0.25,8.500e+06,1.00,2.33,1.00,14.7,1.00,217.0,1.00,8.305e+06,1.00,2.40,1.00,13.6,1.00,10.554,1.00,27.63,1.00,27.63,1.00,27.63,1.00,27.63,1.00,35.9017,1.00,23.2122,1.00,27.63,1.00,35.9333,1.00,23.2670,1.00
2015-07-06 00:00:00,2015-07-06 10:00:00,0.059,0.99,0.005,0.08,-0.000,0.99,0.063,0.08,0.087,0.99,0.105,0.08,1.416e+06,0.95,0.97,0.95,14.0,0.95,219.5,0.95,1.591e+06,0.93,1.10,0.93,12.8,0.93,10.576,0.92,27.46,0.99,27.45,1.00,27.45,1.00,27.46,1.00,35.8787,1.00,23.2479,1.00,27.45,1.00,36.0239,1.00,23.3929,1.00
2015-07-13 00:00:00,2015-07-13 10:00:00,0.023,1.00,-999,0.00,0.003,1.00,-999,0.00,0.083,1.00,-999,0.00,1.318e+06,1.00,1.04,1.00,12.1,1.00,216.4,1.00,1.917e+06,1.00,1.32,1.00,10.9,1.00,10.580,1.00,27.19,1.00,27.19,1.00,27.19,1.00,27.19,1.00,35.7881,1.00,23.2692,1.00,27.19,1.00,35.9737,1.00,23.4397,1.00
2015-07-20 00:00:00,2015-07-20 10:00:00,-0.010,1.00,-999,0.00,0.011,1.00,-999,0.00,0.051,1.00,-999,0.00,6.206e+06,0.96,1.90,0.96,15.5,0.96,218.4,0.96,9.743e+06,1.00,2.38,1.00,14.0,1.00,10.588,1.00,27.28,1.00,27.28,1.00,27.28,1.00,27.29,1.00,35.9059,1.00,23.3264,1.00,27.28,1.00,36.0974,1.00,23.5037,1.00
2015-07-27 00:00:00,2015-07-27 10:00:00,-0.003,1.00,-999,0.00,0.007,1.00,-999,0.00,0.051,1.00,-999,0.00,1.448e+06,1.00,1.02,1.00,12.8,1.00,207.6,1.00,2.149e+06,1.00,1.31,1.00,11.6,1.00,10.611,1.00,27.21,1.00,27.21,1.00,27.21,1.00,27.21,1.00,35.9340,1.00,23.3719,1.00,27.21,1.00,36.1327,1.00,23.5533,1.00
2015-08-03 00:00:00,2015-08-03 10:00:00,-0.023,1.00,-999,0.00,0.007,1.00,-999,0.00,0.062,1.00,-999,0.00,2.207e+06,1.00,1.31,1.00,12.5,1.00,209.2,1.00,3.150e+06,1.00,1.68,1.00,11.0,1.00,10.579,1.00,26.76,1.00,26.76,1.00,26.76,1.00,26.76,1.00,35.9044,1.00,23.4944,1.00,26.76,1.00,36.1008,1.00,23.6734,1.00
2015-08-10 00:00:00,2015-08-10 10:00:00,-0.001,1.00,-999,0.00,0.003,1.00,-999,0.00,0.058,1.00,-999,0.00,1.621e+06,1.00,1.09,1.00,12.1,1.00,211.0,1.00,2.356e+06,1.00,1.35,1.00,11.3,1.00,10.550,1.00,26.63,1.00,26.62,1.00,26.62,1.00,26.63,1.00,35.9585,1.00,23.5751,1.00,26.62,1.00,36.1589,1.00,23.7618,1.00
2015-08-17 00:00:00,2015-08-17 10:00:00,-0.001,1.00,-999,0.00,0.003,1.00,-999,0.00,0.051,1.00,-999,0.00,1.846e+06,1.00,1.18,1.00,12.6,1.00,209.3,1.00,2.532e+06,1.00,1.45,1.00,11.6,1.00,10.564,1.00,26.66,1.00,26.64,1.00,26.63,1.00,26.68,1.00,35.9715,1.00,23.5696,1.00,26.64,1.00,36.1711,1.00,23.7644,1.00
2015-08-24 00:00:00,2015-08-24 10:00:00,-0.017,1.00,-999,0.00,0.004,1.00,-999,0.00,0.050,1.00,-999,0.00,1.940e+06,1.00,1.09,1.00,14.1,1.00,215.2,1.00,2.574e+06,1.00,1.31,1.00,13.0,1.00,10.582,1.00,26.49,1.00,26.48,1.00,26.49,0.70,26.49,1.00,35.9757,1.00,23.6327,1.00,26.48,1.00,36.1773,1.00,23.8215,1.00
2015-08-31 00:00:00,2015-08-31 10:00:00,-0.014,1.00,-999,0.00,0.005,1.00,-999,0.00,0.059,1.00,-999,0.00,5.538e+06,1.00,1.77,1.00,14.6,1.00,215.4,1.00,7.226e+06,1.00,2.10,1.00,13.6,1.00,10.529,1.00,26.31,1.00,26.31,1.00,-999,0.00,26.31,1.00,35.9925,1.00,23.7013,1.00,26.30,1.00,36.1946,1.00,23.8892,1.00
2015-09-07 00:00:00,2015-09-07 10:00:00,-0.005,1.00,-999,0.00,0.002,1.00,-999,0.00,0.071,1.00,-999,0.00,1.788e+06,1.00,0.99,1.00,13.1,1.00,217.6,1.00,2.548e+06,1.00,1.23,1.00,12.0,1.00,10.565,1.00,26.16,1.00,26.15,1.00,-999,0.00,26.17,1.00,35.9994,1.00,23.7520,1.00,26.15,1.00,36.2011,1.00,23.9417,1.00
2015-09-14 00:00:00,2015-09-14 10:00:00,-0.006,1.00,-999,0.00,0.001,1.00,-999,0.00,0.068,1.00,-999,0.00,2.998e+06,1.00,1.41,1.00,13.8,1.00,216.0,1.00,4.378e+06,1.00,1.77,1.00,12.3,1.00,10.550,1.00,26.20,1.00,26.18,1.00,-999,0.00,26.21,1.00,35.9999,1.00,23.7395,1.00,26.18,1.00,36.2059,1.00,23.9380,1.00
2015-09-21 00:00:00,2015-09-21 10:00:00,-0.000,1.00,-999,0.00,-0.002,1.00,-999,0.00,0.070,1.00,-999,0.00,1.111e+06,1.00,0.90,1.00,13.1,1.00,214.9,1.00,1.536e+06,1.00,1.14,1.00,11.3,1.00,10.586,1.00,26.50,1.00,26.46,1.00,-999,0.00,26.53,1.00,36.0393,1.00,23.6681,1.00,26.45,1.00,36.2450,1.00,23.8803,1.00
2015-09-28 00:00:00,2015-09-28 10:00:00,-0.044,1.00,-999,0.00,0.004,1.00,-999,0.00,0.069,1.00,-999,0.00,2.750e+06,1.00,1.32,1.00,14.4,1.00,213.7,1.00,3.182e+06,1.00,1.57,1.00,12.2,1.00,10.555,1.00,26.13,1.00,26.12,1.00,-999,0.00,26.13,1.00,36.0539,1.00,23.8063,1.00,26.12,1.00,36.2526,1.00,23.9914,1.00
2015-10-05 00:00:00,2015-10-05 10:00:00,0.026,1.00,-999,0.00,0.005,1.00,-999,0.00,0.058,1.00,-999,0.00,2.740e+06,1.00,1.28,1.00,16.3,1.00,214.5,1.00,3.381e+06,1.00,1.50,1.00,14.7,1.00,10.543,1.00,26.50,1.00,26.49,1.00,-999,0.00,26.52,1.00,36.2347,1.00,23.8202,1.00,26.49,1.00,36.4310,1.00,24.0089,1.00
2015-10-12 00:00:00,2015-10-12 10:00:00,-0.004,1.00,-999,0.00,0.004,1.00,-999,0.00,0.063,1.00,-999,0.00,3.719e+06,1.00,1.55,1.00,14.5,1.00,217.0,1.00,4.711e+06,1.00,1.83,1.00,13.4,1.00,10.529,1.00,26.28,1.00,26.26,1.00,-999,0.00,26.29,1.00,36.1531,1.00,23.8290,1.00,26.26,1.00,36.3458,1.00,24.0175,1.00
2015-10-19 00:00:00,2015-10-19 10:00:00,-0.008,1.00,-999,0.00,0.003,1.00,-999,0.00,0.059,1.00,-999,0.00,5.634e+06,1.00,1.79,1.00,14.7,1.00,213.3,1.00,7.392e+06,1.00,2.17,1.00,13.5,1.00,10.494,1.00,26.05,1.00,26.02,1.00,-999,0.00,26.06,1.00,36.0896,1.00,23.8552,1.00,26.01,1.00,36.2899,1.00,24.0523,1.00
2015-10-26 00:00:00,2015-10-26 10:00:00,0.079,1.00,-999,0.00,-0.017,1.00,-999,0.00,0.097,1.00,-999,0.00,2.514e+06,1.00,1.30,1.00,14.1,1.00,215.4,1.00,3.524e+06,1.00,1.56,1.00,13.7,1.00,10.502,1.00,26.65,1.00,26.53,1.00,-999,0.00,26.73,1.00,36.0590,1.00,23.6188,1.00,26.51,1.00,36.2645,1.00,23.8761,1.00
2015-11-02 00:00:00,2015-11-02 10:00:00,0.001,1.00,-999,0.00,-0.003,1.00,-999,0.00,0.062,1.00,-999,0.00,4.169e+06,1.00,1.63,1.00,15.0,1.00,217.6,1.00,5.681e+06,1.00,1.99,1.00,13.6,1.00,10.490,1.00,27.02,1.00,26.95,1.00,-999,0.00,27.05,1.00,36.1507,1.00,23.5870,1.00,26.93,1.00,36.3636,1.00,23.8152,1.00
2015-11-09 00:00:00,2015-11-09 10:00:00,0.062,1.00,-999,0.00,-0.007,1.00,-999,0.00,0.074,1.00,-999,0.00,1.183e+06,0.96,0.88,0.96,15.0,0.96,214.8,0.96,1.570e+06,1.00,1.06,1.00,13.7,1.00,10.523,1.00,27.81,1.00,27.76,1.00,-999,0.00,27.87,1.00,36.2424,1.00,23.3898,1.00,27.75,1.00,36.4504,1.00,23.6175,1.00
2015-11-16 00:00:00,2015-11-16 10:00:00,-0.001,1.00,-999,0.00,-0.000,1.00,-999,0.00,0.047,1.00,-999,0.00,1.485e+06,1.00,0.99,1.00,13.5,1.00,218.8,1.00,1.944e+06,1.00,1.18,1.00,12.6,1.00,10.542,1.00,27.88,1.00,27.85,1.00,-999,0.00,27.91,1.00,36.2697,1.00,23.3976,1.00,27.84,1.00,36.4727,1.00,23.6045,1.00
2015-11-23 00:00:00,2015-11-23 10:00:00,0.058,1.00,-999,0.00,-0.004,1.00,-999,0.00,0.073,1.00,-999,0.00,9.557e+05,1.00,0.86,1.00,12.4,1.00,206.6,1.00,1.300e+06,1.00,1.10,1.00,10.2,1.00,10.560,1.00,27.60,1.00,27.59,1.00,-999,0.00,27.61,1.00,36.2623,1.00,23.4909,1.00,27.58,1.00,36.4677,1.00,23.6843,1.00
2015-11-30 00:00:00,2015-11-30 10:00:00,0.056,1.00,-999,0.00,-0.006,1.00,-999,0.00,0.073,1.00,-999,0.00,7.374e+05,1.00,0.76,1.00,12.4,1.00,219.0,1.00,1.066e+06,1.00,1.01,1.00,10.1,1.00,10.550,1.00,27.68,1.00,27.60,1.00,-999,0.00,27.73,1.00,36.2189,1.00,23.4184,1.00,27.58,1.00,36.4259,1.00,23.6545,1.00
2015-12-07 00:00:00,2015-12-07 10:00:00,0.034,1.00,-999,0.00,-0.006,1.00,-999,0.00,0.062,1.00,-999,0.00,1.531e+06,1.00,1.06,1.00,12.2,1.00,214.6,1.00,2.287e+06,1.00,1.34,1.00,11.4,1.00,10.525,1.00,27.71,1.00,27.68,1.00,-999,0.00,27.73,1.00,36.2260,1.00,23.4220,1.00,27.67,1.00,36.4395,1.00,23.6337,1.00
2015-12-14 00:00:00,2015-12-14 10:00:00,0.032,0.53,-999,0.00,-0.007,0.53,-999,0.00,0.076,0.53,-999,0.00,7.485e+05,0.61,0.78,0.61,11.5,0.61,213.4,0.61,8.104e+05,1.00,0.82,1.00,10.9,1.00,10.569,1.00,28.00,1.00,27.96,1.00,-999,0.00,28.02,1.00,36.1850,1.00,23.2957,1.00,27.96,1.00,36.3956,1.00,23.5082,1.00
2015-12-21 00:00:00,2015-12-21 10:00:00,-999,0.00,-999,0.00,-999,0.00,-999,0.00,-999,0.00,-999,0.00,-999,0.00,-999,0.00,-999,0.00,-999,0.00,2.535e+06,1.00,1.24,1.00,12.4,1.00,10.604,1.00,28.12,1.00,28.09,1.00,-999,0.00,28.14,1.00,36.0988,1.00,23.1943,1.00,28.09,1.00,36.3202,1.00,23.4076,1.00
2015-12-28 00:00:00,2015-12-28 10:00:00,-999,0.00,-999,0.00,-999,0.00,-999,0.00,-999,0.00,-999,0.00,1.948e+05,0.02,0.44,0.02,10.2,0.02,213.0,0.02,1.730e+06,1.00,1.19,1.00,11.7,1.00,10.578,1.00,28.37,1.00,28.26,1.00,-999,0.00,28.43,1.00,36.1256,1.00,23.1166,1.00,28.24,1.00,36.3232,1.00,23.3618,1.00
2016-01-04 00:00:00,2016-01-04 10:00:00,-999,0.00,-999,0.00,-999,0.00,-999,0.00,-999,0.00,-999,0.00,-999,0.00,-999,0.00,-999,0.00,-999,0.00,1.270e+06,1.00,1.06,1.00,10.3,1.00,10.531,1.00,28.29,1.00,28.25,1.00,-999,0.00,28.31,1.00,36.1318,1.00,23.1625,1.00,28.24,1.00,36.3550,1.00,23.3844,1.00
2016-01-11 00:00:00,2016-01-11 10:00:00,-999,0.00,-999,0.00,-999,0.00,-999,0.00,-999,0.00,-999,0.00,-999,0.00,-999,0.00,-999,0.00,-999,0.00,4.077e+06,1.00,1.64,1.00,12.9,1.00,10.548,1.00,28.66,1.00,28.58,1.00,-999,0.00,28.70,1.00,36.1105,1.00,23.0169,1.00,28.64,0.58,36.3251,0.58,23.2282,0.58
2016-01-18 00:00:00,2016-01-18 10:00:00,-0.008,0.07,-0.090,0.07,0.006,0.07,0.017,0.07,0.065,0.07,0.128,0.07,9.898e+05,0.07,1.16,0.07,7.7,0.07,186.0,0.07,2.384e+06,0.89,1.43,0.89,10.9,0.89,10.517,0.90,28.24,1.00,28.20,1.00,28.07,0.08,28.25,1.00,36.1967,1.00,23.2313,1.00,28.22,0.08,36.2066,0.08,23.2805,0.08
2016-01-25 00:00:00,2016-01-25 10:00:00,0.079,1.00,0.060,1.00,-0.007,1.00,0.039,1.00,0.103,1.00,0.136,1.00,1.193e+06,1.00,1.16,1.00,8.5,1.00,188.5,1.00,-999,0.00,-999,0.00,-999,0.00,-999,0.00,28.49,1.00,28.46,1.00,28.32,1.00,28.51,1.00,36.3220,1.00,23.2398,1.00,28.45,1.00,36.1849,1.00,23.1868,1.00
2016-02-01 00:00:00,2016-02-01 10:00:00,0.109,1.00,0.115,1.00,-0.007,1.00,0.044,1.00,0.113,1.00,0.144,1.00,1.750e+06,1.00,1.18,1.00,11.9,1.00,209.4,1.00,-999,0.00,-999,0.00,-999,0.00,-999,0.00,28.72,1.00,28.69,1.00,28.51,0.45,28.77,1.00,36.2803,1.00,23.1192,1.00,28.68,1.00,36.1435,1.00,23.0797,1.00
2016-02-08 00:00:00,2016-02-08 10:00:00,0.074,1.00,0.100,1.00,-0.006,1.00,0.032,1.00,0.095,1.00,0.141,1.00,1.409e+06,1.00,0.98,1.00,13.9,1.00,218.5,1.00,-999,0.00,-999,0.00,-999,0.00,-999,0.00,28.79,0.59,28.76,0.59,-999,0.00,28.84,0.64,36.2353,0.64,23.0619,0.64,28.83,1.00,36.1292,1.00,23.0295,1.00
2016-02-15 00:00:00,2016-02-15 10:00:00,0.034,1.00,0.090,1.00,-0.000,1.00,0.048,1.00,0.092,1.00,0.160,1.00,2.507e+06,1.00,1.47,1.00,11.3,1.00,219.8,1.00,-999,0.00,-999,0.00,-999,0.00,-999,0.00,-999,0.00,-999,0.00,-999,0.00,-999,0.00,-999,0.00,-999,0.00,28.74,1.00,36.0690,1.00,23.0334,1.00
2016-02-22 00:00:00,2016-02-22 10:00:00,0.017,1.00,0.062,1.00,-0.007,1.00,0.053,1.00,0.075,1.00,0.147,1.00,2.288e+06,1.00,1.43,1.00,11.1,1.00,218.5,1.00,-999,0.00,-999,0.00,-999,0.00,-999,0.00,-999,0.00,-999,0.00,-999,0.00,-999,0.00,-999,0.00,-999,0.00,28.53,1.00,35.9764,1.00,23.0354,1.00
2016-02-29 00:00:00,2016-02-29 10:00:00,-0.041,1.00,-0.067,1.00,0.002,1.00,0.070,1.00,0.066,1.00,0.146,1.00,4.896e+06,1.00,1.77,1.00,14.5,1.00,211.8,1.00,-999,0.00,-999,0.00,-999,0.00,-999,0.00,-999,0.00,-999,0.00,-999,0.00,-999,0.00,-999,0.00,-999,0.00,28.30,1.00,35.9589,1.00,23.0988,1.00
2016-03-07 00:00:00,2016-03-07 10:00:00,0.043,1.00,0.016,1.00,-0.009,1.00,0.080,1.00,0.073,1.00,0.143,1.00,3.337e+06,1.00,1.59,1.00,12.8,1.00,213.3,1.00,-999,0.00,-999,0.00,-999,0.00,-999,0.00,-999,0.00,-999,0.00,-999,0.00,-999,0.00,-999,0.00,-999,0.00,28.55,1.00,35.8986,1.00,22.9692,1.00
2016-03-14 00:00:00,2016-03-14 10:00:00,0.077,1.00,0.099,1.00,-0.013,1.00,0.066,1.00,0.095,1.00,0.156,1.00,2.224e+06,1.00,1.29,1.00,13.3,1.00,218.7,1.00,-999,0.00,-999,0.00,-999,0.00,-999,0.00,-999,0.00,-999,0.00,-999,0.00,-999,0.00,-999,0.00,-999,0.00,28.92,1.00,35.9414,1.00,22.8772,1.00
2016-03-21 00:00:00,2016-03-21 10:00:00,0.062,1.00,0.077,1.00,-0.009,1.00,0.067,1.00,0.087,1.00,0.140,1.00,2.472e+06,1.00,1.38,1.00,12.4,1.00,206.7,1.00,-999,0.00,-999,0.00,-999,0.00,-999,0.00,-999,0.00,-999,0.00,-999,0.00,-999,0.00,-999,0.00,-999,0.00,29.24,1.00,35.8989,1.00,22.7387,1.00
2016-03-28 00:00:00,2016-03-28 10:00:00,-0.003,1.00,-0.031,1.00,-0.006,1.00,0.062,1.00,0.061,1.00,0.116,1.00,2.790e+06,1.00,1.35,1.00,14.3,1.00,217.2,1.00,-999,0.00,-999,0.00,-999,0.00,-999,0.00,-999,0.00,-999,0.00,-999,0.00,-999,0.00,-999,0.00,-999,0.00,29.54,1.00,35.9405,1.00,22.6709,1.00
2016-04-04 00:00:00,2016-04-04 10:00:00,-0.002,1.00,-0.024,1.00,-0.009,1.00,0.060,1.00,0.081,1.00,0.150,1.00,2.114e+06,1.00,1.24,1.00,12.6,1.00,219.2,1.00,-999,0.00,-999,0.00,-999,0.00,-999,0.00,-999,0.00,-999,0.00,-999,0.00,-999,0.00,-999,0.00,-999,0.00,29.60,1.00,35.8679,1.00,22.5958,1.00
2016-04-11 00:00:00,2016-04-11 10:00:00,0.003,1.00,-0.035,1.00,-0.005,1.00,0.049,1.00,0.096,1.00,0.167,1.00,2.571e+06,1.00,1.50,1.00,11.6,1.00,205.3,1.00,-999,0.00,-999,0.00,-999,0.00,-999,0.00,-999,0.00,-999,0.00,-999,0.00,-999,0.00,-999,0.00,-999,0.00,29.35,1.00,35.9449,1.00,22.7374,1.00
2016-04-18 00:00:00,2016-04-18 10:00:00,0.041,1.00,0.055,1.00,-0.003,1.00,0.074,1.00,0.089,1.00,0.168,1.00,4.632e+06,1.00,1.78,1.00,14.2,1.00,215.5,1.00,-999,0.00,-999,0.00,-999,0.00,-999,0.00,-999,0.00,-999,0.00,-999,0.00,-999,0.00,-999,0.00,-999,0.00,28.99,0.64,35.9578,0.64,22.8674,0.64
2016-04-25 00:00:00,2016-04-25 10:00:00,0.005,1.00,-0.018,1.00,-0.005,1.00,0.081,1.00,0.071,1.00,0.152,1.00,4.100e+06,1.00,1.73,1.00,13.1,1.00,216.0,1.00,-999,0.00,-999,0.00,-999,0.00,-999,0.00,-999,0.00,-999,0.00,-999,0.00,-999,0.00,-999,0.00,-999,0.00,-999,0.00,-999,0.00,-999,0.00
2016-05-02 00:00:00,2016-05-02 10:00:00,-0.007,1.00,-0.080,1.00,-0.002,1.00,0.071,1.00,0.087,1.00,0.177,1.00,5.549e+06,1.00,1.95,1.00,12.7,1.00,211.2,1.00,-999,0.00,-999,0.00,-999,0.00,-999,0.00,-999,0.00,-999,0.00,-999,0.00,-999,0.00,-999,0.00,-999,0.00,-999,0.00,-999,0.00,-999,0.00
2016-05-09 00:00:00,2016-05-09 10:00:00,0.093,1.00,0.087,1.00,-0.010,1.00,0.080,1.00,0.108,1.00,0.162,1.00,3.973e+06,1.00,1.72,1.00,13.1,1.00,205.7,1.00,-999,0.00,-999,0.00,-999,0.00,-999,0.00,-999,0.00,-999,0.00,-999,0.00,-999,0.00,-999,0.00,-999,0.00,-999,0.00,-999,0.00,-999,0.00
2016-05-16 00:00:00,2016-05-16 10:00:00,0.015,1.00,-0.025,1.00,-0.005,1.00,0.046,1.00,0.069,1.00,0.132,1.00,2.114e+06,1.00,1.22,1.00,13.4,1.00,223.2,1.00,-999,0.00,-999,0.00,-999,0.00,-999,0.00,-999,0.00,-999,0.00,-999,0.00,-999,0.00,-999,0.00,-999,0.00,-999,0.00,-999,0.00,-999,0.00
2016-05-23 00:00:00,2016-05-23 10:00:00,0.054,1.00,0.047,1.00,-0.003,1.00,0.066,1.00,0.069,1.00,0.121,1.00,2.917e+06,1.00,1.46,1.00,13.2,1.00,225.6,1.00,-999,0.00,-999,0.00,-999,0.00,-999,0.00,-999,0.00,-999,0.00,-999,0.00,-999,0.00,-999,0.00,-999,0.00,-999,0.00,-999,0.00,-999,0.00
2016-05-30 00:00:00,2016-05-30 10:00:00,0.084,1.00,0.106,1.00,-0.009,1.00,0.033,1.00,0.108,1.00,0.158,1.00,1.587e+06,0.98,1.09,0.98,13.2,0.98,219.5,0.98,-999,0.00,-999,0.00,-999,0.00,-999,0.00,-999,0.00,-999,0.00,-999,0.00,-999,0.00,-999,0.00,-999,0.00,-999,0.00,-999,0.00,-999,0.00
2016-06-06 00:00:00,2016-06-06 10:00:00,-0.033,1.00,-0.105,1.00,0.012,1.00,0.091,1.00,0.089,1.00,0.204,1.00,1.433e+07,1.00,3.02,1.00,15.0,1.00,212.2,1.00,-999,0.00,-999,0.00,-999,0.00,-999,0.00,-999,0.00,-999,0.00,-999,0.00,-999,0.00,-999,0.00,-999,0.00,-999,0.00,-999,0.00,-999,0.00
2016-06-13 00:00:00,2016-06-13 10:00:00,0.082,1.00,0.070,1.00,-0.006,1.00,0.088,1.00,0.125,1.00,0.182,1.00,5.417e+06,1.00,1.79,1.00,13.4,1.00,207.4,1.00,-999,0.00,-999,0.00,-999,0.00,-999,0.00,-999,0.00,-999,0.00,-999,0.00,-999,0.00,-999,0.00,-999,0.00,-999,0.00,-999,0.00,-999,0.00
2016-06-20 00:00:00,2016-06-20 10:00:00,0.001,1.00,-0.030,1.00,0.007,1.00,0.093,1.00,0.056,1.00,0.151,1.00,7.019e+06,1.00,2.14,1.00,14.5,1.00,214.8,1.00,-999,0.00,-999,0.00,-999,0.00,-999,0.00,-999,0.00,-999,0.00,-999,0.00,-999,0.00,-999,0.00,-999,0.00,-999,0.00,-999,0.00,-999,0.00
2016-06-27 00:00:00,2016-06-27 10:00:00,0.128,1.00,0.140,1.00,-0.016,1.00,0.041,1.00,0.147,1.00,0.188,1.00,2.715e+06,1.00,1.38,1.00,13.1,1.00,216.1,1.00,-999,0.00,-999,0.00,-999,0.00,-999,0.00,-999,0.00,-999,0.00,-999,0.00,-999,0.00,-999,0.00,-999,0.00,-999,0.00,-999,0.00,-999,0.00
2016-07-04 00:00:00,2016-07-04 10:00:00,-0.009,1.00,-0.072,1.00,0.002,1.00,0.087,1.00,0.088,1.00,0.179,1.00,6.493e+06,1.00,2.06,1.00,13.7,1.00,215.4,1.00,-999,0.00,-999,0.00,-999,0.00,-999,0.00,-999,0.00,-999,0.00,-999,0.00,-999,0.00,-999,0.00,-999,0.00,-999,0.00,-999,0.00,-999,0.00
2016-07-11 00:00:00,2016-07-11 10:00:00,0.063,0.99,0.082,0.99,-0.006,0.99,0.071,0.99,0.082,0.99,0.140,0.99,3.480e+06,0.98,1.55,0.98,14.1,0.98,214.8,0.98,-999,0.00,-999,0.00,-999,0.00,-999,0.00,-999,0.00,-999,0.00,-999,0.00,-999,0.00,-999,0.00,-999,0.00,-999,0.00,-999,0.00,-999,0.00
2016-07-18 00:00:00,2016-07-18 10:00:00,0.030,0.99,0.004,0.99,0.000,0.99,0.060,0.99,0.062,0.99,0.109,0.99,2.965e+06,0.95,1.48,0.95,13.1,0.95,221.4,0.95,-999,0.00,-999,0.00,-999,0.00,-999,0.00,-999,0.00,-999,0.00,-999,0.00,-999,0.00,-999,0.00,-999,0.00,-999,0.00,-999,0.00,-999,0.00
2016-07-25 00:00:00,2016-07-25 10:00:00,-0.013,1.00,-0.061,0.36,0.005,1.00,0.060,0.36,0.053,1.00,0.115,0.36,3.911e+06,0.98,1.61,0.98,14.0,0.98,213.0,0.98,4.079e+06,0.62,1.70,0.62,13.1,0.62,10.500,0.62,-999,0.00,-999,0.00,26.87,0.21,-999,0.00,-999,0.00,-999,0.00,-999,0.00,-999,0.00,-999,0.00
2016-08-01 00:00:00,2016-08-01 10:00:00,-0.003,1.00,-999,0.00,0.001,1.00,-999,0.00,0.057,1.00,-999,0.00,2.761e+06,1.00,1.43,1.00,12.5,1.00,215.1,1.00,3.006e+06,1.00,1.50,1.00,12.2,1.00,10.503,1.00,-999,0.00,-999,0.00,26.85,1.00,-999,0.00,-999,0.00,-999,0.00,-999,0.00,-999,0.00,-999,0.00
2016-08-08 00:00:00,2016-08-08 10:00:00,0.024,1.00,-999,0.00,-0.000,1.00,-999,0.00,0.045,1.00,-999,0.00,2.357e+06,1.00,1.32,1.00,13.2,1.00,210.2,1.00,2.436e+06,1.00,1.38,1.00,12.5,1.00,10.519,1.00,-999,0.00,-999,0.00,26.95,1.00,-999,0.00,-999,0.00,-999,0.00,-999,0.00,-999,0.00,-999,0.00
2016-08-15 00:00:00,2016-08-15 10:00:00,0.010,1.00,-999,0.00,0.000,1.00,-999,0.00,0.051,1.00,-999,0.00,1.517e+06,1.00,1.08,1.00,13.1,1.00,204.6,1.00,1.484e+06,1.00,1.11,1.00,12.1,1.00,10.538,1.00,-999,0.00,-999,0.00,26.88,1.00,-999,0.00,-999,0.00,-999,0.00,-999,0.00,-999,0.00,-999,0.00
2016-08-22 00:00:00,2016-08-22 10:00:00,0.007,1.00,-999,0.00,-0.000,1.00,-999,0.00,0.069,1.00,-999,0.00,1.953e+06,1.00,1.27,1.00,12.0,1.00,206.8,1.00,1.899e+06,1.00,1.29,1.00,11.2,1.00,10.511,1.00,-999,0.00,-999,0.00,26.75,1.00,-999,0.00,-999,0.00,-999,0.00,-999,0.00,-999,0.00,-999,0.00
2016-08-29 00:00:00,2016-08-29 10:00:00,0.028,1.00,-999,0.00,0.001,1.00,-999,0.00,0.062,1.00,-999,0.00,3.206e+06,1.00,1.41,1.00,14.4,1.00,212.4,1.00,3.598e+06,1.00,1.50,1.00,13.4,1.00,10.517,1.00,-999,0.00,-999,0.00,26.86,1.00,-999,0.00,-999,0.00,-999,0.00,-999,0.00,-999,0.00,-999,0.00
2016-09-05 00:00:00,2016-09-05 10:00:00,0.056,1.00,-999,0.00,-0.000,1.00,-999,0.00,0.074,1.00,-999,0.00,2.312e+06,1.00,1.20,1.00,14.2,1.00,215.9,1.00,2.375e+06,1.00,1.23,1.00,13.1,1.00,10.528,1.00,-999,0.00,-999,0.00,26.86,1.00,-999,0.00,-999,0.00,-999,0.00,-999,0.00,-999,0.00,-999,0.00
2016-09-12 00:00:00,2016-09-12 10:00:00,0.093,1.00,-999,0.00,-0.000,1.00,-999,0.00,0.096,1.00,-999,0.00,3.584e+06,1.00,1.49,1.00,14.9,1.00,214.0,1.00,3.754e+06,1.00,1.54,1.00,13.8,1.00,10.534,1.00,-999,0.00,-999,0.00,26.96,1.00,-999,0.00,-999,0.00,-999,0.00,-999,0.00,-999,0.00,-999,0.00
2016-09-19 00:00:00,2016-09-19 10:00:00,0.112,1.00,-999,0.00,-0.004,1.00,-999,0.00,0.119,1.00,-999,0.00,1.684e+06,1.00,1.04,1.00,13.8,1.00,209.3,1.00,2.065e+06,1.00,1.16,1.00,13.6,1.00,10.541,1.00,-999,0.00,-999,0.00,27.12,1.00,-999,0.00,-999,0.00,-999,0.00,-999,0.00,-999,0.00,-999,0.00
2016-09-26 00:00:00,2016-09-26 10:00:00,0.090,1.00,-999,0.00,-0.005,1.00,-999,0.00,0.105,1.00,-999,0.00,1.435e+06,1.00,0.98,1.00,13.7,1.00,208.4,1.00,1.474e+06,1.00,1.03,1.00,12.9,1.00,10.549,1.00,-999,0.00,-999,0.00,27.26,1.00,-999,0.00,-999,0.00,-999,0.00,-999,0.00,-999,0.00,-999,0.00
2016-10-03 00:00:00,2016-10-03 10:00:00,0.016,1.00,-999,0.00,-0.004,1.00,-999,0.00,0.050,1.00,-999,0.00,1.426e+06,1.00,1.02,1.00,12.6,1.00,205.4,1.00,1.408e+06,1.00,1.06,1.00,11.8,1.00,10.541,1.00,-999,0.00,-999,0.00,27.40,1.00,-999,0.00,-999,0.00,-999,0.00,-999,0.00,-999,0.00,-999,0.00
2016-10-10 00:00:00,2016-10-10 10:00:00,0.013,1.00,-999,0.00,-0.003,1.00,-999,0.00,0.053,1.00,-999,0.00,1.920e+06,1.00,1.17,1.00,13.3,1.00,216.6,1.00,1.938e+06,1.00,1.23,1.00,12.0,1.00,10.589,1.00,-999,0.00,-999,0.00,27.68,1.00,-999,0.00,-999,0.00,-999,0.00,-999,0.00,-999,0.00,-999,0.00
2016-10-17 00:00:00,2016-10-17 10:00:00,0.075,1.00,-999,0.00,-0.004,1.00,-999,0.00,0.086,1.00,-999,0.00,2.466e+06,1.00,1.30,1.00,12.2,1.00,213.4,1.00,2.554e+06,1.00,1.37,1.00,11.5,1.00,10.571,1.00,-999,0.00,-999,0.00,27.73,1.00,-999,0.00,-999,0.00,-999,0.00,-999,0.00,-999,0.00,-999,0.00
2016-10-24 00:00:00,2016-10-24 10:00:00,0.089,1.00,-999,0.00,-0.002,1.00,-999,0.00,0.101,1.00,-999,0.00,1.588e+06,1.00,1.13,1.00,11.7,1.00,210.8,1.00,1.416e+06,1.00,1.11,1.00,10.7,1.00,10.569,1.00,-999,0.00,-999,0.00,27.87,1.00,-999,0.00,-999,0.00,-999,0.00,-999,0.00,-999,0.00,-999,0.00
2016-10-31 00:00:00,2016-10-31 10:00:00,0.089,1.00,-999,0.00,-0.006,1.00,-999,0.00,0.098,1.00,-999,0.00,1.072e+06,1.00,0.92,1.00,12.6,1.00,210.6,1.00,1.022e+06,1.00,0.94,1.00,11.4,1.00,10.543,1.00,-999,0.00,-999,0.00,27.98,1.00,-999,0.00,-999,0.00,-999,0.00,-999,0.00,-999,0.00,-999,0.00
2016-11-07 00:00:00,2016-11-07 10:00:00,0.029,1.00,-999,0.00,-0.005,1.00,-999,0.00,0.067,1.00,-999,0.00,8.406e+05,1.00,0.80,1.00,12.6,1.00,217.6,1.00,8.559e+05,1.00,0.83,1.00,11.8,1.00,10.571,1.00,-999,0.00,-999,0.00,28.23,1.00,-999,0.00,-999,0.00,-999,0.00,-999,0.00,-999,0.00,-999,0.00
2016-11-14 00:00:00,2016-11-14 10:00:00,0.075,1.00,-999,0.00,-0.003,1.00,-999,0.00,0.111,1.00,-999,0.00,1.018e+06,1.00,1.07,1.00,8.7,1.00,183.9,1.00,8.298e+05,1.00,0.95,1.00,8.8,1.00,10.577,1.00,-999,0.00,-999,0.00,28.12,1.00,-999,0.00,-999,0.00,-999,0.00,-999,0.00,-999,0.00,-999,0.00
2016-11-21 00:00:00,2016-11-21 10:00:00,0.039,1.00,-999,0.00,0.002,1.00,-999,0.00,0.073,1.00,-999,0.00,4.171e+06,1.00,1.58,1.00,14.9,1.00,216.9,1.00,4.311e+06,1.00,1.65,1.00,13.8,1.00,10.558,1.00,-999,0.00,-999,0.00,28.08,1.00,-999,0.00,-999,0.00,-999,0.00,-999,0.00,-999,0.00,-999,0.00
2016-11-28 00:00:00,2016-11-28 10:00:00,0.059,1.00,-999,0.00,-0.004,1.00,-999,0.00,0.085,1.00,-999,0.00,1.313e+06,0.98,0.92,0.98,13.4,0.98,217.3,0.98,1.394e+06,1.00,0.97,1.00,12.6,1.00,10.570,1.00,-999,0.00,-999,0.00,28.26,1.00,-999,0.00,-999,0.00,-999,0.00,-999,0.00,-999,0.00,-999,0.00
2016-12-05 00:00:00,2016-12-05 10:00:00,0.023,1.00,-999,0.00,-0.009,1.00,-999,0.00,0.068,1.00,-999,0.00,7.549e+05,1.00,0.78,1.00,12.0,1.00,211.0,1.00,7.841e+05,1.00,0.83,1.00,11.1,1.00,10.571,1.00,-999,0.00,-999,0.00,28.54,1.00,-999,0.00,-999,0.00,-999,0.00,-999,0.00,-999,0.00,-999,0.00
2016-12-12 00:00:00,2016-12-12 10:00:00,0.046,1.00,-999,0.00,-0.007,1.00,-999,0.00,0.097,1.00,-999,0.00,6.222e+05,1.00,0.72,1.00,11.8,1.00,221.1,1.00,6.575e+05,1.00,0.74,1.00,11.3,1.00,10.551,1.00,-999,0.00,-999,0.00,28.96,1.00,-999,0.00,-999,0.00,-999,0.00,-999,0.00,-999,0.00,-999,0.00
2016-12-19 00:00:00,2016-12-19 10:00:00,0.007,1.00,-999,0.00,-0.001,1.00,-999,0.00,0.083,1.00,-999,0.00,2.839e+06,1.00,1.41,1.00,13.5,1.00,214.5,1.00,2.442e+06,1.00,1.38,1.00,11.4,1.00,10.544,1.00,-999,0.00,-999,0.00,28.64,1.00,-999,0.00,-999,0.00,-999,0.00,-999,0.00,-999,0.00,-999,0.00
2016-12-26 00:00:00,2016-12-26 10:00:00,0.018,1.00,-999,0.00,-0.002,1.00,-999,0.00,0.074,1.00,-999,0.00,1.615e+06,1.02,0.95,1.02,13.2,1.02,217.8,1.02,1.832e+06,1.00,1.00,1.00,12.7,1.00,10.512,1.00,-999,0.00,-999,0.00,28.63,1.00,-999,0.00,-999,0.00,-999,0.00,-999,0.00,-999,0.00,-999,0.00
2017-01-02 00:00:00,2017-01-02 10:00:00,0.010,0.92,-999,0.00,-0.008,0.92,-999,0.00,0.077,0.92,-999,0.00,1.471e+06,0.89,0.96,0.89,12.8,0.89,212.7,0.89,1.640e+06,0.94,1.03,0.94,12.4,0.94,10.549,0.94,-999,0.00,-999,0.00,29.07,1.00,29.58,0.08,35.8886,0.08,22.5620,0.08,29.37,0.08,35.8915,0.08,22.6684,0.08
2017-01-09 00:00:00,2017-01-09 10:00:00,-999,0.00,-999,0.00,-999,0.00,-999,0.00,-999,0.00,-999,0.00,-999,0.00,-999,0.00,-999,0.00,-999,0.00,7.485e+05,1.00,0.80,1.00,10.8,1.00,10.556,1.00,-999,0.00,-999,0.00,29.10,1.00,29.32,1.00,35.8175,1.00,22.5945,1.00,29.14,1.00,35.8700,1.00,22.7279,1.00
2017-01-16 00:00:00,2017-01-16 10:00:00,-999,0.00,-999,0.00,-999,0.00,-999,0.00,-999,0.00,-999,0.00,-999,0.00,-999,0.00,-999,0.00,-999,0.00,1.164e+06,1.00,1.04,1.00,10.1,1.00,10.589,1.00,-999,0.00,-999,0.00,28.78,1.00,28.77,1.00,35.7187,1.00,22.7073,1.00,28.78,1.00,35.7905,1.00,22.7886,1.00
2017-01-23 00:00:00,2017-01-23 10:00:00,-999,0.00,-999,0.00,-999,0.00,-999,0.00,-999,0.00,-999,0.00,-999,0.00,-999,0.00,-999,0.00,-999,0.00,5.454e+05,1.00,0.65,1.00,12.1,1.00,10.512,1.00,-999,0.00,-999,0.00,28.51,1.00,28.58,1.00,35.7887,1.00,22.8223,1.00,28.52,1.00,35.8069,1.00,22.8876,1.00
2017-01-30 00:00:00,2017-01-30 10:00:00,-999,0.00,-999,0.00,-999,0.00,-999,0.00,-999,0.00,-999,0.00,-999,0.00,-999,0.00,-999,0.00,-999,0.00,1.029e+06,1.00,0.95,1.00,11.2,1.00,10.533,1.00,-999,0.00,-999,0.00,28.76,1.00,28.88,1.00,35.8124,1.00,22.7410,1.00,28.78,1.00,35.8250,1.00,22.8178,1.00
2017-02-06 00:00:00,2017-02-06 10:00:00,-999,0.00,-999,0.00,-999,0.00,-999,0.00,-999,0.00,-999,0.00,-999,0.00,-999,0.00,-999,0.00,-999,0.00,5.092e+05,1.00,0.65,1.00,11.9,1.00,10.517,1.00,-999,0.00,-999,0.00,28.91,1.00,28.99,1.00,35.8378,1.00,22.7211,1.00,28.92,1.00,35.8517,1.00,22.7893,1.00
2017-02-13 00:00:00,2017-02-13 10:00:00,-999,0.00,-999,0.00,-999,0.00,-999,0.00,-999,0.00,-999,0.00,-999,0.00,-999,0.00,-999,0.00,-999,0.00,9.990e+05,1.00,0.99,1.00,9.9,1.00,10.545,1.00,-999,0.00,-999,0.00,28.84,1.00,28.91,1.00,35.8885,1.00,22.7886,1.00,28.86,1.00,35.9057,1.00,22.8502,1.00
2017-02-20 00:00:00,2017-02-20 10:00:00,-999,0.00,-999,0.00,-999,0.00,-999,0.00,-999,0.00,-999,0.00,-999,0.00,-999,0.00,-999,0.00,-999,0.00,1.593e+06,1.00,1.17,1.00,11.5,1.00,10.475,1.00,-999,0.00,-999,0.00,28.77,1.00,28.93,1.00,35.6349,1.00,22.5910,1.00,28.81,1.00,35.7585,1.00,22.7563,1.00
2017-02-27 00:00:00,2017-02-27 10:00:00,-999,0.00,-999,0.00,-999,0.00,-999,0.00,-999,0.00,-999,0.00,-999,0.00,-999,0.00,-999,0.00,-999,0.00,1.457e+06,1.00,1.08,1.00,11.9,1.00,10.522,1.00,-999,0.00,-999,0.00,29.20,1.00,29.26,1.00,35.8291,1.00,22.6260,1.00,29.21,1.00,35.8349,1.00,22.6790,1.00
2017-03-06 00:00:00,2017-03-06 10:00:00,-999,0.00,-999,0.00,-999,0.00,-999,0.00,-999,0.00,-999,0.00,-999,0.00,-999,0.00,-999,0.00,-999,0.00,2.455e+06,1.00,1.26,1.00,13.1,1.00,10.524,1.00,-999,0.00,-999,0.00,29.25,1.00,29.29,1.00,35.8156,1.00,22.6047,1.00,29.25,1.00,35.8169,1.00,22.6518,1.00
2017-03-13 00:00:00,2017-03-13 10:00:00,-999,0.00,-999,0.00,-999,0.00,-999,0.00,-999,0.00,-999,0.00,-999,0.00,-999,0.00,-999,0.00,-999,0.00,9.091e+05,1.00,0.82,1.00,12.3,1.00,10.518,1.00,-999,0.00,-999,0.00,29.29,1.00,29.35,1.00,35.8238,1.00,22.5916,1.00,29.30,1.00,35.8617,1.00,22.6698,1.00
2017-03-20 00:00:00,2017-03-20 10:00:00,-999,0.00,-999,0.00,-999,0.00,-999,0.00,-999,0.00,-999,0.00,-999,0.00,-999,0.00,-999,0.00,-999,0.00,2.650e+06,1.00,1.38,1.00,13.1,1.00,10.511,1.00,-999,0.00,-999,0.00,29.23,1.00,29.27,1.00,35.8513,1.00,22.6383,1.00,29.24,1.00,35.8460,1.00,22.6789,1.00
2017-03-27 00:00:00,2017-03-27 10:00:00,-999,0.00,-999,0.00,-999,0.00,-999,0.00,-999,0.00,-999,0.00,-999,0.00,-999,0.00,-999,0.00,-999,0.00,3.312e+06,1.00,1.55,1.00,12.9,1.00,10.561,1.00,-999,0.00,-999,0.00,29.12,1.00,29.13,1.00,35.8330,1.00,22.6729,1.00,29.12,1.00,35.8393,1.00,22.7133,1.00
2017-04-03 00:00:00,2017-04-03 10:00:00,-999,0.00,-999,0.00,-999,0.00,-999,0.00,-999,0.00,-999,0.00,-999,0.00,-999,0.00,-999,0.00,-999,0.00,2.874e+06,1.00,1.45,1.00,13.1,1.00,10.562,1.00,-999,0.00,-999,0.00,28.98,1.00,29.01,1.00,35.7719,1.00,22.6650,1.00,28.99,1.00,35.7734,1.00,22.7083,1.00
2017-04-10 00:00:00,2017-04-10 10:00:00,-999,0.00,-999,0.00,-999,0.00,-999,0.00,-999,0.00,-999,0.00,-999,0.00,-999,0.00,-999,0.00,-999,0.00,3.738e+06,1.00,1.58,1.00,13.4,1.00,10.572,1.00,-999,0.00,-999,0.00,29.02,1.00,29.05,1.00,35.7935,1.00,22.6684,1.00,29.03,1.00,35.7917,1.00,22.7081,1.00
2017-04-17 00:00:00,2017-04-17 10:00:00,-999,0.00,-999,0.00,-999,0.00,-999,0.00,-999,0.00,-999,0.00,-999,0.00,-999,0.00,-999,0.00,-999,0.00,2.513e+06,1.00,1.35,1.00,12.4,1.00,10.540,1.00,-999,0.00,-999,0.00,28.85,1.00,28.87,1.00,35.8181,1.00,22.7479,1.00,28.85,1.00,35.8163,1.00,22.7851,1.00
2017-04-24 00:00:00,2017-04-24 10:00:00,-999,0.00,-999,0.00,-999,0.00,-999,0.00,-999,0.00,-999,0.00,-999,0.00,-999,0.00,-999,0.00,-999,0.00,4.966e+06,1.00,1.78,1.00,13.8,1.00,10.558,1.00,-999,0.00,-999,0.00,28.67,1.00,28.69,1.00,35.8550,1.00,22.8346,1.00,28.68,1.00,35.8567,1.00,22.8749,1.00
2017-05-01 00:00:00,2017-05-01 10:00:00,-999,0.00,-999,0.00,-999,0.00,-999,0.00,-999,0.00,-999,0.00,-999,0.00,-999,0.00,-999,0.00,-999,0.00,1.855e+06,1.00,1.13,1.00,12.7,1.00,10.561,1.00,-999,0.00,-999,0.00,28.68,1.00,28.71,1.00,35.8818,1.00,22.8482,1.00,28.68,1.00,35.8855,1.00,22.8946,1.00
2017-05-08 00:00:00,2017-05-08 10:00:00,-999,0.00,-999,0.00,-999,0.00,-999,0.00,-999,0.00,-999,0.00,-999,0.00,-999,0.00,-999,0.00,-999,0.00,4.014e+06,1.00,1.82,1.00,11.9,1.00,10.521,1.00,-999,0.00,-999,0.00,28.45,1.00,28.44,1.00,35.8619,1.00,22.9234,1.00,28.45,1.00,35.8744,1.00,22.9644,1.00
2017-05-15 00:00:00,2017-05-15 10:00:00,-999,0.00,-999,0.00,-999,0.00,-999,0.00,-999,0.00,-999,0.00,-999,0.00,-999,0.00,-999,0.00,-999,0.00,3.291e+06,1.00,1.58,1.00,12.1,1.00,10.509,1.00,-999,0.00,-999,0.00,28.35,1.00,28.36,1.00,35.9417,1.00,23.0086,1.00,28.35,1.00,35.9471,1.00,23.0494,1.00
2017-05-22 00:00:00,2017-05-22 10:00:00,-999,0.00,-999,0.00,-999,0.00,-999,0.00,-999,0.00,-999,0.00,-999,0.00,-999,0.00,-999,0.00,-999,0.00,5.018e+06,1.00,1.85,1.00,12.7,1.00,10.493,1.00,-999,0.00,-999,0.00,28.22,1.00,28.22,1.00,35.9406,1.00,23.0541,1.00,28.22,1.00,35.9427,1.00,23.0914,1.00
2017-05-29 00:00:00,2017-05-29 10:00:00,-999,0.00,-999,0.00,-999,0.00,-999,0.00,-999,0.00,-999,0.00,-999,0.00,-999,0.00,-999,0.00,-999,0.00,2.181e+06,1.00,1.22,1.00,12.8,1.00,10.496,1.00,-999,0.00,-999,0.00,27.97,1.00,27.98,1.00,35.9213,1.00,23.1196,1.00,27.97,1.00,35.9240,1.00,23.1593,1.00
2017-06-05 00:00:00,2017-06-05 10:00:00,-999,0.00,-999,0.00,-999,0.00,-999,0.00,-999,0.00,-999,0.00,-999,0.00,-999,0.00,-999,0.00,-999,0.00,1.496e+06,1.00,1.05,1.00,12.7,1.00,10.507,1.00,-999,0.00,-999,0.00,27.81,1.00,27.83,1.00,35.8580,1.00,23.1202,1.00,27.81,1.00,35.8614,1.00,23.1618,1.00
2017-06-12 00:00:00,2017-06-12 10:00:00,-999,0.00,-999,0.00,-999,0.00,-999,0.00,-999,0.00,-999,0.00,-999,0.00,-999,0.00,-999,0.00,-999,0.00,5.359e+06,1.00,1.88,1.00,13.7,1.00,10.483,1.00,-999,0.00,-999,0.00,27.88,1.00,27.89,1.00,35.8769,1.00,23.1169,1.00,27.88,1.00,35.8812,1.00,23.1558,1.00
2017-06-19 00:00:00,2017-06-19 10:00:00,-999,0.00,-999,0.00,-999,0.00,-999,0.00,-999,0.00,-999,0.00,-999,0.00,-999,0.00,-999,0.00,-999,0.00,5.759e+06,1.00,2.07,1.00,12.5,1.00,10.482,1.00,-999,0.00,-999,0.00,27.86,1.00,27.87,1.00,35.9911,1.00,23.2090,1.00,27.86,1.00,35.9949,1.00,23.2475,1.00
2017-06-26 00:00:00,2017-06-26 10:00:00,-999,0.00,-999,0.00,-999,0.00,-999,0.00,-999,0.00,-999,0.00,-999,0.00,-999,0.00,-999,0.00,-999,0.00,1.845e+06,1.00,1.19,1.00,12.3,1.00,10.504,1.00,-999,0.00,-999,0.00,27.65,1.00,27.66,1.00,35.9863,1.00,23.2720,1.00,27.66,1.00,35.9910,1.00,23.3115,1.00
2017-07-03 00:00:00,2017-07-03 10:00:00,-999,0.00,-999,0.00,-999,0.00,-999,0.00,-999,0.00,-999,0.00,-999,0.00,-999,0.00,-999,0.00,-999,0.00,2.269e+06,1.00,1.30,1.00,11.9,1.00,10.493,1.00,-999,0.00,-999,0.00,27.58,1.00,27.58,1.00,36.0329,1.00,23.3329,1.00,27.58,1.00,36.0383,1.00,23.3721,1.00
2017-07-10 00:00:00,2017-07-10 10:00:00,-999,0.00,-999,0.00,-999,0.00,-999,0.00,-999,0.00,-999,0.00,-999,0.00,-999,0.00,-999,0.00,-999,0.00,2.926e+06,1.00,1.36,1.00,12.2,1.00,10.521,1.00,-999,0.00,-999,0.00,27.63,1.00,27.66,1.00,36.0628,1.00,23.3320,1.00,27.63,1.00,36.0680,1.00,23.3769,1.00
2017-07-17 00:00:00,2017-07-17 10:00:00,-999,0.00,-999,0.00,-999,0.00,-999,0.00,-999,0.00,-999,0.00,-999,0.00,-999,0.00,-999,0.00,-999,0.00,2.188e+06,0.90,1.37,0.90,11.1,0.90,10.507,0.91,27.47,0.82,-999,0.00,27.60,0.05,27.63,0.06,36.0336,0.06,23.3199,0.06,27.49,1.00,35.9001,1.00,23.2985,1.00
2017-07-24 00:00:00,2017-07-24 10:00:00,-999,0.00,-999,0.00,-999,0.00,-999,0.00,-999,0.00,-999,0.00,-999,0.00,-999,0.00,-999,0.00,-999,0.00,1.597e+06,1.00,1.11,1.00,12.2,1.00,10.510,1.00,27.43,1.00,-999,0.00,27.38,0.76,-999,0.00,-999,0.00,-999,0.00,27.43,1.00,36.1003,1.00,23.4693,1.00
2017-07-31 00:00:00,2017-07-31 10:00:00,0.019,0.08,-999,0.00,0.007,0.08,-999,0.00,0.037,0.08,-999,0.00,3.148e+06,0.05,1.58,0.05,12.2,0.05,218.7,0.05,1.408e+06,1.00,1.04,1.00,12.2,1.00,10.510,1.00,27.56,1.00,-999,0.00,27.53,1.00,-999,0.00,-999,0.00,-999,0.00,27.55,1.00,36.1873,1.00,23.4928,1.00
2017-08-07 00:00:00,2017-08-07 10:00:00,-0.022,1.00,-999,0.00,0.003,1.00,-999,0.00,0.061,1.00,-999,0.00,3.838e+06,1.00,1.74,1.00,12.7,1.00,211.8,1.00,3.302e+06,1.00,1.69,1.00,11.6,1.00,10.487,1.00,27.26,1.00,-999,0.00,27.29,1.00,-999,0.00,-999,0.00,-999,0.00,27.26,1.00,36.1758,1.00,23.5788,1.00
2017-08-14 00:00:00,2017-08-14 10:00:00,0.025,1.00,-999,0.00,-0.006,1.00,-999,0.00,0.099,1.00,-999,0.00,2.220e+06,1.00,1.44,1.00,10.2,1.00,195.0,1.00,1.762e+06,1.00,1.30,1.00,9.7,1.00,10.479,1.00,26.87,1.00,-999,0.00,26.92,1.00,-999,0.00,-999,0.00,-999,0.00,26.87,1.00,36.1460,1.00,23.6819,1.00
2017-08-21 00:00:00,2017-08-21 10:00:00,0.119,1.00,-999,0.00,-0.006,1.00,-999,0.00,0.132,1.00,-999,0.00,2.462e+06,1.00,1.25,1.00,12.3,1.00,211.2,1.00,2.538e+06,1.00,1.26,1.00,11.7,1.00,10.491,1.00,26.63,1.00,-999,0.00,26.71,1.00,-999,0.00,-999,0.00,-999,0.00,26.63,1.00,36.1247,1.00,23.7424,1.00
2017-08-28 00:00:00,2017-08-28 10:00:00,-0.028,1.00,-999,0.00,0.005,1.00,-999,0.00,0.069,1.00,-999,0.00,5.725e+06,1.00,1.99,1.00,13.5,1.00,207.9,1.00,4.270e+06,1.00,1.87,1.00,11.2,1.00,10.457,1.00,26.39,1.00,-999,0.00,26.51,1.00,-999,0.00,-999,0.00,-999,0.00,26.39,1.00,36.1679,1.00,23.8527,1.00
2017-09-04 00:00:00,2017-09-04 10:00:00,0.034,1.00,-999,0.00,-0.003,1.00,-999,0.00,0.062,1.00,-999,0.00,1.070e+06,1.00,0.94,1.00,12.3,1.00,209.9,1.00,8.849e+05,1.00,0.88,1.00,11.3,1.00,10.475,1.00,26.53,1.00,-999,0.00,26.63,1.00,-999,0.00,-999,0.00,-999,0.00,26.50,1.00,36.2508,1.00,23.8784,1.00
2017-09-11 00:00:00,2017-09-11 10:00:00,-0.009,1.00,-999,0.00,-0.001,1.00,-999,0.00,0.051,1.00,-999,0.00,1.499e+06,1.00,1.07,1.00,13.1,1.00,223.4,1.00,1.303e+06,1.00,1.04,1.00,11.6,1.00,10.489,1.00,26.53,1.00,-999,0.00,26.66,1.00,-999,0.00,-999,0.00,-999,0.00,26.53,1.00,36.2741,1.00,23.8888,1.00
2017-09-18 00:00:00,2017-09-18 10:00:00,0.021,1.00,-999,0.00,-0.006,1.00,-999,0.00,0.060,1.00,-999,0.00,1.184e+06,1.00,0.91,1.00,12.5,1.00,216.2,1.00,1.063e+06,1.00,0.90,1.00,11.7,1.00,10.510,1.00,26.83,1.00,-999,0.00,26.88,1.00,-999,0.00,-999,0.00,-999,0.00,26.77,1.00,36.2625,1.00,23.8014,1.00
2017-09-25 00:00:00,2017-09-25 10:00:00,0.019,1.00,-999,0.00,-0.005,1.00,-999,0.00,0.091,1.00,-999,0.00,2.178e+06,1.00,1.46,1.00,10.2,1.00,201.8,1.00,1.078e+06,0.29,0.99,0.29,11.1,0.29,10.467,0.29,26.62,1.00,-999,0.00,26.71,1.00,-999,0.00,-999,0.00,-999,0.00,26.60,1.00,36.2895,1.00,23.8753,1.00
2017-10-02 00:00:00,2017-10-02 10:00:00,0.104,1.00,-999,0.00,-0.006,1.00,-999,0.00,0.108,1.00,-999,0.00,2.979e+06,1.00,1.45,1.00,13.4,1.00,210.7,1.00,-999,0.00,-999,0.00,-999,0.00,-999,0.00,26.48,1.00,-999,0.00,26.56,1.00,-999,0.00,-999,0.00,-999,0.00,26.46,1.00,36.3352,1.00,23.9546,1.00
2017-10-09 00:00:00,2017-10-09 10:00:00,0.071,1.00,-999,0.00,-0.005,1.00,-999,0.00,0.093,1.00,-999,0.00,5.402e+06,1.00,1.91,1.00,13.1,1.00,209.0,1.00,-999,0.00,-999,0.00,-999,0.00,-999,0.00,26.05,1.00,-999,0.00,26.13,1.00,-999,0.00,-999,0.00,-999,0.00,26.04,1.00,36.2766,1.00,24.0449,1.00
2017-10-16 00:00:00,2017-10-16 10:00:00,0.146,1.00,-999,0.00,-0.014,1.00,-999,0.00,0.148,1.00,-999,0.00,1.802e+06,1.00,1.15,1.00,12.9,1.00,212.9,1.00,-999,0.00,-999,0.00,-999,0.00,-999,0.00,26.38,1.00,-999,0.00,26.45,1.00,-999,0.00,-999,0.00,-999,0.00,26.37,1.00,36.3405,1.00,23.9890,1.00
2017-10-23 00:00:00,2017-10-23 10:00:00,0.110,1.00,-999,0.00,-0.015,1.00,-999,0.00,0.112,1.00,-999,0.00,1.444e+06,1.00,1.04,1.00,12.8,1.00,220.1,1.00,-999,0.00,-999,0.00,-999,0.00,-999,0.00,26.68,1.00,-999,0.00,26.65,1.00,-999,0.00,-999,0.00,-999,0.00,26.60,1.00,36.3461,1.00,23.9178,1.00
2017-10-30 00:00:00,2017-10-30 10:00:00,0.066,1.00,-999,0.00,-0.012,1.00,-999,0.00,0.081,1.00,-999,0.00,2.592e+06,1.00,1.42,1.00,12.4,1.00,210.6,1.00,-999,0.00,-999,0.00,-999,0.00,-999,0.00,27.29,1.00,-999,0.00,27.28,1.00,-999,0.00,-999,0.00,-999,0.00,27.22,1.00,36.3285,1.00,23.7061,1.00
2017-11-06 00:00:00,2017-11-06 10:00:00,0.013,1.00,-999,0.00,-0.009,1.00,-999,0.00,0.066,1.00,-999,0.00,2.270e+06,1.00,1.29,1.00,12.9,1.00,212.1,1.00,-999,0.00,-999,0.00,-999,0.00,-999,0.00,27.57,1.00,-999,0.00,27.59,1.00,-999,0.00,-999,0.00,-999,0.00,27.51,1.00,36.2442,1.00,23.5496,1.00
2017-11-13 00:00:00,2017-11-13 10:00:00,0.023,1.00,-999,0.00,-0.005,1.00,-999,0.00,0.064,1.00,-999,0.00,1.840e+06,1.00,1.17,1.00,13.3,1.00,217.5,1.00,-999,0.00,-999,0.00,-999,0.00,-999,0.00,27.82,1.00,-999,0.00,27.87,1.00,-999,0.00,-999,0.00,-999,0.00,27.76,1.00,36.2372,1.00,23.4618,1.00
2017-11-20 00:00:00,2017-11-20 10:00:00,0.039,1.00,-999,0.00,-0.008,1.00,-999,0.00,0.064,1.00,-999,0.00,1.155e+06,1.00,0.95,1.00,12.6,1.00,215.3,1.00,-999,0.00,-999,0.00,-999,0.00,-999,0.00,27.52,1.00,-999,0.00,27.62,1.00,-999,0.00,-999,0.00,-999,0.00,27.49,1.00,36.1390,1.00,23.4775,1.00
2017-11-27 00:00:00,2017-11-27 10:00:00,-0.003,1.00,-999,0.00,-0.004,1.00,-999,0.00,0.064,1.00,-999,0.00,2.020e+06,1.00,1.22,1.00,12.5,1.00,208.1,1.00,-999,0.00,-999,0.00,-999,0.00,-999,0.00,28.05,1.00,-999,0.00,28.13,1.00,-999,0.00,-999,0.00,-999,0.00,28.01,1.00,36.1963,1.00,23.3521,1.00
2017-12-04 00:00:00,2017-12-04 10:00:00,0.004,1.00,-999,0.00,-0.004,1.00,-999,0.00,0.098,1.00,-999,0.00,1.571e+06,1.00,1.06,1.00,12.5,1.00,213.1,1.00,-999,0.00,-999,0.00,-999,0.00,-999,0.00,28.18,1.00,-999,0.00,28.24,1.00,-999,0.00,-999,0.00,-999,0.00,28.13,1.00,36.2294,1.00,23.3366,1.00
2017-12-11 00:00:00,2017-12-11 10:00:00,0.003,1.00,-999,0.00,-0.007,1.00,-999,0.00,0.079,1.00,-999,0.00,9.483e+05,0.98,0.84,0.98,12.0,0.98,215.1,0.98,-999,0.00,-999,0.00,-999,0.00,-999,0.00,28.47,1.00,-999,0.00,28.49,1.00,-999,0.00,-999,0.00,-999,0.00,28.40,1.00,36.1953,1.00,23.2228,1.00
2017-12-18 00:00:00,2017-12-18 10:00:00,0.029,1.00,-999,0.00,-0.009,1.00,-999,0.00,0.093,1.00,-999,0.00,1.858e+06,1.00,1.14,1.00,12.4,1.00,222.5,1.00,-999,0.00,-999,0.00,-999,0.00,-999,0.00,28.62,1.00,-999,0.00,28.56,1.00,-999,0.00,-999,0.00,-999,0.00,28.49,1.00,36.0162,1.00,23.0578,1.00
2017-12-25 00:00:00,2017-12-25 10:00:00,0.037,1.00,-999,0.00,-0.010,1.00,-999,0.00,0.090,1.00,-999,0.00,1.573e+06,1.02,1.12,1.02,11.4,1.02,220.2,1.02,-999,0.00,-999,0.00,-999,0.00,-999,0.00,28.73,1.00,29.16,0.06,28.66,1.00,-999,0.00,-999,0.00,-999,0.00,28.60,1.00,36.0907,1.00,23.0752,1.00
2018-01-01 00:00:00,2018-01-01 10:00:00,0.016,1.00,-999,0.00,-0.006,1.00,-999,0.00,0.081,1.00,-999,0.00,1.011e+06,1.00,1.03,1.00,9.4,1.00,198.8,1.00,-999,0.00,-999,0.00,-999,0.00,-999,0.00,28.94,1.00,28.93,1.00,28.88,1.00,-999,0.00,-999,0.00,-999,0.00,28.91,1.00,36.0249,1.00,22.9234,1.00
2018-01-08 00:00:00,2018-01-08 10:00:00,0.048,1.00,-999,0.00,-0.010,1.00,-999,0.00,0.080,1.00,-999,0.00,1.260e+06,1.00,1.01,1.00,12.3,1.00,216.3,1.00,-999,0.00,-999,0.00,-999,0.00,-999,0.00,28.86,1.00,28.84,1.00,28.72,1.00,-999,0.00,-999,0.00,-999,0.00,28.80,1.00,35.9283,1.00,22.8880,1.00
2018-01-15 00:00:00,2018-01-15 10:00:00,0.045,1.00,0.064,0.65,-0.002,1.00,0.051,0.65,0.078,1.00,0.115,0.65,1.880e+06,0.96,1.17,0.96,13.0,0.96,214.0,0.96,1.699e+06,0.62,1.13,0.62,12.1,0.62,10.531,0.62,29.16,1.00,29.14,0.98,29.10,0.99,29.12,0.64,35.9479,0.64,22.7631,0.64,29.12,1.00,35.9120,1.00,22.7676,1.00
2018-01-22 00:00:00,2018-01-22 10:00:00,0.058,1.00,0.069,1.00,-0.002,1.00,0.037,1.00,0.067,1.00,0.102,1.00,1.518e+06,1.00,1.05,1.00,13.5,1.00,216.3,1.00,1.124e+06,1.00,0.94,1.00,12.4,1.00,10.560,1.00,28.93,1.00,28.92,1.00,28.90,1.00,28.95,1.00,35.9779,1.00,22.8431,1.00,28.91,1.00,35.9475,1.00,22.8650,1.00
2018-01-29 00:00:00,2018-01-29 10:00:00,0.017,1.00,0.014,1.00,-0.004,1.00,0.026,1.00,0.064,1.00,0.111,1.00,9.993e+05,1.00,0.93,1.00,11.7,1.00,213.8,1.00,9.836e+05,1.00,0.91,1.00,11.6,1.00,10.587,1.00,28.76,1.00,28.75,1.00,28.73,1.00,28.77,1.00,36.0468,1.00,22.9551,1.00,28.74,1.00,36.0341,1.00,22.9856,1.00
2018-02-05 00:00:00,2018-02-05 10:00:00,0.020,1.00,0.055,1.00,-0.006,1.00,0.028,1.00,0.086,1.00,0.133,1.00,1.471e+06,1.00,1.10,1.00,11.0,1.00,249.6,1.00,1.064e+06,1.00,0.95,1.00,10.6,1.00,10.559,1.00,28.40,1.00,28.40,1.00,28.40,1.00,28.40,1.00,35.8843,1.00,22.9541,1.00,28.40,1.00,35.8824,1.00,22.9847,1.00
2018-02-12 00:00:00,2018-02-12 10:00:00,0.058,1.00,0.108,1.00,-0.005,1.00,0.026,1.00,0.107,1.00,0.192,1.00,2.264e+06,1.00,1.33,1.00,11.4,1.00,221.8,1.00,1.731e+06,1.00,1.21,1.00,10.9,1.00,10.551,1.00,28.01,1.00,28.01,1.00,27.98,1.00,28.01,1.00,35.8437,1.00,23.0526,1.00,28.00,1.00,35.8387,1.00,23.0859,1.00
2018-02-19 00:00:00,2018-02-19 10:00:00,0.030,1.00,0.045,1.00,-0.007,1.00,0.019,1.00,0.104,1.00,0.163,1.00,8.359e+05,1.00,0.82,1.00,12.3,1.00,228.4,1.00,6.370e+05,1.00,0.72,1.00,12.0,1.00,10.532,1.00,28.07,1.00,28.05,1.00,28.02,1.00,28.08,1.00,35.8041,1.00,22.9983,1.00,28.03,1.00,35.7897,1.00,23.0379,1.00
2018-02-26 00:00:00,2018-02-26 10:00:00,0.082,1.00,0.098,1.00,-0.007,1.00,0.045,1.00,0.103,1.00,0.160,1.00,1.886e+06,1.00,1.19,1.00,12.8,1.00,217.3,1.00,1.957e+06,1.00,1.18,1.00,12.4,1.00,10.567,1.00,28.37,1.00,28.36,1.00,28.33,1.00,28.39,1.00,35.8148,1.00,22.9049,1.00,28.34,1.00,35.8888,1.00,23.0116,1.00
2018-03-05 00:00:00,2018-03-05 10:00:00,0.104,1.00,0.158,1.00,-0.009,1.00,0.035,1.00,0.127,1.00,0.191,1.00,1.125e+06,1.00,0.97,1.00,11.8,1.00,208.4,1.00,1.010e+06,1.00,0.93,1.00,11.5,1.00,10.579,1.00,28.53,1.00,28.51,1.00,28.47,1.00,28.55,1.00,35.9509,1.00,22.9545,1.00,28.49,1.00,35.9156,1.00,22.9822,1.00
2018-03-12 00:00:00,2018-03-12 10:00:00,0.040,1.00,0.059,1.00,-0.004,1.00,0.041,1.00,0.071,1.00,0.123,1.00,1.488e+06,1.00,1.04,1.00,13.1,1.00,217.8,1.00,1.608e+06,1.00,1.08,1.00,12.8,1.00,10.571,1.00,28.55,1.00,28.54,1.00,28.52,1.00,28.56,1.00,35.9110,1.00,22.9221,1.00,28.53,1.00,35.8766,1.00,22.9390,1.00
2018-03-19 00:00:00,2018-03-19 10:00:00,0.048,1.00,0.068,1.00,-0.007,1.00,0.045,1.00,0.079,1.00,0.128,1.00,1.663e+06,1.00,1.11,1.00,13.3,1.00,214.2,1.00,1.760e+06,1.00,1.15,1.00,12.7,1.00,10.585,1.00,28.58,1.00,28.56,1.00,28.52,1.00,28.60,1.00,35.9661,1.00,22.9505,1.00,28.53,1.00,35.9350,1.00,22.9816,1.00
2018-03-26 00:00:00,2018-03-26 10:00:00,0.078,1.00,0.111,1.00,-0.003,1.00,0.024,1.00,0.094,1.00,0.141,1.00,8.997e+05,1.00,0.85,1.00,12.1,1.00,210.6,1.00,8.828e+05,1.00,0.84,1.00,11.8,1.00,10.564,1.00,28.59,1.00,28.58,1.00,28.57,1.00,28.60,1.00,35.9524,1.00,22.9380,1.00,28.57,1.00,35.9105,1.00,22.9498,1.00
2018-04-02 00:00:00,2018-04-02 10:00:00,0.074,1.00,0.108,1.00,-0.011,1.00,0.043,1.00,0.090,1.00,0.142,1.00,1.395e+06,1.00,0.97,1.00,13.2,1.00,215.6,1.00,1.410e+06,1.00,0.99,1.00,12.5,1.00,10.544,1.00,28.81,1.00,28.79,1.00,28.74,1.00,28.83,1.00,35.9451,1.00,22.8571,1.00,28.76,1.00,35.9045,1.00,22.8817,1.00
2018-04-09 00:00:00,2018-04-09 10:00:00,0.012,1.00,0.016,1.00,-0.003,1.00,0.068,1.00,0.050,1.00,0.116,1.00,2.718e+06,1.00,1.44,1.00,12.8,1.00,215.1,1.00,2.801e+06,1.00,1.48,1.00,12.4,1.00,10.526,1.00,28.91,1.00,28.90,1.00,28.87,1.00,28.92,1.00,35.9418,1.00,22.8246,1.00,28.88,1.00,35.9095,1.00,22.8462,1.00
2018-04-16 00:00:00,2018-04-16 10:00:00,0.011,1.00,0.009,1.00,-0.005,1.00,0.044,1.00,0.081,1.00,0.145,1.00,1.715e+06,1.00,1.16,1.00,12.7,1.00,216.4,1.00,1.678e+06,1.00,1.15,1.00,12.3,1.00,10.536,1.00,28.71,1.00,28.71,1.00,28.70,1.00,28.72,1.00,35.8199,1.00,22.8012,1.00,28.70,1.00,35.7932,1.00,22.8180,1.00
2018-04-23 00:00:00,2018-04-23 10:00:00,0.006,1.00,0.007,1.00,-0.001,1.00,0.045,1.00,0.064,1.00,0.117,1.00,2.107e+06,1.00,1.23,1.00,13.3,1.00,218.4,1.00,2.103e+06,1.00,1.23,1.00,12.8,1.00,10.540,1.00,28.57,1.00,28.57,1.00,28.56,1.00,28.58,1.00,35.8309,1.00,22.8549,1.00,28.56,1.00,35.7891,1.00,22.8616,1.00
2018-04-30 00:00:00,2018-04-30 10:00:00,0.002,1.00,-0.021,1.00,-0.004,1.00,0.036,1.00,0.085,1.00,0.144,1.00,1.439e+06,1.00,1.07,1.00,12.4,1.00,216.2,1.00,1.440e+06,1.00,1.08,1.00,11.8,1.00,10.530,1.00,28.57,1.00,28.56,1.00,28.54,1.00,28.58,1.00,35.8662,1.00,22.8827,1.00,28.55,1.00,35.8279,1.00,22.8952,1.00
2018-05-07 00:00:00,2018-05-07 10:00:00,-0.006,1.00,-0.025,1.00,0.002,1.00,0.057,1.00,0.068,1.00,0.128,1.00,3.054e+06,1.00,1.36,1.00,13.9,1.00,212.6,1.00,3.131e+06,1.00,1.39,1.00,13.3,1.00,10.523,1.00,28.43,1.00,28.44,1.00,28.45,1.00,28.43,1.00,35.8597,1.00,22.9253,1.00,28.44,1.00,35.8355,1.00,22.9370,1.00
2018-05-14 00:00:00,2018-05-14 10:00:00,0.016,1.00,-0.020,1.00,0.003,1.00,0.080,1.00,0.064,1.00,0.135,1.00,3.971e+06,1.00,1.62,1.00,14.5,1.00,210.4,1.00,3.641e+06,1.00,1.59,1.00,13.3,1.00,10.530,1.00,28.42,1.00,28.42,1.00,28.42,1.00,28.42,1.00,35.9845,1.00,23.0226,1.00,28.42,1.00,35.9487,1.00,23.0291,1.00
2018-05-21 00:00:00,2018-05-21 10:00:00,-0.006,1.00,-0.029,1.00,-0.001,1.00,0.042,1.00,0.067,1.00,0.118,1.00,1.888e+06,0.98,1.10,0.98,14.4,0.98,219.2,0.98,2.009e+06,1.00,1.15,1.00,13.8,1.00,10.556,1.00,28.25,1.00,28.25,1.00,28.25,1.00,28.26,1.00,35.9526,1.00,23.0514,1.00,28.25,1.00,35.9214,1.00,23.0657,1.00
2018-05-28 00:00:00,2018-05-28 10:00:00,-0.020,1.00,-0.058,1.00,0.005,1.00,0.076,1.00,0.059,1.00,0.134,1.00,3.841e+06,1.00,1.68,1.00,13.3,1.00,217.4,1.00,3.999e+06,1.00,1.72,1.00,13.1,1.00,10.553,1.00,28.16,1.00,28.16,1.00,28.16,1.00,28.16,1.00,36.0043,1.00,23.1229,1.00,28.16,1.00,35.9706,1.00,23.1321,1.00
2018-06-04 00:00:00,2018-06-04 10:00:00,-0.029,1.00,-0.090,1.00,0.005,1.00,0.081,1.00,0.069,1.00,0.166,1.00,5.191e+06,1.00,1.76,1.00,13.4,1.00,212.2,1.00,5.925e+06,1.00,1.82,1.00,13.1,1.00,10.525,1.00,28.00,1.00,28.00,1.00,28.01,1.00,28.01,1.00,35.9959,1.00,23.1685,1.00,28.00,1.00,35.9665,1.00,23.1803,1.00
2018-06-11 00:00:00,2018-06-11 10:00:00,0.010,1.00,-0.047,1.00,0.002,1.00,0.074,1.00,0.082,1.00,0.159,1.00,5.919e+06,1.00,1.94,1.00,11.7,1.00,200.5,1.00,5.292e+06,1.00,1.82,1.00,11.2,1.00,10.529,1.00,27.59,1.00,27.59,1.00,27.60,1.00,27.59,1.00,35.9876,1.00,23.2967,1.00,27.59,1.00,35.9607,1.00,23.3096,1.00
2018-06-18 00:00:00,2018-06-18 10:00:00,0.059,1.00,0.053,1.00,-0.001,1.00,0.057,1.00,0.093,1.00,0.146,1.00,2.784e+06,1.00,1.35,1.00,12.5,1.00,203.1,1.00,2.929e+06,1.00,1.28,1.00,12.8,1.00,10.501,1.00,27.53,1.00,27.53,1.00,27.53,1.00,27.53,1.00,36.0497,1.00,23.3625,1.00,27.53,1.00,36.0191,1.00,23.3742,1.00
2018-06-25 00:00:00,2018-06-25 10:00:00,0.011,1.00,-0.003,1.00,0.003,1.00,0.082,1.00,0.052,1.00,0.118,1.00,3.829e+06,1.00,1.55,1.00,13.9,1.00,217.6,1.00,3.916e+06,1.00,1.61,1.00,12.9,1.00,10.506,1.00,27.46,1.00,27.46,1.00,27.46,1.00,27.47,1.00,36.0909,1.00,23.4149,1.00,27.46,1.00,36.0606,1.00,23.4291,1.00
2018-07-02 00:00:00,2018-07-02 10:00:00,-0.028,0.99,-0.122,0.63,0.008,0.99,0.095,0.63,0.052,0.99,0.171,0.63,5.682e+06,0.96,1.92,0.96,13.1,0.96,213.9,0.96,5.914e+06,0.87,2.06,0.87,12.3,0.87,10.506,0.87,27.39,0.96,27.39,0.98,27.40,0.99,27.39,1.00,36.1708,1.00,23.5018,1.00,27.39,1.00,36.1638,1.00,23.5275,1.00
2018-07-09 00:00:00,2018-07-09 10:00:00,-0.003,1.00,-999,0.00,0.002,1.00,-999,0.00,0.063,1.00,-999,0.00,3.359e+06,1.00,1.52,1.00,12.7,1.00,211.4,1.00,3.626e+06,1.00,1.65,1.00,11.8,1.00,10.458,1.00,27.21,1.00,27.20,1.00,27.20,1.00,27.21,1.00,36.2419,1.00,23.6124,1.00,27.20,1.00,36.2394,1.00,23.6461,1.00
2018-07-16 00:00:00,2018-07-16 10:00:00,-0.021,0.64,-999,0.00,0.011,0.64,-999,0.00,0.058,0.64,-999,0.00,6.800e+06,0.62,2.01,0.62,15.6,0.62,200.1,0.62,4.992e+06,1.00,1.70,1.00,14.0,1.00,10.448,1.00,27.07,1.00,27.07,1.00,27.07,1.00,27.07,1.00,36.2799,1.00,23.6855,1.00,27.07,1.00,36.2714,1.00,23.7129,1.00
2018-07-23 00:00:00,2018-07-23 10:00:00,-999,0.00,-999,0.00,-999,0.00,-999,0.00,-999,0.00,-999,0.00,-999,0.00,-999,0.00,-999,0.00,-999,0.00,2.158e+06,1.00,1.18,1.00,12.9,1.00,10.437,1.00,27.06,1.00,27.05,1.00,27.04,1.00,27.07,1.00,36.2654,1.00,23.6741,1.00,27.04,1.00,36.2620,1.00,23.7142,1.00
2018-07-30 00:00:00,2018-07-30 10:00:00,-999,0.00,-999,0.00,-999,0.00,-999,0.00,-999,0.00,-999,0.00,-999,0.00,-999,0.00,-999,0.00,-999,0.00,4.412e+06,1.00,1.74,1.00,12.2,1.00,10.476,1.00,27.06,1.00,27.06,1.00,27.06,1.00,27.06,1.00,36.2580,1.00,23.6721,1.00,27.06,1.00,36.2559,1.00,23.7058,1.00
2018-08-06 00:00:00,2018-08-06 10:00:00,-999,0.00,-999,0.00,-999,0.00,-999,0.00,-999,0.00,-999,0.00,-999,0.00,-999,0.00,-999,0.00,-999,0.00,2.910e+06,1.00,1.39,1.00,11.7,1.00,10.486,1.00,26.98,1.00,26.98,1.00,26.98,1.00,26.98,1.00,36.2424,1.00,23.6854,1.00,26.98,1.00,36.2413,1.00,23.7181,1.00
2018-08-13 00:00:00,2018-08-13 10:00:00,-999,0.00,-999,0.00,-999,0.00,-999,0.00,-999,0.00,-999,0.00,-999,0.00,-999,0.00,-999,0.00,-999,0.00,1.025e+06,1.00,0.91,1.00,11.5,1.00,10.457,1.00,26.94,1.00,26.93,1.00,26.92,1.00,26.95,1.00,36.2300,1.00,23.6862,1.00,26.93,1.00,36.2292,1.00,23.7264,1.00
2018-08-20 00:00:00,2018-08-20 10:00:00,-999,0.00,-999,0.00,-999,0.00,-999,0.00,-999,0.00,-999,0.00,-999,0.00,-999,0.00,-999,0.00,-999,0.00,1.218e+06,1.00,1.08,1.00,10.7,1.00,10.406,1.00,26.44,1.00,26.43,1.00,26.40,1.00,26.46,1.00,36.1778,1.00,23.8045,1.00,26.41,1.00,36.1749,1.00,23.8486,1.00
2018-08-27 00:00:00,2018-08-27 10:00:00,-999,0.00,-999,0.00,-999,0.00,-999,0.00,-999,0.00,-999,0.00,-999,0.00,-999,0.00,-999,0.00,-999,0.00,4.572e+06,1.00,1.99,1.00,11.2,1.00,10.386,1.00,26.07,1.00,26.06,1.00,26.04,1.00,26.08,1.00,36.1716,1.00,23.9185,1.00,26.05,1.00,36.1490,1.00,23.9440,1.00
2018-09-03 00:00:00,2018-09-03 10:00:00,-999,0.00,-999,0.00,-999,0.00,-999,0.00,-999,0.00,-999,0.00,-999,0.00,-999,0.00,-999,0.00,-999,0.00,2.826e+06,1.00,1.56,1.00,11.7,1.00,10.416,1.00,26.67,1.00,26.66,1.00,26.66,1.00,26.59,0.26,36.2952,0.26,23.8523,0.26,26.66,1.00,36.2742,1.00,23.8454,1.00
2018-09-10 00:00:00,2018-09-10 10:00:00,-999,0.00,-999,0.00,-999,0.00,-999,0.00,-999,0.00,-999,0.00,-999,0.00,-999,0.00,-999,0.00,-999,0.00,4.079e+06,1.00,1.65,1.00,12.7,1.00,10.405,1.00,26.81,1.00,26.78,1.00,26.75,1.00,-999,0.00,-999,0.00,-999,0.00,26.76,1.00,36.2555,1.00,23.7985,1.00
2018-09-17 00:00:00,2018-09-17 10:00:00,-999,0.00,-999,0.00,-999,0.00,-999,0.00,-999,0.00,-999,0.00,-999,0.00,-999,0.00,-999,0.00,-999,0.00,3.477e+06,1.00,1.82,1.00,10.3,1.00,10.404,1.00,26.53,1.00,26.53,1.00,26.53,1.00,-999,0.00,-999,0.00,-999,0.00,26.53,1.00,36.2630,1.00,23.8784,1.00
2018-09-24 00:00:00,2018-09-24 10:00:00,-999,0.00,-999,0.00,-999,0.00,-999,0.00,-999,0.00,-999,0.00,-999,0.00,-999,0.00,-999,0.00,-999,0.00,4.156e+06,1.00,1.61,1.00,14.1,1.00,10.407,1.00,26.62,1.00,26.61,1.00,26.61,1.00,-999,0.00,-999,0.00,-999,0.00,26.61,1.00,36.3365,1.00,23.9082,1.00
2018-10-01 00:00:00,2018-10-01 10:00:00,-999,0.00,-999,0.00,-999,0.00,-999,0.00,-999,0.00,-999,0.00,-999,0.00,-999,0.00,-999,0.00,-999,0.00,3.928e+06,1.00,1.73,1.00,12.1,1.00,10.398,1.00,26.61,1.00,26.60,1.00,26.60,1.00,-999,0.00,-999,0.00,-999,0.00,26.60,1.00,36.3591,1.00,23.9289,1.00
2018-10-08 00:00:00,2018-10-08 10:00:00,-999,0.00,-999,0.00,-999,0.00,-999,0.00,-999,0.00,-999,0.00,-999,0.00,-999,0.00,-999,0.00,-999,0.00,4.929e+06,1.00,1.84,1.00,13.8,1.00,10.385,1.00,26.56,1.00,26.55,1.00,26.54,1.00,-999,0.00,-999,0.00,-999,0.00,26.47,0.63,36.3232,0.63,23.9420,0.63
2018-10-15 00:00:00,2018-10-15 10:00:00,-999,0.00,-999,0.00,-999,0.00,-999,0.00,-999,0.00,-999,0.00,-999,0.00,-999,0.00,-999,0.00,-999,0.00,8.315e+06,1.00,2.25,1.00,13.9,1.00,10.387,1.00,26.78,1.00,26.75,1.00,26.71,1.00,-999,0.00,-999,0.00,-999,0.00,-999,0.00,-999,0.00,-999,0.00
2018-10-22 00:00:00,2018-10-22 10:00:00,-999,0.00,-999,0.00,-999,0.00,-999,0.00,-999,0.00,-999,0.00,-999,0.00,-999,0.00,-999,0.00,-999,0.00,5.027e+06,1.00,1.79,1.00,12.6,1.00,10.413,1.00,27.01,1.00,26.98,1.00,26.92,1.00,-999,0.00,-999,0.00,-999,0.00,-999,0.00,-999,0.00,-999,0.00
2018-10-29 00:00:00,2018-10-29 10:00:00,-999,0.00,-999,0.00,-999,0.00,-999,0.00,-999,0.00,-999,0.00,-999,0.00,-999,0.00,-999,0.00,-999,0.00,8.733e+05,1.00,0.85,1.00,11.1,1.00,10.383,1.00,27.43,1.00,27.40,1.00,27.32,1.00,-999,0.00,-999,0.00,-999,0.00,-999,0.00,-999,0.00,-999,0.00
2018-11-05 00:00:00,2018-11-05 10:00:00,-999,0.00,-999,0.00,-999,0.00,-999,0.00,-999,0.00,-999,0.00,-999,0.00,-999,0.00,-999,0.00,-999,0.00,2.411e+06,1.00,1.38,1.00,12.3,1.00,10.377,1.00,27.28,1.00,27.24,1.00,27.17,1.00,-999,0.00,-999,0.00,-999,0.00,-999,0.00,-999,0.00,-999,0.00
2018-11-12 00:00:00,2018-11-12 10:00:00,-999,0.00,-999,0.00,-999,0.00,-999,0.00,-999,0.00,-999,0.00,-999,0.00,-999,0.00,-999,0.00,-999,0.00,1.511e+06,1.00,1.07,1.00,13.0,1.00,10.381,1.00,27.46,1.00,27.44,1.00,27.38,1.00,-999,0.00,-999,0.00,-999,0.00,-999,0.00,-999,0.00,-999,0.00
2018-11-19 00:00:00,2018-11-19 10:00:00,-999,0.00,-999,0.00,-999,0.00,-999,0.00,-999,0.00,-999,0.00,-999,0.00,-999,0.00,-999,0.00,-999,0.00,1.515e+06,1.00,1.10,1.00,11.6,1.00,10.367,1.00,28.08,1.00,28.00,1.00,27.87,1.00,-999,0.00,-999,0.00,-999,0.00,-999,0.00,-999,0.00,-999,0.00
2018-11-26 00:00:00,2018-11-26 10:00:00,-999,0.00,-999,0.00,-999,0.00,-999,0.00,-999,0.00,-999,0.00,-999,0.00,-999,0.00,-999,0.00,-999,0.00,7.296e+05,1.00,0.80,1.00,11.2,1.00,10.375,1.00,28.59,1.00,28.53,1.00,28.40,1.00,-999,0.00,-999,0.00,-999,0.00,-999,0.00,-999,0.00,-999,0.00
2018-12-03 00:00:00,2018-12-03 10:00:00,-999,0.00,-999,0.00,-999,0.00,-999,0.00,-999,0.00,-999,0.00,-999,0.00,-999,0.00,-999,0.00,-999,0.00,1.056e+06,1.00,0.99,1.00,10.3,1.00,10.400,1.00,28.71,1.00,28.67,1.00,28.56,1.00,-999,0.00,-999,0.00,-999,0.00,-999,0.00,-999,0.00,-999,0.00
2018-12-10 00:00:00,2018-12-10 10:00:00,-999,0.00,-999,0.00,-999,0.00,-999,0.00,-999,0.00,-999,0.00,-999,0.00,-999,0.00,-999,0.00,-999,0.00,1.820e+06,1.00,1.23,1.00,11.1,1.00,10.411,1.00,28.93,1.00,28.88,1.00,28.77,1.00,-999,0.00,-999,0.00,-999,0.00,-999,0.00,-999,0.00,-999,0.00
2018-12-17 00:00:00,2018-12-17 10:00:00,-999,0.00,-999,0.00,-999,0.00,-999,0.00,-999,0.00,-999,0.00,-999,0.00,-999,0.00,-999,0.00,-999,0.00,1.243e+06,1.00,1.01,1.00,11.7,1.00,10.419,1.00,29.35,1.00,29.31,1.00,29.24,1.00,-999,0.00,-999,0.00,-999,0.00,-999,0.00,-999,0.00,-999,0.00
2018-12-24 00:00:00,2018-12-24 10:00:00,-999,0.00,-999,0.00,-999,0.00,-999,0.00,-999,0.00,-999,0.00,-999,0.00,-999,0.00,-999,0.00,-999,0.00,9.802e+05,1.00,0.83,1.00,11.7,1.00,10.443,1.00,29.22,1.00,29.21,1.00,29.18,1.00,-999,0.00,-999,0.00,-999,0.00,-999,0.00,-999,0.00,-999,0.00
2018-12-31 00:00:00,2018-12-31 10:00:00,-999,0.00,-999,0.00,-999,0.00,-999,0.00,-999,0.00,-999,0.00,2.012e+06,0.02,1.17,0.02,14.9,0.02,192.0,0.02,9.982e+05,1.00,0.93,1.00,11.6,1.00,10.441,1.00,29.31,1.00,29.29,1.00,29.26,1.00,-999,0.00,-999,0.00,-999,0.00,-999,0.00,-999,0.00,-999,0.00
2019-01-07 00:00:00,2019-01-07 10:00:00,-999,0.00,-999,0.00,-999,0.00,-999,0.00,-999,0.00,-999,0.00,-999,0.00,-999,0.00,-999,0.00,-999,0.00,2.132e+06,1.00,1.26,1.00,12.8,1.00,10.413,1.00,28.98,1.00,28.98,1.00,28.96,1.00,-999,0.00,-999,0.00,-999,0.00,-999,0.00,-999,0.00,-999,0.00
2019-01-14 00:00:00,2019-01-14 10:00:00,0.071,0.51,-999,0.00,-0.012,0.51,-999,0.00,0.086,0.51,-999,0.00,9.967e+05,0.52,0.94,0.52,11.4,0.52,209.4,0.52,9.750e+05,0.96,0.90,0.96,11.6,0.96,10.461,0.96,28.97,1.00,28.94,1.00,28.91,1.00,29.22,0.51,36.2535,0.51,22.9574,0.51,29.10,0.51,36.1063,0.51,22.9197,0.51
2019-01-21 00:00:00,2019-01-21 10:00:00,0.089,1.00,-999,0.00,-0.010,1.00,-999,0.00,0.110,1.00,-999,0.00,7.187e+05,1.00,0.70,1.00,14.0,1.00,223.9,1.00,7.430e+05,1.00,0.72,1.00,13.1,1.00,10.514,1.00,29.15,1.00,29.12,1.00,29.09,1.00,29.17,1.00,36.1393,1.00,22.8904,1.00,29.10,1.00,36.0012,1.00,22.8400,1.00
2019-01-28 00:00:00,2019-01-28 10:00:00,0.062,0.93,-999,0.00,-0.000,0.93,-999,0.00,0.087,0.93,-999,0.00,6.963e+05,0.91,0.70,0.91,13.0,0.91,224.4,0.91,7.350e+05,1.00,0.73,1.00,12.6,1.00,10.520,1.00,28.92,1.00,28.91,1.00,28.91,1.00,28.92,1.00,36.1128,1.00,22.9540,1.00,28.91,1.00,35.9680,1.00,22.8801,1.00
2019-02-04 00:00:00,2019-02-04 10:00:00,0.007,0.90,-999,0.00,-0.007,0.90,-999,0.00,0.069,0.90,-999,0.00,1.710e+06,0.84,1.10,0.84,13.9,0.84,215.7,0.84,2.057e+06,1.00,1.23,1.00,13.3,1.00,10.515,1.00,29.12,1.00,29.09,1.00,29.04,1.00,29.14,1.00,36.2034,1.00,22.9462,1.00,29.07,1.00,36.0435,1.00,22.8850,1.00
2019-02-11 00:00:00,2019-02-11 10:00:00,0.002,0.21,-999,0.00,-0.004,0.21,-999,0.00,0.082,0.21,-999,0.00,2.044e+06,0.20,1.44,0.20,10.1,0.20,204.0,0.20,1.494e+06,1.00,1.20,1.00,9.7,1.00,10.535,1.00,29.30,1.00,29.29,1.00,29.25,1.00,29.31,1.00,36.1341,1.00,22.8360,1.00,29.27,1.00,35.9948,1.00,22.7791,1.00
2019-02-18 00:00:00,2019-02-18 10:00:00,-999,0.00,-999,0.00,-999,0.00,-999,0.00,-999,0.00,-999,0.00,-999,0.00,-999,0.00,-999,0.00,-999,0.00,1.211e+06,1.00,1.08,1.00,10.3,1.00,10.528,1.00,28.95,1.00,28.94,1.00,28.93,1.00,28.96,1.00,36.0714,1.00,22.9100,1.00,28.94,1.00,35.9226,1.00,22.8375,1.00
2019-02-25 00:00:00,2019-02-25 10:00:00,-999,0.00,-999,0.00,-999,0.00,-999,0.00,-999,0.00,-999,0.00,-999,0.00,-999,0.00,-999,0.00,-999,0.00,8.279e+05,1.00,0.88,1.00,10.7,1.00,10.505,1.00,29.07,1.00,29.03,1.00,28.97,1.00,29.11,1.00,36.0055,1.00,22.8096,1.00,29.01,1.00,35.8568,1.00,22.7647,1.00
2019-03-04 00:00:00,2019-03-04 10:00:00,-999,0.00,-999,0.00,-999,0.00,-999,0.00,-999,0.00,-999,0.00,-999,0.00,-999,0.00,-999,0.00,-999,0.00,5.096e+06,1.00,1.91,1.00,12.5,1.00,10.524,1.00,29.33,1.00,29.29,1.00,29.22,1.00,29.36,1.00,36.0299,1.00,22.7423,1.00,29.25,1.00,35.8842,1.00,22.7023,1.00
2019-03-11 00:00:00,2019-03-11 10:00:00,-999,0.00,-999,0.00,-999,0.00,-999,0.00,-999,0.00,-999,0.00,-999,0.00,-999,0.00,-999,0.00,-999,0.00,1.716e+06,1.00,1.23,1.00,11.4,1.00,10.546,1.00,29.31,1.00,29.31,1.00,29.28,1.00,29.32,1.00,35.9798,1.00,22.7184,1.00,29.30,1.00,35.8344,1.00,22.6491,1.00
2019-03-18 00:00:00,2019-03-18 10:00:00,-999,0.00,-999,0.00,-999,0.00,-999,0.00,-999,0.00,-999,0.00,-999,0.00,-999,0.00,-999,0.00,-999,0.00,1.893e+06,1.00,1.19,1.00,13.0,1.00,10.542,1.00,29.23,1.00,29.20,1.00,29.16,1.00,29.25,1.00,35.8620,1.00,22.6542,1.00,29.18,1.00,35.7296,1.00,22.6109,1.00
2019-03-25 00:00:00,2019-03-25 10:00:00,-999,0.00,-999,0.00,-999,0.00,-999,0.00,-999,0.00,-999,0.00,-999,0.00,-999,0.00,-999,0.00,-999,0.00,2.332e+06,1.00,1.39,1.00,11.7,1.00,10.559,1.00,29.81,1.00,29.80,1.00,29.77,1.00,29.83,1.00,36.1204,1.00,22.6502,1.00,29.78,1.00,35.9745,1.00,22.5901,1.00
2019-04-01 00:00:00,2019-04-01 10:00:00,-999,0.00,-999,0.00,-999,0.00,-999,0.00,-999,0.00,-999,0.00,-999,0.00,-999,0.00,-999,0.00,-999,0.00,1.495e+06,1.00,1.11,1.00,11.6,1.00,10.550,1.00,30.07,1.00,30.05,1.00,30.00,1.00,30.09,1.00,36.1404,1.00,22.5778,1.00,30.03,1.00,36.0033,1.00,22.5286,1.00
2019-04-08 00:00:00,2019-04-08 10:00:00,-999,0.00,-999,0.00,-999,0.00,-999,0.00,-999,0.00,-999,0.00,-999,0.00,-999,0.00,-999,0.00,-999,0.00,1.093e+06,1.00,0.98,1.00,11.5,1.00,10.565,1.00,29.99,1.00,29.97,1.00,29.94,1.00,30.00,1.00,36.1769,1.00,22.6366,1.00,29.96,1.00,36.0311,1.00,22.5721,1.00
2019-04-15 00:00:00,2019-04-15 10:00:00,-999,0.00,-999,0.00,-999,0.00,-999,0.00,-999,0.00,-999,0.00,-999,0.00,-999,0.00,-999,0.00,-999,0.00,3.067e+06,1.00,1.49,1.00,12.4,1.00,10.568,1.00,29.87,1.00,29.86,1.00,29.85,1.00,29.88,1.00,36.1786,1.00,22.6787,1.00,29.86,1.00,36.0332,1.00,22.6095,1.00
2019-04-22 00:00:00,2019-04-22 10:00:00,-999,0.00,-999,0.00,-999,0.00,-999,0.00,-999,0.00,-999,0.00,-999,0.00,-999,0.00,-999,0.00,-999,0.00,4.449e+06,1.00,1.90,1.00,12.1,1.00,10.542,1.00,29.49,1.00,29.48,1.00,29.47,1.00,29.49,1.00,36.0311,1.00,22.6989,1.00,29.48,1.00,35.8998,1.00,22.6384,1.00
2019-04-29 00:00:00,2019-04-29 10:00:00,-999,0.00,-999,0.00,-999,0.00,-999,0.00,-999,0.00,-999,0.00,-999,0.00,-999,0.00,-999,0.00,-999,0.00,1.849e+06,1.00,1.29,1.00,10.9,1.00,10.545,1.00,28.94,1.00,28.94,1.00,28.93,1.00,28.94,1.00,36.0789,1.00,22.9206,1.00,28.93,1.00,35.9452,1.00,22.8555,1.00
2019-05-06 00:00:00,2019-05-06 10:00:00,-999,0.00,-999,0.00,-999,0.00,-999,0.00,-999,0.00,-999,0.00,-999,0.00,-999,0.00,-999,0.00,-999,0.00,8.906e+06,1.00,2.34,1.00,14.4,1.00,10.528,1.00,28.87,1.00,28.86,1.00,28.86,1.00,28.87,1.00,36.2120,1.00,23.0443,1.00,28.86,1.00,36.0887,1.00,22.9880,1.00
2019-05-13 00:00:00,2019-05-13 10:00:00,-999,0.00,-999,0.00,-999,0.00,-999,0.00,-999,0.00,-999,0.00,-999,0.00,-999,0.00,-999,0.00,-999,0.00,3.216e+06,1.00,1.40,1.00,13.2,1.00,10.532,1.00,28.82,1.00,28.81,1.00,28.81,1.00,28.82,1.00,36.1915,1.00,23.0451,1.00,28.81,1.00,36.0625,1.00,22.9852,1.00
2019-05-20 00:00:00,2019-05-20 10:00:00,-999,0.00,-999,0.00,-999,0.00,-999,0.00,-999,0.00,-999,0.00,-999,0.00,-999,0.00,-999,0.00,-999,0.00,8.208e+06,1.00,2.41,1.00,13.5,1.00,10.527,1.00,28.69,1.00,28.69,1.00,28.69,1.00,28.68,1.00,36.1418,1.00,23.0539,1.00,28.69,1.00,36.0387,1.00,23.0062,1.00
2019-05-27 00:00:00,2019-05-27 10:00:00,-999,0.00,-999,0.00,-999,0.00,-999,0.00,-999,0.00,-999,0.00,-999,0.00,-999,0.00,-999,0.00,-999,0.00,2.942e+06,1.00,1.50,1.00,12.1,1.00,10.489,1.00,28.41,1.00,28.40,1.00,28.40,1.00,28.41,1.00,35.9805,1.00,23.0231,1.00,28.40,1.00,35.8569,1.00,22.9661,1.00
2019-06-03 00:00:00,2019-06-03 10:00:00,-999,0.00,-999,0.00,-999,0.00,-999,0.00,-999,0.00,-999,0.00,-999,0.00,-999,0.00,-999,0.00,-999,0.00,2.023e+06,1.00,1.17,1.00,12.2,1.00,10.503,1.00,28.23,1.00,28.23,1.00,28.23,1.00,28.24,1.00,35.9419,1.00,23.0511,1.00,28.23,1.00,35.8191,1.00,22.9940,1.00
2019-06-10 00:00:00,2019-06-10 10:00:00,-999,0.00,-999,0.00,-999,0.00,-999,0.00,-999,0.00,-999,0.00,-999,0.00,-999,0.00,-999,0.00,-999,0.00,6.277e+06,1.00,2.01,1.00,13.3,1.00,10.511,1.00,28.36,1.00,28.36,1.00,28.36,1.00,28.37,1.00,36.1507,1.00,23.1652,1.00,28.36,1.00,36.0290,1.00,23.1104,1.00
2019-06-17 00:00:00,2019-06-17 10:00:00,-999,0.00,-999,0.00,-999,0.00,-999,0.00,-999,0.00,-999,0.00,-999,0.00,-999,0.00,-999,0.00,-999,0.00,1.480e+06,1.00,1.11,1.00,10.6,1.00,10.520,1.00,28.01,1.00,28.01,1.00,28.01,1.00,28.01,1.00,36.2194,1.00,23.3356,1.00,28.01,1.00,36.1019,1.00,23.2795,1.00
2019-06-24 00:00:00,2019-06-24 10:00:00,-999,0.00,-999,0.00,-999,0.00,-999,0.00,-999,0.00,-999,0.00,-999,0.00,-999,0.00,-999,0.00,-999,0.00,7.651e+06,1.00,2.14,1.00,13.1,1.00,10.501,1.00,27.47,1.00,27.47,1.00,27.47,1.00,27.47,1.00,36.2143,1.00,23.5064,1.00,27.47,1.00,36.0946,1.00,23.4493,1.00
2019-07-01 00:00:00,2019-07-01 10:00:00,-999,0.00,-999,0.00,-999,0.00,-999,0.00,-999,0.00,-999,0.00,-999,0.00,-999,0.00,-999,0.00,-999,0.00,5.652e+06,1.00,2.05,1.00,11.4,1.00,10.465,1.00,26.89,1.00,26.89,1.00,26.88,1.00,26.89,1.00,36.2904,1.00,23.7504,1.00,26.89,1.00,36.1694,1.00,23.6944,1.00
2019-07-08 00:00:00,2019-07-08 10:00:00,-999,0.00,-999,0.00,-999,0.00,-999,0.00,-999,0.00,-999,0.00,-999,0.00,-999,0.00,-999,0.00,-999,0.00,8.669e+06,1.00,2.26,1.00,14.3,1.00,10.460,1.00,26.67,1.00,26.66,1.00,26.65,1.00,26.67,1.00,36.3119,1.00,23.8370,1.00,26.66,1.00,36.1910,1.00,23.7840,1.00
2019-07-15 00:00:00,2019-07-15 10:00:00,0.003,0.93,-0.057,0.44,-0.004,0.93,0.037,0.44,0.065,0.93,0.109,0.44,2.262e+06,0.93,1.36,0.93,12.4,0.93,203.8,0.93,1.984e+06,0.04,1.30,0.04,12.0,0.04,10.475,0.04,26.56,0.98,26.56,0.99,26.56,1.00,26.84,0.06,36.3569,0.06,23.8184,0.06,26.56,1.00,36.2573,1.00,23.8634,1.00
2019-07-22 00:00:00,2019-07-22 10:00:00,-0.012,1.00,-0.026,0.55,-0.001,1.00,0.034,0.55,0.053,1.00,0.089,0.55,2.257e+06,1.00,1.35,1.00,12.0,1.00,211.5,1.00,1.957e+06,0.49,1.37,0.49,10.3,0.49,10.441,0.48,26.49,1.00,26.49,1.00,26.48,1.00,-999,0.00,-999,0.00,-999,0.00,26.48,1.00,36.2691,1.00,23.8976,1.00
2019-07-29 00:00:00,2019-07-29 10:00:00,0.084,1.00,0.045,0.49,-0.005,1.00,0.051,0.49,0.116,1.00,0.156,0.49,2.389e+06,1.00,1.32,1.00,13.6,1.00,209.9,1.00,1.871e+06,1.00,1.24,1.00,12.3,1.00,10.452,1.00,26.41,1.00,26.40,1.00,26.40,1.00,-999,0.00,-999,0.00,-999,0.00,26.40,1.00,36.2811,1.00,23.9335,1.00
2019-08-05 00:00:00,2019-08-05 10:00:00,0.021,1.00,0.009,0.47,-0.000,1.00,0.089,0.47,0.044,1.00,0.109,0.47,5.502e+06,1.00,1.94,1.00,13.6,1.00,218.9,1.00,6.441e+06,1.00,2.11,1.00,13.2,1.00,10.446,1.00,26.66,1.00,26.64,1.00,26.63,1.00,-999,0.00,-999,0.00,-999,0.00,26.63,1.00,36.3490,1.00,23.9105,1.00
2019-08-12 00:00:00,2019-08-12 10:00:00,0.052,1.00,0.025,0.46,-0.001,1.00,0.087,0.46,0.069,1.00,0.120,0.46,5.438e+06,1.00,1.80,1.00,13.2,1.00,219.6,1.00,6.120e+06,1.00,1.90,1.00,12.9,1.00,10.441,1.00,26.62,1.00,26.61,1.00,26.59,1.00,-999,0.00,-999,0.00,-999,0.00,26.60,1.00,36.3369,1.00,23.9120,1.00
2019-08-19 00:00:00,2019-08-19 10:00:00,0.033,1.00,0.036,0.67,-0.003,1.00,0.047,0.67,0.055,1.00,0.089,0.67,1.741e+06,1.00,1.16,1.00,12.3,1.00,217.4,1.00,1.631e+06,1.00,1.15,1.00,11.8,1.00,10.466,1.00,26.63,1.00,26.61,1.00,26.60,1.00,-999,0.00,-999,0.00,-999,0.00,26.61,1.00,36.3369,1.00,23.9092,1.00
2019-08-26 00:00:00,2019-08-26 10:00:00,0.026,1.00,0.012,0.57,-0.001,1.00,0.077,0.57,0.069,1.00,0.162,0.57,4.193e+06,1.00,1.70,1.00,13.4,1.00,220.9,1.00,4.099e+06,1.00,1.72,1.00,12.7,1.00,10.495,1.00,26.82,1.00,26.80,1.00,26.78,1.00,-999,0.00,-999,0.00,-999,0.00,26.79,1.00,36.3404,1.00,23.8534,1.00
2019-09-02 00:00:00,2019-09-02 10:00:00,-0.024,1.00,-0.078,0.40,0.009,1.00,0.068,0.40,0.065,1.00,0.141,0.40,8.331e+06,1.00,2.29,1.00,13.9,1.00,210.5,1.00,7.407e+06,1.00,2.24,1.00,13.1,1.00,10.467,1.00,26.41,1.00,26.40,1.00,26.39,1.00,-999,0.00,-999,0.00,-999,0.00,26.40,1.00,36.3545,1.00,23.9904,1.00
2019-09-09 00:00:00,2019-09-09 10:00:00,-0.023,1.00,-0.139,0.54,-0.002,1.00,0.056,0.54,0.055,1.00,0.168,0.54,3.130e+06,1.00,1.52,1.00,13.3,1.00,223.9,1.00,2.948e+06,1.00,1.50,1.00,12.7,1.00,10.473,1.00,26.42,1.00,26.40,1.00,26.39,1.00,-999,0.00,-999,0.00,-999,0.00,26.40,1.00,36.4436,1.00,24.0572,1.00
2019-09-16 00:00:00,2019-09-16 10:00:00,0.004,1.00,-0.031,0.56,0.001,1.00,0.086,0.56,0.048,1.00,0.125,0.56,5.327e+06,1.00,1.86,1.00,15.2,1.00,218.3,1.00,4.997e+06,1.00,1.87,1.00,13.9,1.00,10.476,1.00,26.44,1.00,26.43,1.00,26.42,1.00,-999,0.00,-999,0.00,-999,0.00,26.42,1.00,36.3808,1.00,24.0011,1.00
2019-09-23 00:00:00,2019-09-23 10:00:00,0.004,1.00,-0.091,0.42,-0.000,1.00,0.066,0.42,0.050,1.00,0.145,0.42,4.938e+06,1.00,1.82,1.00,13.6,1.00,219.8,1.00,5.088e+06,1.00,1.85,1.00,13.1,1.00,10.428,1.00,26.70,1.00,26.67,1.00,26.66,1.00,-999,0.00,-999,0.00,-999,0.00,26.66,1.00,36.4364,1.00,23.9667,1.00
2019-09-30 00:00:00,2019-09-30 10:00:00,0.026,1.00,-0.003,0.44,-0.002,1.00,0.054,0.44,0.066,1.00,0.133,0.44,3.623e+06,1.00,1.62,1.00,13.3,1.00,219.3,1.00,3.071e+06,1.00,1.53,1.00,12.2,1.00,10.460,1.00,26.53,1.00,26.52,1.00,26.50,1.00,-999,0.00,-999,0.00,-999,0.00,26.51,1.00,36.4632,1.00,24.0374,1.00
2019-10-07 00:00:00,2019-10-07 10:00:00,-0.017,1.00,-0.141,0.35,0.001,1.00,0.030,0.35,0.057,1.00,0.152,0.35,4.593e+06,1.00,1.82,1.00,13.2,1.00,210.5,1.00,3.278e+06,1.00,1.63,1.00,11.4,1.00,10.419,1.00,25.64,1.00,25.63,1.00,25.63,1.00,-999,0.00,-999,0.00,-999,0.00,25.63,1.00,36.3224,1.00,24.2053,1.00
2019-10-14 00:00:00,2019-10-14 10:00:00,0.030,1.00,-0.009,0.20,-0.006,1.00,0.050,0.20,0.055,1.00,0.075,0.20,2.141e+06,1.00,1.25,1.00,13.2,1.00,216.0,1.00,1.905e+06,1.00,1.20,1.00,12.0,1.00,10.382,1.00,25.80,1.00,25.75,1.00,25.68,1.00,-999,0.00,-999,0.00,-999,0.00,25.72,1.00,36.2956,1.00,24.1567,1.00
2019-10-21 00:00:00,2019-10-21 10:00:00,0.037,1.00,-0.030,0.21,-0.008,1.00,0.037,0.21,0.067,1.00,0.107,0.21,1.030e+06,1.00,0.89,1.00,12.8,1.00,217.4,1.00,9.251e+05,1.00,0.85,1.00,11.9,1.00,10.407,1.00,26.80,1.00,26.70,1.00,26.54,1.00,-999,0.00,-999,0.00,-999,0.00,26.63,1.00,36.3438,1.00,23.9056,1.00
2019-10-28 00:00:00,2019-10-28 10:00:00,0.076,1.00,0.077,0.25,-0.008,1.00,0.062,0.25,0.089,1.00,0.122,0.25,2.144e+06,1.00,1.28,1.00,12.3,1.00,219.8,1.00,1.855e+06,1.00,1.19,1.00,12.1,1.00,10.437,1.00,27.19,1.00,27.15,1.00,27.09,1.00,-999,0.00,-999,0.00,-999,0.00,27.13,1.00,36.4503,1.00,23.8290,1.00
2019-11-04 00:00:00,2019-11-04 10:00:00,0.007,1.00,-0.075,0.34,-0.003,1.00,0.082,0.34,0.062,1.00,0.139,0.34,6.371e+06,1.00,2.05,1.00,12.0,1.00,213.7,1.00,6.755e+06,1.00,2.09,1.00,11.5,1.00,10.463,1.00,27.72,1.00,27.69,1.00,27.64,1.00,-999,0.00,-999,0.00,-999,0.00,27.67,1.00,36.5440,1.00,23.7228,1.00
2019-11-11 00:00:00,2019-11-11 10:00:00,-0.007,1.00,-0.062,0.42,-0.001,1.00,0.029,0.42,0.056,1.00,0.109,0.42,1.743e+06,1.00,1.18,1.00,12.4,1.00,206.9,1.00,1.137e+06,1.00,0.99,1.00,11.3,1.00,10.467,1.00,27.63,1.00,27.61,1.00,27.59,1.00,-999,0.00,-999,0.00,-999,0.00,27.60,1.00,36.5533,1.00,23.7529,1.00
2019-11-18 00:00:00,2019-11-18 10:00:00,0.023,1.00,0.037,0.40,-0.004,1.00,0.015,0.40,0.069,1.00,0.107,0.40,7.038e+05,0.98,0.74,0.98,12.9,0.98,219.9,0.98,5.250e+05,1.00,0.67,1.00,11.5,1.00,10.486,1.00,27.53,1.00,27.51,1.00,27.49,1.00,-999,0.00,-999,0.00,-999,0.00,27.50,1.00,36.5394,1.00,23.7753,1.00
2019-11-25 00:00:00,2019-11-25 10:00:00,-0.008,1.00,-0.040,0.45,-0.006,1.00,0.032,0.45,0.062,1.00,0.107,0.45,1.176e+06,1.00,0.94,1.00,12.7,1.00,216.8,1.00,1.188e+06,1.00,0.95,1.00,12.2,1.00,10.479,1.00,28.09,1.00,28.05,1.00,27.96,1.00,-999,0.00,-999,0.00,-999,0.00,28.01,1.00,36.5244,1.00,23.5967,1.00
2019-12-02 00:00:00,2019-12-02 10:00:00,0.034,1.00,-0.009,0.37,-0.009,1.00,0.042,0.37,0.078,1.00,0.109,0.37,1.449e+06,1.00,1.13,1.00,11.2,1.00,206.0,1.00,1.191e+06,1.00,1.04,1.00,10.7,1.00,10.464,1.00,28.44,1.00,28.36,1.00,28.22,1.00,-999,0.00,-999,0.00,-999,0.00,28.30,1.00,36.4792,1.00,23.4675,1.00
2019-12-09 00:00:00,2019-12-09 10:00:00,0.057,1.00,-0.042,0.30,-0.006,1.00,0.025,0.30,0.094,1.00,0.122,0.30,9.319e+05,1.00,1.07,1.00,8.3,1.00,185.3,1.00,5.954e+05,1.00,0.83,1.00,8.5,1.00,10.451,1.00,28.01,1.00,28.00,1.00,27.98,1.00,-999,0.00,-999,0.00,-999,0.00,27.99,1.00,36.4586,1.00,23.5528,1.00
2019-12-16 00:00:00,2019-12-16 10:00:00,0.066,1.00,0.044,0.23,-0.004,1.00,0.021,0.23,0.087,1.00,0.105,0.23,6.845e+05,1.00,0.86,1.00,9.4,1.00,191.6,1.00,4.360e+05,1.00,0.69,1.00,9.1,1.00,10.461,1.00,27.47,1.00,27.46,1.00,27.45,1.00,-999,0.00,-999,0.00,-999,0.00,27.46,1.00,36.3588,1.00,23.6532,1.00
2019-12-23 00:00:00,2019-12-23 10:00:00,0.033,1.00,-0.014,0.09,-0.004,1.00,0.034,0.09,0.094,1.00,0.129,0.09,1.967e+06,1.00,1.23,1.00,12.8,1.00,216.1,1.00,1.277e+06,1.00,1.07,1.00,11.0,1.00,10.398,1.00,27.30,1.00,27.27,1.00,27.22,1.00,-999,0.00,-999,0.00,-999,0.00,27.26,1.00,36.3054,1.00,23.6777,1.00
2019-12-30 00:00:00,2019-12-30 10:00:00,0.018,1.00,-999,0.00,-0.008,1.00,-999,0.00,0.071,1.00,-999,0.00,1.996e+06,1.02,1.18,1.02,11.9,1.02,232.3,1.02,1.974e+06,1.00,1.17,1.00,11.2,1.00,10.373,1.00,27.42,1.00,27.38,1.00,27.31,1.00,-999,0.00,-999,0.00,-999,0.00,27.35,1.00,36.2269,1.00,23.5886,1.00
2020-01-06 00:00:00,2020-01-06 10:00:00,0.085,1.00,0.104,0.04,-0.008,1.00,0.048,0.04,0.093,1.00,0.125,0.04,2.485e+06,1.00,1.32,1.00,13.5,1.00,221.5,1.00,2.077e+06,1.00,1.25,1.00,12.4,1.00,10.383,1.00,27.85,1.00,27.82,1.00,27.79,1.00,-999,0.00,-999,0.00,-999,0.00,27.81,1.00,36.2569,1.00,23.4622,1.00
2020-01-13 00:00:00,2020-01-13 10:00:00,0.064,1.00,0.050,0.82,-0.005,1.00,0.037,0.82,0.078,1.00,0.098,0.82,1.668e+06,0.98,1.08,0.98,14.0,0.98,220.5,0.98,1.474e+06,0.98,1.05,0.98,13.1,0.98,10.384,0.97,27.94,0.19,27.93,0.18,27.91,0.19,27.98,0.80,36.0635,0.80,23.2279,0.80,27.90,1.00,36.0661,1.00,23.2866,1.00
2020-01-20 00:00:00,2020-01-20 10:00:00,0.000,1.00,-0.003,1.00,-0.004,1.00,0.053,1.00,0.064,1.00,0.111,1.00,1.717e+06,1.00,1.17,1.00,11.9,1.00,223.8,1.00,1.869e+06,1.00,1.22,1.00,11.6,1.00,10.350,1.00,-999,0.00,-999,0.00,-999,0.00,28.37,1.00,36.0646,1.00,23.1005,1.00,28.29,1.00,36.0298,1.00,23.1316,1.00
2020-01-27 00:00:00,2020-01-27 10:00:00,0.039,1.00,0.048,1.00,-0.011,1.00,0.030,1.00,0.096,1.00,0.149,1.00,1.073e+06,1.00,0.95,1.00,12.1,1.00,211.1,1.00,9.539e+05,1.00,0.91,1.00,11.1,1.00,10.387,1.00,-999,0.00,-999,0.00,-999,0.00,28.77,1.00,35.9120,1.00,22.8529,1.00,28.69,1.00,35.9145,1.00,22.9109,1.00
2020-02-03 00:00:00,2020-02-03 10:00:00,0.007,1.00,-0.025,1.00,-0.005,1.00,0.037,1.00,0.080,1.00,0.132,1.00,1.977e+06,1.00,1.19,1.00,13.5,1.00,213.5,1.00,2.171e+06,1.00,1.23,1.00,13.0,1.00,10.426,1.00,-999,0.00,-999,0.00,-999,0.00,28.55,1.00,35.7958,1.00,22.8390,1.00,28.52,1.00,35.7914,1.00,22.8757,1.00
2020-02-10 00:00:00,2020-02-10 10:00:00,-0.069,0.05,-0.106,0.05,-0.015,0.05,0.017,0.05,0.081,0.05,0.111,0.05,8.104e+05,0.04,0.77,0.04,14.0,0.04,212.0,0.04,3.108e+06,1.00,1.43,1.00,13.5,1.00,10.452,1.00,-999,0.00,-999,0.00,-999,0.00,28.64,1.00,35.9626,1.00,22.9337,1.00,28.59,1.00,35.9288,1.00,22.9557,1.00
2020-02-17 00:00:00,2020-02-17 10:00:00,-999,0.00,-999,0.00,-999,0.00,-999,0.00,-999,0.00,-999,0.00,-999,0.00,-999,0.00,-999,0.00,-999,0.00,1.440e+06,1.00,1.05,1.00,12.3,1.00,10.446,1.00,-999,0.00,-999,0.00,-999,0.00,28.98,1.00,35.9597,1.00,22.8203,1.00,28.93,1.00,35.9174,1.00,22.8360,1.00
2020-02-24 00:00:00,2020-02-24 10:00:00,-999,0.00,-999,0.00,-999,0.00,-999,0.00,-999,0.00,-999,0.00,-999,0.00,-999,0.00,-999,0.00,-999,0.00,2.507e+06,1.00,1.38,1.00,11.5,1.00,10.451,1.00,-999,0.00,-999,0.00,-999,0.00,29.17,1.00,35.8071,1.00,22.6418,1.00,29.10,1.00,35.8037,1.00,22.6913,1.00
2020-03-02 00:00:00,2020-03-02 10:00:00,-999,0.00,-999,0.00,-999,0.00,-999,0.00,-999,0.00,-999,0.00,-999,0.00,-999,0.00,-999,0.00,-999,0.00,8.846e+05,1.00,0.85,1.00,11.7,1.00,10.460,1.00,-999,0.00,-999,0.00,-999,0.00,29.00,1.00,35.4545,1.00,22.4324,1.00,28.96,1.00,35.5098,1.00,22.5200,1.00
2020-03-09 00:00:00,2020-03-09 10:00:00,-999,0.00,-999,0.00,-999,0.00,-999,0.00,-999,0.00,-999,0.00,-999,0.00,-999,0.00,-999,0.00,-999,0.00,8.116e+05,1.00,0.79,1.00,12.3,1.00,10.481,1.00,-999,0.00,-999,0.00,-999,0.00,29.39,1.00,35.7876,1.00,22.5515,1.00,29.29,1.00,35.7612,1.00,22.5981,1.00
2020-03-16 00:00:00,2020-03-16 10:00:00,-999,0.00,-999,0.00,-999,0.00,-999,0.00,-999,0.00,-999,0.00,-999,0.00,-999,0.00,-999,0.00,-999,0.00,2.354e+06,0.44,1.35,0.44,12.7,0.44,10.460,0.45,-999,0.00,-999,0.00,-999,0.00,29.57,1.00,35.8995,1.00,22.5762,1.00,29.49,1.00,35.8486,1.00,22.5957,1.00
2020-03-23 00:00:00,2020-03-23 10:00:00,-999,0.00,-999,0.00,-999,0.00,-999,0.00,-999,0.00,-999,0.00,-999,0.00,-999,0.00,-999,0.00,-999,0.00,-999,0.00,-999,0.00,-999,0.00,-999,0.00,-999,0.00,-999,0.00,-999,0.00,29.69,1.00,35.9048,1.00,22.5379,1.00,29.62,1.00,35.8417,1.00,22.5466,1.00
2020-03-30 00:00:00,2020-03-30 10:00:00,-999,0.00,-999,0.00,-999,0.00,-999,0.00,-999,0.00,-999,0.00,-999,0.00,-999,0.00,-999,0.00,-999,0.00,-999,0.00,-999,0.00,-999,0.00,-999,0.00,-999,0.00,-999,0.00,-999,0.00,29.78,1.00,35.9186,1.00,22.5187,1.00,29.71,1.00,35.8490,1.00,22.5202,1.00
2020-04-06 00:00:00,2020-04-06 10:00:00,-999,0.00,-999,0.00,-999,0.00,-999,0.00,-999,0.00,-999,0.00,-999,0.00,-999,0.00,-999,0.00,-999,0.00,-999,0.00,-999,0.00,-999,0.00,-999,0.00,-999,0.00,-999,0.00,-999,0.00,29.67,1.00,35.8810,1.00,22.5274,1.00,29.60,1.00,35.8178,1.00,22.5352,1.00
2020-04-13 00:00:00,2020-04-13 10:00:00,-999,0.00,-999,0.00,-999,0.00,-999,0.00,-999,0.00,-999,0.00,-999,0.00,-999,0.00,-999,0.00,-999,0.00,-999,0.00,-999,0.00,-999,0.00,-999,0.00,-999,0.00,-999,0.00,-999,0.00,29.59,1.00,35.9878,1.00,22.6341,1.00,29.49,1.00,35.9134,1.00,22.6449,1.00
2020-04-20 00:00:00,2020-04-20 10:00:00,-999,0.00,-999,0.00,-999,0.00,-999,0.00,-999,0.00,-999,0.00,-999,0.00,-999,0.00,-999,0.00,-999,0.00,-999,0.00,-999,0.00,-999,0.00,-999,0.00,-999,0.00,-999,0.00,-999,0.00,29.28,1.00,35.9749,1.00,22.7306,1.00,29.25,1.00,35.8939,1.00,22.7101,1.00
2020-04-27 00:00:00,2020-04-27 10:00:00,-999,0.00,-999,0.00,-999,0.00,-999,0.00,-999,0.00,-999,0.00,-999,0.00,-999,0.00,-999,0.00,-999,0.00,-999,0.00,-999,0.00,-999,0.00,-999,0.00,-999,0.00,-999,0.00,-999,0.00,29.07,1.00,35.9316,1.00,22.7666,1.00,29.05,1.00,35.8502,1.00,22.7437,1.00
2020-05-04 00:00:00,2020-05-04 10:00:00,-999,0.00,-999,0.00,-999,0.00,-999,0.00,-999,0.00,-999,0.00,-999,0.00,-999,0.00,-999,0.00,-999,0.00,-999,0.00,-999,0.00,-999,0.00,-999,0.00,-999,0.00,-999,0.00,-999,0.00,29.04,1.00,35.9891,1.00,22.8214,1.00,29.02,1.00,35.8987,1.00,22.7902,1.00
2020-05-11 00:00:00,2020-05-11 10:00:00,-999,0.00,-999,0.00,-999,0.00,-999,0.00,-999,0.00,-999,0.00,-999,0.00,-999,0.00,-999,0.00,-999,0.00,-999,0.00,-999,0.00,-999,0.00,-999,0.00,-999,0.00,-999,0.00,-999,0.00,28.90,1.00,35.9498,1.00,22.8402,1.00,28.87,1.00,35.8629,1.00,22.8138,1.00
2020-05-18 00:00:00,2020-05-18 10:00:00,-999,0.00,-999,0.00,-999,0.00,-999,0.00,-999,0.00,-999,0.00,-999,0.00,-999,0.00,-999,0.00,-999,0.00,-999,0.00,-999,0.00,-999,0.00,-999,0.00,-999,0.00,-999,0.00,-999,0.00,28.64,1.00,35.9508,1.00,22.9271,1.00,28.62,1.00,35.8576,1.00,22.8919,1.00
2020-05-25 00:00:00,2020-05-25 10:00:00,-999,0.00,-999,0.00,-999,0.00,-999,0.00,-999,0.00,-999,0.00,-999,0.00,-999,0.00,-999,0.00,-999,0.00,-999,0.00,-999,0.00,-999,0.00,-999,0.00,-999,0.00,-999,0.00,-999,0.00,28.63,1.00,35.8853,1.00,22.8805,1.00,28.62,1.00,35.7886,1.00,22.8418,1.00
2020-06-01 00:00:00,2020-06-01 10:00:00,-999,0.00,-999,0.00,-999,0.00,-999,0.00,-999,0.00,-999,0.00,-999,0.00,-999,0.00,-999,0.00,-999,0.00,-999,0.00,-999,0.00,-999,0.00,-999,0.00,-999,0.00,-999,0.00,-999,0.00,28.39,1.00,35.8721,1.00,22.9497,1.00,28.39,1.00,35.7720,1.00,22.9058,1.00
2020-06-08 00:00:00,2020-06-08 10:00:00,-999,0.00,-999,0.00,-999,0.00,-999,0.00,-999,0.00,-999,0.00,-999,0.00,-999,0.00,-999,0.00,-999,0.00,-999,0.00,-999,0.00,-999,0.00,-999,0.00,-999,0.00,-999,0.00,-999,0.00,28.21,1.00,35.8869,1.00,23.0195,1.00,28.21,1.00,35.7841,1.00,22.9745,1.00
2020-06-15 00:00:00,2020-06-15 10:00:00,-999,0.00,-999,0.00,-999,0.00,-999,0.00,-999,0.00,-999,0.00,-999,0.00,-999,0.00,-999,0.00,-999,0.00,-999,0.00,-999,0.00,-999,0.00,-999,0.00,-999,0.00,-999,0.00,-999,0.00,28.14,1.00,35.8959,1.00,23.0495,1.00,28.14,1.00,35.7892,1.00,23.0002,1.00
2020-06-22 00:00:00,2020-06-22 10:00:00,-999,0.00,-999,0.00,-999,0.00,-999,0.00,-999,0.00,-999,0.00,-999,0.00,-999,0.00,-999,0.00,-999,0.00,-999,0.00,-999,0.00,-999,0.00,-999,0.00,-999,0.00,-999,0.00,-999,0.00,27.84,1.00,35.9762,1.00,23.2102,1.00,27.84,1.00,35.8635,1.00,23.1561,1.00
2020-06-29 00:00:00,2020-06-29 10:00:00,-999,0.00,-999,0.00,-999,0.00,-999,0.00,-999,0.00,-999,0.00,-999,0.00,-999,0.00,-999,0.00,-999,0.00,-999,0.00,-999,0.00,-999,0.00,-999,0.00,-999,0.00,-999,0.00,-999,0.00,27.57,1.00,36.0549,1.00,23.3564,1.00,27.56,1.00,35.9385,1.00,23.3017,1.00
2020-07-06 00:00:00,2020-07-06 10:00:00,-999,0.00,-999,0.00,-999,0.00,-999,0.00,-999,0.00,-999,0.00,-999,0.00,-999,0.00,-999,0.00,-999,0.00,-999,0.00,-999,0.00,-999,0.00,-999,0.00,-999,0.00,-999,0.00,-999,0.00,27.36,1.00,36.1168,1.00,23.4723,1.00,27.35,1.00,35.9978,1.00,23.4146,1.00
2020-07-13 00:00:00,2020-07-13 10:00:00,-999,0.00,-999,0.00,-999,0.00,-999,0.00,-999,0.00,-999,0.00,-999,0.00,-999,0.00,-999,0.00,-999,0.00,-999,0.00,-999,0.00,-999,0.00,-999,0.00,-999,0.00,-999,0.00,-999,0.00,27.07,1.00,36.1062,1.00,23.5577,1.00,27.07,1.00,35.9888,1.00,23.4995,1.00
2020-07-20 00:00:00,2020-07-20 10:00:00,-999,0.00,-999,0.00,-999,0.00,-999,0.00,-999,0.00,-999,0.00,-999,0.00,-999,0.00,-999,0.00,-999,0.00,-999,0.00,-999,0.00,-999,0.00,-999,0.00,-999,0.00,-999,0.00,-999,0.00,27.01,1.00,36.1165,1.00,23.5839,1.00,27.00,1.00,35.9920,1.00,23.5231,1.00
2020-07-27 00:00:00,2020-07-27 10:00:00,-999,0.00,-999,0.00,-999,0.00,-999,0.00,-999,0.00,-999,0.00,-999,0.00,-999,0.00,-999,0.00,-999,0.00,-999,0.00,-999,0.00,-999,0.00,-999,0.00,-999,0.00,-999,0.00,-999,0.00,26.96,0.38,36.1353,0.38,23.6149,0.38,26.91,1.00,35.9977,1.00,23.5570,1.00
2020-08-03 00:00:00,2020-08-03 10:00:00,-999,0.00,-999,0.00,-999,0.00,-999,0.00,-999,0.00,-999,0.00,-999,0.00,-999,0.00,-999,0.00,-999,0.00,-999,0.00,-999,0.00,-999,0.00,-999,0.00,-999,0.00,-999,0.00,-999,0.00,-999,0.00,-999,0.00,-999,0.00,26.88,1.00,35.9782,1.00,23.5519,1.00
2020-08-10 00:00:00,2020-08-10 10:00:00,-999,0.00,-999,0.00,-999,0.00,-999,0.00,-999,0.00,-999,0.00,-999,0.00,-999,0.00,-999,0.00,-999,0.00,-999,0.00,-999,0.00,-999,0.00,-999,0.00,-999,0.00,-999,0.00,-999,0.00,-999,0.00,-999,0.00,-999,0.00,26.78,1.00,35.9975,1.00,23.5983,1.00
2020-08-17 00:00:00,2020-08-17 10:00:00,-999,0.00,-999,0.00,-999,0.00,-999,0.00,-999,0.00,-999,0.00,-999,0.00,-999,0.00,-999,0.00,-999,0.00,-999,0.00,-999,0.00,-999,0.00,-999,0.00,-999,0.00,-999,0.00,-999,0.00,-999,0.00,-999,0.00,-999,0.00,26.88,0.79,36.0375,0.79,23.5968,0.79
2020-08-24 00:00:00,2020-08-24 10:00:00,-999,0.00,-999,0.00,-999,0.00,-999,0.00,-999,0.00,-999,0.00,-999,0.00,-999,0.00,-999,0.00,-999,0.00,-999,0.00,-999,0.00,-999,0.00,-999,0.00,-999,0.00,-999,0.00,-999,0.00,-999,0.00,-999,0.00,-999,0.00,-999,0.00,-999,0.00,-999,0.00
2020-08-31 00:00:00,2020-08-31 10:00:00,-999,0.00,-999,0.00,-999,0.00,-999,0.00,-999,0.00,-999,0.00,-999,0.00,-999,0.00,-999,0.00,-999,0.00,-999,0.00,-999,0.00,-999,0.00,-999,0.00,-999,0.00,-999,0.00,-999,0.00,-999,0.00,-999,0.00,-999,0.00,-999,0.00,-999,0.00,-999,0.00
2020-09-07 00:00:00,2020-09-07 10:00:00,-999,0.00,-999,0.00,-999,0.00,-999,0.00,-999,0.00,-999,0.00,-999,0.00,-999,0.00,-999,0.00,-999,0.00,-999,0.00,-999,0.00,-999,0.00,-999,0.00,-999,0.00,-999,0.00,-999,0.00,-999,0.00,-999,0.00,-999,0.00,-999,0.00,-999,0.00,-999,0.00
2020-09-14 00:00:00,2020-09-14 10:00:00,-999,0.00,-999,0.00,-999,0.00,-999,0.00,-999,0.00,-999,0.00,-999,0.00,-999,0.00,-999,0.00,-999,0.00,3.490e+06,0.92,1.55,0.92,13.4,0.92,10.475,0.91,-999,0.00,-999,0.00,-999,0.00,-999,0.00,-999,0.00,-999,0.00,-999,0.00,-999,0.00,-999,0.00
2020-09-21 00:00:00,2020-09-21 10:00:00,-999,0.00,-999,0.00,-999,0.00,-999,0.00,-999,0.00,-999,0.00,-999,0.00,-999,0.00,-999,0.00,-999,0.00,3.701e+06,1.00,1.52,1.00,13.9,1.00,10.475,1.00,-999,0.00,-999,0.00,-999,0.00,-999,0.00,-999,0.00,-999,0.00,-999,0.00,-999,0.00,-999,0.00
2020-09-28 00:00:00,2020-09-28 10:00:00,-999,0.00,-999,0.00,-999,0.00,-999,0.00,-999,0.00,-999,0.00,-999,0.00,-999,0.00,-999,0.00,-999,0.00,2.044e+06,1.00,1.25,1.00,10.5,1.00,10.485,1.00,-999,0.00,-999,0.00,-999,0.00,-999,0.00,-999,0.00,-999,0.00,-999,0.00,-999,0.00,-999,0.00
2020-10-05 00:00:00,2020-10-05 10:00:00,-999,0.00,-999,0.00,-999,0.00,-999,0.00,-999,0.00,-999,0.00,-999,0.00,-999,0.00,-999,0.00,-999,0.00,2.978e+06,1.00,1.55,1.00,12.1,1.00,10.478,1.00,-999,0.00,-999,0.00,-999,0.00,-999,0.00,-999,0.00,-999,0.00,-999,0.00,-999,0.00,-999,0.00
2020-10-12 00:00:00,2020-10-12 10:00:00,0.011,0.94,-0.024,0.56,0.001,0.94,0.031,0.56,0.053,0.94,0.081,0.56,1.360e+06,0.95,1.03,0.95,12.3,0.95,213.0,0.95,1.709e+06,1.00,1.17,1.00,11.8,1.00,10.502,1.00,-999,0.00,-999,0.00,-999,0.00,-999,0.00,-999,0.00,-999,0.00,27.11,0.93,36.1852,0.93,23.6349,0.93
2020-10-19 00:00:00,2020-10-19 10:00:00,0.025,1.00,0.014,0.76,-0.002,1.00,0.043,0.76,0.070,1.00,0.109,0.76,1.413e+06,1.00,1.06,1.00,12.1,1.00,210.3,1.00,1.572e+06,1.00,1.14,1.00,11.9,1.00,10.490,1.00,-999,0.00,-999,0.00,-999,0.00,-999,0.00,-999,0.00,-999,0.00,27.37,1.00,36.1853,1.00,23.5510,1.00
2020-10-26 00:00:00,2020-10-26 10:00:00,0.010,1.00,-0.038,0.59,-0.005,1.00,0.048,0.59,0.056,1.00,0.102,0.59,2.487e+06,1.00,1.31,1.00,12.9,1.00,213.8,1.00,2.659e+06,1.00,1.39,1.00,12.0,1.00,10.454,1.00,-999,0.00,-999,0.00,-999,0.00,-999,0.00,-999,0.00,-999,0.00,27.44,1.00,36.1532,1.00,23.5029,1.00
2020-11-02 00:00:00,2020-11-02 10:00:00,0.071,1.00,0.092,0.64,-0.007,1.00,0.045,0.64,0.079,1.00,0.119,0.64,1.763e+06,1.00,1.16,1.00,12.1,1.00,209.4,1.00,2.006e+06,1.00,1.25,1.00,11.7,1.00,10.453,1.00,-999,0.00,-999,0.00,-999,0.00,-999,0.00,-999,0.00,-999,0.00,27.44,1.00,36.1119,1.00,23.4738,1.00
2020-11-09 00:00:00,2020-11-09 10:00:00,0.032,1.00,0.027,0.61,-0.003,1.00,0.031,0.61,0.061,1.00,0.099,0.61,1.270e+06,1.00,0.96,1.00,13.9,1.00,218.8,1.00,1.463e+06,1.00,1.05,1.00,13.3,1.00,10.467,1.00,-999,0.00,-999,0.00,-999,0.00,-999,0.00,-999,0.00,-999,0.00,27.42,1.00,36.0799,1.00,23.4567,1.00
2020-11-16 00:00:00,2020-11-16 10:00:00,0.038,1.00,-0.008,0.44,-0.008,1.00,0.033,0.44,0.071,1.00,0.118,0.44,8.947e+05,1.00,0.91,1.00,10.9,1.00,202.4,1.00,9.796e+05,1.00,0.95,1.00,10.7,1.00,10.446,1.00,-999,0.00,-999,0.00,-999,0.00,-999,0.00,-999,0.00,-999,0.00,27.91,1.00,35.9909,1.00,23.2273,1.00
2020-11-23 00:00:00,2020-11-23 10:00:00,0.063,1.00,0.112,0.50,-0.011,1.00,0.044,0.50,0.079,1.00,0.139,0.50,1.506e+06,1.00,1.12,1.00,12.3,1.00,215.4,1.00,1.535e+06,1.00,1.14,1.00,11.9,1.00,10.459,1.00,-999,0.00,-999,0.00,-999,0.00,-999,0.00,-999,0.00,-999,0.00,27.99,1.00,35.9311,1.00,23.1562,1.00
2020-11-30 00:00:00,2020-11-30 10:00:00,0.018,1.00,-0.025,0.63,-0.005,1.00,0.026,0.63,0.062,1.00,0.084,0.63,9.113e+05,1.00,0.83,1.00,13.1,1.00,218.4,1.00,1.132e+06,1.00,0.93,1.00,12.6,1.00,10.434,1.00,-999,0.00,-999,0.00,-999,0.00,-999,0.00,-999,0.00,-999,0.00,28.21,1.00,35.9867,1.00,23.1254,1.00
2020-12-07 00:00:00,2020-12-07 10:00:00,-0.001,1.00,0.012,0.74,-0.003,1.00,0.021,0.74,0.083,1.00,0.132,0.74,1.057e+06,1.00,0.84,1.00,12.8,1.00,215.0,1.00,1.341e+06,1.00,0.96,1.00,12.6,1.00,10.487,1.00,-999,0.00,-999,0.00,-999,0.00,-999,0.00,-999,0.00,-999,0.00,27.83,1.00,36.1307,1.00,23.3618,1.00
2020-12-14 00:00:00,2020-12-14 10:00:00,-0.002,1.00,-0.020,0.70,-0.000,1.00,0.037,0.70,0.073,1.00,0.136,0.70,2.341e+06,1.00,1.16,1.00,13.6,1.00,218.4,1.00,3.097e+06,1.00,1.34,1.00,13.2,1.00,10.490,1.00,-999,0.00,-999,0.00,-999,0.00,-999,0.00,-999,0.00,-999,0.00,27.97,1.00,36.1155,1.00,23.3011,1.00
2020-12-21 00:00:00,2020-12-21 10:00:00,0.001,1.00,0.019,0.85,-0.006,1.00,0.039,0.85,0.090,1.00,0.145,0.85,1.361e+06,1.00,1.06,1.00,9.8,1.00,227.5,1.00,1.539e+06,1.00,1.04,1.00,9.8,1.00,10.500,1.00,-999,0.00,-999,0.00,-999,0.00,-999,0.00,-999,0.00,-999,0.00,28.10,1.00,36.0124,1.00,23.1814,1.00
2020-12-28 00:00:00,2020-12-28 10:00:00,0.079,1.00,0.127,0.81,-0.006,1.00,0.010,0.81,0.111,1.00,0.153,0.81,3.750e+05,1.02,0.59,1.02,10.8,1.02,223.3,1.02,2.670e+05,1.00,0.50,1.00,10.5,1.00,10.491,1.00,-999,0.00,-999,0.00,-999,0.00,-999,0.00,-999,0.00,-999,0.00,28.28,1.00,36.0108,1.00,23.1222,1.00
2021-01-04 00:00:00,2021-01-04 10:00:00,0.065,1.00,0.081,0.86,-0.004,1.00,0.016,0.86,0.088,1.00,0.133,0.86,7.621e+05,1.00,0.79,1.00,12.0,1.00,204.4,1.00,6.788e+05,1.00,0.73,1.00,11.6,1.00,10.480,1.00,-999,0.00,-999,0.00,-999,0.00,-999,0.00,-999,0.00,-999,0.00,28.17,1.00,36.0883,1.00,23.2171,1.00
2021-01-11 00:00:00,2021-01-11 10:00:00,0.063,1.00,0.094,0.64,-0.004,1.00,0.040,0.64,0.083,1.00,0.131,0.64,1.508e+06,1.00,1.00,1.00,14.4,1.00,215.2,1.00,1.765e+06,1.00,1.09,1.00,13.8,1.00,10.468,1.00,-999,0.00,-999,0.00,-999,0.00,-999,0.00,-999,0.00,-999,0.00,28.05,1.00,36.0811,1.00,23.2501,1.00
2021-01-18 00:00:00,2021-01-18 10:00:00,0.017,1.00,0.035,0.89,-0.002,1.00,0.015,0.89,0.070,1.00,0.118,0.89,5.866e+05,1.00,0.64,1.00,13.1,1.00,223.1,1.00,6.634e+05,1.00,0.68,1.00,12.9,1.00,10.483,1.00,-999,0.00,-999,0.00,-999,0.00,-999,0.00,-999,0.00,-999,0.00,28.11,1.00,36.1196,1.00,23.2599,1.00
2021-01-25 00:00:00,2021-01-25 10:00:00,0.016,1.00,0.044,0.69,-0.003,1.00,0.021,0.69,0.060,1.00,0.103,0.69,7.972e+05,1.00,0.76,1.00,13.0,1.00,217.8,1.00,1.061e+06,1.00,0.83,1.00,12.8,1.00,10.492,1.00,-999,0.00,-999,0.00,-999,0.00,-999,0.00,-999,0.00,-999,0.00,28.21,1.00,36.1361,1.00,23.2408,1.00
2021-02-01 00:00:00,2021-02-01 10:00:00,0.024,1.00,0.028,0.99,-0.005,1.00,0.020,0.99,0.067,1.00,0.115,0.99,7.009e+05,1.00,0.73,1.00,12.0,1.00,225.8,1.00,7.221e+05,1.00,0.76,1.00,11.7,1.00,10.529,1.00,-999,0.00,-999,0.00,-999,0.00,-999,0.00,-999,0.00,-999,0.00,28.30,1.00,36.1191,1.00,23.1968,1.00
2021-02-08 00:00:00,2021-02-08 10:00:00,0.040,1.00,0.075,0.83,-0.005,1.00,0.025,0.83,0.058,1.00,0.099,0.83,1.077e+06,0.98,0.88,0.98,13.5,0.98,220.9,0.98,1.099e+06,0.90,0.91,0.90,13.0,0.90,10.591,0.90,-999,0.00,-999,0.00,-999,0.00,-999,0.00,-999,0.00,-999,0.00,28.40,1.00,36.0780,1.00,23.1334,1.00
2021-02-15 00:00:00,2021-02-15 10:00:00,0.016,1.00,0.034,0.95,-0.005,1.00,0.029,0.95,0.048,1.00,0.083,0.95,1.039e+06,1.00,0.87,1.00,12.3,1.00,222.4,1.00,1.070e+06,1.00,0.86,1.00,12.1,1.00,10.600,1.00,-999,0.00,-999,0.00,-999,0.00,-999,0.00,-999,0.00,-999,0.00,28.41,1.00,36.0838,1.00,23.1322,1.00
2021-02-22 00:00:00,2021-02-22 10:00:00,-0.011,1.00,0.003,0.72,0.003,1.00,0.084,0.72,0.047,1.00,0.115,0.72,3.452e+06,1.00,1.65,1.00,11.9,1.00,218.1,1.00,3.239e+06,1.00,1.61,1.00,11.5,1.00,10.632,1.00,-999,0.00,-999,0.00,-999,0.00,-999,0.00,-999,0.00,-999,0.00,28.59,1.00,36.1115,1.00,23.0940,1.00
2021-03-01 00:00:00,2021-03-01 10:00:00,0.025,1.00,0.028,0.89,-0.010,1.00,0.034,0.89,0.090,1.00,0.159,0.89,1.404e+06,1.00,0.99,1.00,13.6,1.00,228.3,1.00,1.174e+06,1.00,0.91,1.00,12.7,1.00,10.632,1.00,-999,0.00,-999,0.00,-999,0.00,-999,0.00,-999,0.00,-999,0.00,28.78,1.00,36.0784,1.00,23.0070,1.00
2021-03-08 00:00:00,2021-03-08 10:00:00,-0.001,1.00,0.005,0.77,-0.002,1.00,0.036,0.77,0.068,1.00,0.118,0.77,1.660e+06,1.00,1.15,1.00,12.1,1.00,236.4,1.00,1.287e+06,1.00,1.04,1.00,11.2,1.00,10.610,1.00,-999,0.00,-999,0.00,-999,0.00,-999,0.00,-999,0.00,-999,0.00,28.75,1.00,36.0874,1.00,23.0233,1.00
2021-03-15 00:00:00,2021-03-15 10:00:00,-0.005,1.00,-0.072,0.70,0.002,1.00,0.069,0.70,0.052,1.00,0.131,0.70,3.898e+06,1.00,1.62,1.00,13.6,1.00,211.7,1.00,3.671e+06,1.00,1.59,1.00,12.7,1.00,10.599,1.00,-999,0.00,-999,0.00,-999,0.00,-999,0.00,-999,0.00,-999,0.00,28.84,1.00,36.0940,1.00,22.9970,1.00
2021-03-22 00:00:00,2021-03-22 10:00:00,0.018,1.00,0.006,0.71,0.006,1.00,0.109,0.71,0.053,1.00,0.146,0.71,6.057e+06,1.00,1.97,1.00,15.2,1.00,219.0,1.00,5.915e+06,1.00,2.00,1.00,14.4,1.00,10.602,1.00,-999,0.00,-999,0.00,-999,0.00,-999,0.00,-999,0.00,-999,0.00,28.93,1.00,36.0952,1.00,22.9707,1.00
2021-03-29 00:00:00,2021-03-29 10:00:00,0.043,1.00,0.019,0.81,-0.009,1.00,0.056,0.81,0.078,1.00,0.122,0.81,2.549e+06,1.00,1.38,1.00,13.0,1.00,211.6,1.00,2.119e+06,1.00,1.28,1.00,12.1,1.00,10.635,1.00,-999,0.00,-999,0.00,-999,0.00,-999,0.00,-999,0.00,-999,0.00,28.84,1.00,36.2112,1.00,23.0860,1.00
2021-04-05 00:00:00,2021-04-05 10:00:00,-0.008,1.00,-0.034,0.66,0.006,1.00,0.065,0.66,0.059,1.00,0.130,0.66,3.406e+06,1.00,1.47,1.00,15.2,1.00,220.4,1.00,3.009e+06,1.00,1.41,1.00,14.2,1.00,10.605,1.00,-999,0.00,-999,0.00,-999,0.00,-999,0.00,-999,0.00,-999,0.00,28.79,1.00,36.2993,1.00,23.1694,1.00
2021-04-12 00:00:00,2021-04-12 10:00:00,0.008,1.00,-0.036,0.71,-0.004,1.00,0.043,0.71,0.061,1.00,0.116,0.71,1.867e+06,1.00,1.05,1.00,15.7,1.00,225.6,1.00,1.721e+06,1.00,1.03,1.00,15.1,1.00,10.581,1.00,-999,0.00,-999,0.00,-999,0.00,-999,0.00,-999,0.00,-999,0.00,28.67,1.00,36.2068,1.00,23.1410,1.00
2021-04-19 00:00:00,2021-04-19 10:00:00,-0.008,1.00,-0.042,0.64,-0.000,1.00,0.069,0.64,0.046,1.00,0.118,0.64,2.855e+06,1.00,1.47,1.00,13.3,1.00,214.9,1.00,2.329e+06,1.00,1.38,1.00,12.3,1.00,10.561,1.00,-999,0.00,-999,0.00,-999,0.00,-999,0.00,-999,0.00,-999,0.00,28.70,1.00,36.2512,1.00,23.1621,1.00
2021-04-26 00:00:00,2021-04-26 10:00:00,0.008,1.00,0.011,0.52,-0.004,1.00,0.046,0.52,0.058,1.00,0.117,0.52,2.171e+06,1.00,1.18,1.00,14.7,1.00,225.9,1.00,1.924e+06,1.00,1.16,1.00,13.7,1.00,10.543,1.00,-999,0.00,-999,0.00,-999,0.00,-999,0.00,-999,0.00,-999,0.00,28.73,1.00,36.1840,1.00,23.1019,1.00
2021-05-03 00:00:00,2021-05-03 10:00:00,0.009,1.00,0.014,0.48,0.003,1.00,0.097,0.48,0.051,1.00,0.129,0.48,4.856e+06,1.00,1.82,1.00,13.5,1.00,221.2,1.00,4.802e+06,1.00,1.83,1.00,12.8,1.00,10.537,1.00,-999,0.00,-999,0.00,-999,0.00,-999,0.00,-999,0.00,-999,0.00,28.74,1.00,36.0844,1.00,23.0251,1.00
2021-05-10 00:00:00,2021-05-10 10:00:00,0.024,1.00,0.024,0.60,0.007,1.00,0.065,0.60,0.064,1.00,0.113,0.60,3.906e+06,1.00,1.58,1.00,13.6,1.00,216.7,1.00,3.580e+06,1.00,1.54,1.00,12.8,1.00,10.563,1.00,-999,0.00,-999,0.00,-999,0.00,-999,0.00,-999,0.00,-999,0.00,28.57,1.00,36.1714,1.00,23.1460,1.00
2021-05-17 00:00:00,2021-05-17 10:00:00,0.057,1.00,0.056,0.85,0.003,1.00,0.084,0.85,0.079,1.00,0.139,0.85,4.572e+06,1.00,1.72,1.00,13.8,1.00,213.9,1.00,4.494e+06,1.00,1.68,1.00,13.2,1.00,10.594,1.00,-999,0.00,-999,0.00,-999,0.00,-999,0.00,-999,0.00,-999,0.00,28.40,1.00,36.2386,1.00,23.2523,1.00
2021-05-24 00:00:00,2021-05-24 10:00:00,0.007,1.00,-0.004,0.84,0.006,1.00,0.080,0.84,0.048,1.00,0.113,0.84,3.972e+06,1.00,1.68,1.00,14.0,1.00,220.1,1.00,3.772e+06,1.00,1.68,1.00,13.2,1.00,10.611,1.00,-999,0.00,-999,0.00,-999,0.00,-999,0.00,-999,0.00,-999,0.00,28.21,1.00,36.1641,1.00,23.2603,1.00
2021-05-31 00:00:00,2021-05-31 10:00:00,-0.036,1.00,-0.097,1.00,0.004,1.00,0.060,1.00,0.067,1.00,0.145,1.00,2.453e+06,1.00,1.36,1.00,12.6,1.00,222.7,1.00,2.283e+06,1.00,1.33,1.00,12.3,1.00,10.623,1.00,-999,0.00,-999,0.00,-999,0.00,-999,0.00,-999,0.00,-999,0.00,28.09,1.00,36.2612,1.00,23.3746,1.00
2021-06-07 00:00:00,2021-06-07 10:00:00,-0.017,1.00,-0.078,0.89,0.005,1.00,0.063,0.89,0.049,1.00,0.126,0.89,3.000e+06,1.00,1.51,1.00,12.8,1.00,212.3,1.00,2.360e+06,1.00,1.40,1.00,11.8,1.00,10.588,1.00,-999,0.00,-999,0.00,-999,0.00,-999,0.00,-999,0.00,-999,0.00,28.08,1.00,36.3580,1.00,23.4494,1.00
2021-06-14 00:00:00,2021-06-14 10:00:00,-0.031,1.00,-0.091,0.92,0.011,1.00,0.085,0.92,0.045,1.00,0.139,0.92,6.406e+06,1.00,1.94,1.00,14.7,1.00,212.9,1.00,6.677e+06,1.00,2.02,1.00,14.0,1.00,10.581,1.00,-999,0.00,-999,0.00,-999,0.00,-999,0.00,-999,0.00,-999,0.00,27.87,1.00,36.4482,1.00,23.5860,1.00
2021-06-21 00:00:00,2021-06-21 10:00:00,-0.008,1.00,-0.048,0.79,0.004,1.00,0.086,0.79,0.062,1.00,0.149,0.79,4.318e+06,1.00,1.69,1.00,14.2,1.00,218.4,1.00,4.519e+06,1.00,1.75,1.00,13.4,1.00,10.568,1.00,-999,0.00,-999,0.00,-999,0.00,-999,0.00,-999,0.00,-999,0.00,27.73,1.00,36.4147,1.00,23.6058,1.00
2021-06-28 00:00:00,2021-06-28 10:00:00,0.036,1.00,0.016,0.95,0.004,1.00,0.080,0.95,0.068,1.00,0.131,0.95,4.780e+06,1.00,1.72,1.00,15.3,1.00,221.8,1.00,4.511e+06,1.00,1.71,1.00,13.9,1.00,10.582,1.00,-999,0.00,-999,0.00,-999,0.00,-999,0.00,-999,0.00,-999,0.00,27.64,1.00,36.3658,1.00,23.5995,1.00
2021-07-05 00:00:00,2021-07-05 10:00:00,0.052,1.00,0.045,0.87,-0.002,1.00,0.040,0.87,0.066,1.00,0.095,0.87,1.542e+06,1.00,1.10,1.00,12.8,1.00,216.4,1.00,1.451e+06,1.00,1.07,1.00,12.4,1.00,10.563,1.00,-999,0.00,-999,0.00,-999,0.00,-999,0.00,-999,0.00,-999,0.00,27.50,1.00,36.3538,1.00,23.6348,1.00
2021-07-12 00:00:00,2021-07-12 10:00:00,0.064,1.00,0.052,0.91,-0.001,1.00,0.080,0.91,0.075,1.00,0.126,0.91,3.577e+06,1.00,1.63,1.00,13.2,1.00,220.3,1.00,3.311e+06,1.00,1.56,1.00,12.8,1.00,10.556,1.00,-999,0.00,-999,0.00,-999,0.00,-999,0.00,-999,0.00,-999,0.00,27.36,1.00,36.4175,1.00,23.7292,1.00
2021-07-19 00:00:00,2021-07-19 10:00:00,0.068,1.00,0.068,0.90,-0.001,1.00,0.039,0.90,0.072,1.00,0.095,0.90,1.688e+06,0.98,1.09,0.98,13.0,0.98,215.3,0.98,1.531e+06,0.82,1.06,0.82,12.6,0.82,10.562,0.82,-999,0.00,-999,0.00,-999,0.00,-999,0.00,-999,0.00,-999,0.00,27.05,0.99,33.7910,0.99,21.8508,0.99
2021-07-26 00:00:00,2021-07-26 10:00:00,-0.013,1.00,-0.053,0.97,0.004,1.00,0.059,0.97,0.041,1.00,0.103,0.97,2.586e+06,1.00,1.36,1.00,13.2,1.00,214.2,1.00,2.400e+06,1.00,1.36,1.00,12.6,1.00,10.547,1.00,-999,0.00,-999,0.00,-999,0.00,-999,0.00,-999,0.00,-999,0.00,26.98,1.00,32.3695,1.00,20.8026,1.00
2021-08-02 00:00:00,2021-08-02 10:00:00,-0.014,1.00,-0.024,0.85,0.003,1.00,0.079,0.85,0.039,1.00,0.117,0.85,4.578e+06,1.00,1.71,1.00,12.7,1.00,224.9,1.00,4.920e+06,1.00,1.76,1.00,12.2,1.00,10.525,1.00,-999,0.00,-999,0.00,-999,0.00,-999,0.00,-999,0.00,-999,0.00,26.93,1.00,32.3805,1.00,20.8265,1.00
2021-08-09 00:00:00,2021-08-09 10:00:00,-0.005,1.00,-0.048,0.95,0.000,1.00,0.113,0.95,0.056,1.00,0.160,0.95,7.523e+06,0.98,2.11,0.98,14.1,0.98,219.1,0.98,8.760e+06,1.00,2.24,1.00,13.5,1.00,10.556,1.00,-999,0.00,-999,0.00,-999,0.00,-999,0.00,-999,0.00,-999,0.00,26.99,1.00,34.8880,1.00,22.6965,1.00
2021-08-16 00:00:00,2021-08-16 10:00:00,-0.000,1.00,-0.044,1.00,0.006,1.00,0.051,1.00,0.054,1.00,0.116,1.00,3.462e+06,1.00,1.68,1.00,12.2,1.00,204.3,1.00,2.790e+06,1.00,1.54,1.00,11.5,1.00,10.535,1.00,-999,0.00,-999,0.00,-999,0.00,-999,0.00,-999,0.00,-999,0.00,26.82,1.00,36.4751,1.00,23.9462,1.00
2021-08-23 00:00:00,2021-08-23 10:00:00,0.012,1.00,0.004,1.00,0.001,1.00,0.033,1.00,0.045,1.00,0.077,1.00,1.325e+06,1.00,1.00,1.00,12.7,1.00,214.4,1.00,1.490e+06,1.00,1.07,1.00,12.2,1.00,11.443,1.00,-999,0.00,-999,0.00,-999,0.00,-999,0.00,-999,0.00,-999,0.00,26.76,1.00,36.4699,1.00,23.9621,1.00
2021-08-30 00:00:00,2021-08-30 10:00:00,-0.009,1.00,-0.053,1.00,0.005,1.00,0.062,1.00,0.040,1.00,0.108,1.00,3.011e+06,1.00,1.46,1.00,13.8,1.00,211.8,1.00,3.415e+06,1.00,1.57,1.00,13.2,1.00,12.225,1.00,-999,0.00,-999,0.00,-999,0.00,-999,0.00,-999,0.00,-999,0.00,26.89,1.00,36.4365,1.00,23.8940,1.00
2021-09-06 00:00:00,2021-09-06 10:00:00,-0.018,1.00,-0.094,1.00,0.005,1.00,0.068,1.00,0.052,1.00,0.142,1.00,4.492e+06,1.00,1.68,1.00,14.7,1.00,208.4,1.00,4.178e+06,1.00,1.66,1.00,13.6,1.00,11.527,1.00,-999,0.00,-999,0.00,-999,0.00,-999,0.00,-999,0.00,-999,0.00,26.84,1.00,36.4515,1.00,23.9216,1.00
2021-09-13 00:00:00,2021-09-13 10:00:00,-0.021,1.00,-0.077,1.00,0.007,1.00,0.056,1.00,0.048,1.00,0.122,1.00,3.409e+06,1.00,1.53,1.00,14.3,1.00,212.0,1.00,2.930e+06,1.00,1.46,1.00,13.3,1.00,11.257,1.00,-999,0.00,-999,0.00,-999,0.00,-999,0.00,-999,0.00,-999,0.00,26.78,0.94,36.4346,0.94,23.9299,0.94
2021-09-20 00:00:00,2021-09-20 10:00:00,-0.005,1.00,-0.010,1.00,-0.001,1.00,0.058,1.00,0.034,1.00,0.088,1.00,1.928e+06,1.00,1.24,1.00,12.3,1.00,209.6,1.00,2.086e+06,1.00,1.30,1.00,12.0,1.00,11.260,1.00,-999,0.00,-999,0.00,-999,0.00,-999,0.00,-999,0.00,-999,0.00,-999,0.00,-999,0.00,-999,0.00
2021-09-27 00:00:00,2021-09-27 10:00:00,0.043,1.00,0.055,1.00,-0.002,1.00,0.047,1.00,0.054,1.00,0.090,1.00,1.536e+06,1.00,1.02,1.00,14.3,1.00,214.1,1.00,1.735e+06,1.00,1.09,1.00,13.9,1.00,11.213,1.00,-999,0.00,-999,0.00,-999,0.00,-999,0.00,-999,0.00,-999,0.00,-999,0.00,-999,0.00,-999,0.00
2021-10-04 00:00:00,2021-10-04 10:00:00,-0.006,1.00,-0.065,1.00,0.004,1.00,0.103,1.00,0.047,1.00,0.145,1.00,5.812e+06,1.00,1.87,1.00,14.7,1.00,209.4,1.00,7.134e+06,1.00,2.10,1.00,14.0,1.00,11.235,1.00,-999,0.00,-999,0.00,-999,0.00,-999,0.00,-999,0.00,-999,0.00,-999,0.00,-999,0.00,-999,0.00
2021-10-11 00:00:00,2021-10-11 10:00:00,-0.016,1.00,-0.015,1.00,-0.001,1.00,0.029,1.00,0.049,1.00,0.087,1.00,1.214e+06,1.00,0.94,1.00,11.8,1.00,208.8,1.00,1.315e+06,1.00,0.97,1.00,11.5,1.00,11.237,1.00,-999,0.00,-999,0.00,-999,0.00,-999,0.00,-999,0.00,-999,0.00,-999,0.00,-999,0.00,-999,0.00
2021-10-18 00:00:00,2021-10-18 10:00:00,0.015,1.00,0.040,1.00,-0.004,1.00,0.051,1.00,0.067,1.00,0.132,1.00,2.079e+06,1.00,1.19,1.00,13.0,1.00,211.7,1.00,2.222e+06,1.00,1.23,1.00,12.4,1.00,11.268,1.00,-999,0.00,-999,0.00,-999,0.00,-999,0.00,-999,0.00,-999,0.00,-999,0.00,-999,0.00,-999,0.00
2021-10-25 00:00:00,2021-10-25 10:00:00,0.027,1.00,0.004,1.00,-0.005,1.00,0.054,1.00,0.079,1.00,0.140,1.00,2.348e+06,1.00,1.43,1.00,10.9,1.00,201.4,1.00,1.836e+06,1.00,1.28,1.00,10.4,1.00,11.368,1.00,-999,0.00,-999,0.00,-999,0.00,-999,0.00,-999,0.00,-999,0.00,-999,0.00,-999,0.00,-999,0.00
2021-11-01 00:00:00,2021-11-01 10:00:00,-0.003,1.00,-0.068,1.00,-0.002,1.00,0.076,1.00,0.048,1.00,0.130,1.00,3.492e+06,1.00,1.53,1.00,13.7,1.00,203.4,1.00,4.005e+06,1.00,1.58,1.00,13.1,1.00,11.276,1.00,-999,0.00,-999,0.00,-999,0.00,-999,0.00,-999,0.00,-999,0.00,-999,0.00,-999,0.00,-999,0.00
2021-11-08 00:00:00,2021-11-08 10:00:00,0.011,1.00,-0.048,1.00,-0.003,1.00,0.047,1.00,0.062,1.00,0.127,1.00,1.963e+06,1.00,1.23,1.00,12.4,1.00,202.9,1.00,1.542e+06,1.00,1.13,1.00,11.5,1.00,10.508,1.00,-999,0.00,-999,0.00,-999,0.00,-999,0.00,-999,0.00,-999,0.00,-999,0.00,-999,0.00,-999,0.00
2021-11-15 00:00:00,2021-11-15 10:00:00,0.064,1.00,0.049,1.00,-0.001,1.00,0.028,1.00,0.086,1.00,0.113,1.00,7.788e+05,1.00,0.91,1.00,10.0,1.00,192.1,1.00,5.389e+05,1.00,0.71,1.00,10.3,1.00,10.493,1.00,-999,0.00,-999,0.00,-999,0.00,-999,0.00,-999,0.00,-999,0.00,-999,0.00,-999,0.00,-999,0.00
2021-11-22 00:00:00,2021-11-22 10:00:00,0.079,1.00,0.106,1.00,-0.005,1.00,0.046,1.00,0.087,1.00,0.128,1.00,1.013e+06,1.00,0.91,1.00,12.0,1.00,208.0,1.00,9.654e+05,1.00,0.91,1.00,11.3,1.00,10.493,1.00,-999,0.00,-999,0.00,-999,0.00,-999,0.00,-999,0.00,-999,0.00,-999,0.00,-999,0.00,-999,0.00
2021-11-29 00:00:00,2021-11-29 10:00:00,0.077,1.00,0.095,1.00,0.004,1.00,0.047,1.00,0.082,1.00,0.116,1.00,1.867e+06,1.00,1.18,1.00,13.4,1.00,210.5,1.00,1.916e+06,1.00,1.22,1.00,12.6,1.00,10.538,1.00,-999,0.00,-999,0.00,-999,0.00,-999,0.00,-999,0.00,-999,0.00,-999,0.00,-999,0.00,-999,0.00
2021-12-06 00:00:00,2021-12-06 10:00:00,0.096,1.00,0.140,1.00,0.001,1.00,0.039,1.00,0.100,1.00,0.151,1.00,8.288e+05,1.00,0.80,1.00,12.6,1.00,208.1,1.00,7.750e+05,1.00,0.79,1.00,11.9,1.00,10.534,1.00,-999,0.00,-999,0.00,-999,0.00,-999,0.00,-999,0.00,-999,0.00,-999,0.00,-999,0.00,-999,0.00
2021-12-13 00:00:00,2021-12-13 10:00:00,0.115,1.00,0.126,1.00,0.002,1.00,0.051,1.00,0.117,1.00,0.153,1.00,1.596e+06,1.00,1.08,1.00,12.8,1.00,209.9,1.00,1.247e+06,1.00,0.99,1.00,12.1,1.00,10.514,1.00,-999,0.00,-999,0.00,-999,0.00,-999,0.00,-999,0.00,-999,0.00,-999,0.00,-999,0.00,-999,0.00
2021-12-20 00:00:00,2021-12-20 10:00:00,0.046,1.00,0.022,1.00,-0.002,1.00,0.044,1.00,0.064,1.00,0.105,1.00,1.944e+06,1.00,1.16,1.00,12.9,1.00,209.7,1.00,1.537e+06,1.00,1.08,1.00,11.6,1.00,10.524,1.00,-999,0.00,-999,0.00,-999,0.00,-999,0.00,-999,0.00,-999,0.00,-999,0.00,-999,0.00,-999,0.00
2021-12-27 00:00:00,2021-12-27 10:00:00,0.035,1.00,0.036,1.00,0.003,1.00,0.031,1.00,0.054,1.00,0.083,1.00,1.182e+06,1.04,0.91,1.04,13.4,1.04,211.6,1.04,8.362e+05,1.00,0.80,1.00,11.9,1.00,10.542,1.00,-999,0.00,-999,0.00,-999,0.00,-999,0.00,-999,0.00,-999,0.00,-999,0.00,-999,0.00,-999,0.00
2022-01-03 00:00:00,2022-01-03 10:00:00,0.003,1.00,-0.002,1.00,-0.003,1.00,0.022,1.00,0.064,1.00,0.099,1.00,7.748e+05,1.00,0.75,1.00,12.8,1.00,215.1,1.00,6.786e+05,1.00,0.71,1.00,12.2,1.00,10.555,1.00,-999,0.00,-999,0.00,-999,0.00,-999,0.00,-999,0.00,-999,0.00,-999,0.00,-999,0.00,-999,0.00
2022-01-10 00:00:00,2022-01-10 10:00:00,-0.014,1.00,0.031,1.00,-0.004,1.00,0.043,1.00,0.062,1.00,0.113,1.00,1.852e+06,1.00,1.27,1.00,11.2,1.00,234.0,1.00,1.632e+06,1.00,1.19,1.00,10.8,1.00,10.533,1.00,-999,0.00,-999,0.00,-999,0.00,-999,0.00,-999,0.00,-999,0.00,-999,0.00,-999,0.00,-999,0.00
2022-01-17 00:00:00,2022-01-17 10:00:00,0.033,1.00,0.052,1.00,0.004,1.00,0.023,1.00,0.078,1.00,0.122,1.00,9.267e+05,1.00,0.88,1.00,11.2,1.00,205.8,1.00,8.752e+05,1.00,0.87,1.00,10.9,1.00,10.547,1.00,-999,0.00,-999,0.00,-999,0.00,-999,0.00,-999,0.00,-999,0.00,-999,0.00,-999,0.00,-999,0.00
2022-01-24 00:00:00,2022-01-24 10:00:00,0.026,1.00,0.025,1.00,0.002,1.00,0.056,1.00,0.055,1.00,0.105,1.00,2.285e+06,1.00,1.22,1.00,13.3,1.00,217.0,1.00,2.353e+06,1.00,1.27,1.00,12.8,1.00,10.535,1.00,-999,0.00,-999,0.00,-999,0.00,-999,0.00,-999,0.00,-999,0.00,-999,0.00,-999,0.00,-999,0.00
2022-01-31 00:00:00,2022-01-31 10:00:00,0.002,1.00,-0.017,1.00,0.002,1.00,0.045,1.00,0.044,1.00,0.093,1.00,2.060e+06,0.98,1.25,0.98,12.8,0.98,205.7,0.98,2.327e+06,0.92,1.33,0.92,12.5,0.92,10.559,0.92,-999,0.00,-999,0.00,-999,0.00,-999,0.00,-999,0.00,-999,0.00,-999,0.00,-999,0.00,-999,0.00
2022-02-07 00:00:00,2022-02-07 10:00:00,0.040,1.00,0.048,1.00,0.002,1.00,0.049,1.00,0.056,1.00,0.105,1.00,2.196e+06,1.00,1.22,1.00,13.0,1.00,211.8,1.00,2.405e+06,1.00,1.26,1.00,12.5,1.00,10.596,1.00,-999,0.00,-999,0.00,-999,0.00,-999,0.00,-999,0.00,-999,0.00,-999,0.00,-999,0.00,-999,0.00
2022-02-14 00:00:00,2022-02-14 10:00:00,0.040,1.00,0.058,1.00,-0.001,1.00,0.029,1.00,0.065,1.00,0.103,1.00,9.636e+05,1.00,0.87,1.00,12.3,1.00,214.5,1.00,9.995e+05,1.00,0.85,1.00,12.3,1.00,10.589,1.00,-999,0.00,-999,0.00,-999,0.00,-999,0.00,-999,0.00,-999,0.00,-999,0.00,-999,0.00,-999,0.00
2022-02-21 00:00:00,2022-02-21 10:00:00,0.070,1.00,0.092,1.00,-0.004,1.00,0.047,1.00,0.079,1.00,0.124,1.00,1.788e+06,1.00,1.09,1.00,14.0,1.00,213.8,1.00,1.693e+06,1.00,1.09,1.00,12.7,1.00,10.591,1.00,-999,0.00,-999,0.00,-999,0.00,-999,0.00,-999,0.00,-999,0.00,-999,0.00,-999,0.00,-999,0.00
2022-02-28 00:00:00,2022-02-28 10:00:00,0.065,1.00,0.103,1.00,0.001,1.00,0.037,1.00,0.074,1.00,0.122,1.00,1.190e+06,1.00,0.94,1.00,12.9,1.00,220.1,1.00,1.187e+06,1.00,0.94,1.00,12.8,1.00,10.605,1.00,-999,0.00,-999,0.00,-999,0.00,-999,0.00,-999,0.00,-999,0.00,-999,0.00,-999,0.00,-999,0.00
2022-03-07 00:00:00,2022-03-07 10:00:00,0.005,1.00,-0.003,1.00,-0.001,1.00,0.045,1.00,0.039,1.00,0.085,1.00,1.761e+06,1.00,1.13,1.00,13.5,1.00,211.3,1.00,1.861e+06,1.00,1.18,1.00,12.9,1.00,10.579,1.00,-999,0.00,-999,0.00,-999,0.00,-999,0.00,-999,0.00,-999,0.00,-999,0.00,-999,0.00,-999,0.00
2022-03-14 00:00:00,2022-03-14 10:00:00,-0.004,1.00,-0.033,1.00,-0.005,1.00,0.055,1.00,0.041,1.00,0.105,1.00,2.249e+06,1.00,1.26,1.00,13.5,1.00,207.9,1.00,2.365e+06,1.00,1.31,1.00,12.7,1.00,10.575,1.00,-999,0.00,-999,0.00,-999,0.00,-999,0.00,-999,0.00,-999,0.00,-999,0.00,-999,0.00,-999,0.00
2022-03-21 00:00:00,2022-03-21 10:00:00,0.010,1.00,-0.022,1.00,-0.003,1.00,0.046,1.00,0.067,1.00,0.121,1.00,1.927e+06,1.00,1.19,1.00,13.0,1.00,209.2,1.00,2.007e+06,1.00,1.22,1.00,12.6,1.00,10.607,1.00,-999,0.00,-999,0.00,-999,0.00,-999,0.00,-999,0.00,-999,0.00,-999,0.00,-999,0.00,-999,0.00
2022-03-28 00:00:00,2022-03-28 10:00:00,0.040,1.00,0.037,1.00,-0.004,1.00,0.040,1.00,0.059,1.00,0.096,1.00,1.437e+06,1.00,1.04,1.00,12.7,1.00,211.0,1.00,1.268e+06,1.00,1.00,1.00,12.1,1.00,10.614,1.00,-999,0.00,-999,0.00,-999,0.00,-999,0.00,-999,0.00,-999,0.00,-999,0.00,-999,0.00,-999,0.00
2022-04-04 00:00:00,2022-04-04 10:00:00,0.067,1.00,0.066,1.00,0.005,1.00,0.072,1.00,0.084,1.00,0.132,1.00,3.420e+06,1.00,1.49,1.00,14.4,1.00,211.9,1.00,3.520e+06,1.00,1.52,1.00,13.7,1.00,10.605,1.00,-999,0.00,-999,0.00,-999,0.00,-999,0.00,-999,0.00,-999,0.00,-999,0.00,-999,0.00,-999,0.00
2022-04-11 00:00:00,2022-04-11 10:00:00,0.040,1.00,0.044,1.00,0.007,1.00,0.065,1.00,0.058,1.00,0.112,1.00,3.035e+06,1.00,1.44,1.00,13.8,1.00,217.5,1.00,3.277e+06,1.00,1.49,1.00,13.4,1.00,10.607,1.00,-999,0.00,-999,0.00,-999,0.00,-999,0.00,-999,0.00,-999,0.00,-999,0.00,-999,0.00,-999,0.00
2022-04-18 00:00:00,2022-04-18 10:00:00,-0.000,1.00,-0.041,1.00,0.007,1.00,0.100,1.00,0.052,1.00,0.147,1.00,6.382e+06,1.00,2.04,1.00,13.8,1.00,207.2,1.00,6.435e+06,1.00,2.14,1.00,12.9,1.00,10.592,1.00,-999,0.00,-999,0.00,-999,0.00,-999,0.00,-999,0.00,-999,0.00,-999,0.00,-999,0.00,-999,0.00
2022-04-25 00:00:00,2022-04-25 10:00:00,-0.008,1.00,-0.047,1.00,0.006,1.00,0.076,1.00,0.056,1.00,0.133,1.00,5.999e+06,1.00,1.76,1.00,15.0,1.00,212.8,1.00,7.292e+06,1.00,1.89,1.00,14.4,1.00,10.601,1.00,-999,0.00,-999,0.00,-999,0.00,-999,0.00,-999,0.00,-999,0.00,-999,0.00,-999,0.00,-999,0.00
2022-05-02 00:00:00,2022-05-02 10:00:00,0.002,1.00,0.001,1.00,0.003,1.00,0.058,1.00,0.049,1.00,0.108,1.00,2.784e+06,1.00,1.43,1.00,12.2,1.00,205.7,1.00,2.935e+06,1.00,1.45,1.00,11.7,1.00,10.597,1.00,-999,0.00,-999,0.00,-999,0.00,-999,0.00,-999,0.00,-999,0.00,-999,0.00,-999,0.00,-999,0.00
2022-05-09 00:00:00,2022-05-09 10:00:00,0.022,1.00,0.024,1.00,0.007,1.00,0.051,1.00,0.042,1.00,0.083,1.00,2.654e+06,1.00,1.30,1.00,14.0,1.00,206.4,1.00,2.804e+06,1.00,1.33,1.00,13.8,1.00,10.595,1.00,-999,0.00,-999,0.00,-999,0.00,-999,0.00,-999,0.00,-999,0.00,-999,0.00,-999,0.00,-999,0.00
2022-05-16 00:00:00,2022-05-16 10:00:00,0.019,1.00,0.015,1.00,0.004,1.00,0.069,1.00,0.052,1.00,0.107,1.00,3.231e+06,1.00,1.51,1.00,13.9,1.00,216.3,1.00,3.466e+06,1.00,1.59,1.00,13.5,1.00,10.575,1.00,-999,0.00,-999,0.00,-999,0.00,-999,0.00,-999,0.00,-999,0.00,-999,0.00,-999,0.00,-999,0.00
2022-05-23 00:00:00,2022-05-23 10:00:00,-0.016,1.00,-0.064,1.00,0.003,1.00,0.122,1.00,0.084,1.00,0.204,1.00,1.027e+07,1.00,2.44,1.00,14.8,1.00,215.7,1.00,1.265e+07,1.00,2.71,1.00,14.4,1.00,10.553,1.00,-999,0.00,-999,0.00,-999,0.00,-999,0.00,-999,0.00,-999,0.00,-999,0.00,-999,0.00,-999,0.00
2022-05-30 00:00:00,2022-05-30 10:00:00,0.016,1.00,-0.019,1.00,0.004,1.00,0.080,1.00,0.064,1.00,0.134,1.00,4.029e+06,1.00,1.74,1.00,12.2,1.00,208.3,1.00,3.417e+06,1.00,1.67,1.00,11.2,1.00,10.535,1.00,-999,0.00,-999,0.00,-999,0.00,-999,0.00,-999,0.00,-999,0.00,-999,0.00,-999,0.00,-999,0.00
2022-06-06 00:00:00,2022-06-06 10:00:00,0.048,1.00,0.035,1.00,-0.003,1.00,0.038,1.00,0.063,1.00,0.088,1.00,1.382e+06,1.00,1.11,1.00,11.0,1.00,208.9,1.00,1.035e+06,1.00,0.97,1.00,10.7,1.00,10.521,1.00,-999,0.00,-999,0.00,-999,0.00,-999,0.00,-999,0.00,-999,0.00,-999,0.00,-999,0.00,-999,0.00
2022-06-13 00:00:00,2022-06-13 10:00:00,0.080,1.00,0.057,1.00,-0.002,1.00,0.067,1.00,0.111,1.00,0.164,1.00,4.266e+06,1.00,1.62,1.00,13.1,1.00,215.1,1.00,4.427e+06,1.00,1.56,1.00,12.7,1.00,10.513,1.00,-999,0.00,-999,0.00,-999,0.00,-999,0.00,-999,0.00,-999,0.00,-999,0.00,-999,0.00,-999,0.00
2022-06-20 00:00:00,2022-06-20 10:00:00,-0.002,1.00,-0.049,1.00,0.005,1.00,0.096,1.00,0.054,1.00,0.151,1.00,6.294e+06,1.00,1.95,1.00,14.2,1.00,211.4,1.00,6.367e+06,1.00,2.00,1.00,13.6,1.00,10.551,1.00,-999,0.00,-999,0.00,-999,0.00,-999,0.00,-999,0.00,-999,0.00,-999,0.00,-999,0.00,-999,0.00
2022-06-27 00:00:00,2022-06-27 10:00:00,-0.020,1.00,-0.068,1.00,-0.000,1.00,0.043,1.00,0.064,1.00,0.123,1.00,1.774e+06,1.00,1.30,1.00,10.0,1.00,195.3,1.00,1.274e+06,1.00,1.08,1.00,9.9,1.00,10.531,1.00,-999,0.00,-999,0.00,-999,0.00,-999,0.00,-999,0.00,-999,0.00,-999,0.00,-999,0.00,-999,0.00
2022-07-04 00:00:00,2022-07-04 10:00:00,-0.022,1.00,-0.061,1.00,0.010,1.00,0.067,1.00,0.041,1.00,0.109,1.00,5.355e+06,1.00,1.79,1.00,15.1,1.00,217.2,1.00,5.434e+06,1.00,1.85,1.00,14.1,1.00,10.579,1.00,-999,0.00,-999,0.00,-999,0.00,-999,0.00,-999,0.00,-999,0.00,-999,0.00,-999,0.00,-999,0.00
2022-07-11 00:00:00,2022-07-11 10:00:00,-0.041,1.00,-0.128,0.99,0.009,1.00,0.057,0.99,0.070,1.00,0.167,0.99,1.306e+07,1.00,2.56,1.00,14.4,1.00,212.0,1.00,1.281e+07,1.00,2.54,1.00,13.4,1.00,10.551,1.00,-999,0.00,-999,0.00,-999,0.00,-999,0.00,-999,0.00,-999,0.00,-999,0.00,-999,0.00,-999,0.00
2022-07-18 00:00:00,2022-07-18 10:00:00,0.045,1.00,0.041,1.00,0.002,1.00,0.076,1.00,0.070,1.00,0.143,1.00,2.857e+06,0.98,1.42,0.98,12.1,0.98,208.3,0.98,9.885e+05,0.63,0.90,0.63,11.2,0.63,10.556,0.63,-999,0.00,-999,0.00,-999,0.00,-999,0.00,-999,0.00,-999,0.00,-999,0.00,-999,0.00,-999,0.00
2022-07-25 00:00:00,2022-07-25 10:00:00,0.036,1.00,-0.023,1.00,0.004,1.00,0.114,1.00,0.066,1.00,0.153,1.00,6.908e+06,1.00,2.20,1.00,12.7,1.00,203.5,1.00,6.460e+06,1.00,2.12,1.00,11.9,1.00,10.461,1.00,-999,0.00,-999,0.00,-999,0.00,-999,0.00,-999,0.00,-999,0.00,-999,0.00,-999,0.00,-999,0.00
2022-08-01 00:00:00,2022-08-01 10:00:00,0.007,1.00,-0.057,1.00,-0.001,1.00,0.041,1.00,0.051,1.00,0.098,1.00,3.176e+06,1.00,1.67,1.00,9.5,1.00,186.9,1.00,1.997e+06,1.00,1.32,1.00,9.7,1.00,10.483,1.00,-999,0.00,-999,0.00,-999,0.00,-999,0.00,-999,0.00,-999,0.00,-999,0.00,-999,0.00,-999,0.00
2022-08-08 00:00:00,2022-08-08 10:00:00,0.037,1.00,0.010,1.00,-0.002,1.00,0.047,1.00,0.059,1.00,0.102,1.00,1.965e+06,1.00,1.13,1.00,11.7,1.00,201.6,1.00,1.651e+06,1.00,1.07,1.00,11.2,1.00,10.466,1.00,-999,0.00,-999,0.00,-999,0.00,-999,0.00,-999,0.00,-999,0.00,-999,0.00,-999,0.00,-999,0.00
2022-08-15 00:00:00,2022-08-15 10:00:00,0.007,1.00,-0.028,1.00,0.007,1.00,0.083,1.00,0.055,1.00,0.135,1.00,5.126e+06,1.00,1.78,1.00,13.1,1.00,212.8,1.00,5.510e+06,1.00,1.88,1.00,12.5,1.00,10.481,1.00,-999,0.00,-999,0.00,-999,0.00,-999,0.00,-999,0.00,-999,0.00,-999,0.00,-999,0.00,-999,0.00
2022-08-22 00:00:00,2022-08-22 10:00:00,0.036,1.00,-0.005,1.00,-0.002,1.00,0.060,1.00,0.067,1.00,0.112,1.00,2.204e+06,1.00,1.38,1.00,11.1,1.00,196.5,1.00,1.669e+06,1.00,1.21,1.00,10.8,1.00,10.481,1.00,-999,0.00,-999,0.00,-999,0.00,-999,0.00,-999,0.00,-999,0.00,-999,0.00,-999,0.00,-999,0.00
2022-08-29 00:00:00,2022-08-29 10:00:00,0.065,1.00,0.072,1.00,-0.003,1.00,0.052,1.00,0.082,1.00,0.119,1.00,1.644e+06,1.00,1.09,1.00,13.3,1.00,212.7,1.00,2.086e+06,1.00,1.23,1.00,13.2,1.00,10.474,1.00,-999,0.00,-999,0.00,-999,0.00,-999,0.00,-999,0.00,-999,0.00,-999,0.00,-999,0.00,-999,0.00
2022-09-05 00:00:00,2022-09-05 10:00:00,0.053,1.00,0.024,1.00,0.002,1.00,0.069,1.00,0.064,1.00,0.103,1.00,3.205e+06,1.00,1.46,1.00,14.0,1.00,213.9,1.00,3.277e+06,1.00,1.48,1.00,13.1,1.00,10.495,1.00,-999,0.00,-999,0.00,-999,0.00,-999,0.00,-999,0.00,-999,0.00,-999,0.00,-999,0.00,-999,0.00
2022-09-12 00:00:00,2022-09-12 10:00:00,0.001,1.00,-0.058,1.00,0.003,1.00,0.055,1.00,0.044,1.00,0.108,1.00,2.726e+06,1.00,1.43,1.00,12.5,1.00,201.2,1.00,2.561e+06,1.00,1.33,1.00,11.9,1.00,10.481,1.00,-999,0.00,-999,0.00,-999,0.00,-999,0.00,-999,0.00,-999,0.00,-999,0.00,-999,0.00,-999,0.00
2022-09-19 00:00:00,2022-09-19 10:00:00,0.015,1.00,-0.046,1.00,0.007,1.00,0.096,1.00,0.053,1.00,0.141,1.00,4.821e+06,1.00,1.91,1.00,12.3,1.00,201.9,1.00,4.988e+06,1.00,1.89,1.00,12.1,1.00,10.496,1.00,-999,0.00,-999,0.00,-999,0.00,-999,0.00,-999,0.00,-999,0.00,-999,0.00,-999,0.00,-999,0.00
2022-09-26 00:00:00,2022-09-26 10:00:00,0.001,1.00,-0.018,1.00,-0.000,1.00,0.060,1.00,0.046,1.00,0.098,1.00,2.124e+06,1.00,1.30,1.00,12.6,1.00,209.1,1.00,2.472e+06,1.00,1.37,1.00,12.2,1.00,10.505,1.00,-999,0.00,-999,0.00,-999,0.00,-999,0.00,-999,0.00,-999,0.00,-999,0.00,-999,0.00,-999,0.00
2022-10-03 00:00:00,2022-10-03 10:00:00,0.021,1.00,-0.029,1.00,-0.000,1.00,0.070,1.00,0.042,1.00,0.102,1.00,4.231e+06,1.00,1.65,1.00,14.7,1.00,214.2,1.00,3.496e+06,1.00,1.58,1.00,13.5,1.00,10.490,1.00,-999,0.00,-999,0.00,-999,0.00,-999,0.00,-999,0.00,-999,0.00,-999,0.00,-999,0.00,-999,0.00
2022-10-10 00:00:00,2022-10-10 10:00:00,-0.005,1.00,-0.081,1.00,0.003,1.00,0.075,1.00,0.043,1.00,0.134,1.00,3.608e+06,1.00,1.61,1.00,13.0,1.00,210.8,1.00,3.517e+06,1.00,1.60,1.00,12.3,1.00,10.474,1.00,-999,0.00,-999,0.00,-999,0.00,-999,0.00,-999,0.00,-999,0.00,-999,0.00,-999,0.00,-999,0.00
2022-10-17 00:00:00,2022-10-17 10:00:00,0.005,1.00,-0.042,1.00,-0.002,1.00,0.051,1.00,0.053,1.00,0.117,1.00,2.977e+06,1.00,1.32,1.00,13.8,1.00,212.3,1.00,2.555e+06,1.00,1.26,1.00,12.7,1.00,10.463,1.00,-999,0.00,-999,0.00,-999,0.00,-999,0.00,-999,0.00,-999,0.00,-999,0.00,-999,0.00,-999,0.00
2022-10-24 00:00:00,2022-10-24 10:00:00,-0.008,1.00,-0.035,1.00,0.005,1.00,0.096,1.00,0.038,1.00,0.142,1.00,4.483e+06,1.00,1.77,1.00,13.9,1.00,217.9,1.00,4.596e+06,1.00,1.85,1.00,13.2,1.00,10.475,1.00,-999,0.00,-999,0.00,-999,0.00,-999,0.00,-999,0.00,-999,0.00,-999,0.00,-999,0.00,-999,0.00
2022-10-31 00:00:00,2022-10-31 10:00:00,0.058,1.00,0.040,1.00,-0.003,1.00,0.066,1.00,0.076,1.00,0.151,1.00,3.054e+06,1.00,1.54,1.00,10.1,1.00,213.1,1.00,2.481e+06,1.00,1.37,1.00,9.8,1.00,10.470,1.00,-999,0.00,-999,0.00,-999,0.00,-999,0.00,-999,0.00,-999,0.00,-999,0.00,-999,0.00,-999,0.00
2022-11-07 00:00:00,2022-11-07 10:00:00,0.034,1.00,-0.024,1.00,-0.008,1.00,0.078,1.00,0.058,1.00,0.123,1.00,3.277e+06,1.00,1.53,1.00,13.2,1.00,215.8,1.00,2.595e+06,1.00,1.40,1.00,12.0,1.00,10.407,1.00,-999,0.00,-999,0.00,-999,0.00,-999,0.00,-999,0.00,-999,0.00,-999,0.00,-999,0.00,-999,0.00
2022-11-14 00:00:00,2022-11-14 10:00:00,0.016,1.00,-0.038,1.00,-0.009,1.00,0.062,1.00,0.060,1.00,0.134,1.00,1.846e+06,1.00,1.22,1.00,12.0,1.00,205.2,1.00,1.822e+06,1.00,1.20,1.00,11.5,1.00,10.416,1.00,-999,0.00,-999,0.00,-999,0.00,-999,0.00,-999,0.00,-999,0.00,-999,0.00,-999,0.00,-999,0.00
2022-11-21 00:00:00,2022-11-21 10:00:00,0.021,1.00,-0.051,1.00,-0.003,1.00,0.028,1.00,0.077,1.00,0.124,1.00,9.121e+05,1.00,0.96,1.00,10.0,1.00,196.4,1.00,5.190e+05,1.00,0.72,1.00,9.9,1.00,10.420,1.00,-999,0.00,-999,0.00,-999,0.00,-999,0.00,-999,0.00,-999,0.00,-999,0.00,-999,0.00,-999,0.00
2022-11-28 00:00:00,2022-11-28 10:00:00,-0.006,1.00,-0.025,1.00,0.000,1.00,0.019,1.00,0.068,1.00,0.102,1.00,6.334e+05,1.00,0.68,1.00,13.1,1.00,226.7,1.00,5.217e+05,1.00,0.64,1.00,12.4,1.00,10.437,1.00,-999,0.00,-999,0.00,-999,0.00,-999,0.00,-999,0.00,-999,0.00,-999,0.00,-999,0.00,-999,0.00
2022-12-05 00:00:00,2022-12-05 10:00:00,0.000,1.00,-0.027,1.00,-0.003,1.00,0.046,1.00,0.065,1.00,0.119,1.00,1.971e+06,1.00,1.18,1.00,13.2,1.00,220.2,1.00,2.241e+06,1.00,1.28,1.00,12.8,1.00,10.459,1.00,-999,0.00,-999,0.00,-999,0.00,-999,0.00,-999,0.00,-999,0.00,-999,0.00,-999,0.00,-999,0.00
2022-12-12 00:00:00,2022-12-12 10:00:00,0.014,1.00,0.008,1.00,-0.002,1.00,0.021,1.00,0.065,1.00,0.104,1.00,9.154e+05,1.00,0.85,1.00,11.0,1.00,201.6,1.00,8.835e+05,1.00,0.82,1.00,11.0,1.00,10.484,1.00,-999,0.00,-999,0.00,-999,0.00,-999,0.00,-999,0.00,-999,0.00,-999,0.00,-999,0.00,-999,0.00
2022-12-19 00:00:00,2022-12-19 10:00:00,0.017,1.00,-0.014,1.00,-0.003,1.00,0.027,1.00,0.056,1.00,0.090,1.00,1.153e+06,1.00,0.94,1.00,12.9,1.00,212.7,1.00,9.355e+05,1.00,0.86,1.00,11.9,1.00,10.477,1.00,-999,0.00,-999,0.00,-999,0.00,-999,0.00,-999,0.00,-999,0.00,-999,0.00,-999,0.00,-999,0.00
2022-12-26 00:00:00,2022-12-26 10:00:00,0.028,1.00,0.042,1.00,-0.006,1.00,0.040,1.00,0.075,1.00,0.118,1.00,1.330e+06,1.02,0.97,1.02,12.9,1.02,215.1,1.02,1.275e+06,1.00,0.97,1.00,12.5,1.00,10.513,1.00,-999,0.00,-999,0.00,-999,0.00,-999,0.00,-999,0.00,-999,0.00,-999,0.00,-999,0.00,-999,0.00
2023-01-02 00:00:00,2023-01-02 10:00:00,-0.010,1.00,0.003,1.00,-0.003,1.00,0.054,1.00,0.070,1.00,0.122,1.00,1.923e+06,1.00,1.22,1.00,12.5,1.00,213.9,1.00,1.818e+06,1.00,1.22,1.00,11.9,1.00,10.490,1.00,-999,0.00,-999,0.00,-999,0.00,-999,0.00,-999,0.00,-999,0.00,-999,0.00,-999,0.00,-999,0.00
2023-01-09 00:00:00,2023-01-09 10:00:00,0.019,1.00,0.075,1.00,-0.006,1.00,0.044,1.00,0.080,1.00,0.139,1.00,1.438e+06,1.00,1.20,1.00,9.9,1.00,238.9,1.00,1.071e+06,1.00,1.04,1.00,9.9,1.00,10.518,1.00,-999,0.00,-999,0.00,-999,0.00,-999,0.00,-999,0.00,-999,0.00,-999,0.00,-999,0.00,-999,0.00
2023-01-16 00:00:00,2023-01-16 10:00:00,0.033,0.99,0.061,0.76,-0.008,0.99,0.036,0.76,0.070,0.99,0.117,0.76,1.409e+06,0.98,1.04,0.98,11.6,0.98,227.6,0.98,1.603e+06,0.89,1.08,0.89,11.7,0.89,10.526,0.88,-999,0.00,-999,0.00,-999,0.00,-999,0.00,-999,0.00,-999,0.00,-999,0.00,-999,0.00,-999,0.00
2023-01-23 00:00:00,2023-01-23 10:00:00,0.034,1.00,0.049,0.61,-0.001,1.00,0.047,0.61,0.068,1.00,0.118,0.61,2.337e+06,1.00,1.16,1.00,13.5,1.00,217.6,1.00,3.022e+06,1.00,1.31,1.00,13.2,1.00,10.565,1.00,-999,0.00,-999,0.00,-999,0.00,-999,0.00,-999,0.00,-999,0.00,-999,0.00,-999,0.00,-999,0.00
2023-01-30 00:00:00,2023-01-30 10:00:00,0.093,1.00,0.124,0.60,-0.007,1.00,0.029,0.60,0.103,1.00,0.138,0.60,1.078e+06,1.00,0.94,1.00,12.0,1.00,208.3,1.00,1.101e+06,1.00,0.93,1.00,11.9,1.00,10.551,1.00,-999,0.00,-999,0.00,-999,0.00,-999,0.00,-999,0.00,-999,0.00,-999,0.00,-999,0.00,-999,0.00
2023-02-06 00:00:00,2023-02-06 10:00:00,0.094,1.00,0.111,0.67,-0.008,1.00,0.014,0.67,0.099,1.00,0.125,0.67,6.111e+05,1.00,0.65,1.00,14.4,1.00,221.9,1.00,6.272e+05,1.00,0.68,1.00,13.6,1.00,10.571,1.00,-999,0.00,-999,0.00,-999,0.00,-999,0.00,-999,0.00,-999,0.00,-999,0.00,-999,0.00,-999,0.00
2023-02-13 00:00:00,2023-02-13 10:00:00,0.064,1.00,0.119,0.68,-0.007,1.00,0.045,0.68,0.083,1.00,0.155,0.68,1.761e+06,1.00,1.12,1.00,12.8,1.00,226.2,1.00,2.147e+06,1.00,1.22,1.00,12.3,1.00,10.563,1.00,-999,0.00,-999,0.00,-999,0.00,-999,0.00,-999,0.00,-999,0.00,-999,0.00,-999,0.00,-999,0.00
2023-02-20 00:00:00,2023-02-20 10:00:00,0.025,1.00,-0.013,0.62,-0.006,1.00,0.025,0.62,0.088,1.00,0.134,0.62,1.113e+06,1.00,0.89,1.00,12.5,1.00,214.3,1.00,1.127e+06,1.00,0.88,1.00,12.2,1.00,10.586,1.00,-999,0.00,-999,0.00,-999,0.00,-999,0.00,-999,0.00,-999,0.00,-999,0.00,-999,0.00,-999,0.00
2023-02-27 00:00:00,2023-02-27 10:00:00,-0.015,1.00,-0.012,0.55,-0.004,1.00,0.052,0.55,0.063,1.00,0.117,0.55,1.924e+06,1.00,1.24,1.00,12.1,1.00,217.7,1.00,1.952e+06,1.00,1.27,1.00,11.7,1.00,10.538,1.00,-999,0.00,-999,0.00,-999,0.00,-999,0.00,-999,0.00,-999,0.00,-999,0.00,-999,0.00,-999,0.00
2023-03-06 00:00:00,2023-03-06 10:00:00,-0.017,1.00,-0.058,0.50,-0.000,1.00,0.089,0.50,0.076,1.00,0.163,0.50,4.164e+06,1.00,1.84,1.00,12.1,1.00,226.0,1.00,3.175e+06,1.00,1.69,1.00,10.9,1.00,10.558,1.00,-999,0.00,-999,0.00,-999,0.00,-999,0.00,-999,0.00,-999,0.00,-999,0.00,-999,0.00,-999,0.00
2023-03-13 00:00:00,2023-03-13 10:00:00,-0.002,1.00,0.002,0.70,-0.001,1.00,0.029,0.70,0.075,1.00,0.114,0.70,1.090e+06,1.00,0.93,1.00,11.5,1.00,216.0,1.00,1.129e+06,1.00,0.94,1.00,11.1,1.00,10.562,1.00,-999,0.00,-999,0.00,-999,0.00,-999,0.00,-999,0.00,-999,0.00,-999,0.00,-999,0.00,-999,0.00
2023-03-20 00:00:00,2023-03-20 10:00:00,0.033,1.00,0.015,0.60,-0.004,1.00,0.027,0.60,0.080,1.00,0.111,0.60,9.526e+05,1.00,0.89,1.00,11.7,1.00,209.8,1.00,1.017e+06,1.00,0.92,1.00,11.5,1.00,10.564,1.00,-999,0.00,-999,0.00,-999,0.00,-999,0.00,-999,0.00,-999,0.00,-999,0.00,-999,0.00,-999,0.00
2023-03-27 00:00:00,2023-03-27 10:00:00,0.026,1.00,0.058,0.53,-0.007,1.00,0.048,0.53,0.077,1.00,0.140,0.53,1.466e+06,1.00,1.04,1.00,13.6,1.00,220.4,1.00,1.544e+06,1.00,1.09,1.00,13.0,1.00,10.557,1.00,-999,0.00,-999,0.00,-999,0.00,-999,0.00,-999,0.00,-999,0.00,-999,0.00,-999,0.00,-999,0.00
2023-04-03 00:00:00,2023-04-03 10:00:00,0.056,1.00,0.042,0.57,-0.008,1.00,0.030,0.57,0.091,1.00,0.122,0.57,1.227e+06,1.00,1.00,1.00,12.2,1.00,213.3,1.00,1.009e+06,1.00,0.93,1.00,11.4,1.00,10.559,1.00,-999,0.00,-999,0.00,-999,0.00,-999,0.00,-999,0.00,-999,0.00,-999,0.00,-999,0.00,-999,0.00
2023-04-10 00:00:00,2023-04-10 10:00:00,0.078,1.00,0.113,0.64,-0.006,1.00,0.051,0.64,0.100,1.00,0.155,0.64,1.981e+06,1.00,1.22,1.00,13.3,1.00,214.8,1.00,2.106e+06,1.00,1.27,1.00,12.8,1.00,10.570,1.00,-999,0.00,-999,0.00,-999,0.00,-999,0.00,-999,0.00,-999,0.00,-999,0.00,-999,0.00,-999,0.00
2023-04-17 00:00:00,2023-04-17 10:00:00,0.009,1.00,-0.029,0.53,0.004,1.00,0.072,0.53,0.068,1.00,0.129,0.53,4.209e+06,1.00,1.75,1.00,12.9,1.00,215.0,1.00,3.940e+06,1.00,1.74,1.00,12.1,1.00,10.569,1.00,-999,0.00,-999,0.00,-999,0.00,-999,0.00,-999,0.00,-999,0.00,-999,0.00,-999,0.00,-999,0.00
2023-04-24 00:00:00,2023-04-24 10:00:00,-0.008,1.00,-0.069,0.47,0.001,1.00,0.079,0.47,0.067,1.00,0.158,0.47,6.112e+06,1.00,1.90,1.00,13.4,1.00,212.0,1.00,7.189e+06,1.00,2.05,1.00,12.9,1.00,10.541,1.00,-999,0.00,-999,0.00,-999,0.00,-999,0.00,-999,0.00,-999,0.00,-999,0.00,-999,0.00,-999,0.00
2023-05-01 00:00:00,2023-05-01 10:00:00,-0.034,1.00,-0.107,0.56,0.008,1.00,0.088,0.56,0.063,1.00,0.157,0.56,5.145e+06,1.00,1.94,1.00,12.9,1.00,205.2,1.00,5.603e+06,1.00,2.06,1.00,12.3,1.00,10.572,1.00,-999,0.00,-999,0.00,-999,0.00,-999,0.00,-999,0.00,-999,0.00,-999,0.00,-999,0.00,-999,0.00
2023-05-08 00:00:00,2023-05-08 10:00:00,0.023,1.00,0.021,0.48,0.003,1.00,0.058,0.48,0.080,1.00,0.139,0.48,3.117e+06,1.00,1.58,1.00,12.4,1.00,203.6,1.00,2.810e+06,1.00,1.53,1.00,11.7,1.00,10.559,1.00,-999,0.00,-999,0.00,-999,0.00,-999,0.00,-999,0.00,-999,0.00,-999,0.00,-999,0.00,-999,0.00
2023-05-15 00:00:00,2023-05-15 10:00:00,0.002,1.00,-0.039,0.46,-0.001,1.00,0.068,0.46,0.062,1.00,0.135,0.46,3.075e+06,1.00,1.44,1.00,14.2,1.00,217.5,1.00,3.246e+06,1.00,1.54,1.00,13.1,1.00,10.534,1.00,-999,0.00,-999,0.00,-999,0.00,-999,0.00,-999,0.00,-999,0.00,-999,0.00,-999,0.00,-999,0.00
2023-05-22 00:00:00,2023-05-22 10:00:00,0.008,1.00,-0.030,0.17,-0.003,1.00,0.054,0.17,0.062,1.00,0.125,0.17,2.894e+06,1.00,1.43,1.00,14.0,1.00,222.3,1.00,2.795e+06,1.00,1.47,1.00,12.4,1.00,10.512,1.00,-999,0.00,-999,0.00,-999,0.00,-999,0.00,-999,0.00,-999,0.00,-999,0.00,-999,0.00,-999,0.00
2023-05-29 00:00:00,2023-05-29 10:00:00,0.025,1.00,0.019,0.24,-0.003,1.00,0.065,0.24,0.070,1.00,0.145,0.24,3.230e+06,1.00,1.56,1.00,12.6,1.00,210.6,1.00,3.113e+06,1.00,1.59,1.00,11.8,1.00,10.492,1.00,-999,0.00,-999,0.00,-999,0.00,-999,0.00,-999,0.00,-999,0.00,-999,0.00,-999,0.00,-999,0.00
2023-06-05 00:00:00,2023-06-05 10:00:00,0.033,1.00,-0.004,0.20,-0.001,1.00,0.038,0.20,0.074,1.00,0.094,0.20,2.147e+06,1.00,1.24,1.00,13.5,1.00,214.2,1.00,2.134e+06,1.00,1.25,1.00,12.6,1.00,10.491,1.00,-999,0.00,-999,0.00,-999,0.00,-999,0.00,-999,0.00,-999,0.00,-999,0.00,-999,0.00,-999,0.00
2023-06-12 00:00:00,2023-06-12 10:00:00,0.015,1.00,0.064,0.32,-0.004,1.00,0.029,0.32,0.074,1.00,0.098,0.32,1.194e+06,1.00,0.95,1.00,12.7,1.00,215.2,1.00,1.464e+06,1.00,1.06,1.00,12.7,1.00,10.524,1.00,-999,0.00,-999,0.00,-999,0.00,-999,0.00,-999,0.00,-999,0.00,-999,0.00,-999,0.00,-999,0.00
2023-06-19 00:00:00,2023-06-19 10:00:00,-0.007,1.00,-0.004,0.27,0.004,1.00,0.042,0.27,0.058,1.00,0.116,0.27,3.990e+06,1.00,1.52,1.00,13.1,1.00,208.1,1.00,4.192e+06,1.00,1.61,1.00,12.7,1.00,10.520,1.00,-999,0.00,-999,0.00,-999,0.00,-999,0.00,-999,0.00,-999,0.00,-999,0.00,-999,0.00,-999,0.00
2023-06-26 00:00:00,2023-06-26 10:00:00,0.027,1.00,0.031,0.50,-0.001,1.00,0.027,0.50,0.058,1.00,0.078,0.50,1.127e+06,1.00,0.96,1.00,11.5,1.00,216.4,1.00,1.122e+06,1.00,0.94,1.00,11.7,1.00,10.522,1.00,-999,0.00,-999,0.00,-999,0.00,-999,0.00,-999,0.00,-999,0.00,-999,0.00,-999,0.00,-999,0.00
2023-07-03 00:00:00,2023-07-03 10:00:00,0.004,1.00,-0.041,0.50,0.005,1.00,0.074,0.50,0.052,1.00,0.115,0.50,3.999e+06,1.00,1.70,1.00,13.5,1.00,224.3,1.00,4.708e+06,1.00,1.88,1.00,13.1,1.00,10.535,1.00,-999,0.00,-999,0.00,-999,0.00,-999,0.00,-999,0.00,-999,0.00,-999,0.00,-999,0.00,-999,0.00
2023-07-10 00:00:00,2023-07-10 10:00:00,0.072,1.00,0.098,0.55,-0.005,1.00,0.037,0.55,0.087,1.00,0.128,0.55,1.104e+06,1.00,0.93,1.00,11.9,1.00,221.0,1.00,1.275e+06,1.00,0.99,1.00,11.7,1.00,10.530,1.00,-999,0.00,-999,0.00,-999,0.00,-999,0.00,-999,0.00,-999,0.00,-999,0.00,-999,0.00,-999,0.00
2023-07-17 00:00:00,2023-07-17 10:00:00,-0.003,1.00,-0.050,0.45,0.007,1.00,0.078,0.45,0.050,1.00,0.133,0.45,3.808e+06,1.00,1.78,1.00,11.5,1.00,218.2,1.00,4.055e+06,1.00,1.83,1.00,11.4,1.00,10.519,1.00,-999,0.00,-999,0.00,-999,0.00,-999,0.00,-999,0.00,-999,0.00,-999,0.00,-999,0.00,-999,0.00
2023-07-24 00:00:00,2023-07-24 10:00:00,0.009,1.00,0.023,0.50,0.000,1.00,0.050,0.50,0.045,1.00,0.089,0.50,2.125e+06,1.00,1.25,1.00,13.6,1.00,219.0,1.00,2.095e+06,1.00,1.27,1.00,12.6,1.00,10.534,1.00,-999,0.00,-999,0.00,-999,0.00,-999,0.00,-999,0.00,-999,0.00,-999,0.00,-999,0.00,-999,0.00
2023-07-31 00:00:00,2023-07-31 10:00:00,-0.007,1.00,-0.066,0.53,0.002,1.00,0.031,0.53,0.058,1.00,0.100,0.53,2.047e+06,1.00,1.12,1.00,14.4,1.00,222.1,1.00,2.284e+06,0.99,1.22,0.99,13.4,0.99,10.540,1.00,-999,0.00,-999,0.00,-999,0.00,-999,0.00,-999,0.00,-999,0.00,-999,0.00,-999,0.00,-999,0.00
2023-08-07 00:00:00,2023-08-07 10:00:00,0.001,1.00,-0.046,0.46,0.002,1.00,0.052,0.46,0.053,1.00,0.105,0.46,3.113e+06,0.98,1.45,0.98,13.9,0.98,215.4,0.98,-999,0.00,-999,0.00,-999,0.00,-999,0.00,-999,0.00,-999,0.00,-999,0.00,-999,0.00,-999,0.00,-999,0.00,-999,0.00,-999,0.00,-999,0.00
2023-08-14 00:00:00,2023-08-14 10:00:00,0.005,1.00,-0.031,0.69,0.003,1.00,0.036,0.69,0.055,1.00,0.086,0.69,2.525e+06,1.00,1.38,1.00,12.4,1.00,211.2,1.00,-999,0.00,-999,0.00,-999,0.00,-999,0.00,-999,0.00,-999,0.00,-999,0.00,-999,0.00,-999,0.00,-999,0.00,-999,0.00,-999,0.00,-999,0.00
2023-08-21 00:00:00,2023-08-21 10:00:00,-0.013,1.00,-0.045,0.85,0.005,1.00,0.041,0.85,0.047,1.00,0.097,0.85,1.869e+06,1.00,1.25,1.00,11.9,1.00,217.2,1.00,-999,0.00,-999,0.00,-999,0.00,-999,0.00,-999,0.00,-999,0.00,-999,0.00,-999,0.00,-999,0.00,-999,0.00,-999,0.00,-999,0.00,-999,0.00
2023-08-28 00:00:00,2023-08-28 10:00:00,-0.035,1.00,-0.137,0.66,0.009,1.00,0.083,0.66,0.060,1.00,0.168,0.66,5.989e+06,1.00,2.00,1.00,14.5,1.00,217.2,1.00,-999,0.00,-999,0.00,-999,0.00,-999,0.00,-999,0.00,-999,0.00,-999,0.00,-999,0.00,-999,0.00,-999,0.00,-999,0.00,-999,0.00,-999,0.00
2023-09-04 00:00:00,2023-09-04 10:00:00,0.009,1.00,-0.005,0.55,-0.001,1.00,0.048,0.55,0.054,1.00,0.108,0.55,3.004e+06,1.00,1.54,1.00,12.0,1.00,209.2,1.00,-999,0.00,-999,0.00,-999,0.00,-999,0.00,-999,0.00,-999,0.00,-999,0.00,-999,0.00,-999,0.00,-999,0.00,-999,0.00,-999,0.00,-999,0.00
2023-09-11 00:00:00,2023-09-11 10:00:00,0.011,1.00,-0.034,0.55,0.001,1.00,0.072,0.55,0.048,1.00,0.109,0.55,3.837e+06,1.00,1.65,1.00,12.7,1.00,213.7,1.00,-999,0.00,-999,0.00,-999,0.00,-999,0.00,-999,0.00,-999,0.00,-999,0.00,-999,0.00,-999,0.00,-999,0.00,-999,0.00,-999,0.00,-999,0.00
2023-09-18 00:00:00,2023-09-18 10:00:00,-0.013,1.00,-0.078,0.65,0.005,1.00,0.065,0.65,0.058,1.00,0.138,0.65,3.601e+06,1.00,1.73,1.00,12.3,1.00,216.9,1.00,-999,0.00,-999,0.00,-999,0.00,-999,0.00,-999,0.00,-999,0.00,-999,0.00,-999,0.00,-999,0.00,-999,0.00,-999,0.00,-999,0.00,-999,0.00
2023-09-25 00:00:00,2023-09-25 10:00:00,0.046,1.00,0.022,0.71,-0.006,1.00,0.036,0.71,0.089,1.00,0.120,0.71,1.566e+06,1.00,1.18,1.00,10.7,1.00,205.2,1.00,-999,0.00,-999,0.00,-999,0.00,-999,0.00,-999,0.00,-999,0.00,-999,0.00,-999,0.00,-999,0.00,-999,0.00,-999,0.00,-999,0.00,-999,0.00
2023-10-02 00:00:00,2023-10-02 10:00:00,-0.016,1.00,-0.036,0.93,0.002,1.00,0.041,0.93,0.059,1.00,0.107,0.93,2.185e+06,1.00,1.20,1.00,12.8,1.00,224.3,1.00,-999,0.00,-999,0.00,-999,0.00,-999,0.00,-999,0.00,-999,0.00,-999,0.00,-999,0.00,-999,0.00,-999,0.00,-999,0.00,-999,0.00,-999,0.00
2023-10-09 00:00:00,2023-10-09 10:00:00,-0.025,1.00,-0.094,0.77,0.002,1.00,0.072,0.77,0.051,1.00,0.143,0.77,4.367e+06,1.00,1.64,1.00,15.9,1.00,225.1,1.00,-999,0.00,-999,0.00,-999,0.00,-999,0.00,-999,0.00,-999,0.00,-999,0.00,-999,0.00,-999,0.00,-999,0.00,-999,0.00,-999,0.00,-999,0.00
2023-10-16 00:00:00,2023-10-16 10:00:00,0.014,1.00,-0.020,0.67,-0.008,1.00,0.078,0.67,0.074,1.00,0.150,0.67,3.887e+06,1.00,1.68,1.00,13.2,1.00,216.2,1.00,-999,0.00,-999,0.00,-999,0.00,-999,0.00,-999,0.00,-999,0.00,-999,0.00,-999,0.00,-999,0.00,-999,0.00,-999,0.00,-999,0.00,-999,0.00
2023-10-23 00:00:00,2023-10-23 10:00:00,0.018,1.00,-0.020,0.53,-0.006,1.00,0.079,0.53,0.056,1.00,0.134,0.53,4.660e+06,1.00,1.76,1.00,13.4,1.00,216.0,1.00,-999,0.00,-999,0.00,-999,0.00,-999,0.00,-999,0.00,-999,0.00,-999,0.00,-999,0.00,-999,0.00,-999,0.00,-999,0.00,-999,0.00,-999,0.00
2023-10-30 00:00:00,2023-10-30 10:00:00,0.064,1.00,0.044,0.37,-0.010,1.00,0.048,0.37,0.079,1.00,0.110,0.37,2.875e+06,1.00,1.61,1.00,10.7,1.00,204.8,1.00,-999,0.00,-999,0.00,-999,0.00,-999,0.00,-999,0.00,-999,0.00,-999,0.00,-999,0.00,-999,0.00,-999,0.00,-999,0.00,-999,0.00,-999,0.00
2023-11-06 00:00:00,2023-11-06 10:00:00,0.011,1.00,-0.033,0.46,-0.006,1.00,0.031,0.46,0.094,1.00,0.155,0.46,1.529e+06,1.00,1.20,1.00,10.5,1.00,205.1,1.00,-999,0.00,-999,0.00,-999,0.00,-999,0.00,-999,0.00,-999,0.00,-999,0.00,-999,0.00,-999,0.00,-999,0.00,-999,0.00,-999,0.00,-999,0.00
2023-11-13 00:00:00,2023-11-13 10:00:00,-0.012,1.00,-0.124,0.34,-0.001,1.00,0.065,0.34,0.071,1.00,0.170,0.34,4.529e+06,1.00,1.85,1.00,12.5,1.00,214.4,1.00,-999,0.00,-999,0.00,-999,0.00,-999,0.00,-999,0.00,-999,0.00,-999,0.00,-999,0.00,-999,0.00,-999,0.00,-999,0.00,-999,0.00,-999,0.00
2023-11-20 00:00:00,2023-11-20 10:00:00,-0.014,1.00,-0.081,0.50,-0.004,1.00,0.044,0.50,0.091,1.00,0.165,0.50,2.375e+06,1.00,1.32,1.00,13.2,1.00,211.9,1.00,-999,0.00,-999,0.00,-999,0.00,-999,0.00,-999,0.00,-999,0.00,-999,0.00,-999,0.00,-999,0.00,-999,0.00,-999,0.00,-999,0.00,-999,0.00
2023-11-27 00:00:00,2023-11-27 10:00:00,0.056,1.00,0.040,0.40,-0.008,1.00,0.033,0.40,0.116,1.00,0.147,0.40,1.512e+06,1.00,1.08,1.00,13.1,1.00,211.2,1.00,-999,0.00,-999,0.00,-999,0.00,-999,0.00,-999,0.00,-999,0.00,-999,0.00,-999,0.00,-999,0.00,-999,0.00,-999,0.00,-999,0.00,-999,0.00
2023-12-04 00:00:00,2023-12-04 10:00:00,0.006,1.00,-0.073,0.54,-0.001,1.00,0.032,0.54,0.077,1.00,0.112,0.54,1.663e+06,1.00,1.19,1.00,10.8,1.00,202.6,1.00,-999,0.00,-999,0.00,-999,0.00,-999,0.00,-999,0.00,-999,0.00,-999,0.00,-999,0.00,-999,0.00,-999,0.00,-999,0.00,-999,0.00,-999,0.00
2023-12-11 00:00:00,2023-12-11 10:00:00,0.035,1.00,-0.028,0.43,-0.004,1.00,0.033,0.43,0.082,1.00,0.122,0.43,1.684e+06,1.00,1.15,1.00,11.7,1.00,200.1,1.00,-999,0.00,-999,0.00,-999,0.00,-999,0.00,-999,0.00,-999,0.00,-999,0.00,-999,0.00,-999,0.00,-999,0.00,-999,0.00,-999,0.00,-999,0.00
2023-12-18 00:00:00,2023-12-18 10:00:00,0.020,1.00,-0.011,0.41,-0.009,1.00,0.042,0.41,0.081,1.00,0.138,0.41,1.587e+06,1.00,1.18,1.00,11.1,1.00,211.5,1.00,-999,0.00,-999,0.00,-999,0.00,-999,0.00,-999,0.00,-999,0.00,-999,0.00,-999,0.00,-999,0.00,-999,0.00,-999,0.00,-999,0.00,-999,0.00
2023-12-25 00:00:00,2023-12-25 10:00:00,0.048,1.00,-0.018,0.36,-0.011,1.00,0.039,0.36,0.095,1.00,0.154,0.36,1.773e+06,1.02,1.15,1.02,12.1,1.02,211.0,1.02,-999,0.00,-999,0.00,-999,0.00,-999,0.00,-999,0.00,-999,0.00,-999,0.00,-999,0.00,-999,0.00,-999,0.00,-999,0.00,-999,0.00,-999,0.00
2024-01-01 00:00:00,2024-01-01 10:00:00,0.077,1.00,0.076,0.45,-0.011,1.00,0.020,0.45,0.099,1.00,0.110,0.45,9.969e+05,1.00,0.89,1.00,12.4,1.00,219.0,1.00,-999,0.00,-999,0.00,-999,0.00,-999,0.00,-999,0.00,-999,0.00,-999,0.00,-999,0.00,-999,0.00,-999,0.00,-999,0.00,-999,0.00,-999,0.00
2024-01-08 00:00:00,2024-01-08 10:00:00,0.088,1.00,0.057,0.34,-0.014,1.00,0.045,0.34,0.108,1.00,0.129,0.34,2.297e+06,1.00,1.23,1.00,12.3,1.00,219.0,1.00,-999,0.00,-999,0.00,-999,0.00,-999,0.00,-999,0.00,-999,0.00,-999,0.00,-999,0.00,-999,0.00,-999,0.00,-999,0.00,-999,0.00,-999,0.00
2024-01-15 00:00:00,2024-01-15 10:00:00,0.103,1.00,0.120,0.30,-0.014,1.00,0.030,0.30,0.132,1.00,0.169,0.30,1.265e+06,1.00,1.05,1.00,11.2,1.00,210.3,1.00,-999,0.00,-999,0.00,-999,0.00,-999,0.00,-999,0.00,-999,0.00,-999,0.00,-999,0.00,-999,0.00,-999,0.00,-999,0.00,-999,0.00,-999,0.00
2024-01-22 00:00:00,2024-01-22 10:00:00,0.022,1.00,0.005,0.86,-0.005,1.00,0.035,0.86,0.087,1.00,0.143,0.86,1.348e+06,0.98,1.00,0.98,12.4,0.98,222.3,0.98,-999,0.00,-999,0.00,-999,0.00,-999,0.00,-999,0.00,-999,0.00,-999,0.00,-999,0.00,-999,0.00,-999,0.00,-999,0.00,-999,0.00,-999,0.00
2024-01-29 00:00:00,2024-01-29 10:00:00,0.013,1.00,-0.016,1.00,-0.006,1.00,0.025,1.00,0.073,1.00,0.112,1.00,8.788e+05,1.00,0.84,1.00,12.3,1.00,216.7,1.00,-999,0.00,-999,0.00,-999,0.00,-999,0.00,-999,0.00,-999,0.00,-999,0.00,-999,0.00,-999,0.00,-999,0.00,-999,0.00,-999,0.00,-999,0.00
2024-02-05 00:00:00,2024-02-05 10:00:00,0.021,1.00,0.057,1.00,-0.002,1.00,0.057,1.00,0.093,1.00,0.168,1.00,3.421e+06,1.00,1.73,1.00,11.2,1.00,234.6,1.00,-999,0.00,-999,0.00,-999,0.00,-999,0.00,-999,0.00,-999,0.00,-999,0.00,-999,0.00,-999,0.00,-999,0.00,-999,0.00,-999,0.00,-999,0.00
2024-02-12 00:00:00,2024-02-12 10:00:00,0.033,1.00,0.074,1.00,-0.007,1.00,0.068,1.00,0.101,1.00,0.181,1.00,3.218e+06,1.00,1.58,1.00,12.8,1.00,219.7,1.00,-999,0.00,-999,0.00,-999,0.00,-999,0.00,-999,0.00,-999,0.00,-999,0.00,-999,0.00,-999,0.00,-999,0.00,-999,0.00,-999,0.00,-999,0.00
2024-02-19 00:00:00,2024-02-19 10:00:00,0.016,1.00,-0.008,1.00,-0.011,1.00,0.087,1.00,0.080,1.00,0.158,1.00,3.059e+06,1.00,1.53,1.00,12.7,1.00,207.8,1.00,-999,0.00,-999,0.00,-999,0.00,-999,0.00,-999,0.00,-999,0.00,-999,0.00,-999,0.00,-999,0.00,-999,0.00,-999,0.00,-999,0.00,-999,0.00
2024-02-26 00:00:00,2024-02-26 10:00:00,0.035,1.00,0.015,1.00,-0.006,1.00,0.057,1.00,0.085,1.00,0.146,1.00,2.243e+06,1.00,1.16,1.00,13.0,1.00,209.3,1.00,-999,0.00,-999,0.00,-999,0.00,-999,0.00,-999,0.00,-999,0.00,-999,0.00,-999,0.00,-999,0.00,-999,0.00,-999,0.00,-999,0.00,-999,0.00
2024-03-04 00:00:00,2024-03-04 10:00:00,0.030,1.00,0.013,1.00,0.000,1.00,0.040,1.00,0.070,1.00,0.122,1.00,1.765e+06,1.00,1.07,1.00,13.6,1.00,213.9,1.00,-999,0.00,-999,0.00,-999,0.00,-999,0.00,-999,0.00,-999,0.00,-999,0.00,-999,0.00,-999,0.00,-999,0.00,-999,0.00,-999,0.00,-999,0.00
2024-03-11 00:00:00,2024-03-11 10:00:00,0.031,1.00,0.020,1.00,-0.006,1.00,0.065,1.00,0.102,1.00,0.179,1.00,2.583e+06,1.00,1.29,1.00,13.6,1.00,210.2,1.00,-999,0.00,-999,0.00,-999,0.00,-999,0.00,-999,0.00,-999,0.00,-999,0.00,-999,0.00,-999,0.00,-999,0.00,-999,0.00,-999,0.00,-999,0.00
2024-03-18 00:00:00,2024-03-18 10:00:00,0.016,1.00,-0.014,1.00,-0.008,1.00,0.041,1.00,0.101,1.00,0.171,1.00,1.444e+06,1.00,1.03,1.00,13.2,1.00,218.2,1.00,-999,0.00,-999,0.00,-999,0.00,-999,0.00,-999,0.00,-999,0.00,-999,0.00,-999,0.00,-999,0.00,-999,0.00,-999,0.00,-999,0.00,-999,0.00
2024-03-25 00:00:00,2024-03-25 10:00:00,0.045,1.00,0.012,1.00,-0.003,1.00,0.025,1.00,0.112,1.00,0.165,1.00,1.737e+06,1.00,1.13,1.00,13.1,1.00,213.3,1.00,-999,0.00,-999,0.00,-999,0.00,-999,0.00,-999,0.00,-999,0.00,-999,0.00,-999,0.00,-999,0.00,-999,0.00,-999,0.00,-999,0.00,-999,0.00
2024-04-01 00:00:00,2024-04-01 10:00:00,0.044,1.00,0.021,1.00,-0.003,1.00,0.060,1.00,0.089,1.00,0.146,1.00,2.229e+06,1.00,1.33,1.00,12.1,1.00,203.8,1.00,-999,0.00,-999,0.00,-999,0.00,-999,0.00,-999,0.00,-999,0.00,-999,0.00,-999,0.00,-999,0.00,-999,0.00,-999,0.00,-999,0.00,-999,0.00
2024-04-08 00:00:00,2024-04-08 10:00:00,0.068,1.00,0.046,1.00,0.001,1.00,0.092,1.00,0.105,1.00,0.163,1.00,5.092e+06,1.00,1.79,1.00,14.3,1.00,205.1,1.00,-999,0.00,-999,0.00,-999,0.00,-999,0.00,-999,0.00,-999,0.00,-999,0.00,-999,0.00,-999,0.00,-999,0.00,-999,0.00,-999,0.00,-999,0.00
2024-04-15 00:00:00,2024-04-15 10:00:00,0.130,1.00,0.155,1.00,-0.005,1.00,0.078,1.00,0.136,1.00,0.192,1.00,2.991e+06,1.00,1.38,1.00,14.5,1.00,213.4,1.00,-999,0.00,-999,0.00,-999,0.00,-999,0.00,-999,0.00,-999,0.00,-999,0.00,-999,0.00,-999,0.00,-999,0.00,-999,0.00,-999,0.00,-999,0.00
2024-04-22 00:00:00,2024-04-22 10:00:00,0.049,1.00,0.050,1.00,-0.008,1.00,0.070,1.00,0.080,1.00,0.144,1.00,3.259e+06,1.00,1.51,1.00,13.2,1.00,214.4,1.00,-999,0.00,-999,0.00,-999,0.00,-999,0.00,-999,0.00,-999,0.00,-999,0.00,-999,0.00,-999,0.00,-999,0.00,-999,0.00,-999,0.00,-999,0.00
2024-04-29 00:00:00,2024-04-29 10:00:00,0.120,1.00,0.122,1.00,0.000,1.00,0.073,1.00,0.135,1.00,0.180,1.00,3.306e+06,1.00,1.54,1.00,12.8,1.00,200.9,1.00,-999,0.00,-999,0.00,-999,0.00,-999,0.00,-999,0.00,-999,0.00,-999,0.00,-999,0.00,-999,0.00,-999,0.00,-999,0.00,-999,0.00,-999,0.00
2024-05-06 00:00:00,2024-05-06 10:00:00,0.058,1.00,0.056,1.00,0.001,1.00,0.096,1.00,0.084,1.00,0.154,1.00,3.880e+06,1.00,1.53,1.00,14.5,1.00,213.4,1.00,-999,0.00,-999,0.00,-999,0.00,-999,0.00,-999,0.00,-999,0.00,-999,0.00,-999,0.00,-999,0.00,-999,0.00,-999,0.00,-999,0.00,-999,0.00
2024-05-13 00:00:00,2024-05-13 10:00:00,-0.030,1.00,-0.091,1.00,0.007,1.00,0.096,1.00,0.096,1.00,0.202,1.00,9.272e+06,1.00,2.47,1.00,13.9,1.00,202.2,1.00,-999,0.00,-999,0.00,-999,0.00,-999,0.00,-999,0.00,-999,0.00,-999,0.00,-999,0.00,-999,0.00,-999,0.00,-999,0.00,-999,0.00,-999,0.00
2024-05-20 00:00:00,2024-05-20 10:00:00,0.137,1.00,0.152,1.00,-0.003,1.00,0.072,1.00,0.148,1.00,0.193,1.00,2.327e+06,1.00,1.31,1.00,13.6,1.00,205.8,1.00,-999,0.00,-999,0.00,-999,0.00,-999,0.00,-999,0.00,-999,0.00,-999,0.00,-999,0.00,-999,0.00,-999,0.00,-999,0.00,-999,0.00,-999,0.00
2024-05-27 00:00:00,2024-05-27 10:00:00,0.061,1.00,0.055,1.00,0.012,1.00,0.127,1.00,0.097,1.00,0.194,1.00,6.035e+06,1.00,1.94,1.00,14.3,1.00,213.1,1.00,-999,0.00,-999,0.00,-999,0.00,-999,0.00,-999,0.00,-999,0.00,-999,0.00,-999,0.00,-999,0.00,-999,0.00,-999,0.00,-999,0.00,-999,0.00
2024-06-03 00:00:00,2024-06-03 10:00:00,-0.024,1.00,-0.083,1.00,0.010,1.00,0.118,1.00,0.059,1.00,0.175,1.00,6.980e+06,1.00,2.21,1.00,13.7,1.00,213.4,1.00,-999,0.00,-999,0.00,-999,0.00,-999,0.00,-999,0.00,-999,0.00,-999,0.00,-999,0.00,-999,0.00,-999,0.00,-999,0.00,-999,0.00,-999,0.00
2024-06-10 00:00:00,2024-06-10 10:00:00,-0.001,1.00,-0.052,1.00,0.006,1.00,0.055,1.00,0.076,1.00,0.143,1.00,5.779e+06,1.00,1.75,1.00,13.6,1.00,209.2,1.00,-999,0.00,-999,0.00,-999,0.00,-999,0.00,-999,0.00,-999,0.00,-999,0.00,-999,0.00,-999,0.00,-999,0.00,-999,0.00,-999,0.00,-999,0.00
2024-06-17 00:00:00,2024-06-17 10:00:00,-0.026,1.00,-0.071,1.00,0.004,1.00,0.065,1.00,0.054,1.00,0.129,1.00,3.732e+06,1.00,1.60,1.00,13.1,1.00,204.9,1.00,-999,0.00,-999,0.00,-999,0.00,-999,0.00,-999,0.00,-999,0.00,-999,0.00,-999,0.00,-999,0.00,-999,0.00,-999,0.00,-999,0.00,-999,0.00
2024-06-24 00:00:00,2024-06-24 10:00:00,0.052,1.00,0.017,1.00,0.005,1.00,0.066,1.00,0.087,1.00,0.136,1.00,3.784e+06,1.00,1.74,1.00,12.2,1.00,204.4,1.00,-999,0.00,-999,0.00,-999,0.00,-999,0.00,-999,0.00,-999,0.00,-999,0.00,-999,0.00,-999,0.00,-999,0.00,-999,0.00,-999,0.00,-999,0.00
2024-07-01 00:00:00,2024-07-01 10:00:00,0.150,1.00,0.165,1.00,0.002,1.00,0.050,1.00,0.152,1.00,0.177,1.00,1.480e+06,1.00,1.14,1.00,10.4,1.00,189.9,1.00,-999,0.00,-999,0.00,-999,0.00,-999,0.00,-999,0.00,-999,0.00,-999,0.00,-999,0.00,-999,0.00,-999,0.00,-999,0.00,-999,0.00,-999,0.00
2024-07-08 00:00:00,2024-07-08 10:00:00,0.136,0.07,0.161,0.07,0.004,0.07,0.027,0.07,0.140,0.07,0.175,0.07,9.783e+05,0.04,0.91,0.04,12.1,0.04,222.5,0.04,-999,0.00,-999,0.00,-999,0.00,-999,0.00,-999,0.00,-999,0.00,-999,0.00,-999,0.00,-999,0.00,-999,0.00,-999,0.00,-999,0.00,-999,0.00