year,site,habitat,depth,quad,patch,coral,macroalgae,sand,millepora,ctb,sub_squares,note
2005,LTER_1,Backreef,2,NA1,1,64,0,4,0,32,25,na
2005,LTER_1,Backreef,2,NA1,2,52,20,0,0,28,25,na
2005,LTER_1,Backreef,2,NA1,3,56,4,0,0,40,25,na
2005,LTER_1,Backreef,2,NA1,4,0,0,96,0,4,25,na
2005,LTER_1,Backreef,2,NA1,5,16,0,40,0,44,25,na
2005,LTER_1,Backreef,2,NA10,1,24,8,56,0,12,25,na
2005,LTER_1,Backreef,2,NA10,2,52,0,0,24,24,25,na
2005,LTER_1,Backreef,2,NA10,3,72,4,20,0,4,25,na
2005,LTER_1,Backreef,2,NA10,4,32,0,28,0,40,25,na
2005,LTER_1,Backreef,2,NA10,5,16,0,72,0,12,25,na
2005,LTER_1,Backreef,2,NA11,1,12,0,84,0,4,25,na
2005,LTER_1,Backreef,2,NA11,2,16,12,0,20,52,25,na
2005,LTER_1,Backreef,2,NA11,3,88,0,0,0,12,25,na
2005,LTER_1,Backreef,2,NA11,4,4,0,8,0,88,25,na
2005,LTER_1,Backreef,2,NA11,5,20,0,16,0,64,25,na
2005,LTER_1,Backreef,2,NA12,1,56,4,8,0,32,25,na
2005,LTER_1,Backreef,2,NA12,2,48,0,0,0,52,25,na
2005,LTER_1,Backreef,2,NA12,3,44,20,0,0,36,25,na
2005,LTER_1,Backreef,2,NA12,4,80,0,0,0,20,25,na
2005,LTER_1,Backreef,2,NA12,5,28,0,16,0,56,25,na
2005,LTER_1,Backreef,2,NA13,1,84,8,8,0,0,25,na
2005,LTER_1,Backreef,2,NA13,2,0,0,80,0,20,25,na
2005,LTER_1,Backreef,2,NA13,3,44,8,0,0,48,25,na
2005,LTER_1,Backreef,2,NA13,4,52,12,0,0,36,25,na
2005,LTER_1,Backreef,2,NA13,5,32,12,40,0,16,25,na
2005,LTER_1,Backreef,2,NA14,1,68,0,24,0,8,25,na
2005,LTER_1,Backreef,2,NA14,2,68,4,24,0,4,25,na
2005,LTER_1,Backreef,2,NA14,3,12,32,0,0,56,25,na
2005,LTER_1,Backreef,2,NA14,4,28,0,16,0,56,25,na
2005,LTER_1,Backreef,2,NA14,5,40,0,28,0,32,25,na
2005,LTER_1,Backreef,2,NA15,1,12,0,80,0,8,25,na
2005,LTER_1,Backreef,2,NA15,2,76,4,0,0,20,25,na
2005,LTER_1,Backreef,2,NA15,3,4,0,8,0,88,25,na
2005,LTER_1,Backreef,2,NA15,4,0,0,84,0,16,25,na
2005,LTER_1,Backreef,2,NA15,5,100,0,0,0,0,25,na
2005,LTER_1,Backreef,2,NA16,1,72,4,0,0,24,25,na
2005,LTER_1,Backreef,2,NA16,2,48,0,4,0,48,25,na
2005,LTER_1,Backreef,2,NA16,3,72,12,4,0,12,25,na
2005,LTER_1,Backreef,2,NA16,4,0,0,8,0,92,25,na
2005,LTER_1,Backreef,2,NA16,5,80,4,0,0,16,25,na
2005,LTER_1,Backreef,2,NA17,1,36,0,4,0,60,25,na
2005,LTER_1,Backreef,2,NA17,2,44,0,0,0,56,25,na
2005,LTER_1,Backreef,2,NA17,3,24,0,0,0,76,25,na
2005,LTER_1,Backreef,2,NA17,4,0,5,15,0,80,20,some sub squares omitted
2005,LTER_1,Backreef,2,NA17,5,0,0,64,0,36,25,na
2005,LTER_1,Backreef,2,NA18,1,48,0,0,0,52,25,na
2005,LTER_1,Backreef,2,NA18,2,20,0,0,0,80,25,na
2005,LTER_1,Backreef,2,NA18,3,48,0,0,0,52,25,na
2005,LTER_1,Backreef,2,NA18,4,4,0,68,0,28,25,na
2005,LTER_1,Backreef,2,NA18,5,4,4,24,0,68,25,na
2005,LTER_1,Backreef,2,NA19,1,60,0,12,0,28,25,na
2005,LTER_1,Backreef,2,NA19,2,64,0,0,0,36,25,na
2005,LTER_1,Backreef,2,NA19,3,4,0,0,0,96,25,na
2005,LTER_1,Backreef,2,NA19,4,28,0,32,0,40,25,na
2005,LTER_1,Backreef,2,NA19,5,4,0,24,0,72,25,na
2005,LTER_1,Backreef,2,NA2,1,84,0,4,0,12,25,na
2005,LTER_1,Backreef,2,NA2,2,24,16,0,0,60,25,na
2005,LTER_1,Backreef,2,NA2,3,92,0,0,0,8,25,na
2005,LTER_1,Backreef,2,NA2,4,0,0,100,0,0,25,na
2005,LTER_1,Backreef,2,NA2,5,60,20,4,0,16,25,na
2005,LTER_1,Backreef,2,NA20,1,0,0,12,0,88,25,na
2005,LTER_1,Backreef,2,NA20,2,52,0,32,0,16,25,na
2005,LTER_1,Backreef,2,NA20,3,4,0,0,0,96,25,na
2005,LTER_1,Backreef,2,NA20,4,32,16,24,0,28,25,na
2005,LTER_1,Backreef,2,NA20,5,4,0,52,0,44,25,na
2005,LTER_1,Backreef,2,NA3,1,52,0,4,0,44,25,na
2005,LTER_1,Backreef,2,NA3,2,40,4,16,0,40,25,na
2005,LTER_1,Backreef,2,NA3,3,60,4,0,0,36,25,na
2005,LTER_1,Backreef,2,NA3,4,32,0,56,0,12,25,na
2005,LTER_1,Backreef,2,NA3,5,52,0,0,0,48,25,na
2005,LTER_1,Backreef,2,NA4,1,17,8,0,0,75,24,some sub squares omitted
2005,LTER_1,Backreef,2,NA4,2,76,8,4,0,12,25,na
2005,LTER_1,Backreef,2,NA4,3,48,0,0,0,52,25,na
2005,LTER_1,Backreef,2,NA4,4,4,0,52,0,44,25,na
2005,LTER_1,Backreef,2,NA4,5,100,0,0,0,0,25,na
2005,LTER_1,Backreef,2,NA5,1,28,0,12,0,60,25,na
2005,LTER_1,Backreef,2,NA5,2,28,0,68,0,4,25,na
2005,LTER_1,Backreef,2,NA5,3,0,0,0,0,100,25,na
2005,LTER_1,Backreef,2,NA5,4,0,0,76,0,24,25,na
2005,LTER_1,Backreef,2,NA5,5,88,4,0,0,8,25,na
2005,LTER_1,Backreef,2,NA6,1,28,0,8,0,64,25,na
2005,LTER_1,Backreef,2,NA6,2,16,44,8,12,20,25,na
2005,LTER_1,Backreef,2,NA6,3,96,0,0,0,4,25,na
2005,LTER_1,Backreef,2,NA6,4,0,0,12,0,88,25,na
2005,LTER_1,Backreef,2,NA6,5,12,0,16,0,72,25,na
2005,LTER_1,Backreef,2,NA7,1,60,12,0,0,28,25,na
2005,LTER_1,Backreef,2,NA7,2,44,8,4,0,44,25,na
2005,LTER_1,Backreef,2,NA7,3,76,4,0,0,20,25,na
2005,LTER_1,Backreef,2,NA7,4,8,0,92,0,0,25,na
2005,LTER_1,Backreef,2,NA7,5,64,4,0,0,32,25,na
2005,LTER_1,Backreef,2,NA8,1,12,0,12,0,76,25,na
2005,LTER_1,Backreef,2,NA8,2,8,8,68,0,16,25,na
2005,LTER_1,Backreef,2,NA8,3,96,4,0,0,0,25,na
2005,LTER_1,Backreef,2,NA8,4,76,0,0,0,24,25,na
2005,LTER_1,Backreef,2,NA8,5,0,0,40,0,60,25,na
2005,LTER_1,Backreef,2,NA9,1,0,0,64,0,36,25,na
2005,LTER_1,Backreef,2,NA9,2,16,0,0,24,60,25,na
2005,LTER_1,Backreef,2,NA9,3,0,0,88,0,12,25,na
2005,LTER_1,Backreef,2,NA9,4,64,12,0,0,24,25,na
2005,LTER_1,Backreef,2,NA9,5,0,0,72,0,28,25,na
2005,LTER_2,Backreef,2,E1,1,48,4,44,0,0,25,na
2005,LTER_2,Backreef,2,E1,2,0,84,16,0,0,25,na
2005,LTER_2,Backreef,2,E1,3,4,16,4,0,0,25,na
2005,LTER_2,Backreef,2,E2,1,16,4,0,0,0,25,na
2005,LTER_2,Backreef,2,E2,2,12,80,8,0,0,25,na
2005,LTER_2,Backreef,2,E2,3,72,4,0,0,0,25,na
2005,LTER_2,Backreef,2,E3,1,76,8,12,0,0,25,na
2005,LTER_2,Backreef,2,E3,2,20,64,8,0,0,25,na
2005,LTER_2,Backreef,2,E3,3,0,0,100,0,0,25,na
2005,LTER_2,Backreef,2,E4,1,0,0,12,0,0,25,na
2005,LTER_2,Backreef,2,E4,2,64,16,0,0,0,25,na
2005,LTER_2,Backreef,2,E4,3,0,0,0,0,0,25,na
2005,LTER_2,Backreef,2,E5,1,52,4,44,0,0,25,na
2005,LTER_2,Backreef,2,E5,2,0,56,44,0,0,25,na
2005,LTER_2,Backreef,2,E5,3,0,0,0,0,0,25,na
2005,LTER_2,Backreef,2,N1,1,0,0,88,0,0,25,na
2005,LTER_2,Backreef,2,N1,2,0,64,36,0,0,25,na
2005,LTER_2,Backreef,2,N1,3,36,28,4,0,0,25,na
2005,LTER_2,Backreef,2,N2,1,100,0,0,0,0,15,some sub squares omitted
2005,LTER_2,Backreef,2,N2,2,0,84,16,0,0,25,na
2005,LTER_2,Backreef,2,N2,3,0,60,0,0,0,25,na
2005,LTER_2,Backreef,2,N3,1,40,12,28,0,0,25,na
2005,LTER_2,Backreef,2,N3,2,40,52,8,0,0,25,na
2005,LTER_2,Backreef,2,N3,3,0,68,0,0,0,25,na
2005,LTER_2,Backreef,2,N4,1,0,0,100,0,0,25,na
2005,LTER_2,Backreef,2,N4,2,48,52,0,0,0,25,na
2005,LTER_2,Backreef,2,N4,3,16,4,0,0,0,25,na
2005,LTER_2,Backreef,2,N5,1,0,13,0,0,0,24,some sub squares omitted
2005,LTER_2,Backreef,2,N5,2,84,16,0,0,0,25,na
2005,LTER_2,Backreef,2,N5,3,0,0,32,0,0,25,na
2005,LTER_2,Backreef,2,NA1,4,8,0,4,0,88,25,na
2005,LTER_2,Backreef,2,NA1,5,40,0,0,0,60,25,na
2005,LTER_2,Backreef,2,NA10,4,0,0,100,0,0,25,na
2005,LTER_2,Backreef,2,NA10,5,76,12,0,0,12,25,na
2005,LTER_2,Backreef,2,NA11,4,8,0,0,0,92,25,na
2005,LTER_2,Backreef,2,NA11,5,40,8,0,0,52,25,na
2005,LTER_2,Backreef,2,NA12,4,44,0,0,0,56,25,na
2005,LTER_2,Backreef,2,NA12,5,36,8,8,0,48,25,na
2005,LTER_2,Backreef,2,NA13,4,40,0,56,0,4,25,na
2005,LTER_2,Backreef,2,NA13,5,8,4,28,0,60,25,na
2005,LTER_2,Backreef,2,NA14,4,96,4,0,0,0,25,na
2005,LTER_2,Backreef,2,NA14,5,4,8,24,0,64,25,na
2005,LTER_2,Backreef,2,NA15,4,24,0,0,0,76,25,na
2005,LTER_2,Backreef,2,NA15,5,8,4,36,0,52,25,na
2005,LTER_2,Backreef,2,NA16,4,48,0,48,0,4,25,na
2005,LTER_2,Backreef,2,NA16,5,16,0,0,0,84,25,na
2005,LTER_2,Backreef,2,NA17,4,40,4,24,0,32,25,na
2005,LTER_2,Backreef,2,NA17,5,20,4,28,0,48,25,na
2005,LTER_2,Backreef,2,NA18,4,80,4,16,0,0,25,na
2005,LTER_2,Backreef,2,NA18,5,0,0,48,0,52,25,na
2005,LTER_2,Backreef,2,NA19,4,88,8,0,0,4,25,na
2005,LTER_2,Backreef,2,NA19,5,0,0,28,0,72,25,na
2005,LTER_2,Backreef,2,NA2,4,0,0,100,0,0,25,na
2005,LTER_2,Backreef,2,NA2,5,60,8,0,0,32,25,na
2005,LTER_2,Backreef,2,NA20,4,28,0,4,0,68,25,na
2005,LTER_2,Backreef,2,NA20,5,0,0,60,0,40,25,na
2005,LTER_2,Backreef,2,NA3,4,4,0,96,0,0,25,na
2005,LTER_2,Backreef,2,NA3,5,16,0,68,0,16,25,na
2005,LTER_2,Backreef,2,NA4,4,48,0,52,0,0,25,na
2005,LTER_2,Backreef,2,NA4,5,0,0,100,0,0,25,na
2005,LTER_2,Backreef,2,NA5,4,0,0,100,0,0,25,na
2005,LTER_2,Backreef,2,NA5,5,0,0,100,0,0,25,na
2005,LTER_2,Backreef,2,NA6,4,20,0,4,0,76,25,na
2005,LTER_2,Backreef,2,NA6,5,0,0,0,0,100,25,na
2005,LTER_2,Backreef,2,NA7,4,20,0,0,0,80,25,na
2005,LTER_2,Backreef,2,NA7,5,8,0,0,0,92,25,na
2005,LTER_2,Backreef,2,NA8,4,12,0,88,0,0,25,na
2005,LTER_2,Backreef,2,NA8,5,4,12,0,0,84,25,na
2005,LTER_2,Backreef,2,NA9,4,8,0,92,0,0,25,na
2005,LTER_2,Backreef,2,NA9,5,28,40,0,0,32,25,na
2005,LTER_2,Backreef,2,S1,1,0,12,12,0,0,25,na
2005,LTER_2,Backreef,2,S1,2,16,64,16,0,0,25,na
2005,LTER_2,Backreef,2,S1,3,24,28,0,0,0,25,na
2005,LTER_2,Backreef,2,S2,1,4,0,4,0,0,25,na
2005,LTER_2,Backreef,2,S2,2,12,76,12,0,0,25,na
2005,LTER_2,Backreef,2,S2,3,36,36,4,0,0,25,na
2005,LTER_2,Backreef,2,S3,1,0,0,100,0,0,25,na
2005,LTER_2,Backreef,2,S3,2,0,0,100,0,0,25,na
2005,LTER_2,Backreef,2,S3,3,0,0,60,0,0,25,na
2005,LTER_2,Backreef,2,S4,1,59,6,18,0,0,17,some sub squares omitted
2005,LTER_2,Backreef,2,S4,2,0,8,92,0,0,25,na
2005,LTER_2,Backreef,2,S4,3,0,5,0,0,0,22,some sub squares omitted
2005,LTER_2,Backreef,2,S5,1,32,36,12,0,0,25,na
2005,LTER_2,Backreef,2,S5,2,0,28,72,0,0,25,na
2005,LTER_2,Backreef,2,S5,3,4,8,0,0,0,24,some sub squares omitted
2005,LTER_2,Backreef,2,W1,1,40,44,0,0,0,25,na
2005,LTER_2,Backreef,2,W1,2,8,88,0,0,0,25,na
2005,LTER_2,Backreef,2,W1,3,12,0,8,0,0,25,na
2005,LTER_2,Backreef,2,W2,1,12,16,4,0,0,25,na
2005,LTER_2,Backreef,2,W2,2,4,48,0,0,0,25,na
2005,LTER_2,Backreef,2,W2,3,12,0,0,0,0,25,na
2005,LTER_2,Backreef,2,W3,1,0,0,72,0,0,25,na
2005,LTER_2,Backreef,2,W3,2,56,24,16,0,0,25,na
2005,LTER_2,Backreef,2,W3,3,8,8,60,0,0,25,na
2005,LTER_2,Backreef,2,W4,1,0,0,52,0,0,25,na
2005,LTER_2,Backreef,2,W4,2,12,80,8,0,0,25,na
2005,LTER_2,Backreef,2,W4,3,36,8,12,0,0,25,na
2005,LTER_2,Backreef,2,W5,1,0,0,28,0,0,25,na
2005,LTER_2,Backreef,2,W5,2,0,56,44,0,0,25,na
2005,LTER_2,Backreef,2,W5,3,64,0,4,0,0,25,na
2005,LTER_3,Backreef,2,E1,5,0,0,0,0,0,25,na
2005,LTER_3,Backreef,2,E2,5,36,0,0,0,0,25,na
2005,LTER_3,Backreef,2,E3,5,48,0,0,0,0,25,na
2005,LTER_3,Backreef,2,E4,5,16,0,44,0,0,25,na
2005,LTER_3,Backreef,2,E5,5,8,0,0,0,0,25,na
2005,LTER_3,Backreef,2,N1,5,52,0,0,0,0,25,na
2005,LTER_3,Backreef,2,N2,5,32,0,44,0,0,25,na
2005,LTER_3,Backreef,2,N3,5,52,0,16,0,0,25,na
2005,LTER_3,Backreef,2,N4,5,44,0,24,0,0,25,na
2005,LTER_3,Backreef,2,N5,5,0,0,64,0,0,25,na
2005,LTER_3,Backreef,2,NA1,1,16,0,12,0,72,25,na
2005,LTER_3,Backreef,2,NA1,2,28,0,44,0,28,25,na
2005,LTER_3,Backreef,2,NA1,3,28,0,12,0,60,25,na
2005,LTER_3,Backreef,2,NA1,4,64,0,4,0,32,25,na
2005,LTER_3,Backreef,2,NA10,1,80,0,8,0,12,25,na
2005,LTER_3,Backreef,2,NA10,2,52,0,12,0,36,25,na
2005,LTER_3,Backreef,2,NA10,3,32,0,24,0,44,25,na
2005,LTER_3,Backreef,2,NA10,4,0,0,100,0,0,25,na
2005,LTER_3,Backreef,2,NA11,1,48,0,20,0,32,25,na
2005,LTER_3,Backreef,2,NA11,2,56,0,8,0,36,25,na
2005,LTER_3,Backreef,2,NA11,3,52,0,0,0,48,25,na
2005,LTER_3,Backreef,2,NA11,4,48,0,4,0,48,25,na
2005,LTER_3,Backreef,2,NA12,1,12,0,0,0,88,25,na
2005,LTER_3,Backreef,2,NA12,2,52,0,0,0,48,25,na
2005,LTER_3,Backreef,2,NA12,3,32,0,0,0,68,25,na
2005,LTER_3,Backreef,2,NA12,4,80,0,20,0,0,25,na
2005,LTER_3,Backreef,2,NA13,1,36,0,8,0,56,25,na
2005,LTER_3,Backreef,2,NA13,2,72,0,0,0,28,25,na
2005,LTER_3,Backreef,2,NA13,3,20,0,0,0,80,25,na
2005,LTER_3,Backreef,2,NA13,4,8,0,92,0,0,25,na
2005,LTER_3,Backreef,2,NA14,1,76,0,0,0,24,25,na
2005,LTER_3,Backreef,2,NA14,2,44,0,36,0,20,25,na
2005,LTER_3,Backreef,2,NA14,3,28,0,16,0,56,25,na
2005,LTER_3,Backreef,2,NA14,4,0,0,48,0,52,25,na
2005,LTER_3,Backreef,2,NA15,1,40,4,0,0,56,25,na
2005,LTER_3,Backreef,2,NA15,2,44,0,0,0,56,25,na
2005,LTER_3,Backreef,2,NA15,3,24,0,40,0,36,25,na
2005,LTER_3,Backreef,2,NA15,4,44,0,0,0,56,25,na
2005,LTER_3,Backreef,2,NA16,1,16,0,84,0,0,25,na
2005,LTER_3,Backreef,2,NA16,2,32,0,0,0,68,25,na
2005,LTER_3,Backreef,2,NA16,3,72,0,4,0,24,25,na
2005,LTER_3,Backreef,2,NA16,4,16,0,0,0,84,25,na
2005,LTER_3,Backreef,2,NA17,1,24,0,60,0,16,25,na
2005,LTER_3,Backreef,2,NA17,2,40,0,12,0,48,25,na
2005,LTER_3,Backreef,2,NA17,3,24,0,0,0,76,25,na
2005,LTER_3,Backreef,2,NA17,4,48,4,0,0,48,25,na
2005,LTER_3,Backreef,2,NA18,1,60,0,0,0,40,25,na
2005,LTER_3,Backreef,2,NA18,2,12,4,0,0,84,25,na
2005,LTER_3,Backreef,2,NA18,3,28,0,4,0,68,25,na
2005,LTER_3,Backreef,2,NA18,4,0,0,88,0,12,25,na
2005,LTER_3,Backreef,2,NA19,1,24,0,0,0,76,25,na
2005,LTER_3,Backreef,2,NA19,2,0,0,88,0,12,25,na
2005,LTER_3,Backreef,2,NA19,3,60,0,0,0,40,25,na
2005,LTER_3,Backreef,2,NA19,4,80,0,20,0,0,25,na
2005,LTER_3,Backreef,2,NA2,1,12,0,40,0,48,25,na
2005,LTER_3,Backreef,2,NA2,2,0,0,100,0,0,25,na
2005,LTER_3,Backreef,2,NA2,3,56,0,0,0,44,25,na
2005,LTER_3,Backreef,2,NA2,4,0,0,67,0,33,24,some sub squares omitted
2005,LTER_3,Backreef,2,NA20,1,84,0,4,0,12,25,na
2005,LTER_3,Backreef,2,NA20,2,0,0,0,0,100,25,na
2005,LTER_3,Backreef,2,NA20,3,20,4,56,0,20,25,na
2005,LTER_3,Backreef,2,NA20,4,40,0,28,0,32,25,na
2005,LTER_3,Backreef,2,NA3,1,0,4,96,0,0,25,na
2005,LTER_3,Backreef,2,NA3,2,20,0,72,0,8,25,na
2005,LTER_3,Backreef,2,NA3,3,8,0,0,0,92,25,na
2005,LTER_3,Backreef,2,NA3,4,40,0,20,0,40,25,na
2005,LTER_3,Backreef,2,NA4,1,0,0,100,0,0,25,na
2005,LTER_3,Backreef,2,NA4,2,8,0,32,0,60,25,na
2005,LTER_3,Backreef,2,NA4,3,0,0,0,0,100,25,na
2005,LTER_3,Backreef,2,NA4,4,32,0,40,0,28,25,na
2005,LTER_3,Backreef,2,NA5,1,48,4,0,0,48,25,na
2005,LTER_3,Backreef,2,NA5,2,0,0,80,0,20,25,na
2005,LTER_3,Backreef,2,NA5,3,0,0,0,0,100,25,na
2005,LTER_3,Backreef,2,NA5,4,0,0,100,0,0,25,na
2005,LTER_3,Backreef,2,NA6,1,0,0,4,0,96,25,na
2005,LTER_3,Backreef,2,NA6,2,16,0,4,0,80,25,na
2005,LTER_3,Backreef,2,NA6,3,72,4,0,0,24,25,na
2005,LTER_3,Backreef,2,NA6,4,44,0,4,0,52,25,na
2005,LTER_3,Backreef,2,NA7,1,44,0,0,0,56,25,na
2005,LTER_3,Backreef,2,NA7,2,20,0,16,0,64,25,na
2005,LTER_3,Backreef,2,NA7,3,48,0,0,0,52,25,na
2005,LTER_3,Backreef,2,NA7,4,36,0,44,0,20,25,na
2005,LTER_3,Backreef,2,NA8,1,12,0,24,0,64,25,na
2005,LTER_3,Backreef,2,NA8,2,48,0,8,0,44,25,na
2005,LTER_3,Backreef,2,NA8,3,56,0,12,0,32,25,na
2005,LTER_3,Backreef,2,NA8,4,20,0,0,0,80,25,na
2005,LTER_3,Backreef,2,NA9,1,16,0,0,0,84,25,na
2005,LTER_3,Backreef,2,NA9,2,60,0,28,0,12,25,na
2005,LTER_3,Backreef,2,NA9,3,36,0,0,0,64,25,na
2005,LTER_3,Backreef,2,NA9,4,4,0,0,0,96,25,na
2005,LTER_3,Backreef,2,S1,5,36,0,0,0,0,25,na
2005,LTER_3,Backreef,2,S2,5,56,0,36,0,0,25,na
2005,LTER_3,Backreef,2,S3,5,68,0,8,0,0,25,na
2005,LTER_3,Backreef,2,S4,5,32,0,68,0,0,25,na
2005,LTER_3,Backreef,2,S5,5,0,0,100,0,0,25,na
2005,LTER_3,Backreef,2,W1,5,32,0,36,0,0,25,na
2005,LTER_3,Backreef,2,W2,5,20,0,20,0,0,25,na
2005,LTER_3,Backreef,2,W3,5,88,0,0,0,0,25,na
2005,LTER_3,Backreef,2,W4,5,48,0,0,0,0,25,na
2005,LTER_3,Backreef,2,W5,5,64,0,4,0,0,25,na
2005,LTER_4,Backreef,2,NA1,1,52,0,0,0,48,25,na
2005,LTER_4,Backreef,2,NA1,2,52,0,32,0,16,25,na
2005,LTER_4,Backreef,2,NA1,3,24,0,0,0,76,25,na
2005,LTER_4,Backreef,2,NA1,4,88,0,8,0,4,25,na
2005,LTER_4,Backreef,2,NA1,5,32,0,0,0,68,25,na
2005,LTER_4,Backreef,2,NA10,1,4,0,24,0,72,25,na
2005,LTER_4,Backreef,2,NA10,2,96,0,4,0,0,25,na
2005,LTER_4,Backreef,2,NA10,3,20,0,0,0,80,25,na
2005,LTER_4,Backreef,2,NA10,4,20,0,28,0,52,25,na
2005,LTER_4,Backreef,2,NA10,5,80,0,0,0,20,25,na
2005,LTER_4,Backreef,2,NA11,1,44,0,0,0,56,25,na
2005,LTER_4,Backreef,2,NA11,2,92,0,4,0,4,25,na
2005,LTER_4,Backreef,2,NA11,3,60,0,4,0,36,25,na
2005,LTER_4,Backreef,2,NA11,4,60,0,4,0,36,25,na
2005,LTER_4,Backreef,2,NA11,5,64,0,0,0,36,25,na
2005,LTER_4,Backreef,2,NA12,1,84,0,0,0,16,25,na
2005,LTER_4,Backreef,2,NA12,2,4,0,76,0,20,25,na
2005,LTER_4,Backreef,2,NA12,3,88,0,0,0,12,25,na
2005,LTER_4,Backreef,2,NA12,4,63,0,0,0,38,24,some sub squares omitted
2005,LTER_4,Backreef,2,NA12,5,96,0,4,0,0,25,na
2005,LTER_4,Backreef,2,NA13,1,32,0,44,0,24,25,na
2005,LTER_4,Backreef,2,NA13,2,24,0,0,0,76,25,na
2005,LTER_4,Backreef,2,NA13,3,44,0,56,0,0,25,na
2005,LTER_4,Backreef,2,NA13,4,32,0,60,0,8,25,na
2005,LTER_4,Backreef,2,NA13,5,20,0,4,0,76,25,na
2005,LTER_4,Backreef,2,NA14,1,0,0,100,0,0,25,na
2005,LTER_4,Backreef,2,NA14,2,56,0,0,0,44,25,na
2005,LTER_4,Backreef,2,NA14,3,44,0,56,0,0,25,na
2005,LTER_4,Backreef,2,NA14,4,0,0,100,0,0,25,na
2005,LTER_4,Backreef,2,NA14,5,0,0,0,0,100,25,na
2005,LTER_4,Backreef,2,NA15,1,0,0,96,0,4,25,na
2005,LTER_4,Backreef,2,NA15,2,16,0,0,0,84,25,na
2005,LTER_4,Backreef,2,NA15,3,20,0,64,0,16,25,na
2005,LTER_4,Backreef,2,NA15,4,36,0,64,0,0,25,na
2005,LTER_4,Backreef,2,NA15,5,44,0,0,0,56,25,na
2005,LTER_4,Backreef,2,NA16,1,36,0,64,0,0,25,na
2005,LTER_4,Backreef,2,NA16,2,64,0,4,0,32,25,na
2005,LTER_4,Backreef,2,NA16,3,84,0,4,0,12,25,na
2005,LTER_4,Backreef,2,NA16,4,48,0,16,0,36,25,na
2005,LTER_4,Backreef,2,NA16,5,88,0,0,0,12,25,na
2005,LTER_4,Backreef,2,NA17,1,0,0,60,0,40,25,na
2005,LTER_4,Backreef,2,NA17,2,100,0,0,0,0,25,na
2005,LTER_4,Backreef,2,NA17,3,52,0,48,0,0,25,na
2005,LTER_4,Backreef,2,NA17,4,76,0,20,0,4,25,na
2005,LTER_4,Backreef,2,NA17,5,48,4,16,0,32,25,na
2005,LTER_4,Backreef,2,NA18,1,56,0,4,0,40,25,na
2005,LTER_4,Backreef,2,NA18,2,88,0,0,0,12,25,na
2005,LTER_4,Backreef,2,NA18,3,52,0,48,0,0,25,na
2005,LTER_4,Backreef,2,NA18,4,16,0,76,0,8,25,na
2005,LTER_4,Backreef,2,NA18,5,0,0,100,0,0,25,na
2005,LTER_4,Backreef,2,NA19,1,44,0,52,0,4,25,na
2005,LTER_4,Backreef,2,NA19,2,60,0,0,0,40,25,na
2005,LTER_4,Backreef,2,NA19,3,40,0,56,0,4,25,na
2005,LTER_4,Backreef,2,NA19,4,0,0,8,0,92,25,na
2005,LTER_4,Backreef,2,NA19,5,8,0,0,0,92,25,na
2005,LTER_4,Backreef,2,NA2,1,64,0,8,0,28,25,na
2005,LTER_4,Backreef,2,NA2,2,0,0,40,0,60,25,na
2005,LTER_4,Backreef,2,NA2,3,64,0,4,0,32,25,na
2005,LTER_4,Backreef,2,NA2,4,48,0,32,0,20,25,na
2005,LTER_4,Backreef,2,NA2,5,72,0,0,0,28,25,na
2005,LTER_4,Backreef,2,NA20,1,8,0,12,0,80,25,na
2005,LTER_4,Backreef,2,NA20,2,48,0,16,0,36,25,na
2005,LTER_4,Backreef,2,NA20,3,48,0,52,0,0,25,na
2005,LTER_4,Backreef,2,NA20,4,0,0,0,0,100,25,na
2005,LTER_4,Backreef,2,NA20,5,28,0,0,0,72,25,na
2005,LTER_4,Backreef,2,NA3,1,40,0,16,0,44,25,na
2005,LTER_4,Backreef,2,NA3,2,24,0,0,0,76,25,na
2005,LTER_4,Backreef,2,NA3,3,48,0,0,0,52,25,na
2005,LTER_4,Backreef,2,NA3,4,24,0,44,0,32,25,na
2005,LTER_4,Backreef,2,NA3,5,24,0,0,0,76,25,na
2005,LTER_4,Backreef,2,NA4,1,48,0,4,0,48,25,na
2005,LTER_4,Backreef,2,NA4,2,44,0,32,0,24,25,na
2005,LTER_4,Backreef,2,NA4,3,88,0,4,0,8,25,na
2005,LTER_4,Backreef,2,NA4,4,0,0,28,0,72,25,na
2005,LTER_4,Backreef,2,NA4,5,48,0,16,0,36,25,na
2005,LTER_4,Backreef,2,NA5,1,40,0,24,0,36,25,na
2005,LTER_4,Backreef,2,NA5,2,52,0,0,0,48,25,na
2005,LTER_4,Backreef,2,NA5,3,48,0,0,0,52,25,na
2005,LTER_4,Backreef,2,NA5,4,0,0,100,0,0,25,na
2005,LTER_4,Backreef,2,NA5,5,8,0,0,0,92,25,na
2005,LTER_4,Backreef,2,NA6,1,32,0,40,0,28,25,na
2005,LTER_4,Backreef,2,NA6,2,48,0,0,0,52,25,na
2005,LTER_4,Backreef,2,NA6,3,48,0,0,0,52,25,na
2005,LTER_4,Backreef,2,NA6,4,44,0,12,0,44,25,na
2005,LTER_4,Backreef,2,NA6,5,40,0,0,0,60,25,na
2005,LTER_4,Backreef,2,NA7,1,64,0,16,0,20,25,na
2005,LTER_4,Backreef,2,NA7,2,48,4,32,0,16,25,na
2005,LTER_4,Backreef,2,NA7,3,88,0,4,0,8,25,na
2005,LTER_4,Backreef,2,NA7,4,56,0,20,0,24,25,na
2005,LTER_4,Backreef,2,NA7,5,20,0,0,0,80,25,na
2005,LTER_4,Backreef,2,NA8,1,12,0,0,0,88,25,na
2005,LTER_4,Backreef,2,NA8,2,68,0,8,0,24,25,na
2005,LTER_4,Backreef,2,NA8,3,52,0,16,0,32,25,na
2005,LTER_4,Backreef,2,NA8,4,96,0,0,0,4,25,na
2005,LTER_4,Backreef,2,NA8,5,16,16,0,0,68,25,na
2005,LTER_4,Backreef,2,NA9,1,64,8,8,0,20,25,na
2005,LTER_4,Backreef,2,NA9,2,8,0,0,0,92,25,na
2005,LTER_4,Backreef,2,NA9,3,100,0,0,0,0,25,na
2005,LTER_4,Backreef,2,NA9,4,88,0,0,0,12,25,na
2005,LTER_4,Backreef,2,NA9,5,24,0,0,0,76,25,na
2005,LTER_5,Backreef,2,NA1,1,32,0,64,0,4,25,na
2005,LTER_5,Backreef,2,NA1,2,0,0,96,0,4,25,na
2005,LTER_5,Backreef,2,NA1,3,44,0,20,0,36,25,na
2005,LTER_5,Backreef,2,NA1,4,28,0,20,0,52,25,na
2005,LTER_5,Backreef,2,NA1,5,8,0,72,0,20,25,na
2005,LTER_5,Backreef,2,NA10,1,36,0,0,0,64,25,na
2005,LTER_5,Backreef,2,NA10,2,8,0,8,0,84,25,na
2005,LTER_5,Backreef,2,NA10,3,0,4,52,0,44,25,na
2005,LTER_5,Backreef,2,NA10,4,12,0,68,0,20,25,na
2005,LTER_5,Backreef,2,NA10,5,20,0,0,0,80,25,na
2005,LTER_5,Backreef,2,NA11,1,0,0,100,0,0,25,na
2005,LTER_5,Backreef,2,NA11,2,20,0,80,0,0,25,na
2005,LTER_5,Backreef,2,NA11,3,56,0,24,0,20,25,na
2005,LTER_5,Backreef,2,NA11,4,0,0,76,0,24,25,na
2005,LTER_5,Backreef,2,NA11,5,8,0,12,0,80,25,na
2005,LTER_5,Backreef,2,NA12,1,52,0,4,0,44,25,na
2005,LTER_5,Backreef,2,NA12,2,0,0,100,0,0,25,na
2005,LTER_5,Backreef,2,NA12,3,68,0,8,0,24,25,na
2005,LTER_5,Backreef,2,NA12,4,28,0,68,0,4,25,na
2005,LTER_5,Backreef,2,NA12,5,68,0,0,0,32,25,na
2005,LTER_5,Backreef,2,NA13,1,12,0,56,0,32,25,na
2005,LTER_5,Backreef,2,NA13,2,8,0,48,0,44,25,na
2005,LTER_5,Backreef,2,NA13,3,28,0,36,0,36,25,na
2005,LTER_5,Backreef,2,NA13,4,0,0,28,0,72,25,na
2005,LTER_5,Backreef,2,NA13,5,92,0,0,0,8,25,na
2005,LTER_5,Backreef,2,NA14,1,36,4,8,0,52,25,na
2005,LTER_5,Backreef,2,NA14,2,16,0,0,0,84,25,na
2005,LTER_5,Backreef,2,NA14,3,84,16,0,0,0,25,na
2005,LTER_5,Backreef,2,NA14,4,4,0,0,0,96,25,na
2005,LTER_5,Backreef,2,NA14,5,0,0,100,0,0,25,na
2005,LTER_5,Backreef,2,NA15,1,60,4,0,0,36,25,na
2005,LTER_5,Backreef,2,NA15,2,100,0,0,0,0,25,na
2005,LTER_5,Backreef,2,NA15,3,100,0,0,0,0,25,na
2005,LTER_5,Backreef,2,NA15,4,36,0,0,0,64,25,na
2005,LTER_5,Backreef,2,NA15,5,60,0,0,0,40,25,na
2005,LTER_5,Backreef,2,NA16,1,88,0,12,0,0,25,na
2005,LTER_5,Backreef,2,NA16,2,36,0,0,0,64,25,na
2005,LTER_5,Backreef,2,NA16,3,60,0,0,0,40,25,na
2005,LTER_5,Backreef,2,NA16,4,8,4,12,0,76,25,na
2005,LTER_5,Backreef,2,NA16,5,4,0,0,0,96,25,na
2005,LTER_5,Backreef,2,NA17,1,56,0,24,0,20,25,na
2005,LTER_5,Backreef,2,NA17,2,8,0,0,0,92,25,na
2005,LTER_5,Backreef,2,NA17,3,4,0,96,0,0,25,na
2005,LTER_5,Backreef,2,NA17,4,4,4,36,0,56,25,na
2005,LTER_5,Backreef,2,NA17,5,48,0,8,0,44,25,na
2005,LTER_5,Backreef,2,NA18,1,80,0,0,0,20,25,na
2005,LTER_5,Backreef,2,NA18,2,12,0,0,0,88,25,na
2005,LTER_5,Backreef,2,NA18,3,0,0,68,0,32,25,na
2005,LTER_5,Backreef,2,NA18,4,8,0,76,0,16,25,na
2005,LTER_5,Backreef,2,NA18,5,32,0,24,0,44,25,na
2005,LTER_5,Backreef,2,NA19,1,36,0,0,0,64,25,na
2005,LTER_5,Backreef,2,NA19,2,32,0,0,0,68,25,na
2005,LTER_5,Backreef,2,NA19,3,0,0,36,0,64,25,na
2005,LTER_5,Backreef,2,NA19,4,4,12,16,0,68,25,na
2005,LTER_5,Backreef,2,NA19,5,84,0,0,0,16,25,na
2005,LTER_5,Backreef,2,NA2,1,84,0,0,0,16,25,na
2005,LTER_5,Backreef,2,NA2,2,20,0,8,0,72,25,na
2005,LTER_5,Backreef,2,NA2,3,4,0,0,16,80,25,na
2005,LTER_5,Backreef,2,NA2,4,32,0,0,0,68,25,na
2005,LTER_5,Backreef,2,NA2,5,0,0,0,0,100,25,na
2005,LTER_5,Backreef,2,NA20,1,76,0,0,0,24,25,na
2005,LTER_5,Backreef,2,NA20,2,68,4,0,0,28,25,na
2005,LTER_5,Backreef,2,NA20,3,32,0,16,0,52,25,na
2005,LTER_5,Backreef,2,NA20,4,48,0,4,0,48,25,na
2005,LTER_5,Backreef,2,NA20,5,64,0,28,0,8,25,na
2005,LTER_5,Backreef,2,NA3,1,40,0,0,0,60,25,na
2005,LTER_5,Backreef,2,NA3,2,0,0,92,0,8,25,na
2005,LTER_5,Backreef,2,NA3,3,16,0,12,0,72,25,na
2005,LTER_5,Backreef,2,NA3,4,0,8,40,0,52,25,na
2005,LTER_5,Backreef,2,NA3,5,4,0,0,0,96,25,na
2005,LTER_5,Backreef,2,NA4,1,76,0,0,0,24,25,na
2005,LTER_5,Backreef,2,NA4,2,80,0,20,0,0,25,na
2005,LTER_5,Backreef,2,NA4,3,0,0,88,0,12,25,na
2005,LTER_5,Backreef,2,NA4,4,24,0,76,0,0,25,na
2005,LTER_5,Backreef,2,NA4,5,0,0,0,0,100,25,na
2005,LTER_5,Backreef,2,NA5,1,8,0,80,0,12,25,na
2005,LTER_5,Backreef,2,NA5,2,96,0,0,0,4,25,na
2005,LTER_5,Backreef,2,NA5,3,4,8,88,0,0,25,na
2005,LTER_5,Backreef,2,NA5,4,0,0,84,0,16,25,na
2005,LTER_5,Backreef,2,NA5,5,32,0,0,0,68,25,na
2005,LTER_5,Backreef,2,NA6,1,60,4,16,0,20,25,na
2005,LTER_5,Backreef,2,NA6,2,4,0,8,0,88,25,na
2005,LTER_5,Backreef,2,NA6,3,16,0,16,0,68,25,na
2005,LTER_5,Backreef,2,NA6,4,20,8,60,0,12,25,na
2005,LTER_5,Backreef,2,NA6,5,4,0,0,0,96,25,na
2005,LTER_5,Backreef,2,NA7,1,0,12,24,0,64,25,na
2005,LTER_5,Backreef,2,NA7,2,0,0,100,0,0,25,na
2005,LTER_5,Backreef,2,NA7,3,0,0,100,0,0,25,na
2005,LTER_5,Backreef,2,NA7,4,56,0,20,0,24,25,na
2005,LTER_5,Backreef,2,NA7,5,8,0,8,0,84,25,na
2005,LTER_5,Backreef,2,NA8,1,8,0,68,0,24,25,na
2005,LTER_5,Backreef,2,NA8,2,56,0,12,0,32,25,na
2005,LTER_5,Backreef,2,NA8,3,40,4,20,0,36,25,na
2005,LTER_5,Backreef,2,NA8,4,76,0,0,0,24,25,na
2005,LTER_5,Backreef,2,NA8,5,16,0,16,0,68,25,na
2005,LTER_5,Backreef,2,NA9,1,40,0,28,0,32,25,na
2005,LTER_5,Backreef,2,NA9,2,8,0,0,0,92,25,na
2005,LTER_5,Backreef,2,NA9,3,0,0,92,0,8,25,na
2005,LTER_5,Backreef,2,NA9,4,44,4,0,0,52,25,na
2005,LTER_5,Backreef,2,NA9,5,76,0,0,0,24,25,na
2005,LTER_6,Backreef,2,NA1,1,56,0,0,0,44,25,na
2005,LTER_6,Backreef,2,NA1,2,8,0,20,0,72,25,na
2005,LTER_6,Backreef,2,NA1,3,48,0,4,0,48,25,na
2005,LTER_6,Backreef,2,NA1,4,8,0,16,0,76,25,na
2005,LTER_6,Backreef,2,NA1,5,0,0,0,0,100,25,na
2005,LTER_6,Backreef,2,NA10,1,56,0,8,0,36,25,na
2005,LTER_6,Backreef,2,NA10,2,0,0,32,0,68,25,na
2005,LTER_6,Backreef,2,NA10,3,4,0,88,0,8,25,na
2005,LTER_6,Backreef,2,NA10,4,64,0,0,0,36,25,na
2005,LTER_6,Backreef,2,NA10,5,0,0,68,0,32,25,na
2005,LTER_6,Backreef,2,NA11,1,48,4,0,0,48,25,na
2005,LTER_6,Backreef,2,NA11,2,0,0,20,0,80,25,na
2005,LTER_6,Backreef,2,NA11,3,36,0,4,0,60,25,na
2005,LTER_6,Backreef,2,NA11,4,44,0,8,0,48,25,na
2005,LTER_6,Backreef,2,NA11,5,12,0,8,0,80,25,na
2005,LTER_6,Backreef,2,NA12,1,68,0,24,0,8,25,na
2005,LTER_6,Backreef,2,NA12,2,88,0,0,0,12,25,na
2005,LTER_6,Backreef,2,NA12,3,36,0,8,0,56,25,na
2005,LTER_6,Backreef,2,NA12,4,35,4,12,0,50,26,overcount
2005,LTER_6,Backreef,2,NA12,5,20,0,20,0,60,25,na
2005,LTER_6,Backreef,2,NA13,1,44,0,36,0,20,25,na
2005,LTER_6,Backreef,2,NA13,2,44,0,44,0,12,25,na
2005,LTER_6,Backreef,2,NA13,3,48,0,20,0,32,25,na
2005,LTER_6,Backreef,2,NA13,4,46,8,15,0,31,26,overcount
2005,LTER_6,Backreef,2,NA13,5,8,0,0,0,92,25,na
2005,LTER_6,Backreef,2,NA14,1,24,0,0,0,76,25,na
2005,LTER_6,Backreef,2,NA14,2,4,0,84,0,12,25,na
2005,LTER_6,Backreef,2,NA14,3,48,0,40,0,12,25,na
2005,LTER_6,Backreef,2,NA14,4,57,0,4,0,39,23,some sub squares omitted
2005,LTER_6,Backreef,2,NA14,5,19,4,27,0,50,26,overcount
2005,LTER_6,Backreef,2,NA15,1,36,0,16,0,48,25,na
2005,LTER_6,Backreef,2,NA15,2,16,0,12,0,72,25,na
2005,LTER_6,Backreef,2,NA15,3,56,0,28,0,16,25,na
2005,LTER_6,Backreef,2,NA15,4,72,0,0,0,28,25,na
2005,LTER_6,Backreef,2,NA15,5,0,0,4,0,96,25,na
2005,LTER_6,Backreef,2,NA16,1,80,4,8,0,8,25,na
2005,LTER_6,Backreef,2,NA16,2,29,0,0,0,71,24,some sub squares omitted
2005,LTER_6,Backreef,2,NA16,3,32,4,0,0,64,25,na
2005,LTER_6,Backreef,2,NA16,4,8,0,0,0,92,25,na
2005,LTER_6,Backreef,2,NA16,5,33,0,21,0,46,24,some sub squares omitted
2005,LTER_6,Backreef,2,NA17,1,56,0,16,0,28,25,na
2005,LTER_6,Backreef,2,NA17,2,32,0,16,0,52,25,na
2005,LTER_6,Backreef,2,NA17,3,32,0,0,0,68,25,na
2005,LTER_6,Backreef,2,NA17,4,44,0,8,0,48,25,na
2005,LTER_6,Backreef,2,NA17,5,12,0,24,0,64,25,na
2005,LTER_6,Backreef,2,NA18,1,60,0,0,0,40,25,na
2005,LTER_6,Backreef,2,NA18,2,8,0,0,0,92,25,na
2005,LTER_6,Backreef,2,NA18,3,28,0,12,0,60,25,na
2005,LTER_6,Backreef,2,NA18,4,32,0,20,0,48,25,na
2005,LTER_6,Backreef,2,NA18,5,40,0,40,0,20,25,na
2005,LTER_6,Backreef,2,NA19,1,4,0,72,0,24,25,na
2005,LTER_6,Backreef,2,NA19,2,32,4,16,0,48,25,na
2005,LTER_6,Backreef,2,NA19,3,36,0,0,0,64,25,na
2005,LTER_6,Backreef,2,NA19,4,68,0,0,0,32,25,na
2005,LTER_6,Backreef,2,NA19,5,4,0,0,0,96,25,na
2005,LTER_6,Backreef,2,NA2,1,54,0,8,0,38,24,some sub squares omitted
2005,LTER_6,Backreef,2,NA2,2,16,0,40,0,44,25,na
2005,LTER_6,Backreef,2,NA2,3,36,0,0,0,64,25,na
2005,LTER_6,Backreef,2,NA2,4,24,0,4,0,72,25,na
2005,LTER_6,Backreef,2,NA2,5,12,0,0,0,88,25,na
2005,LTER_6,Backreef,2,NA20,1,8,0,92,0,0,25,na
2005,LTER_6,Backreef,2,NA20,2,12,0,24,0,64,25,na
2005,LTER_6,Backreef,2,NA20,3,16,8,24,0,52,25,na
2005,LTER_6,Backreef,2,NA20,4,60,0,0,0,40,25,na
2005,LTER_6,Backreef,2,NA20,5,68,0,0,12,20,25,na
2005,LTER_6,Backreef,2,NA3,1,24,0,12,0,64,25,na
2005,LTER_6,Backreef,2,NA3,2,24,0,12,0,64,25,na
2005,LTER_6,Backreef,2,NA3,3,28,0,0,0,72,25,na
2005,LTER_6,Backreef,2,NA3,4,56,0,12,0,32,25,na
2005,LTER_6,Backreef,2,NA3,5,20,0,8,0,72,25,na
2005,LTER_6,Backreef,2,NA4,1,64,0,24,0,12,25,na
2005,LTER_6,Backreef,2,NA4,2,0,0,12,0,88,25,na
2005,LTER_6,Backreef,2,NA4,3,28,0,4,0,68,25,na
2005,LTER_6,Backreef,2,NA4,4,20,0,0,0,80,25,na
2005,LTER_6,Backreef,2,NA4,5,12,0,0,0,88,25,na
2005,LTER_6,Backreef,2,NA5,1,75,0,0,0,25,24,some sub squares omitted
2005,LTER_6,Backreef,2,NA5,2,12,0,36,0,52,25,na
2005,LTER_6,Backreef,2,NA5,3,16,0,20,0,64,25,na
2005,LTER_6,Backreef,2,NA5,4,36,0,16,0,48,25,na
2005,LTER_6,Backreef,2,NA5,5,4,0,80,0,16,25,na
2005,LTER_6,Backreef,2,NA6,1,28,24,0,0,48,25,na
2005,LTER_6,Backreef,2,NA6,2,52,0,16,0,32,25,na
2005,LTER_6,Backreef,2,NA6,3,72,0,0,0,28,25,na
2005,LTER_6,Backreef,2,NA6,4,44,0,0,0,56,25,na
2005,LTER_6,Backreef,2,NA6,5,0,0,68,0,32,25,na
2005,LTER_6,Backreef,2,NA7,1,12,0,72,0,16,25,na
2005,LTER_6,Backreef,2,NA7,2,0,0,21,0,79,24,some sub squares omitted
2005,LTER_6,Backreef,2,NA7,3,24,0,32,0,44,25,na
2005,LTER_6,Backreef,2,NA7,4,12,0,0,0,88,25,na
2005,LTER_6,Backreef,2,NA7,5,76,0,0,0,24,25,na
2005,LTER_6,Backreef,2,NA8,1,72,0,0,0,28,25,na
2005,LTER_6,Backreef,2,NA8,2,28,0,20,0,52,25,na
2005,LTER_6,Backreef,2,NA8,3,40,0,28,0,32,25,na
2005,LTER_6,Backreef,2,NA8,4,56,0,12,0,32,25,na
2005,LTER_6,Backreef,2,NA8,5,16,0,76,0,8,25,na
2005,LTER_6,Backreef,2,NA9,1,80,0,0,0,20,25,na
2005,LTER_6,Backreef,2,NA9,2,60,0,12,0,28,25,na
2005,LTER_6,Backreef,2,NA9,3,16,0,20,0,64,25,na
2005,LTER_6,Backreef,2,NA9,4,68,0,0,0,32,25,na
2005,LTER_6,Backreef,2,NA9,5,48,0,28,0,24,25,na
2006,LTER_1,Backreef,2,NA5,3,BW,BW,BW,BW,BW,0,too shallow for nadir photo; photo horizontal so not valid for cover percent
2006,LTER_1,Backreef,2,NA1,1,40,0,28,0,32,25,na
2006,LTER_1,Backreef,2,NA1,2,24,4,16,0,56,25,na
2006,LTER_1,Backreef,2,NA1,3,64,0,0,0,36,25,na
2006,LTER_1,Backreef,2,NA1,4,0,0,96,0,4,25,na
2006,LTER_1,Backreef,2,NA1,5,68,0,4,0,28,25,na
2006,LTER_1,Backreef,2,NA10,1,60,0,0,0,40,25,na
2006,LTER_1,Backreef,2,NA10,2,80,4,0,0,16,25,na
2006,LTER_1,Backreef,2,NA10,3,0,0,0,0,100,25,na
2006,LTER_1,Backreef,2,NA10,4,8,0,0,0,92,25,na
2006,LTER_1,Backreef,2,NA10,5,80,0,12,0,8,25,na
2006,LTER_1,Backreef,2,NA11,1,28,0,8,0,64,25,na
2006,LTER_1,Backreef,2,NA11,2,0,8,0,0,92,25,na
2006,LTER_1,Backreef,2,NA11,3,92,0,0,0,8,25,na
2006,LTER_1,Backreef,2,NA11,4,20,8,4,0,68,25,na
2006,LTER_1,Backreef,2,NA11,5,12,0,12,0,76,25,na
2006,LTER_1,Backreef,2,NA12,1,36,0,20,0,44,25,na
2006,LTER_1,Backreef,2,NA12,2,8,13,4,0,75,24,some sub squares omitted
2006,LTER_1,Backreef,2,NA12,3,56,0,4,0,40,25,na
2006,LTER_1,Backreef,2,NA12,4,60,0,28,0,12,25,na
2006,LTER_1,Backreef,2,NA12,5,20,0,32,0,48,25,na
2006,LTER_1,Backreef,2,NA13,1,60,0,0,0,40,25,na
2006,LTER_1,Backreef,2,NA13,2,28,20,0,0,52,25,na
2006,LTER_1,Backreef,2,NA13,3,0,0,0,0,100,25,na
2006,LTER_1,Backreef,2,NA13,4,64,0,28,0,8,25,na
2006,LTER_1,Backreef,2,NA13,5,88,0,8,0,4,25,na
2006,LTER_1,Backreef,2,NA14,1,48,0,0,0,52,25,na
2006,LTER_1,Backreef,2,NA14,2,32,20,24,0,24,25,na
2006,LTER_1,Backreef,2,NA14,3,0,0,0,0,100,25,na
2006,LTER_1,Backreef,2,NA14,4,56,0,44,0,0,25,na
2006,LTER_1,Backreef,2,NA14,5,80,0,8,0,12,25,na
2006,LTER_1,Backreef,2,NA15,1,8,0,8,0,84,25,na
2006,LTER_1,Backreef,2,NA15,2,0,0,72,0,28,25,na
2006,LTER_1,Backreef,2,NA15,3,0,0,4,0,96,25,na
2006,LTER_1,Backreef,2,NA15,4,4,0,84,0,12,25,na
2006,LTER_1,Backreef,2,NA15,5,76,0,12,0,12,25,na
2006,LTER_1,Backreef,2,NA16,1,72,0,8,0,20,25,na
2006,LTER_1,Backreef,2,NA16,2,68,0,0,0,32,25,na
2006,LTER_1,Backreef,2,NA16,3,68,0,0,0,32,25,na
2006,LTER_1,Backreef,2,NA16,4,84,0,4,0,12,25,na
2006,LTER_1,Backreef,2,NA16,5,48,0,20,0,32,25,na
2006,LTER_1,Backreef,2,NA17,1,32,0,4,0,64,25,na
2006,LTER_1,Backreef,2,NA17,2,88,0,4,0,8,25,na
2006,LTER_1,Backreef,2,NA17,3,28,0,0,0,72,25,na
2006,LTER_1,Backreef,2,NA17,4,88,0,0,0,12,25,na
2006,LTER_1,Backreef,2,NA17,5,12,32,56,0,0,25,na
2006,LTER_1,Backreef,2,NA18,1,56,0,12,0,32,25,na
2006,LTER_1,Backreef,2,NA18,2,80,0,0,0,20,25,na
2006,LTER_1,Backreef,2,NA18,3,28,0,8,0,64,25,na
2006,LTER_1,Backreef,2,NA18,4,76,0,4,0,20,25,na
2006,LTER_1,Backreef,2,NA18,5,40,0,16,0,44,25,na
2006,LTER_1,Backreef,2,NA19,1,12,0,28,0,60,25,na
2006,LTER_1,Backreef,2,NA19,2,80,0,4,0,16,25,na
2006,LTER_1,Backreef,2,NA19,3,12,0,24,0,64,25,na
2006,LTER_1,Backreef,2,NA19,4,84,0,4,0,12,25,na
2006,LTER_1,Backreef,2,NA19,5,44,0,28,0,28,25,na
2006,LTER_1,Backreef,2,NA2,1,64,0,28,0,8,25,na
2006,LTER_1,Backreef,2,NA2,2,0,0,100,0,0,25,na
2006,LTER_1,Backreef,2,NA2,3,80,4,0,0,16,25,na
2006,LTER_1,Backreef,2,NA2,4,4,0,72,0,24,25,na
2006,LTER_1,Backreef,2,NA2,5,68,0,8,0,24,25,na
2006,LTER_1,Backreef,2,NA20,1,52,0,32,0,16,25,na
2006,LTER_1,Backreef,2,NA20,2,88,0,4,0,8,25,na
2006,LTER_1,Backreef,2,NA20,3,12,0,28,0,60,25,na
2006,LTER_1,Backreef,2,NA20,4,0,0,64,0,36,25,na
2006,LTER_1,Backreef,2,NA20,5,4,0,56,0,40,25,na
2006,LTER_1,Backreef,2,NA3,1,92,0,0,0,8,25,na
2006,LTER_1,Backreef,2,NA3,2,4,0,64,0,32,25,na
2006,LTER_1,Backreef,2,NA3,3,100,0,0,0,0,25,na
2006,LTER_1,Backreef,2,NA3,4,20,0,44,0,36,25,na
2006,LTER_1,Backreef,2,NA3,5,0,0,88,0,12,25,na
2006,LTER_1,Backreef,2,NA4,1,76,0,20,0,4,25,na
2006,LTER_1,Backreef,2,NA4,2,24,0,16,0,60,25,na
2006,LTER_1,Backreef,2,NA4,3,84,0,0,0,16,25,na
2006,LTER_1,Backreef,2,NA4,4,0,0,52,0,48,25,na
2006,LTER_1,Backreef,2,NA4,5,0,0,72,0,28,25,na
2006,LTER_1,Backreef,2,NA5,1,20,0,60,0,20,25,na
2006,LTER_1,Backreef,2,NA5,2,92,0,4,0,4,25,na
2006,LTER_1,Backreef,2,NA5,4,8,0,0,0,92,25,na
2006,LTER_1,Backreef,2,NA5,5,0,0,64,0,36,25,na
2006,LTER_1,Backreef,2,NA6,1,64,0,0,0,36,25,na
2006,LTER_1,Backreef,2,NA6,2,16,8,0,0,76,25,na
2006,LTER_1,Backreef,2,NA6,3,76,4,8,0,12,25,na
2006,LTER_1,Backreef,2,NA6,4,32,0,0,0,68,25,na
2006,LTER_1,Backreef,2,NA6,5,56,0,40,0,4,25,na
2006,LTER_1,Backreef,2,NA7,1,92,0,0,0,8,25,na
2006,LTER_1,Backreef,2,NA7,2,28,0,4,0,68,25,na
2006,LTER_1,Backreef,2,NA7,3,60,40,0,0,0,25,na
2006,LTER_1,Backreef,2,NA7,4,68,0,0,0,32,25,na
2006,LTER_1,Backreef,2,NA7,5,96,0,0,0,4,25,na
2006,LTER_1,Backreef,2,NA8,1,56,0,8,0,36,25,na
2006,LTER_1,Backreef,2,NA8,2,48,0,0,0,52,25,na
2006,LTER_1,Backreef,2,NA8,3,4,0,0,0,96,25,na
2006,LTER_1,Backreef,2,NA8,4,64,0,32,0,4,25,na
2006,LTER_1,Backreef,2,NA8,5,96,0,4,0,0,25,na
2006,LTER_1,Backreef,2,NA9,1,76,0,4,0,20,25,na
2006,LTER_1,Backreef,2,NA9,2,32,0,0,0,68,25,na
2006,LTER_1,Backreef,2,NA9,3,4,0,0,0,96,25,na
2006,LTER_1,Backreef,2,NA9,4,36,0,16,0,48,25,na
2006,LTER_1,Backreef,2,NA9,5,36,0,56,0,8,25,na
2006,LTER_2,Backreef,2,NA20,5,BW,BW,BW,BW,BW,0,too shallow for nadir photo; photo horizontal so not valid for cover percent
2006,LTER_2,Backreef,2,NA5,5,BW,BW,BW,BW,BW,0,too shallow for nadir photo; photo horizontal so not valid for cover percent
2006,LTER_2,Backreef,2,NA1,1,36,0,16,0,48,25,na
2006,LTER_2,Backreef,2,NA1,2,36,0,16,0,48,25,na
2006,LTER_2,Backreef,2,NA1,3,8,20,8,0,64,25,na
2006,LTER_2,Backreef,2,NA1,4,20,0,0,0,80,25,na
2006,LTER_2,Backreef,2,NA1,5,8,0,80,0,12,25,na
2006,LTER_2,Backreef,2,NA10,1,0,0,88,0,12,25,na
2006,LTER_2,Backreef,2,NA10,2,8,0,44,0,48,25,na
2006,LTER_2,Backreef,2,NA10,3,12,0,0,0,88,25,na
2006,LTER_2,Backreef,2,NA10,4,60,4,12,0,24,25,na
2006,LTER_2,Backreef,2,NA10,5,4,0,0,0,96,25,na
2006,LTER_2,Backreef,2,NA11,1,8,4,4,0,84,25,na
2006,LTER_2,Backreef,2,NA11,2,8,0,8,0,84,25,na
2006,LTER_2,Backreef,2,NA11,3,8,8,0,0,84,25,na
2006,LTER_2,Backreef,2,NA11,4,0,0,0,0,100,25,na
2006,LTER_2,Backreef,2,NA11,5,68,4,4,0,24,25,na
2006,LTER_2,Backreef,2,NA12,1,28,0,16,0,56,25,na
2006,LTER_2,Backreef,2,NA12,2,12,0,4,0,84,25,na
2006,LTER_2,Backreef,2,NA12,3,8,24,0,0,68,25,na
2006,LTER_2,Backreef,2,NA12,4,16,0,0,0,84,25,na
2006,LTER_2,Backreef,2,NA12,5,16,0,20,0,64,25,na
2006,LTER_2,Backreef,2,NA13,1,28,4,32,0,36,25,na
2006,LTER_2,Backreef,2,NA13,2,0,0,8,0,92,25,na
2006,LTER_2,Backreef,2,NA13,3,20,20,4,0,56,25,na
2006,LTER_2,Backreef,2,NA13,4,24,0,12,0,64,25,na
2006,LTER_2,Backreef,2,NA13,5,12,0,4,0,84,25,na
2006,LTER_2,Backreef,2,NA14,1,56,0,12,0,32,25,na
2006,LTER_2,Backreef,2,NA14,2,12,0,28,0,60,25,na
2006,LTER_2,Backreef,2,NA14,3,36,20,0,0,44,25,na
2006,LTER_2,Backreef,2,NA14,4,12,0,80,0,8,25,na
2006,LTER_2,Backreef,2,NA14,5,0,0,36,0,64,25,na
2006,LTER_2,Backreef,2,NA15,1,16,0,84,0,0,25,na
2006,LTER_2,Backreef,2,NA15,2,8,0,20,0,72,25,na
2006,LTER_2,Backreef,2,NA15,3,96,0,4,0,0,25,na
2006,LTER_2,Backreef,2,NA15,4,20,0,64,0,16,25,na
2006,LTER_2,Backreef,2,NA15,5,0,0,0,0,100,25,na
2006,LTER_2,Backreef,2,NA16,1,32,36,12,0,20,25,na
2006,LTER_2,Backreef,2,NA16,2,8,0,0,0,92,25,na
2006,LTER_2,Backreef,2,NA16,3,12,12,0,0,76,25,na
2006,LTER_2,Backreef,2,NA16,4,16,0,68,0,16,25,na
2006,LTER_2,Backreef,2,NA16,5,24,0,4,0,72,25,na
2006,LTER_2,Backreef,2,NA17,1,16,16,0,0,68,25,na
2006,LTER_2,Backreef,2,NA17,2,24,18,0,0,59,17,some sub squares omitted
2006,LTER_2,Backreef,2,NA17,3,12,0,44,0,44,25,na
2006,LTER_2,Backreef,2,NA17,4,32,0,0,0,68,25,na
2006,LTER_2,Backreef,2,NA17,5,96,0,4,0,0,25,na
2006,LTER_2,Backreef,2,NA18,1,52,0,36,0,12,25,na
2006,LTER_2,Backreef,2,NA18,2,28,0,0,0,72,25,na
2006,LTER_2,Backreef,2,NA18,3,8,0,48,0,44,25,na
2006,LTER_2,Backreef,2,NA18,4,24,0,8,0,68,25,na
2006,LTER_2,Backreef,2,NA18,5,88,8,4,0,0,25,na
2006,LTER_2,Backreef,2,NA19,1,4,0,96,0,0,25,na
2006,LTER_2,Backreef,2,NA19,2,32,0,4,0,64,25,na
2006,LTER_2,Backreef,2,NA19,3,8,0,88,0,4,25,na
2006,LTER_2,Backreef,2,NA19,4,64,0,4,0,32,25,na
2006,LTER_2,Backreef,2,NA19,5,100,0,0,0,0,25,na
2006,LTER_2,Backreef,2,NA2,1,0,0,56,0,44,25,na
2006,LTER_2,Backreef,2,NA2,2,0,0,100,0,0,25,na
2006,LTER_2,Backreef,2,NA2,3,8,0,0,0,92,25,na
2006,LTER_2,Backreef,2,NA2,4,8,0,40,0,52,25,na
2006,LTER_2,Backreef,2,NA2,5,12,20,0,0,68,25,na
2006,LTER_2,Backreef,2,NA20,1,0,0,80,0,20,25,na
2006,LTER_2,Backreef,2,NA20,2,20,4,40,0,36,25,na
2006,LTER_2,Backreef,2,NA20,3,20,16,16,0,48,25,na
2006,LTER_2,Backreef,2,NA20,4,44,8,0,0,48,25,na
2006,LTER_2,Backreef,2,NA3,1,0,0,72,0,28,25,na
2006,LTER_2,Backreef,2,NA3,2,0,0,100,0,0,25,na
2006,LTER_2,Backreef,2,NA3,3,4,0,4,0,92,25,na
2006,LTER_2,Backreef,2,NA3,4,0,0,40,0,60,25,na
2006,LTER_2,Backreef,2,NA3,5,40,20,24,0,16,25,na
2006,LTER_2,Backreef,2,NA4,1,0,0,96,0,4,25,na
2006,LTER_2,Backreef,2,NA4,2,16,0,84,0,0,25,na
2006,LTER_2,Backreef,2,NA4,3,20,28,48,0,4,25,na
2006,LTER_2,Backreef,2,NA4,4,0,0,80,0,20,25,na
2006,LTER_2,Backreef,2,NA4,5,0,0,68,0,32,25,na
2006,LTER_2,Backreef,2,NA5,1,0,0,40,0,60,25,na
2006,LTER_2,Backreef,2,NA5,2,40,0,0,0,60,25,na
2006,LTER_2,Backreef,2,NA5,3,60,0,4,0,36,25,na
2006,LTER_2,Backreef,2,NA5,4,0,0,68,0,32,25,na
2006,LTER_2,Backreef,2,NA6,1,0,0,64,0,36,25,na
2006,LTER_2,Backreef,2,NA6,2,0,0,8,0,92,25,na
2006,LTER_2,Backreef,2,NA6,3,12,36,12,0,40,25,na
2006,LTER_2,Backreef,2,NA6,4,8,0,0,0,92,25,na
2006,LTER_2,Backreef,2,NA6,5,16,0,0,0,84,25,na
2006,LTER_2,Backreef,2,NA7,1,48,0,44,0,8,25,na
2006,LTER_2,Backreef,2,NA7,2,4,0,48,0,48,25,na
2006,LTER_2,Backreef,2,NA7,3,0,24,0,0,76,25,na
2006,LTER_2,Backreef,2,NA7,4,36,0,64,0,0,25,na
2006,LTER_2,Backreef,2,NA7,5,4,0,84,0,12,25,na
2006,LTER_2,Backreef,2,NA8,1,16,0,52,0,32,25,na
2006,LTER_2,Backreef,2,NA8,2,8,0,12,0,80,25,na
2006,LTER_2,Backreef,2,NA8,3,20,0,0,0,80,25,na
2006,LTER_2,Backreef,2,NA8,4,40,0,60,0,0,25,na
2006,LTER_2,Backreef,2,NA8,5,0,0,56,0,44,25,na
2006,LTER_2,Backreef,2,NA9,1,0,0,72,0,28,25,na
2006,LTER_2,Backreef,2,NA9,2,40,0,20,0,40,25,na
2006,LTER_2,Backreef,2,NA9,3,8,0,0,0,92,25,na
2006,LTER_2,Backreef,2,NA9,4,4,0,68,0,28,25,na
2006,LTER_2,Backreef,2,NA9,5,52,0,20,0,28,25,na
2006,LTER_3,Backreef,2,NA20,1,BW,BW,BW,BW,BW,0,too shallow for nadir photo; photo horizontal so not valid for cover percent
2006,LTER_3,Backreef,2,NA20,2,BW,BW,BW,BW,BW,0,too shallow for nadir photo; photo horizontal so not valid for cover percent
2006,LTER_3,Backreef,2,NA20,3,BW,BW,BW,BW,BW,0,too shallow for nadir photo; photo horizontal so not valid for cover percent
2006,LTER_3,Backreef,2,NA20,4,BW,BW,BW,BW,BW,0,too shallow for nadir photo; photo horizontal so not valid for cover percent
2006,LTER_3,Backreef,2,NA20,5,BW,BW,BW,BW,BW,0,too shallow for nadir photo; photo horizontal so not valid for cover percent
2006,LTER_3,Backreef,2,NA1,1,48,0,32,0,20,25,na
2006,LTER_3,Backreef,2,NA1,2,32,0,0,0,68,25,na
2006,LTER_3,Backreef,2,NA1,3,52,0,0,0,48,25,na
2006,LTER_3,Backreef,2,NA1,4,32,0,8,0,60,25,na
2006,LTER_3,Backreef,2,NA1,5,32,0,56,0,12,25,na
2006,LTER_3,Backreef,2,NA10,1,0,0,80,0,20,25,na
2006,LTER_3,Backreef,2,NA10,2,12,0,36,0,52,25,na
2006,LTER_3,Backreef,2,NA10,3,76,0,20,0,4,25,na
2006,LTER_3,Backreef,2,NA10,4,0,0,88,0,12,25,na
2006,LTER_3,Backreef,2,NA10,5,12,0,72,0,16,25,na
2006,LTER_3,Backreef,2,NA11,1,28,0,4,0,68,25,na
2006,LTER_3,Backreef,2,NA11,2,28,0,0,0,72,25,na
2006,LTER_3,Backreef,2,NA11,3,48,0,8,0,44,25,na
2006,LTER_3,Backreef,2,NA11,4,16,4,0,0,80,25,na
2006,LTER_3,Backreef,2,NA11,5,96,0,0,0,4,25,na
2006,LTER_3,Backreef,2,NA12,1,44,0,20,0,36,25,na
2006,LTER_3,Backreef,2,NA12,2,32,0,28,0,40,25,na
2006,LTER_3,Backreef,2,NA12,3,60,0,36,0,4,25,na
2006,LTER_3,Backreef,2,NA12,4,48,0,12,0,40,25,na
2006,LTER_3,Backreef,2,NA12,5,4,0,72,0,24,25,na
2006,LTER_3,Backreef,2,NA13,1,4,0,68,0,28,25,na
2006,LTER_3,Backreef,2,NA13,2,48,0,20,0,32,25,na
2006,LTER_3,Backreef,2,NA13,3,12,0,72,0,16,25,na
2006,LTER_3,Backreef,2,NA13,4,32,0,44,0,24,25,na
2006,LTER_3,Backreef,2,NA13,5,52,0,32,0,16,25,na
2006,LTER_3,Backreef,2,NA14,1,20,0,40,0,40,25,na
2006,LTER_3,Backreef,2,NA14,2,20,0,8,0,72,25,na
2006,LTER_3,Backreef,2,NA14,3,20,0,68,0,12,25,na
2006,LTER_3,Backreef,2,NA14,4,56,0,0,0,44,25,na
2006,LTER_3,Backreef,2,NA14,5,32,0,68,0,0,25,na
2006,LTER_3,Backreef,2,NA15,1,28,0,56,0,16,25,na
2006,LTER_3,Backreef,2,NA15,2,32,0,28,0,40,25,na
2006,LTER_3,Backreef,2,NA15,3,40,0,4,0,56,25,na
2006,LTER_3,Backreef,2,NA15,4,76,0,4,0,20,25,na
2006,LTER_3,Backreef,2,NA15,5,40,0,44,0,16,25,na
2006,LTER_3,Backreef,2,NA16,1,0,0,60,0,40,25,na
2006,LTER_3,Backreef,2,NA16,2,24,0,72,0,4,25,na
2006,LTER_3,Backreef,2,NA16,3,24,0,36,0,40,25,na
2006,LTER_3,Backreef,2,NA16,4,12,4,4,0,80,25,na
2006,LTER_3,Backreef,2,NA16,5,36,0,44,0,20,25,na
2006,LTER_3,Backreef,2,NA17,1,20,0,72,0,8,25,na
2006,LTER_3,Backreef,2,NA17,2,16,0,48,0,36,25,na
2006,LTER_3,Backreef,2,NA17,3,24,0,52,0,24,25,na
2006,LTER_3,Backreef,2,NA17,4,56,0,4,0,40,25,na
2006,LTER_3,Backreef,2,NA17,5,12,0,76,0,12,25,na
2006,LTER_3,Backreef,2,NA18,1,48,0,12,0,40,25,na
2006,LTER_3,Backreef,2,NA18,2,16,0,80,0,4,25,na
2006,LTER_3,Backreef,2,NA18,3,60,0,0,0,40,25,na
2006,LTER_3,Backreef,2,NA18,4,16,0,4,0,80,25,na
2006,LTER_3,Backreef,2,NA18,5,48,0,28,0,24,25,na
2006,LTER_3,Backreef,2,NA19,1,0,0,64,0,36,25,na
2006,LTER_3,Backreef,2,NA19,2,0,0,84,0,16,25,na
2006,LTER_3,Backreef,2,NA19,3,24,0,56,0,20,25,na
2006,LTER_3,Backreef,2,NA19,4,8,0,92,0,0,25,na
2006,LTER_3,Backreef,2,NA19,5,80,0,8,0,12,25,na
2006,LTER_3,Backreef,2,NA2,1,28,0,8,0,64,25,na
2006,LTER_3,Backreef,2,NA2,2,76,0,8,0,16,25,na
2006,LTER_3,Backreef,2,NA2,3,52,0,44,0,4,25,na
2006,LTER_3,Backreef,2,NA2,4,56,0,16,0,28,25,na
2006,LTER_3,Backreef,2,NA2,5,52,0,8,0,40,25,na
2006,LTER_3,Backreef,2,NA3,1,24,0,24,0,52,25,na
2006,LTER_3,Backreef,2,NA3,2,12,0,16,0,72,25,na
2006,LTER_3,Backreef,2,NA3,3,64,0,4,0,32,25,na
2006,LTER_3,Backreef,2,NA3,4,24,0,52,0,24,25,na
2006,LTER_3,Backreef,2,NA3,5,29,0,25,0,46,24,some sub squares omitted
2006,LTER_3,Backreef,2,NA4,1,24,0,32,0,44,25,na
2006,LTER_3,Backreef,2,NA4,2,0,0,16,0,84,25,na
2006,LTER_3,Backreef,2,NA4,3,44,0,20,0,36,25,na
2006,LTER_3,Backreef,2,NA4,4,8,0,80,0,12,25,na
2006,LTER_3,Backreef,2,NA4,5,24,0,8,0,68,25,na
2006,LTER_3,Backreef,2,NA5,1,12,0,88,0,0,25,na
2006,LTER_3,Backreef,2,NA5,2,24,0,76,0,0,25,na
2006,LTER_3,Backreef,2,NA5,3,64,0,32,0,4,25,na
2006,LTER_3,Backreef,2,NA5,4,36,0,16,0,48,25,na
2006,LTER_3,Backreef,2,NA5,5,56,0,40,0,4,25,na
2006,LTER_3,Backreef,2,NA6,1,32,0,64,0,4,25,na
2006,LTER_3,Backreef,2,NA6,2,24,0,28,0,48,25,na
2006,LTER_3,Backreef,2,NA6,3,28,0,0,0,72,25,na
2006,LTER_3,Backreef,2,NA6,4,32,0,12,0,56,25,na
2006,LTER_3,Backreef,2,NA6,5,60,0,0,0,40,25,na
2006,LTER_3,Backreef,2,NA7,1,52,0,20,0,28,25,na
2006,LTER_3,Backreef,2,NA7,2,52,0,0,0,48,25,na
2006,LTER_3,Backreef,2,NA7,3,4,0,96,0,0,25,na
2006,LTER_3,Backreef,2,NA7,4,12,0,56,0,32,25,na
2006,LTER_3,Backreef,2,NA7,5,64,0,12,0,24,25,na
2006,LTER_3,Backreef,2,NA8,1,20,0,20,0,60,25,na
2006,LTER_3,Backreef,2,NA8,2,52,0,8,0,40,25,na
2006,LTER_3,Backreef,2,NA8,3,0,0,100,0,0,25,na
2006,LTER_3,Backreef,2,NA8,4,0,0,92,0,8,25,na
2006,LTER_3,Backreef,2,NA8,5,36,0,56,0,8,25,na
2006,LTER_3,Backreef,2,NA9,1,4,24,72,0,0,25,na
2006,LTER_3,Backreef,2,NA9,2,24,0,0,0,76,25,na
2006,LTER_3,Backreef,2,NA9,3,56,0,44,0,0,25,na
2006,LTER_3,Backreef,2,NA9,4,0,0,76,0,24,25,na
2006,LTER_3,Backreef,2,NA9,5,0,0,96,0,4,25,na
2006,LTER_4,Backreef,2,NA1,1,36,12,0,0,52,25,na
2006,LTER_4,Backreef,2,NA1,2,84,0,12,0,4,25,na
2006,LTER_4,Backreef,2,NA1,3,40,0,44,0,16,25,na
2006,LTER_4,Backreef,2,NA1,4,52,0,0,0,48,25,na
2006,LTER_4,Backreef,2,NA1,5,24,0,0,0,76,25,na
2006,LTER_4,Backreef,2,NA10,1,4,0,64,0,32,25,na
2006,LTER_4,Backreef,2,NA10,2,72,0,24,0,4,25,na
2006,LTER_4,Backreef,2,NA10,3,12,0,20,0,68,25,na
2006,LTER_4,Backreef,2,NA10,4,20,0,28,0,52,25,na
2006,LTER_4,Backreef,2,NA10,5,48,0,24,0,28,25,na
2006,LTER_4,Backreef,2,NA11,1,36,0,36,0,28,25,na
2006,LTER_4,Backreef,2,NA11,2,48,0,4,0,48,25,na
2006,LTER_4,Backreef,2,NA11,3,44,0,0,0,56,25,na
2006,LTER_4,Backreef,2,NA11,4,32,0,0,0,68,25,na
2006,LTER_4,Backreef,2,NA11,5,36,0,0,0,64,25,na
2006,LTER_4,Backreef,2,NA12,1,40,0,56,0,4,25,na
2006,LTER_4,Backreef,2,NA12,2,36,0,32,0,32,25,na
2006,LTER_4,Backreef,2,NA12,3,20,0,12,0,68,25,na
2006,LTER_4,Backreef,2,NA12,4,44,0,8,0,48,25,na
2006,LTER_4,Backreef,2,NA12,5,56,0,0,0,44,25,na
2006,LTER_4,Backreef,2,NA13,1,32,0,44,0,24,25,na
2006,LTER_4,Backreef,2,NA13,2,0,0,60,0,40,25,na
2006,LTER_4,Backreef,2,NA13,3,4,0,60,0,36,25,na
2006,LTER_4,Backreef,2,NA13,4,20,0,8,0,72,25,na
2006,LTER_4,Backreef,2,NA13,5,44,0,0,0,56,25,na
2006,LTER_4,Backreef,2,NA14,1,40,0,36,0,24,25,na
2006,LTER_4,Backreef,2,NA14,2,36,0,24,0,40,25,na
2006,LTER_4,Backreef,2,NA14,3,12,0,44,0,44,25,na
2006,LTER_4,Backreef,2,NA14,4,40,0,32,0,28,25,na
2006,LTER_4,Backreef,2,NA14,5,76,0,20,0,4,25,na
2006,LTER_4,Backreef,2,NA15,1,0,0,64,0,36,25,na
2006,LTER_4,Backreef,2,NA15,2,32,0,32,0,36,25,na
2006,LTER_4,Backreef,2,NA15,3,80,0,12,0,8,25,na
2006,LTER_4,Backreef,2,NA15,4,36,0,4,0,60,25,na
2006,LTER_4,Backreef,2,NA15,5,0,0,8,0,92,25,na
2006,LTER_4,Backreef,2,NA16,1,64,0,16,0,20,25,na
2006,LTER_4,Backreef,2,NA16,2,52,0,48,0,0,25,na
2006,LTER_4,Backreef,2,NA16,3,76,16,0,0,8,25,na
2006,LTER_4,Backreef,2,NA16,4,100,0,0,0,0,25,na
2006,LTER_4,Backreef,2,NA16,5,40,0,20,0,40,25,na
2006,LTER_4,Backreef,2,NA17,1,44,0,16,0,40,25,na
2006,LTER_4,Backreef,2,NA17,2,32,0,24,0,44,25,na
2006,LTER_4,Backreef,2,NA17,3,8,0,80,0,12,25,na
2006,LTER_4,Backreef,2,NA17,4,84,0,0,0,16,25,na
2006,LTER_4,Backreef,2,NA17,5,4,0,56,0,40,25,na
2006,LTER_4,Backreef,2,NA18,1,60,0,0,0,40,25,na
2006,LTER_4,Backreef,2,NA18,2,0,0,32,0,68,25,na
2006,LTER_4,Backreef,2,NA18,3,12,0,76,0,12,25,na
2006,LTER_4,Backreef,2,NA18,4,84,0,0,0,16,25,na
2006,LTER_4,Backreef,2,NA18,5,24,0,8,0,68,25,na
2006,LTER_4,Backreef,2,NA19,1,12,0,64,0,24,25,na
2006,LTER_4,Backreef,2,NA19,2,0,0,24,0,76,25,na
2006,LTER_4,Backreef,2,NA19,3,16,0,68,0,16,25,na
2006,LTER_4,Backreef,2,NA19,4,0,0,96,0,4,25,na
2006,LTER_4,Backreef,2,NA19,5,24,0,52,0,24,25,na
2006,LTER_4,Backreef,2,NA2,1,64,0,0,0,36,25,na
2006,LTER_4,Backreef,2,NA2,2,32,0,68,0,0,25,na
2006,LTER_4,Backreef,2,NA2,3,36,0,0,0,64,25,na
2006,LTER_4,Backreef,2,NA2,4,12,0,56,0,32,25,na
2006,LTER_4,Backreef,2,NA2,5,20,0,0,0,80,25,na
2006,LTER_4,Backreef,2,NA20,1,20,0,32,0,48,25,na
2006,LTER_4,Backreef,2,NA20,2,88,0,12,0,0,25,na
2006,LTER_4,Backreef,2,NA20,3,32,0,44,0,24,25,na
2006,LTER_4,Backreef,2,NA20,4,40,0,4,0,56,25,na
2006,LTER_4,Backreef,2,NA20,5,60,0,24,0,16,25,na
2006,LTER_4,Backreef,2,NA3,1,88,0,0,0,12,25,na
2006,LTER_4,Backreef,2,NA3,2,20,0,48,0,32,25,na
2006,LTER_4,Backreef,2,NA3,3,64,0,20,0,16,25,na
2006,LTER_4,Backreef,2,NA3,4,0,0,76,0,24,25,na
2006,LTER_4,Backreef,2,NA3,5,32,0,24,0,44,25,na
2006,LTER_4,Backreef,2,NA4,1,92,0,0,0,8,25,na
2006,LTER_4,Backreef,2,NA4,2,0,0,24,0,76,25,na
2006,LTER_4,Backreef,2,NA4,3,64,0,32,0,4,25,na
2006,LTER_4,Backreef,2,NA4,4,0,0,44,0,56,25,na
2006,LTER_4,Backreef,2,NA4,5,8,0,0,0,92,25,na
2006,LTER_4,Backreef,2,NA5,1,20,0,40,0,40,25,na
2006,LTER_4,Backreef,2,NA5,2,64,0,4,0,32,25,na
2006,LTER_4,Backreef,2,NA5,3,0,0,12,0,88,25,na
2006,LTER_4,Backreef,2,NA5,4,0,0,36,0,64,25,na
2006,LTER_4,Backreef,2,NA5,5,4,0,0,0,96,25,na
2006,LTER_4,Backreef,2,NA6,1,64,0,0,0,36,25,na
2006,LTER_4,Backreef,2,NA6,2,64,0,0,0,36,25,na
2006,LTER_4,Backreef,2,NA6,3,92,0,0,0,8,25,na
2006,LTER_4,Backreef,2,NA6,4,32,0,16,0,52,25,na
2006,LTER_4,Backreef,2,NA6,5,16,0,0,0,84,25,na
2006,LTER_4,Backreef,2,NA7,1,56,0,8,0,36,25,na
2006,LTER_4,Backreef,2,NA7,2,48,0,0,0,52,25,na
2006,LTER_4,Backreef,2,NA7,3,48,0,32,0,20,25,na
2006,LTER_4,Backreef,2,NA7,4,28,0,32,0,40,25,na
2006,LTER_4,Backreef,2,NA7,5,56,0,0,0,44,25,na
2006,LTER_4,Backreef,2,NA8,1,0,0,92,0,8,25,na
2006,LTER_4,Backreef,2,NA8,2,64,0,0,0,36,25,na
2006,LTER_4,Backreef,2,NA8,3,20,0,72,0,8,25,na
2006,LTER_4,Backreef,2,NA8,4,0,0,52,0,48,25,na
2006,LTER_4,Backreef,2,NA8,5,100,0,0,0,0,25,na
2006,LTER_4,Backreef,2,NA9,1,80,0,0,0,20,25,na
2006,LTER_4,Backreef,2,NA9,2,88,0,4,0,8,25,na
2006,LTER_4,Backreef,2,NA9,3,16,0,36,0,48,25,na
2006,LTER_4,Backreef,2,NA9,4,8,0,24,0,68,25,na
2006,LTER_4,Backreef,2,NA9,5,48,0,40,0,12,25,na
2006,LTER_5,Backreef,2,NA20,3,BW,BW,BW,BW,BW,0,too shallow for nadir photo; photo horizontal so not valid for cover percent
2006,LTER_5,Backreef,2,NA1,1,36,0,64,0,0,25,na
2006,LTER_5,Backreef,2,NA1,2,8,0,52,0,40,25,na
2006,LTER_5,Backreef,2,NA1,3,36,0,48,0,16,25,na
2006,LTER_5,Backreef,2,NA1,4,36,0,48,0,16,25,na
2006,LTER_5,Backreef,2,NA1,5,12,0,76,0,12,25,na
2006,LTER_5,Backreef,2,NA10,1,0,0,100,0,0,25,na
2006,LTER_5,Backreef,2,NA10,2,0,0,100,0,0,25,na
2006,LTER_5,Backreef,2,NA10,3,0,0,92,0,8,25,na
2006,LTER_5,Backreef,2,NA10,4,60,0,16,0,24,25,na
2006,LTER_5,Backreef,2,NA10,5,12,0,64,0,24,25,na
2006,LTER_5,Backreef,2,NA11,1,56,0,24,0,20,25,na
2006,LTER_5,Backreef,2,NA11,2,0,0,4,0,96,25,na
2006,LTER_5,Backreef,2,NA11,3,0,0,12,8,80,25,na
2006,LTER_5,Backreef,2,NA11,4,8,0,36,0,56,25,na
2006,LTER_5,Backreef,2,NA11,5,12,0,76,0,12,25,na
2006,LTER_5,Backreef,2,NA12,1,24,0,76,0,0,25,na
2006,LTER_5,Backreef,2,NA12,2,20,0,52,0,28,25,na
2006,LTER_5,Backreef,2,NA12,3,16,0,36,0,48,25,na
2006,LTER_5,Backreef,2,NA12,4,0,0,88,0,12,25,na
2006,LTER_5,Backreef,2,NA12,5,28,0,8,0,64,25,na
2006,LTER_5,Backreef,2,NA13,1,12,0,84,0,4,25,na
2006,LTER_5,Backreef,2,NA13,2,20,0,4,0,76,25,na
2006,LTER_5,Backreef,2,NA13,3,36,0,56,0,8,25,na
2006,LTER_5,Backreef,2,NA13,4,0,0,12,0,88,25,na
2006,LTER_5,Backreef,2,NA13,5,0,0,40,0,60,25,na
2006,LTER_5,Backreef,2,NA14,1,44,0,56,0,0,25,na
2006,LTER_5,Backreef,2,NA14,2,0,0,56,0,44,25,na
2006,LTER_5,Backreef,2,NA14,3,8,0,56,0,36,25,na
2006,LTER_5,Backreef,2,NA14,4,4,0,0,0,96,25,na
2006,LTER_5,Backreef,2,NA14,5,8,0,40,0,52,25,na
2006,LTER_5,Backreef,2,NA15,1,0,0,96,0,4,25,na
2006,LTER_5,Backreef,2,NA15,2,0,0,100,0,0,25,na
2006,LTER_5,Backreef,2,NA15,3,0,0,28,52,20,25,na
2006,LTER_5,Backreef,2,NA15,4,28,0,20,0,52,25,na
2006,LTER_5,Backreef,2,NA15,5,8,0,72,0,20,25,na
2006,LTER_5,Backreef,2,NA16,1,16,0,60,0,24,25,na
2006,LTER_5,Backreef,2,NA16,2,0,0,36,0,64,25,na
2006,LTER_5,Backreef,2,NA16,3,0,0,8,32,60,25,na
2006,LTER_5,Backreef,2,NA16,4,12,0,40,0,48,25,na
2006,LTER_5,Backreef,2,NA16,5,0,0,44,0,56,25,na
2006,LTER_5,Backreef,2,NA17,1,52,0,4,0,44,25,na
2006,LTER_5,Backreef,2,NA17,2,56,0,36,0,8,25,na
2006,LTER_5,Backreef,2,NA17,3,0,0,44,0,56,25,na
2006,LTER_5,Backreef,2,NA17,4,36,0,24,20,20,25,na
2006,LTER_5,Backreef,2,NA17,5,16,0,36,0,48,25,na
2006,LTER_5,Backreef,2,NA18,1,68,0,16,0,16,25,na
2006,LTER_5,Backreef,2,NA18,2,16,0,72,0,12,25,na
2006,LTER_5,Backreef,2,NA18,3,0,0,68,0,32,25,na
2006,LTER_5,Backreef,2,NA18,4,36,0,28,0,36,25,na
2006,LTER_5,Backreef,2,NA18,5,64,0,4,0,32,25,na
2006,LTER_5,Backreef,2,NA19,1,84,0,0,0,16,25,na
2006,LTER_5,Backreef,2,NA19,2,4,0,80,0,16,25,na
2006,LTER_5,Backreef,2,NA19,3,100,0,0,0,0,25,na
2006,LTER_5,Backreef,2,NA19,4,36,0,32,0,32,25,na
2006,LTER_5,Backreef,2,NA19,5,36,0,0,0,64,25,na
2006,LTER_5,Backreef,2,NA2,1,8,0,92,0,0,25,na
2006,LTER_5,Backreef,2,NA2,2,0,0,100,0,0,25,na
2006,LTER_5,Backreef,2,NA2,3,40,0,60,0,0,25,na
2006,LTER_5,Backreef,2,NA2,4,0,0,72,0,28,25,na
2006,LTER_5,Backreef,2,NA2,5,56,0,4,0,40,25,na
2006,LTER_5,Backreef,2,NA20,1,4,0,40,0,56,25,na
2006,LTER_5,Backreef,2,NA20,2,64,0,36,0,0,25,na
2006,LTER_5,Backreef,2,NA20,4,24,0,20,0,56,25,na
2006,LTER_5,Backreef,2,NA20,5,8,0,36,0,56,25,na
2006,LTER_5,Backreef,2,NA3,1,16,0,8,0,76,25,na
2006,LTER_5,Backreef,2,NA3,2,0,0,100,0,0,25,na
2006,LTER_5,Backreef,2,NA3,3,60,0,12,0,28,25,na
2006,LTER_5,Backreef,2,NA3,4,8,0,16,0,76,25,na
2006,LTER_5,Backreef,2,NA3,5,0,0,100,0,0,25,na
2006,LTER_5,Backreef,2,NA4,1,32,0,0,0,68,25,na
2006,LTER_5,Backreef,2,NA4,2,8,0,84,0,8,25,na
2006,LTER_5,Backreef,2,NA4,3,24,0,48,0,28,25,na
2006,LTER_5,Backreef,2,NA4,4,40,0,32,0,28,25,na
2006,LTER_5,Backreef,2,NA4,5,0,0,80,0,20,25,na
2006,LTER_5,Backreef,2,NA5,1,4,0,48,0,48,25,na
2006,LTER_5,Backreef,2,NA5,2,4,0,76,0,20,25,na
2006,LTER_5,Backreef,2,NA5,3,16,0,40,0,44,25,na
2006,LTER_5,Backreef,2,NA5,4,0,28,44,0,28,25,na
2006,LTER_5,Backreef,2,NA5,5,0,0,32,0,68,25,na
2006,LTER_5,Backreef,2,NA6,1,44,0,40,0,16,25,na
2006,LTER_5,Backreef,2,NA6,2,28,0,12,0,60,25,na
2006,LTER_5,Backreef,2,NA6,3,4,0,12,0,84,25,na
2006,LTER_5,Backreef,2,NA6,4,88,0,12,0,0,25,na
2006,LTER_5,Backreef,2,NA6,5,0,0,16,0,84,25,na
2006,LTER_5,Backreef,2,NA7,1,40,0,48,0,12,25,na
2006,LTER_5,Backreef,2,NA7,2,12,0,84,0,4,25,na
2006,LTER_5,Backreef,2,NA7,3,76,0,24,0,0,25,na
2006,LTER_5,Backreef,2,NA7,4,96,0,4,0,0,25,na
2006,LTER_5,Backreef,2,NA7,5,96,0,4,0,0,25,na
2006,LTER_5,Backreef,2,NA8,1,0,0,100,0,0,25,na
2006,LTER_5,Backreef,2,NA8,2,0,0,100,0,0,25,na
2006,LTER_5,Backreef,2,NA8,3,80,0,20,0,0,25,na
2006,LTER_5,Backreef,2,NA8,4,12,0,64,0,24,25,na
2006,LTER_5,Backreef,2,NA8,5,79,0,0,0,21,24,some sub squares omitted
2006,LTER_5,Backreef,2,NA9,1,0,0,88,0,12,25,na
2006,LTER_5,Backreef,2,NA9,2,0,0,100,0,0,25,na
2006,LTER_5,Backreef,2,NA9,3,28,0,8,0,64,25,na
2006,LTER_5,Backreef,2,NA9,4,48,0,8,0,44,25,na
2006,LTER_5,Backreef,2,NA9,5,29,0,21,0,50,24,some sub squares omitted
2006,LTER_6,Backreef,2,NA19,4,BW,BW,BW,BW,BW,0,too shallow for nadir photo; photo horizontal so not valid for cover percent
2006,LTER_6,Backreef,2,NA20,4,BW,BW,BW,BW,BW,0,too shallow for nadir photo; photo horizontal so not valid for cover percent
2006,LTER_6,Backreef,2,NA1,1,40,0,16,0,44,25,na
2006,LTER_6,Backreef,2,NA1,2,64,0,28,0,8,25,na
2006,LTER_6,Backreef,2,NA1,3,12,0,12,0,76,25,na
2006,LTER_6,Backreef,2,NA1,4,56,0,12,0,32,25,na
2006,LTER_6,Backreef,2,NA1,5,24,0,8,0,68,25,na
2006,LTER_6,Backreef,2,NA10,1,92,0,4,0,4,25,na
2006,LTER_6,Backreef,2,NA10,2,4,0,48,0,48,25,na
2006,LTER_6,Backreef,2,NA10,3,16,0,36,16,32,25,na
2006,LTER_6,Backreef,2,NA10,4,68,0,12,0,20,25,na
2006,LTER_6,Backreef,2,NA10,5,0,0,92,0,8,25,na
2006,LTER_6,Backreef,2,NA11,1,52,0,12,12,24,25,na
2006,LTER_6,Backreef,2,NA11,2,12,0,32,0,56,25,na
2006,LTER_6,Backreef,2,NA11,3,64,0,36,0,0,25,na
2006,LTER_6,Backreef,2,NA11,4,20,0,8,24,48,25,na
2006,LTER_6,Backreef,2,NA11,5,56,0,8,0,36,25,na
2006,LTER_6,Backreef,2,NA12,1,24,0,4,0,72,25,na
2006,LTER_6,Backreef,2,NA12,2,16,0,36,0,48,25,na
2006,LTER_6,Backreef,2,NA12,3,64,0,32,0,4,25,na
2006,LTER_6,Backreef,2,NA12,4,24,0,12,0,64,25,na
2006,LTER_6,Backreef,2,NA12,5,12,0,16,0,72,25,na
2006,LTER_6,Backreef,2,NA13,1,36,0,12,0,52,25,na
2006,LTER_6,Backreef,2,NA13,2,60,0,40,0,0,25,na
2006,LTER_6,Backreef,2,NA13,3,28,0,36,0,36,25,na
2006,LTER_6,Backreef,2,NA13,4,24,0,8,0,68,25,na
2006,LTER_6,Backreef,2,NA13,5,76,0,8,0,16,25,na
2006,LTER_6,Backreef,2,NA14,1,76,0,4,0,20,25,na
2006,LTER_6,Backreef,2,NA14,2,84,0,12,0,4,25,na
2006,LTER_6,Backreef,2,NA14,3,0,0,88,0,12,25,na
2006,LTER_6,Backreef,2,NA14,4,60,0,8,0,32,25,na
2006,LTER_6,Backreef,2,NA14,5,20,0,16,0,64,25,na
2006,LTER_6,Backreef,2,NA15,1,16,0,76,0,8,25,na
2006,LTER_6,Backreef,2,NA15,2,4,0,68,0,28,25,na
2006,LTER_6,Backreef,2,NA15,3,0,0,80,0,20,25,na
2006,LTER_6,Backreef,2,NA15,4,60,0,12,0,28,25,na
2006,LTER_6,Backreef,2,NA15,5,44,0,0,0,56,25,na
2006,LTER_6,Backreef,2,NA16,1,56,0,12,0,32,25,na
2006,LTER_6,Backreef,2,NA16,2,44,0,48,0,8,25,na
2006,LTER_6,Backreef,2,NA16,3,8,0,0,0,92,25,na
2006,LTER_6,Backreef,2,NA16,4,44,0,0,24,32,25,na
2006,LTER_6,Backreef,2,NA16,5,24,0,0,0,76,25,na
2006,LTER_6,Backreef,2,NA17,1,56,0,0,0,44,25,na
2006,LTER_6,Backreef,2,NA17,2,28,0,0,0,72,25,na
2006,LTER_6,Backreef,2,NA17,3,16,0,4,0,80,25,na
2006,LTER_6,Backreef,2,NA17,4,76,0,4,0,20,25,na
2006,LTER_6,Backreef,2,NA17,5,48,0,16,0,36,25,na
2006,LTER_6,Backreef,2,NA18,1,44,0,36,0,20,25,na
2006,LTER_6,Backreef,2,NA18,2,44,0,4,0,52,25,na
2006,LTER_6,Backreef,2,NA18,3,8,0,0,0,92,25,na
2006,LTER_6,Backreef,2,NA18,4,4,0,68,0,28,25,na
2006,LTER_6,Backreef,2,NA18,5,20,0,4,0,76,25,na
2006,LTER_6,Backreef,2,NA19,1,8,0,80,0,12,25,na
2006,LTER_6,Backreef,2,NA19,2,12,0,44,0,44,25,na
2006,LTER_6,Backreef,2,NA19,3,36,0,16,0,48,25,na
2006,LTER_6,Backreef,2,NA19,5,20,0,8,0,72,25,na
2006,LTER_6,Backreef,2,NA2,1,40,0,44,0,16,25,na
2006,LTER_6,Backreef,2,NA2,2,4,0,12,0,84,25,na
2006,LTER_6,Backreef,2,NA2,3,4,0,16,0,80,25,na
2006,LTER_6,Backreef,2,NA2,4,32,0,12,0,56,25,na
2006,LTER_6,Backreef,2,NA2,5,0,0,64,0,36,25,na
2006,LTER_6,Backreef,2,NA20,1,40,0,32,0,28,25,na
2006,LTER_6,Backreef,2,NA20,2,32,0,36,0,32,25,na
2006,LTER_6,Backreef,2,NA20,3,0,0,88,0,12,25,na
2006,LTER_6,Backreef,2,NA20,5,16,0,8,0,76,25,na
2006,LTER_6,Backreef,2,NA3,1,16,0,44,0,40,25,na
2006,LTER_6,Backreef,2,NA3,2,20,0,0,0,80,25,na
2006,LTER_6,Backreef,2,NA3,3,20,0,16,0,64,25,na
2006,LTER_6,Backreef,2,NA3,4,40,0,0,0,60,25,na
2006,LTER_6,Backreef,2,NA3,5,8,0,60,0,32,25,na
2006,LTER_6,Backreef,2,NA4,1,24,0,20,0,56,25,na
2006,LTER_6,Backreef,2,NA4,2,48,0,0,0,52,25,na
2006,LTER_6,Backreef,2,NA4,3,16,0,4,0,80,25,na
2006,LTER_6,Backreef,2,NA4,4,40,0,12,0,48,25,na
2006,LTER_6,Backreef,2,NA4,5,8,0,16,0,76,25,na
2006,LTER_6,Backreef,2,NA5,1,0,0,92,0,8,25,na
2006,LTER_6,Backreef,2,NA5,2,52,0,24,0,24,25,na
2006,LTER_6,Backreef,2,NA5,3,28,0,16,0,56,25,na
2006,LTER_6,Backreef,2,NA5,4,48,0,4,0,48,25,na
2006,LTER_6,Backreef,2,NA5,5,20,0,8,0,72,25,na
2006,LTER_6,Backreef,2,NA6,1,84,0,12,0,4,25,na
2006,LTER_6,Backreef,2,NA6,2,4,0,48,0,48,25,na
2006,LTER_6,Backreef,2,NA6,3,24,0,16,0,60,25,na
2006,LTER_6,Backreef,2,NA6,4,20,0,32,0,48,25,na
2006,LTER_6,Backreef,2,NA6,5,40,0,16,0,44,25,na
2006,LTER_6,Backreef,2,NA7,1,64,0,28,0,8,25,na
2006,LTER_6,Backreef,2,NA7,2,20,0,24,0,56,25,na
2006,LTER_6,Backreef,2,NA7,3,8,0,16,0,76,25,na
2006,LTER_6,Backreef,2,NA7,4,20,0,72,0,8,25,na
2006,LTER_6,Backreef,2,NA7,5,40,0,36,0,24,25,na
2006,LTER_6,Backreef,2,NA8,1,72,0,24,0,4,25,na
2006,LTER_6,Backreef,2,NA8,2,0,0,28,0,72,25,na
2006,LTER_6,Backreef,2,NA8,3,12,0,4,0,84,25,na
2006,LTER_6,Backreef,2,NA8,4,40,0,36,0,24,25,na
2006,LTER_6,Backreef,2,NA8,5,24,0,56,0,20,25,na
2006,LTER_6,Backreef,2,NA9,1,56,0,12,0,32,25,na
2006,LTER_6,Backreef,2,NA9,2,0,0,52,0,48,25,na
2006,LTER_6,Backreef,2,NA9,3,8,0,24,20,48,25,na
2006,LTER_6,Backreef,2,NA9,4,48,0,36,0,16,25,na
2006,LTER_6,Backreef,2,NA9,5,0,0,88,0,12,25,na
2007,LTER_1,Backreef,2,NA1,1,64,0,12,0,24,25,na
2007,LTER_1,Backreef,2,NA1,2,44,8,0,0,48,25,na
2007,LTER_1,Backreef,2,NA1,3,4,0,0,0,96,25,na
2007,LTER_1,Backreef,2,NA1,4,36,0,16,0,48,25,na
2007,LTER_1,Backreef,2,NA1,5,0,0,40,0,60,25,na
2007,LTER_1,Backreef,2,NA10,1,40,0,20,0,40,25,na
2007,LTER_1,Backreef,2,NA10,2,56,0,12,0,32,25,na
2007,LTER_1,Backreef,2,NA10,3,0,0,24,0,76,25,na
2007,LTER_1,Backreef,2,NA10,4,100,0,0,0,0,25,na
2007,LTER_1,Backreef,2,NA10,5,24,0,24,0,52,25,na
2007,LTER_1,Backreef,2,NA2,1,44,0,0,0,56,25,na
2007,LTER_1,Backreef,2,NA2,2,16,4,0,0,80,25,na
2007,LTER_1,Backreef,2,NA2,3,44,0,0,0,56,25,na
2007,LTER_1,Backreef,2,NA2,4,88,0,0,0,12,25,na
2007,LTER_1,Backreef,2,NA2,5,88,0,0,0,12,25,na
2007,LTER_1,Backreef,2,NA3,1,0,0,0,0,100,25,na
2007,LTER_1,Backreef,2,NA3,2,0,0,0,0,100,25,na
2007,LTER_1,Backreef,2,NA3,3,28,0,4,0,68,25,na
2007,LTER_1,Backreef,2,NA3,4,56,0,24,0,20,25,na
2007,LTER_1,Backreef,2,NA3,5,88,0,0,0,12,25,na
2007,LTER_1,Backreef,2,NA4,1,16,0,48,0,36,25,na
2007,LTER_1,Backreef,2,NA4,2,20,0,44,0,36,25,na
2007,LTER_1,Backreef,2,NA4,3,32,0,0,0,68,25,na
2007,LTER_1,Backreef,2,NA4,4,16,0,36,0,48,25,na
2007,LTER_1,Backreef,2,NA4,5,40,0,52,0,8,25,na
2007,LTER_1,Backreef,2,NA5,1,36,0,4,0,60,25,na
2007,LTER_1,Backreef,2,NA5,2,20,0,0,0,80,25,na
2007,LTER_1,Backreef,2,NA5,3,76,0,0,0,24,25,na
2007,LTER_1,Backreef,2,NA5,4,48,0,24,0,28,25,na
2007,LTER_1,Backreef,2,NA5,5,84,0,12,0,4,25,na
2007,LTER_1,Backreef,2,NA6,1,8,0,0,0,92,25,na
2007,LTER_1,Backreef,2,NA6,2,48,0,8,0,44,25,na
2007,LTER_1,Backreef,2,NA6,3,12,0,0,0,88,25,na
2007,LTER_1,Backreef,2,NA6,4,16,0,48,0,36,25,na
2007,LTER_1,Backreef,2,NA6,5,24,0,24,0,52,25,na
2007,LTER_1,Backreef,2,NA7,1,44,0,20,0,36,25,na
2007,LTER_1,Backreef,2,NA7,2,12,0,36,0,52,25,na
2007,LTER_1,Backreef,2,NA7,3,60,0,4,0,36,25,na
2007,LTER_1,Backreef,2,NA7,4,56,0,36,0,8,25,na
2007,LTER_1,Backreef,2,NA7,5,100,0,0,0,0,25,na
2007,LTER_1,Backreef,2,NA8,1,68,0,0,0,32,25,na
2007,LTER_1,Backreef,2,NA8,2,8,0,0,0,92,25,na
2007,LTER_1,Backreef,2,NA8,3,92,0,0,0,8,25,na
2007,LTER_1,Backreef,2,NA8,4,0,0,92,0,8,25,na
2007,LTER_1,Backreef,2,NA8,5,64,0,24,0,12,25,na
2007,LTER_1,Backreef,2,NA9,1,56,0,8,0,36,25,na
2007,LTER_1,Backreef,2,NA9,2,60,0,0,0,40,25,na
2007,LTER_1,Backreef,2,NA9,3,52,0,16,0,32,25,na
2007,LTER_1,Backreef,2,NA9,4,0,0,64,0,36,25,na
2007,LTER_1,Backreef,2,NA9,5,4,0,44,0,52,25,na
2007,LTER_2,Backreef,2,NA1,1,4,0,96,0,0,25,na
2007,LTER_2,Backreef,2,NA1,2,8,0,12,0,80,25,na
2007,LTER_2,Backreef,2,NA1,3,24,0,0,0,76,25,na
2007,LTER_2,Backreef,2,NA1,4,24,0,4,0,72,25,na
2007,LTER_2,Backreef,2,NA1,5,60,4,0,0,36,25,na
2007,LTER_2,Backreef,2,NA10,1,12,0,40,0,48,25,na
2007,LTER_2,Backreef,2,NA10,2,24,0,0,0,76,25,na
2007,LTER_2,Backreef,2,NA10,3,16,8,0,0,76,25,na
2007,LTER_2,Backreef,2,NA10,4,4,0,0,0,96,25,na
2007,LTER_2,Backreef,2,NA10,5,8,0,0,0,92,25,na
2007,LTER_2,Backreef,2,NA2,1,44,0,4,0,52,25,na
2007,LTER_2,Backreef,2,NA2,2,8,0,36,0,56,25,na
2007,LTER_2,Backreef,2,NA2,3,0,4,52,0,44,25,na
2007,LTER_2,Backreef,2,NA2,4,40,0,32,0,28,25,na
2007,LTER_2,Backreef,2,NA2,5,96,0,0,0,4,25,na
2007,LTER_2,Backreef,2,NA3,1,36,0,12,0,52,25,na
2007,LTER_2,Backreef,2,NA3,2,72,0,0,0,28,25,na
2007,LTER_2,Backreef,2,NA3,3,68,0,0,0,32,25,na
2007,LTER_2,Backreef,2,NA3,4,36,0,52,0,12,25,na
2007,LTER_2,Backreef,2,NA3,5,100,0,0,0,0,25,na
2007,LTER_2,Backreef,2,NA4,1,0,0,44,0,56,25,na
2007,LTER_2,Backreef,2,NA4,2,4,0,96,0,0,25,na
2007,LTER_2,Backreef,2,NA4,3,0,0,72,0,28,25,na
2007,LTER_2,Backreef,2,NA4,4,44,0,28,0,28,25,na
2007,LTER_2,Backreef,2,NA4,5,16,0,0,0,84,25,na
2007,LTER_2,Backreef,2,NA5,1,16,12,8,0,64,25,na
2007,LTER_2,Backreef,2,NA5,2,40,4,0,0,56,25,na
2007,LTER_2,Backreef,2,NA5,3,0,0,76,0,24,25,na
2007,LTER_2,Backreef,2,NA5,4,24,0,48,0,28,25,na
2007,LTER_2,Backreef,2,NA5,5,24,0,20,0,56,25,na
2007,LTER_2,Backreef,2,NA6,1,32,4,4,0,60,25,na
2007,LTER_2,Backreef,2,NA6,2,24,16,0,0,60,25,na
2007,LTER_2,Backreef,2,NA6,3,8,0,0,0,92,25,na
2007,LTER_2,Backreef,2,NA6,4,20,0,36,0,44,25,na
2007,LTER_2,Backreef,2,NA6,5,52,12,0,0,36,25,na
2007,LTER_2,Backreef,2,NA7,1,80,0,4,0,16,25,na
2007,LTER_2,Backreef,2,NA7,2,32,0,56,0,12,25,na
2007,LTER_2,Backreef,2,NA7,3,4,0,0,0,96,25,na
2007,LTER_2,Backreef,2,NA7,4,0,0,36,0,64,25,na
2007,LTER_2,Backreef,2,NA7,5,48,12,0,0,40,25,na
2007,LTER_2,Backreef,2,NA8,1,0,0,44,0,56,25,na
2007,LTER_2,Backreef,2,NA8,2,12,0,0,0,88,25,na
2007,LTER_2,Backreef,2,NA8,3,12,0,0,0,88,25,na
2007,LTER_2,Backreef,2,NA8,4,40,8,8,0,44,25,na
2007,LTER_2,Backreef,2,NA8,5,52,0,8,0,40,25,na
2007,LTER_2,Backreef,2,NA9,1,0,0,68,0,32,25,na
2007,LTER_2,Backreef,2,NA9,2,0,0,4,0,96,25,na
2007,LTER_2,Backreef,2,NA9,3,20,0,0,0,80,25,na
2007,LTER_2,Backreef,2,NA9,4,0,0,0,0,100,25,na
2007,LTER_2,Backreef,2,NA9,5,32,8,24,0,36,25,na
2007,LTER_3,Backreef,2,NA1,1,64,0,16,0,20,25,na
2007,LTER_3,Backreef,2,NA1,2,56,0,0,0,44,25,na
2007,LTER_3,Backreef,2,NA1,3,24,0,0,0,76,25,na
2007,LTER_3,Backreef,2,NA1,4,32,0,0,4,64,25,na
2007,LTER_3,Backreef,2,NA1,5,72,0,4,0,24,25,na
2007,LTER_3,Backreef,2,NA10,1,88,0,4,0,8,25,na
2007,LTER_3,Backreef,2,NA10,2,72,0,20,0,8,25,na
2007,LTER_3,Backreef,2,NA10,3,60,0,16,0,24,25,na
2007,LTER_3,Backreef,2,NA10,4,44,0,28,0,28,25,na
2007,LTER_3,Backreef,2,NA10,5,20,0,80,0,0,25,na
2007,LTER_3,Backreef,2,NA2,1,64,0,8,0,28,25,na
2007,LTER_3,Backreef,2,NA2,2,8,0,0,0,92,25,na
2007,LTER_3,Backreef,2,NA2,3,36,0,0,0,64,25,na
2007,LTER_3,Backreef,2,NA2,4,96,0,0,0,4,25,na
2007,LTER_3,Backreef,2,NA2,5,12,0,84,0,4,25,na
2007,LTER_3,Backreef,2,NA3,1,0,0,84,0,16,25,na
2007,LTER_3,Backreef,2,NA3,2,4,0,56,0,40,25,na
2007,LTER_3,Backreef,2,NA3,3,0,0,32,0,68,25,na
2007,LTER_3,Backreef,2,NA3,4,0,0,0,0,100,25,na
2007,LTER_3,Backreef,2,NA3,5,24,0,28,0,48,25,na
2007,LTER_3,Backreef,2,NA4,1,96,0,0,0,4,25,na
2007,LTER_3,Backreef,2,NA4,2,72,0,12,0,16,25,na
2007,LTER_3,Backreef,2,NA4,3,0,0,36,0,64,25,na
2007,LTER_3,Backreef,2,NA4,4,0,0,24,0,76,25,na
2007,LTER_3,Backreef,2,NA4,5,16,0,28,0,56,25,na
2007,LTER_3,Backreef,2,NA5,1,28,0,40,0,32,25,na
2007,LTER_3,Backreef,2,NA5,2,64,0,0,0,36,25,na
2007,LTER_3,Backreef,2,NA5,3,76,0,0,0,24,25,na
2007,LTER_3,Backreef,2,NA5,4,20,0,0,0,80,25,na
2007,LTER_3,Backreef,2,NA5,5,84,0,0,0,16,25,na
2007,LTER_3,Backreef,2,NA6,1,4,0,52,0,44,25,na
2007,LTER_3,Backreef,2,NA6,2,0,0,48,0,52,25,na
2007,LTER_3,Backreef,2,NA6,3,64,0,4,0,32,25,na
2007,LTER_3,Backreef,2,NA6,4,20,0,32,0,48,25,na
2007,LTER_3,Backreef,2,NA6,5,52,0,0,0,48,25,na
2007,LTER_3,Backreef,2,NA7,1,92,0,0,0,8,25,na
2007,LTER_3,Backreef,2,NA7,2,48,0,8,0,44,25,na
2007,LTER_3,Backreef,2,NA7,3,4,0,0,0,96,25,na
2007,LTER_3,Backreef,2,NA7,4,88,0,0,0,12,25,na
2007,LTER_3,Backreef,2,NA7,5,0,0,8,0,92,25,na
2007,LTER_3,Backreef,2,NA8,1,48,0,0,0,52,25,na
2007,LTER_3,Backreef,2,NA8,2,60,0,8,0,32,25,na
2007,LTER_3,Backreef,2,NA8,3,60,0,0,0,40,25,na
2007,LTER_3,Backreef,2,NA8,4,24,0,0,0,76,25,na
2007,LTER_3,Backreef,2,NA8,5,48,0,20,0,32,25,na
2007,LTER_3,Backreef,2,NA9,1,64,0,8,0,28,25,na
2007,LTER_3,Backreef,2,NA9,2,96,0,0,0,4,25,na
2007,LTER_3,Backreef,2,NA9,3,96,0,0,0,4,25,na
2007,LTER_3,Backreef,2,NA9,4,60,0,0,0,40,25,na
2007,LTER_3,Backreef,2,NA9,5,20,0,0,0,80,25,na
2007,LTER_4,Backreef,2,NA1,1,4,0,76,0,20,25,na
2007,LTER_4,Backreef,2,NA1,2,48,0,32,0,20,25,na
2007,LTER_4,Backreef,2,NA1,3,92,0,4,0,4,25,na
2007,LTER_4,Backreef,2,NA1,4,16,0,80,0,4,25,na
2007,LTER_4,Backreef,2,NA1,5,28,0,36,0,36,25,na
2007,LTER_4,Backreef,2,NA10,1,76,0,4,0,20,25,na
2007,LTER_4,Backreef,2,NA10,2,0,0,100,0,0,25,na
2007,LTER_4,Backreef,2,NA10,3,36,0,56,0,8,25,na
2007,LTER_4,Backreef,2,NA10,4,76,4,0,0,20,25,na
2007,LTER_4,Backreef,2,NA10,5,8,0,88,0,4,25,na
2007,LTER_4,Backreef,2,NA2,1,24,0,28,0,48,25,na
2007,LTER_4,Backreef,2,NA2,2,48,0,0,0,52,25,na
2007,LTER_4,Backreef,2,NA2,3,88,0,0,0,12,25,na
2007,LTER_4,Backreef,2,NA2,4,36,0,40,0,24,25,na
2007,LTER_4,Backreef,2,NA2,5,4,0,0,0,96,25,na
2007,LTER_4,Backreef,2,NA3,1,16,0,64,0,20,25,na
2007,LTER_4,Backreef,2,NA3,2,4,0,0,0,96,25,na
2007,LTER_4,Backreef,2,NA3,3,28,0,12,0,60,25,na
2007,LTER_4,Backreef,2,NA3,4,44,0,28,0,28,25,na
2007,LTER_4,Backreef,2,NA3,5,28,0,36,0,36,25,na
2007,LTER_4,Backreef,2,NA4,1,24,0,12,0,64,25,na
2007,LTER_4,Backreef,2,NA4,2,52,0,4,0,44,25,na
2007,LTER_4,Backreef,2,NA4,3,44,0,32,0,24,25,na
2007,LTER_4,Backreef,2,NA4,4,76,0,4,0,20,25,na
2007,LTER_4,Backreef,2,NA4,5,12,0,60,0,28,25,na
2007,LTER_4,Backreef,2,NA5,1,72,0,0,0,28,25,na
2007,LTER_4,Backreef,2,NA5,2,44,0,28,0,28,25,na
2007,LTER_4,Backreef,2,NA5,3,88,0,4,0,8,25,na
2007,LTER_4,Backreef,2,NA5,4,20,0,24,0,56,25,na
2007,LTER_4,Backreef,2,NA5,5,56,0,20,0,24,25,na
2007,LTER_4,Backreef,2,NA6,1,48,0,4,0,48,25,na
2007,LTER_4,Backreef,2,NA6,2,32,0,20,0,48,25,na
2007,LTER_4,Backreef,2,NA6,3,48,0,44,0,8,25,na
2007,LTER_4,Backreef,2,NA6,4,24,0,48,0,28,25,na
2007,LTER_4,Backreef,2,NA6,5,4,0,36,0,60,25,na
2007,LTER_4,Backreef,2,NA7,1,28,0,24,0,48,25,na
2007,LTER_4,Backreef,2,NA7,2,68,0,0,0,32,25,na
2007,LTER_4,Backreef,2,NA7,3,48,0,4,0,48,25,na
2007,LTER_4,Backreef,2,NA7,4,56,0,28,0,16,25,na
2007,LTER_4,Backreef,2,NA7,5,32,0,24,0,44,25,na
2007,LTER_4,Backreef,2,NA8,1,24,0,8,0,68,25,na
2007,LTER_4,Backreef,2,NA8,2,52,0,8,0,40,25,na
2007,LTER_4,Backreef,2,NA8,3,4,0,8,0,88,25,na
2007,LTER_4,Backreef,2,NA8,4,60,0,0,0,40,25,na
2007,LTER_4,Backreef,2,NA8,5,40,0,0,0,60,25,na
2007,LTER_4,Backreef,2,NA9,1,64,0,8,0,28,25,na
2007,LTER_4,Backreef,2,NA9,2,12,0,80,0,8,25,na
2007,LTER_4,Backreef,2,NA9,3,44,0,48,0,8,25,na
2007,LTER_4,Backreef,2,NA9,4,56,0,0,0,44,25,na
2007,LTER_4,Backreef,2,NA9,5,60,0,0,0,40,25,na
2007,LTER_5,Backreef,2,NA1,1,36,12,24,0,28,25,na
2007,LTER_5,Backreef,2,NA1,2,0,0,40,0,60,25,na
2007,LTER_5,Backreef,2,NA1,3,68,0,0,0,32,25,na
2007,LTER_5,Backreef,2,NA1,4,64,0,20,0,16,25,na
2007,LTER_5,Backreef,2,NA1,5,0,0,92,0,8,25,na
2007,LTER_5,Backreef,2,NA10,1,32,0,68,0,0,25,na
2007,LTER_5,Backreef,2,NA10,2,32,0,8,0,60,25,na
2007,LTER_5,Backreef,2,NA10,3,12,0,4,0,84,25,na
2007,LTER_5,Backreef,2,NA10,4,44,0,8,4,44,25,na
2007,LTER_5,Backreef,2,NA10,5,40,0,0,0,60,25,na
2007,LTER_5,Backreef,2,NA2,1,20,0,80,0,0,25,na
2007,LTER_5,Backreef,2,NA2,2,20,0,4,0,76,25,na
2007,LTER_5,Backreef,2,NA2,3,36,0,8,0,56,25,na
2007,LTER_5,Backreef,2,NA2,4,4,0,16,0,80,25,na
2007,LTER_5,Backreef,2,NA2,5,12,0,16,0,72,25,na
2007,LTER_5,Backreef,2,NA3,1,4,0,32,0,64,25,na
2007,LTER_5,Backreef,2,NA3,2,96,0,4,0,0,25,na
2007,LTER_5,Backreef,2,NA3,3,24,0,20,0,56,25,na
2007,LTER_5,Backreef,2,NA3,4,52,0,12,0,36,25,na
2007,LTER_5,Backreef,2,NA3,5,0,0,48,0,52,25,na
2007,LTER_5,Backreef,2,NA4,1,32,0,0,0,68,25,na
2007,LTER_5,Backreef,2,NA4,2,68,0,0,0,32,25,na
2007,LTER_5,Backreef,2,NA4,3,0,0,16,0,84,25,na
2007,LTER_5,Backreef,2,NA4,4,0,0,92,0,8,25,na
2007,LTER_5,Backreef,2,NA4,5,52,0,12,0,36,25,na
2007,LTER_5,Backreef,2,NA5,1,48,0,0,0,52,25,na
2007,LTER_5,Backreef,2,NA5,2,20,0,24,0,56,25,na
2007,LTER_5,Backreef,2,NA5,3,44,0,0,0,56,25,na
2007,LTER_5,Backreef,2,NA5,4,12,0,60,12,16,25,na
2007,LTER_5,Backreef,2,NA5,5,0,0,100,0,0,25,na
2007,LTER_5,Backreef,2,NA6,1,12,0,4,0,84,25,na
2007,LTER_5,Backreef,2,NA6,2,0,0,100,0,0,25,na
2007,LTER_5,Backreef,2,NA6,3,76,0,0,0,24,25,na
2007,LTER_5,Backreef,2,NA6,4,24,0,8,0,68,25,na
2007,LTER_5,Backreef,2,NA6,5,16,0,48,0,36,25,na
2007,LTER_5,Backreef,2,NA7,1,24,0,40,0,36,25,na
2007,LTER_5,Backreef,2,NA7,2,0,0,84,0,16,25,na
2007,LTER_5,Backreef,2,NA7,3,0,0,40,0,60,25,na
2007,LTER_5,Backreef,2,NA7,4,8,0,84,0,8,25,na
2007,LTER_5,Backreef,2,NA7,5,36,0,8,0,56,25,na
2007,LTER_5,Backreef,2,NA8,1,0,0,88,0,12,25,na
2007,LTER_5,Backreef,2,NA8,2,32,0,0,0,68,25,na
2007,LTER_5,Backreef,2,NA8,3,20,0,4,0,76,25,na
2007,LTER_5,Backreef,2,NA8,4,4,0,0,12,84,25,na
2007,LTER_5,Backreef,2,NA8,5,0,0,4,0,96,25,na
2007,LTER_5,Backreef,2,NA9,1,28,0,72,0,0,25,na
2007,LTER_5,Backreef,2,NA9,2,8,0,8,0,84,25,na
2007,LTER_5,Backreef,2,NA9,3,24,0,0,0,76,25,na
2007,LTER_5,Backreef,2,NA9,4,8,0,44,0,48,25,na
2007,LTER_5,Backreef,2,NA9,5,8,0,8,0,84,25,na
2007,LTER_6,Backreef,2,NA1,1,40,0,12,0,48,25,na
2007,LTER_6,Backreef,2,NA1,2,20,0,0,0,80,25,na
2007,LTER_6,Backreef,2,NA1,3,40,0,0,0,60,25,na
2007,LTER_6,Backreef,2,NA1,4,60,0,8,0,32,25,na
2007,LTER_6,Backreef,2,NA1,5,64,0,20,0,16,25,na
2007,LTER_6,Backreef,2,NA10,1,76,0,8,0,16,25,na
2007,LTER_6,Backreef,2,NA10,2,48,0,0,0,52,25,na
2007,LTER_6,Backreef,2,NA10,3,44,0,40,0,16,25,na
2007,LTER_6,Backreef,2,NA10,4,60,0,0,0,40,25,na
2007,LTER_6,Backreef,2,NA10,5,20,0,0,0,80,25,na
2007,LTER_6,Backreef,2,NA2,1,48,0,16,0,36,25,na
2007,LTER_6,Backreef,2,NA2,2,56,0,0,0,44,25,na
2007,LTER_6,Backreef,2,NA2,3,76,0,0,0,24,25,na
2007,LTER_6,Backreef,2,NA2,4,24,0,0,0,76,25,na
2007,LTER_6,Backreef,2,NA2,5,4,0,44,0,52,25,na
2007,LTER_6,Backreef,2,NA3,1,92,0,0,0,8,25,na
2007,LTER_6,Backreef,2,NA3,2,48,0,32,0,20,25,na
2007,LTER_6,Backreef,2,NA3,3,48,0,0,0,52,25,na
2007,LTER_6,Backreef,2,NA3,4,16,0,0,0,84,25,na
2007,LTER_6,Backreef,2,NA3,5,16,0,4,40,40,25,na
2007,LTER_6,Backreef,2,NA4,1,32,0,64,0,4,25,na
2007,LTER_6,Backreef,2,NA4,2,40,0,8,0,52,25,na
2007,LTER_6,Backreef,2,NA4,3,56,0,16,0,28,25,na
2007,LTER_6,Backreef,2,NA4,4,68,0,8,0,24,25,na
2007,LTER_6,Backreef,2,NA4,5,40,0,0,0,60,25,na
2007,LTER_6,Backreef,2,NA5,1,48,0,0,0,52,25,na
2007,LTER_6,Backreef,2,NA5,2,12,0,4,0,84,25,na
2007,LTER_6,Backreef,2,NA5,3,80,0,12,0,8,25,na
2007,LTER_6,Backreef,2,NA5,4,60,0,0,0,40,25,na
2007,LTER_6,Backreef,2,NA5,5,8,0,12,0,80,25,na
2007,LTER_6,Backreef,2,NA6,1,56,0,16,0,28,25,na
2007,LTER_6,Backreef,2,NA6,2,40,0,0,0,60,25,na
2007,LTER_6,Backreef,2,NA6,3,44,0,0,0,56,25,na
2007,LTER_6,Backreef,2,NA6,4,44,0,4,0,52,25,na
2007,LTER_6,Backreef,2,NA6,5,0,0,32,0,68,25,na
2007,LTER_6,Backreef,2,NA7,1,72,0,4,0,24,25,na
2007,LTER_6,Backreef,2,NA7,2,8,0,8,0,84,25,na
2007,LTER_6,Backreef,2,NA7,3,28,0,8,0,64,25,na
2007,LTER_6,Backreef,2,NA7,4,60,0,0,0,40,25,na
2007,LTER_6,Backreef,2,NA7,5,36,0,0,0,64,25,na
2007,LTER_6,Backreef,2,NA8,1,36,0,8,0,56,25,na
2007,LTER_6,Backreef,2,NA8,2,16,0,32,0,52,25,na
2007,LTER_6,Backreef,2,NA8,3,44,0,8,0,48,25,na
2007,LTER_6,Backreef,2,NA8,4,28,0,4,0,68,25,na
2007,LTER_6,Backreef,2,NA8,5,0,0,24,0,76,25,na
2007,LTER_6,Backreef,2,NA9,1,20,0,48,0,32,25,na
2007,LTER_6,Backreef,2,NA9,2,72,0,4,0,24,25,na
2007,LTER_6,Backreef,2,NA9,3,48,0,0,0,52,25,na
2007,LTER_6,Backreef,2,NA9,4,76,0,0,0,24,25,na
2007,LTER_6,Backreef,2,NA9,5,76,0,20,0,4,25,na
2008,LTER_1,Backreef,2,NA1,1,68,0,8,0,24,25,na
2008,LTER_1,Backreef,2,NA1,2,20,0,4,12,64,25,na
2008,LTER_1,Backreef,2,NA1,3,72,8,0,0,20,25,na
2008,LTER_1,Backreef,2,NA1,4,12,0,56,0,32,25,na
2008,LTER_1,Backreef,2,NA1,5,44,0,12,0,44,25,na
2008,LTER_1,Backreef,2,NA10,1,24,0,64,0,12,25,na
2008,LTER_1,Backreef,2,NA10,2,60,0,40,0,0,25,na
2008,LTER_1,Backreef,2,NA10,3,20,0,28,0,52,25,na
2008,LTER_1,Backreef,2,NA10,4,8,0,60,0,32,25,na
2008,LTER_1,Backreef,2,NA10,5,0,4,20,0,76,25,na
2008,LTER_1,Backreef,2,NA2,1,8,0,52,0,40,25,na
2008,LTER_1,Backreef,2,NA2,2,0,0,36,0,64,25,na
2008,LTER_1,Backreef,2,NA2,3,52,0,16,0,32,25,na
2008,LTER_1,Backreef,2,NA2,4,44,0,4,0,52,25,na
2008,LTER_1,Backreef,2,NA2,5,4,0,4,0,92,25,na
2008,LTER_1,Backreef,2,NA3,1,24,0,0,0,76,25,na
2008,LTER_1,Backreef,2,NA3,2,44,0,0,0,56,25,na
2008,LTER_1,Backreef,2,NA3,3,40,0,0,0,60,25,na
2008,LTER_1,Backreef,2,NA3,4,24,0,0,0,76,25,na
2008,LTER_1,Backreef,2,NA3,5,0,0,0,0,100,25,na
2008,LTER_1,Backreef,2,NA4,1,28,0,0,0,72,25,na
2008,LTER_1,Backreef,2,NA4,2,40,0,0,0,60,25,na
2008,LTER_1,Backreef,2,NA4,3,16,0,0,0,84,25,na
2008,LTER_1,Backreef,2,NA4,4,16,0,0,0,84,25,na
2008,LTER_1,Backreef,2,NA4,5,84,4,0,0,12,25,na
2008,LTER_1,Backreef,2,NA5,1,0,0,32,0,68,25,na
2008,LTER_1,Backreef,2,NA5,2,44,0,0,0,56,25,na
2008,LTER_1,Backreef,2,NA5,3,72,0,4,0,24,25,na
2008,LTER_1,Backreef,2,NA5,4,0,0,60,0,40,25,na
2008,LTER_1,Backreef,2,NA5,5,56,0,44,0,0,25,na
2008,LTER_1,Backreef,2,NA6,1,12,0,32,0,56,25,na
2008,LTER_1,Backreef,2,NA6,2,32,0,0,0,68,25,na
2008,LTER_1,Backreef,2,NA6,3,20,0,0,0,80,25,na
2008,LTER_1,Backreef,2,NA6,4,8,0,24,0,68,25,na
2008,LTER_1,Backreef,2,NA6,5,4,0,16,0,80,25,na
2008,LTER_1,Backreef,2,NA7,1,0,0,0,0,100,25,na
2008,LTER_1,Backreef,2,NA7,2,16,24,0,0,60,25,na
2008,LTER_1,Backreef,2,NA7,3,44,0,0,0,56,25,na
2008,LTER_1,Backreef,2,NA7,4,16,0,56,0,28,25,na
2008,LTER_1,Backreef,2,NA7,5,60,0,4,0,36,25,na
2008,LTER_1,Backreef,2,NA8,1,20,4,0,0,76,25,na
2008,LTER_1,Backreef,2,NA8,2,60,0,16,0,24,25,na
2008,LTER_1,Backreef,2,NA8,3,16,0,0,0,84,25,na
2008,LTER_1,Backreef,2,NA8,4,80,4,0,0,16,25,na
2008,LTER_1,Backreef,2,NA8,5,40,0,44,0,16,25,na
2008,LTER_1,Backreef,2,NA9,1,36,0,0,0,64,25,na
2008,LTER_1,Backreef,2,NA9,2,72,0,0,0,28,25,na
2008,LTER_1,Backreef,2,NA9,3,12,4,0,0,84,25,na
2008,LTER_1,Backreef,2,NA9,4,72,0,0,0,28,25,na
2008,LTER_1,Backreef,2,NA9,5,32,0,28,0,40,25,na
2008,LTER_2,Backreef,2,NA1,1,4,0,16,0,80,25,na
2008,LTER_2,Backreef,2,NA1,2,48,0,0,0,52,25,na
2008,LTER_2,Backreef,2,NA1,3,0,0,0,0,100,25,na
2008,LTER_2,Backreef,2,NA1,4,32,0,32,0,36,25,na
2008,LTER_2,Backreef,2,NA1,5,4,0,0,0,96,25,na
2008,LTER_2,Backreef,2,NA10,1,0,0,64,0,36,25,na
2008,LTER_2,Backreef,2,NA10,2,32,0,0,0,68,25,na
2008,LTER_2,Backreef,2,NA10,3,44,0,0,0,56,25,na
2008,LTER_2,Backreef,2,NA10,4,4,0,0,0,96,25,na
2008,LTER_2,Backreef,2,NA10,5,40,0,0,0,60,25,na
2008,LTER_2,Backreef,2,NA2,1,0,0,20,0,80,25,na
2008,LTER_2,Backreef,2,NA2,2,8,0,92,0,0,25,na
2008,LTER_2,Backreef,2,NA2,3,8,0,0,0,92,25,na
2008,LTER_2,Backreef,2,NA2,4,0,0,56,0,44,25,na
2008,LTER_2,Backreef,2,NA2,5,52,0,0,0,48,25,na
2008,LTER_2,Backreef,2,NA3,1,0,0,32,0,68,25,na
2008,LTER_2,Backreef,2,NA3,2,12,0,60,0,28,25,na
2008,LTER_2,Backreef,2,NA3,3,0,0,0,0,100,25,na
2008,LTER_2,Backreef,2,NA3,4,4,0,0,0,96,25,na
2008,LTER_2,Backreef,2,NA3,5,44,0,0,0,56,25,na
2008,LTER_2,Backreef,2,NA4,1,60,0,12,0,28,25,na
2008,LTER_2,Backreef,2,NA4,2,48,0,8,0,44,25,na
2008,LTER_2,Backreef,2,NA4,3,20,4,0,0,76,25,na
2008,LTER_2,Backreef,2,NA4,4,32,0,68,0,0,25,na
2008,LTER_2,Backreef,2,NA4,5,16,0,0,0,84,25,na
2008,LTER_2,Backreef,2,NA5,1,40,0,4,0,56,25,na
2008,LTER_2,Backreef,2,NA5,2,56,0,0,0,44,25,na
2008,LTER_2,Backreef,2,NA5,3,0,0,8,0,92,25,na
2008,LTER_2,Backreef,2,NA5,4,12,0,0,0,88,25,na
2008,LTER_2,Backreef,2,NA5,5,28,0,12,0,60,25,na
2008,LTER_2,Backreef,2,NA6,1,0,0,76,0,24,25,na
2008,LTER_2,Backreef,2,NA6,2,72,4,0,0,24,25,na
2008,LTER_2,Backreef,2,NA6,3,92,0,0,0,8,25,na
2008,LTER_2,Backreef,2,NA6,4,48,0,0,0,52,25,na
2008,LTER_2,Backreef,2,NA6,5,24,0,0,0,76,25,na
2008,LTER_2,Backreef,2,NA7,1,0,0,8,0,92,25,na
2008,LTER_2,Backreef,2,NA7,2,16,0,0,0,84,25,na
2008,LTER_2,Backreef,2,NA7,3,24,0,20,0,56,25,na
2008,LTER_2,Backreef,2,NA7,4,44,0,48,0,8,25,na
2008,LTER_2,Backreef,2,NA7,5,0,4,0,0,96,25,na
2008,LTER_2,Backreef,2,NA8,1,64,0,8,0,28,25,na
2008,LTER_2,Backreef,2,NA8,2,36,0,0,0,64,25,na
2008,LTER_2,Backreef,2,NA8,3,0,0,48,0,52,25,na
2008,LTER_2,Backreef,2,NA8,4,44,0,8,0,48,25,na
2008,LTER_2,Backreef,2,NA8,5,88,0,0,0,12,25,na
2008,LTER_2,Backreef,2,NA9,1,12,0,76,0,12,25,na
2008,LTER_2,Backreef,2,NA9,2,12,0,0,0,88,25,na
2008,LTER_2,Backreef,2,NA9,3,36,0,36,0,28,25,na
2008,LTER_2,Backreef,2,NA9,4,16,0,4,0,80,25,na
2008,LTER_2,Backreef,2,NA9,5,4,0,0,0,96,25,na
2008,LTER_3,Backreef,2,NA1,1,32,0,28,0,40,25,na
2008,LTER_3,Backreef,2,NA1,2,36,0,0,0,64,25,na
2008,LTER_3,Backreef,2,NA1,3,8,0,68,0,24,25,na
2008,LTER_3,Backreef,2,NA1,4,68,0,20,0,12,25,na
2008,LTER_3,Backreef,2,NA1,5,52,0,28,0,20,25,na
2008,LTER_3,Backreef,2,NA10,1,92,0,8,0,0,25,na
2008,LTER_3,Backreef,2,NA10,2,52,0,16,0,32,25,na
2008,LTER_3,Backreef,2,NA10,3,80,0,12,0,8,25,na
2008,LTER_3,Backreef,2,NA10,4,44,0,12,0,44,25,na
2008,LTER_3,Backreef,2,NA10,5,20,0,44,0,36,25,na
2008,LTER_3,Backreef,2,NA2,1,24,0,40,0,36,25,na
2008,LTER_3,Backreef,2,NA2,2,36,0,36,0,28,25,na
2008,LTER_3,Backreef,2,NA2,3,52,0,0,0,48,25,na
2008,LTER_3,Backreef,2,NA2,4,60,0,24,0,16,25,na
2008,LTER_3,Backreef,2,NA2,5,36,4,8,0,52,25,na
2008,LTER_3,Backreef,2,NA3,1,0,0,48,0,52,25,na
2008,LTER_3,Backreef,2,NA3,2,32,0,68,0,0,25,na
2008,LTER_3,Backreef,2,NA3,3,52,0,4,0,44,25,na
2008,LTER_3,Backreef,2,NA3,4,40,0,8,0,52,25,na
2008,LTER_3,Backreef,2,NA3,5,84,0,12,0,4,25,na
2008,LTER_3,Backreef,2,NA4,1,20,0,16,0,64,25,na
2008,LTER_3,Backreef,2,NA4,2,72,0,0,0,28,25,na
2008,LTER_3,Backreef,2,NA4,3,36,0,64,0,0,25,na
2008,LTER_3,Backreef,2,NA4,4,16,0,48,0,36,25,na
2008,LTER_3,Backreef,2,NA4,5,72,0,0,0,28,25,na
2008,LTER_3,Backreef,2,NA5,1,60,0,28,0,12,25,na
2008,LTER_3,Backreef,2,NA5,2,76,0,0,0,24,25,na
2008,LTER_3,Backreef,2,NA5,3,28,0,0,0,72,25,na
2008,LTER_3,Backreef,2,NA5,4,32,0,0,0,68,25,na
2008,LTER_3,Backreef,2,NA5,5,16,4,4,0,76,25,na
2008,LTER_3,Backreef,2,NA6,1,4,0,96,0,0,25,na
2008,LTER_3,Backreef,2,NA6,2,40,0,0,0,60,25,na
2008,LTER_3,Backreef,2,NA6,3,88,0,0,0,12,25,na
2008,LTER_3,Backreef,2,NA6,4,24,0,20,0,56,25,na
2008,LTER_3,Backreef,2,NA6,5,60,0,0,0,40,25,na
2008,LTER_3,Backreef,2,NA7,1,12,0,56,0,32,25,na
2008,LTER_3,Backreef,2,NA7,2,56,0,20,0,24,25,na
2008,LTER_3,Backreef,2,NA7,3,64,0,36,0,0,25,na
2008,LTER_3,Backreef,2,NA7,4,48,0,0,0,52,25,na
2008,LTER_3,Backreef,2,NA7,5,92,0,0,0,8,25,na
2008,LTER_3,Backreef,2,NA8,1,72,0,16,0,12,25,na
2008,LTER_3,Backreef,2,NA8,2,80,0,8,0,12,25,na
2008,LTER_3,Backreef,2,NA8,3,76,0,4,0,20,25,na
2008,LTER_3,Backreef,2,NA8,4,80,0,0,0,20,25,na
2008,LTER_3,Backreef,2,NA8,5,20,0,80,0,0,25,na
2008,LTER_3,Backreef,2,NA9,1,52,0,20,0,28,25,na
2008,LTER_3,Backreef,2,NA9,2,16,0,12,0,72,25,na
2008,LTER_3,Backreef,2,NA9,3,96,0,0,0,4,25,na
2008,LTER_3,Backreef,2,NA9,4,20,0,0,0,80,25,na
2008,LTER_3,Backreef,2,NA9,5,36,0,60,0,4,25,na
2008,LTER_4,Backreef,2,NA1,1,48,0,24,0,28,25,na
2008,LTER_4,Backreef,2,NA1,2,32,0,56,0,12,25,na
2008,LTER_4,Backreef,2,NA1,3,80,0,20,0,0,25,na
2008,LTER_4,Backreef,2,NA1,4,44,0,24,0,32,25,na
2008,LTER_4,Backreef,2,NA1,5,8,0,0,28,64,25,na
2008,LTER_4,Backreef,2,NA10,1,24,0,56,0,20,25,na
2008,LTER_4,Backreef,2,NA10,2,96,4,0,0,0,25,na
2008,LTER_4,Backreef,2,NA10,3,72,0,20,0,8,25,na
2008,LTER_4,Backreef,2,NA10,4,0,0,100,0,0,25,na
2008,LTER_4,Backreef,2,NA10,5,4,0,0,0,96,25,na
2008,LTER_4,Backreef,2,NA2,1,68,0,0,0,32,25,na
2008,LTER_4,Backreef,2,NA2,2,20,0,52,0,28,25,na
2008,LTER_4,Backreef,2,NA2,3,0,0,0,0,100,25,na
2008,LTER_4,Backreef,2,NA2,4,0,0,68,0,32,25,na
2008,LTER_4,Backreef,2,NA2,5,20,0,4,0,76,25,na
2008,LTER_4,Backreef,2,NA3,1,24,0,4,0,72,25,na
2008,LTER_4,Backreef,2,NA3,2,100,0,0,0,0,25,na
2008,LTER_4,Backreef,2,NA3,3,84,0,0,0,16,25,na
2008,LTER_4,Backreef,2,NA3,4,4,0,32,0,64,25,na
2008,LTER_4,Backreef,2,NA3,5,12,0,0,0,88,25,na
2008,LTER_4,Backreef,2,NA4,1,52,0,8,0,40,25,na
2008,LTER_4,Backreef,2,NA4,2,100,0,0,0,0,25,na
2008,LTER_4,Backreef,2,NA4,3,32,0,36,0,32,25,na
2008,LTER_4,Backreef,2,NA4,4,12,0,20,0,68,25,na
2008,LTER_4,Backreef,2,NA4,5,44,0,0,0,56,25,na
2008,LTER_4,Backreef,2,NA5,1,0,0,80,0,20,25,na
2008,LTER_4,Backreef,2,NA5,2,80,0,0,0,20,25,na
2008,LTER_4,Backreef,2,NA5,3,64,0,0,0,36,25,na
2008,LTER_4,Backreef,2,NA5,4,56,0,4,0,40,25,na
2008,LTER_4,Backreef,2,NA5,5,12,0,0,0,88,25,na
2008,LTER_4,Backreef,2,NA6,1,4,0,80,0,16,25,na
2008,LTER_4,Backreef,2,NA6,2,20,0,72,0,8,25,na
2008,LTER_4,Backreef,2,NA6,3,32,0,0,0,68,25,na
2008,LTER_4,Backreef,2,NA6,4,16,0,0,0,84,25,na
2008,LTER_4,Backreef,2,NA6,5,44,0,0,0,56,25,na
2008,LTER_4,Backreef,2,NA7,1,52,0,0,0,48,25,na
2008,LTER_4,Backreef,2,NA7,2,56,0,12,0,32,25,na
2008,LTER_4,Backreef,2,NA7,3,0,0,24,0,76,25,na
2008,LTER_4,Backreef,2,NA7,4,80,0,0,0,20,25,na
2008,LTER_4,Backreef,2,NA7,5,4,0,0,0,96,25,na
2008,LTER_4,Backreef,2,NA8,1,32,0,68,0,0,25,na
2008,LTER_4,Backreef,2,NA8,2,0,0,64,0,36,25,na
2008,LTER_4,Backreef,2,NA8,3,0,0,0,0,100,25,na
2008,LTER_4,Backreef,2,NA8,4,88,0,0,0,12,25,na
2008,LTER_4,Backreef,2,NA8,5,68,0,0,0,32,25,na
2008,LTER_4,Backreef,2,NA9,1,4,0,96,0,0,25,na
2008,LTER_4,Backreef,2,NA9,2,0,0,64,0,36,25,na
2008,LTER_4,Backreef,2,NA9,3,28,0,24,0,48,25,na
2008,LTER_4,Backreef,2,NA9,4,92,0,0,0,8,25,na
2008,LTER_4,Backreef,2,NA9,5,16,0,0,0,84,25,na
2008,LTER_5,Backreef,2,NA1,1,52,0,48,0,0,25,na
2008,LTER_5,Backreef,2,NA1,2,12,0,88,0,0,25,na
2008,LTER_5,Backreef,2,NA1,3,0,0,20,0,80,25,na
2008,LTER_5,Backreef,2,NA1,4,72,0,24,0,4,25,na
2008,LTER_5,Backreef,2,NA1,5,16,0,72,0,12,25,na
2008,LTER_5,Backreef,2,NA10,1,48,4,24,0,24,25,na
2008,LTER_5,Backreef,2,NA10,2,0,0,100,0,0,25,na
2008,LTER_5,Backreef,2,NA10,3,4,0,0,0,96,25,na
2008,LTER_5,Backreef,2,NA10,4,48,0,4,0,48,25,na
2008,LTER_5,Backreef,2,NA10,5,84,0,8,0,8,25,na
2008,LTER_5,Backreef,2,NA2,1,20,0,12,0,68,25,na
2008,LTER_5,Backreef,2,NA2,2,40,0,60,0,0,25,na
2008,LTER_5,Backreef,2,NA2,3,12,0,0,0,88,25,na
2008,LTER_5,Backreef,2,NA2,4,16,0,64,0,20,25,na
2008,LTER_5,Backreef,2,NA2,5,40,0,12,0,48,25,na
2008,LTER_5,Backreef,2,NA3,1,28,0,4,0,68,25,na
2008,LTER_5,Backreef,2,NA3,2,0,0,100,0,0,25,na
2008,LTER_5,Backreef,2,NA3,3,12,0,88,0,0,25,na
2008,LTER_5,Backreef,2,NA3,4,12,0,0,0,88,25,na
2008,LTER_5,Backreef,2,NA3,5,68,0,32,0,0,25,na
2008,LTER_5,Backreef,2,NA4,1,72,0,20,0,8,25,na
2008,LTER_5,Backreef,2,NA4,2,28,0,28,0,44,25,na
2008,LTER_5,Backreef,2,NA4,3,100,0,0,0,0,25,na
2008,LTER_5,Backreef,2,NA4,4,36,0,64,0,0,25,na
2008,LTER_5,Backreef,2,NA4,5,0,0,84,0,16,25,na
2008,LTER_5,Backreef,2,NA5,1,0,0,92,0,8,25,na
2008,LTER_5,Backreef,2,NA5,2,44,0,4,0,52,25,na
2008,LTER_5,Backreef,2,NA5,3,24,0,12,0,64,25,na
2008,LTER_5,Backreef,2,NA5,4,12,0,0,20,68,25,na
2008,LTER_5,Backreef,2,NA5,5,0,0,8,0,92,25,na
2008,LTER_5,Backreef,2,NA6,1,0,0,100,0,0,25,na
2008,LTER_5,Backreef,2,NA6,2,16,0,32,0,52,25,na
2008,LTER_5,Backreef,2,NA6,3,28,0,8,0,64,25,na
2008,LTER_5,Backreef,2,NA6,4,0,0,24,8,68,25,na
2008,LTER_5,Backreef,2,NA6,5,20,0,4,0,76,25,na
2008,LTER_5,Backreef,2,NA7,1,40,0,48,0,12,25,na
2008,LTER_5,Backreef,2,NA7,2,8,0,48,0,44,25,na
2008,LTER_5,Backreef,2,NA7,3,28,0,68,0,4,25,na
2008,LTER_5,Backreef,2,NA7,4,36,0,0,0,64,25,na
2008,LTER_5,Backreef,2,NA7,5,52,0,32,0,16,25,na
2008,LTER_5,Backreef,2,NA8,1,100,0,0,0,0,25,na
2008,LTER_5,Backreef,2,NA8,2,24,0,0,0,76,25,na
2008,LTER_5,Backreef,2,NA8,3,32,0,40,0,28,25,na
2008,LTER_5,Backreef,2,NA8,4,40,0,0,28,32,25,na
2008,LTER_5,Backreef,2,NA8,5,32,0,28,0,40,25,na
2008,LTER_5,Backreef,2,NA9,1,72,4,16,0,8,25,na
2008,LTER_5,Backreef,2,NA9,2,60,0,12,0,28,25,na
2008,LTER_5,Backreef,2,NA9,3,60,0,0,0,40,25,na
2008,LTER_5,Backreef,2,NA9,4,4,0,56,8,32,25,na
2008,LTER_5,Backreef,2,NA9,5,0,0,100,0,0,25,na
2008,LTER_6,Backreef,2,NA1,1,68,0,16,0,16,25,na
2008,LTER_6,Backreef,2,NA1,2,52,0,12,0,36,25,na
2008,LTER_6,Backreef,2,NA1,3,80,0,0,0,20,25,na
2008,LTER_6,Backreef,2,NA1,4,12,0,0,0,88,25,na
2008,LTER_6,Backreef,2,NA1,5,8,0,8,0,84,25,na
2008,LTER_6,Backreef,2,NA10,1,28,0,40,0,32,25,na
2008,LTER_6,Backreef,2,NA10,2,40,0,24,0,36,25,na
2008,LTER_6,Backreef,2,NA10,3,28,0,0,0,72,25,na
2008,LTER_6,Backreef,2,NA10,4,36,0,4,0,60,25,na
2008,LTER_6,Backreef,2,NA10,5,0,0,48,0,52,25,na
2008,LTER_6,Backreef,2,NA2,1,16,0,0,0,84,25,na
2008,LTER_6,Backreef,2,NA2,2,4,0,4,0,92,25,na
2008,LTER_6,Backreef,2,NA2,3,12,0,36,0,52,25,na
2008,LTER_6,Backreef,2,NA2,4,48,0,16,0,36,25,na
2008,LTER_6,Backreef,2,NA2,5,20,0,16,0,64,25,na
2008,LTER_6,Backreef,2,NA3,1,44,0,0,0,56,25,na
2008,LTER_6,Backreef,2,NA3,2,16,0,0,0,84,25,na
2008,LTER_6,Backreef,2,NA3,3,12,0,16,0,72,25,na
2008,LTER_6,Backreef,2,NA3,4,24,0,12,0,64,25,na
2008,LTER_6,Backreef,2,NA3,5,8,0,0,0,92,25,na
2008,LTER_6,Backreef,2,NA4,1,56,0,16,0,28,25,na
2008,LTER_6,Backreef,2,NA4,2,32,0,16,0,52,25,na
2008,LTER_6,Backreef,2,NA4,3,64,0,12,0,24,25,na
2008,LTER_6,Backreef,2,NA4,4,4,4,76,0,16,25,na
2008,LTER_6,Backreef,2,NA4,5,16,0,52,0,32,25,na
2008,LTER_6,Backreef,2,NA5,1,20,0,4,0,76,25,na
2008,LTER_6,Backreef,2,NA5,2,28,0,16,0,56,25,na
2008,LTER_6,Backreef,2,NA5,3,0,0,100,0,0,25,na
2008,LTER_6,Backreef,2,NA5,4,40,0,0,0,60,25,na
2008,LTER_6,Backreef,2,NA5,5,0,0,24,0,76,25,na
2008,LTER_6,Backreef,2,NA6,1,40,0,0,0,60,25,na
2008,LTER_6,Backreef,2,NA6,2,24,0,24,0,52,25,na
2008,LTER_6,Backreef,2,NA6,3,56,0,0,0,44,25,na
2008,LTER_6,Backreef,2,NA6,4,64,0,0,0,36,25,na
2008,LTER_6,Backreef,2,NA6,5,44,0,32,0,24,25,na
2008,LTER_6,Backreef,2,NA7,1,76,0,0,0,24,25,na
2008,LTER_6,Backreef,2,NA7,2,36,0,64,0,0,25,na
2008,LTER_6,Backreef,2,NA7,3,4,0,88,0,8,25,na
2008,LTER_6,Backreef,2,NA7,4,32,0,4,24,40,25,na
2008,LTER_6,Backreef,2,NA7,5,24,0,16,0,60,25,na
2008,LTER_6,Backreef,2,NA8,1,44,0,20,0,36,25,na
2008,LTER_6,Backreef,2,NA8,2,36,0,16,0,48,25,na
2008,LTER_6,Backreef,2,NA8,3,0,0,92,0,8,25,na
2008,LTER_6,Backreef,2,NA8,4,20,0,24,0,56,25,na
2008,LTER_6,Backreef,2,NA8,5,16,0,4,0,80,25,na
2008,LTER_6,Backreef,2,NA9,1,28,0,28,0,44,25,na
2008,LTER_6,Backreef,2,NA9,2,56,0,8,0,36,25,na
2008,LTER_6,Backreef,2,NA9,3,40,0,0,0,60,25,na
2008,LTER_6,Backreef,2,NA9,4,88,0,0,0,12,25,na
2008,LTER_6,Backreef,2,NA9,5,12,0,12,0,76,25,na
2009,LTER_1,Backreef,2,NA1,1,20,0,0,0,80,25,na
2009,LTER_1,Backreef,2,NA1,2,8,4,8,0,80,25,na
2009,LTER_1,Backreef,2,NA1,3,44,0,0,0,56,25,na
2009,LTER_1,Backreef,2,NA1,4,0,0,72,0,28,25,na
2009,LTER_1,Backreef,2,NA1,5,16,0,20,0,64,25,na
2009,LTER_1,Backreef,2,NA10,1,4,0,0,0,96,25,na
2009,LTER_1,Backreef,2,NA10,2,24,0,0,0,76,25,na
2009,LTER_1,Backreef,2,NA10,3,12,0,0,0,88,25,na
2009,LTER_1,Backreef,2,NA10,4,48,4,28,0,20,25,na
2009,LTER_1,Backreef,2,NA10,5,80,0,0,0,20,25,na
2009,LTER_1,Backreef,2,NA11,1,4,0,12,0,84,25,na
2009,LTER_1,Backreef,2,NA11,2,4,0,0,16,80,25,na
2009,LTER_1,Backreef,2,NA11,3,60,0,12,0,28,25,na
2009,LTER_1,Backreef,2,NA11,4,4,0,24,0,72,25,na
2009,LTER_1,Backreef,2,NA11,5,4,0,4,0,92,25,na
2009,LTER_1,Backreef,2,NA12,1,16,0,16,0,68,25,na
2009,LTER_1,Backreef,2,NA12,2,12,0,0,0,88,25,na
2009,LTER_1,Backreef,2,NA12,3,72,0,0,0,28,25,na
2009,LTER_1,Backreef,2,NA12,4,4,0,68,0,28,25,na
2009,LTER_1,Backreef,2,NA12,5,24,0,8,0,68,25,na
2009,LTER_1,Backreef,2,NA13,1,8,0,0,0,92,25,na
2009,LTER_1,Backreef,2,NA13,2,28,0,0,0,72,25,na
2009,LTER_1,Backreef,2,NA13,3,72,0,0,0,28,25,na
2009,LTER_1,Backreef,2,NA13,4,0,0,24,0,76,25,na
2009,LTER_1,Backreef,2,NA13,5,64,0,0,0,36,25,na
2009,LTER_1,Backreef,2,NA14,1,32,0,0,0,68,25,na
2009,LTER_1,Backreef,2,NA14,2,20,0,16,0,64,25,na
2009,LTER_1,Backreef,2,NA14,3,8,0,0,0,92,25,na
2009,LTER_1,Backreef,2,NA14,4,0,0,44,0,56,25,na
2009,LTER_1,Backreef,2,NA14,5,32,0,12,0,56,25,na
2009,LTER_1,Backreef,2,NA15,1,4,0,4,0,92,25,na
2009,LTER_1,Backreef,2,NA15,2,4,0,56,0,40,25,na
2009,LTER_1,Backreef,2,NA15,3,16,0,0,0,84,25,na
2009,LTER_1,Backreef,2,NA15,4,0,0,76,0,24,25,na
2009,LTER_1,Backreef,2,NA15,5,16,0,80,0,4,25,na
2009,LTER_1,Backreef,2,NA16,1,20,0,4,0,76,25,na
2009,LTER_1,Backreef,2,NA16,2,36,0,0,0,64,25,na
2009,LTER_1,Backreef,2,NA16,3,52,0,0,0,48,25,na
2009,LTER_1,Backreef,2,NA16,4,20,0,64,0,16,25,na
2009,LTER_1,Backreef,2,NA16,5,20,0,24,0,56,25,na
2009,LTER_1,Backreef,2,NA17,1,48,0,0,0,52,25,na
2009,LTER_1,Backreef,2,NA17,2,56,0,0,0,44,25,na
2009,LTER_1,Backreef,2,NA17,3,44,0,0,0,56,25,na
2009,LTER_1,Backreef,2,NA17,4,64,0,0,0,36,25,na
2009,LTER_1,Backreef,2,NA17,5,8,0,16,0,76,25,na
2009,LTER_1,Backreef,2,NA18,1,48,0,0,0,52,25,na
2009,LTER_1,Backreef,2,NA18,2,52,0,20,0,28,25,na
2009,LTER_1,Backreef,2,NA18,3,28,0,0,0,72,25,na
2009,LTER_1,Backreef,2,NA18,4,80,0,0,0,20,25,na
2009,LTER_1,Backreef,2,NA18,5,28,4,0,0,68,25,na
2009,LTER_1,Backreef,2,NA19,1,0,0,8,0,92,25,na
2009,LTER_1,Backreef,2,NA19,2,80,0,8,0,12,25,na
2009,LTER_1,Backreef,2,NA19,3,12,0,0,0,88,25,na
2009,LTER_1,Backreef,2,NA19,4,52,0,0,0,48,25,na
2009,LTER_1,Backreef,2,NA19,5,16,0,8,0,76,25,na
2009,LTER_1,Backreef,2,NA2,2,20,0,72,0,8,25,na
2009,LTER_1,Backreef,2,NA2,3,88,0,0,0,12,25,na
2009,LTER_1,Backreef,2,NA2,4,4,0,28,0,68,25,na
2009,LTER_1,Backreef,2,NA2,5,0,0,44,0,56,25,na
2009,LTER_1,Backreef,2,NA20,1,4,0,24,0,72,25,na
2009,LTER_1,Backreef,2,NA20,2,84,0,8,0,8,25,na
2009,LTER_1,Backreef,2,NA20,3,4,0,0,0,96,25,na
2009,LTER_1,Backreef,2,NA20,4,32,0,56,0,12,25,na
2009,LTER_1,Backreef,2,NA20,5,60,0,0,0,40,25,na
2009,LTER_1,Backreef,2,NA3,1,4,0,8,0,88,25,na
2009,LTER_1,Backreef,2,NA3,2,0,0,36,0,64,25,na
2009,LTER_1,Backreef,2,NA3,3,64,8,0,0,28,25,na
2009,LTER_1,Backreef,2,NA3,4,32,0,0,0,68,25,na
2009,LTER_1,Backreef,2,NA3,5,0,0,56,0,44,25,na
2009,LTER_1,Backreef,2,NA4,1,44,0,28,0,28,25,na
2009,LTER_1,Backreef,2,NA4,2,4,0,52,0,44,25,na
2009,LTER_1,Backreef,2,NA4,3,68,0,8,0,24,25,na
2009,LTER_1,Backreef,2,NA4,4,60,0,0,0,40,25,na
2009,LTER_1,Backreef,2,NA4,5,0,0,64,0,36,25,na
2009,LTER_1,Backreef,2,NA5,1,32,0,28,0,40,25,na
2009,LTER_1,Backreef,2,NA5,2,48,0,4,0,48,25,na
2009,LTER_1,Backreef,2,NA5,3,40,0,36,0,24,25,na
2009,LTER_1,Backreef,2,NA5,4,20,0,48,0,32,25,na
2009,LTER_1,Backreef,2,NA5,5,20,0,32,0,48,25,na
2009,LTER_1,Backreef,2,NA6,1,12,0,0,0,88,25,na
2009,LTER_1,Backreef,2,NA6,2,24,0,0,0,76,25,na
2009,LTER_1,Backreef,2,NA6,3,76,0,20,0,4,25,na
2009,LTER_1,Backreef,2,NA6,4,4,0,0,0,96,25,na
2009,LTER_1,Backreef,2,NA6,5,24,0,24,0,52,25,na
2009,LTER_1,Backreef,2,NA7,1,28,0,4,0,68,25,na
2009,LTER_1,Backreef,2,NA7,2,0,0,0,0,100,25,na
2009,LTER_1,Backreef,2,NA7,3,72,0,0,0,28,25,na
2009,LTER_1,Backreef,2,NA7,4,24,0,0,0,76,25,na
2009,LTER_1,Backreef,2,NA7,5,68,0,12,0,20,25,na
2009,LTER_1,Backreef,2,NA8,1,8,0,0,0,92,25,na
2009,LTER_1,Backreef,2,NA8,2,4,0,0,0,96,25,na
2009,LTER_1,Backreef,2,NA8,3,32,0,0,0,68,25,na
2009,LTER_1,Backreef,2,NA8,4,76,0,0,0,24,25,na
2009,LTER_1,Backreef,2,NA8,5,88,0,8,0,4,25,na
2009,LTER_1,Backreef,2,NA9,1,8,0,0,0,92,25,na
2009,LTER_1,Backreef,2,NA9,2,20,0,0,0,80,25,na
2009,LTER_1,Backreef,2,NA9,3,0,0,0,0,100,25,na
2009,LTER_1,Backreef,2,NA9,4,40,0,16,0,44,25,na
2009,LTER_1,Backreef,2,NA9,5,48,0,44,0,8,25,na
2009,LTER_2,Backreef,2,NA1,1,36,16,20,0,28,25,na
2009,LTER_2,Backreef,2,NA1,2,64,0,0,0,36,25,na
2009,LTER_2,Backreef,2,NA1,3,16,4,0,0,80,25,na
2009,LTER_2,Backreef,2,NA1,4,36,0,0,0,64,25,na
2009,LTER_2,Backreef,2,NA1,5,0,0,0,0,100,25,na
2009,LTER_2,Backreef,2,NA10,1,0,0,88,0,12,25,na
2009,LTER_2,Backreef,2,NA10,2,40,8,0,0,52,25,na
2009,LTER_2,Backreef,2,NA10,3,36,28,0,0,36,25,na
2009,LTER_2,Backreef,2,NA10,4,28,4,20,0,48,25,na
2009,LTER_2,Backreef,2,NA10,5,60,0,20,0,20,25,na
2009,LTER_2,Backreef,2,NA11,1,0,12,0,0,88,25,na
2009,LTER_2,Backreef,2,NA11,2,8,0,0,0,92,25,na
2009,LTER_2,Backreef,2,NA11,3,0,0,0,0,100,25,na
2009,LTER_2,Backreef,2,NA11,4,8,0,0,0,92,25,na
2009,LTER_2,Backreef,2,NA11,5,20,0,0,0,80,25,na
2009,LTER_2,Backreef,2,NA12,1,12,0,4,0,84,25,na
2009,LTER_2,Backreef,2,NA12,2,4,0,12,0,84,25,na
2009,LTER_2,Backreef,2,NA12,3,16,4,0,0,80,25,na
2009,LTER_2,Backreef,2,NA12,4,36,0,0,0,64,25,na
2009,LTER_2,Backreef,2,NA12,5,72,0,0,0,28,25,na
2009,LTER_2,Backreef,2,NA13,1,24,4,0,0,72,25,na
2009,LTER_2,Backreef,2,NA13,2,4,0,0,0,96,25,na
2009,LTER_2,Backreef,2,NA13,3,56,4,0,0,40,25,na
2009,LTER_2,Backreef,2,NA13,4,32,0,0,0,68,25,na
2009,LTER_2,Backreef,2,NA13,5,100,0,0,0,0,25,na
2009,LTER_2,Backreef,2,NA14,1,40,8,4,0,48,25,na
2009,LTER_2,Backreef,2,NA14,2,36,0,24,0,40,25,na
2009,LTER_2,Backreef,2,NA14,3,64,0,12,0,24,25,na
2009,LTER_2,Backreef,2,NA14,4,28,8,52,0,12,25,na
2009,LTER_2,Backreef,2,NA14,5,16,24,0,0,60,25,na
2009,LTER_2,Backreef,2,NA15,1,56,4,0,0,40,25,na
2009,LTER_2,Backreef,2,NA15,2,8,8,0,0,84,25,na
2009,LTER_2,Backreef,2,NA15,3,100,0,0,0,0,25,na
2009,LTER_2,Backreef,2,NA15,4,84,0,4,0,12,25,na
2009,LTER_2,Backreef,2,NA15,5,68,8,0,0,24,25,na
2009,LTER_2,Backreef,2,NA16,1,8,4,0,0,88,25,na
2009,LTER_2,Backreef,2,NA16,2,16,0,0,0,84,25,na
2009,LTER_2,Backreef,2,NA16,3,20,0,0,0,80,25,na
2009,LTER_2,Backreef,2,NA16,4,28,16,48,0,8,25,na
2009,LTER_2,Backreef,2,NA16,5,4,0,0,0,96,25,na
2009,LTER_2,Backreef,2,NA17,1,88,4,4,0,4,25,na
2009,LTER_2,Backreef,2,NA17,2,32,0,0,0,68,25,na
2009,LTER_2,Backreef,2,NA17,3,16,0,16,0,68,25,na
2009,LTER_2,Backreef,2,NA17,4,8,0,44,0,48,25,na
2009,LTER_2,Backreef,2,NA17,5,44,0,0,0,56,25,na
2009,LTER_2,Backreef,2,NA18,1,100,0,0,0,0,25,na
2009,LTER_2,Backreef,2,NA18,2,16,4,0,0,80,25,na
2009,LTER_2,Backreef,2,NA18,3,12,0,0,0,88,25,na
2009,LTER_2,Backreef,2,NA18,4,48,0,12,0,40,25,na
2009,LTER_2,Backreef,2,NA18,5,96,4,0,0,0,25,na
2009,LTER_2,Backreef,2,NA19,1,92,4,0,0,4,25,na
2009,LTER_2,Backreef,2,NA19,2,12,0,4,0,84,25,na
2009,LTER_2,Backreef,2,NA19,3,4,4,64,0,28,25,na
2009,LTER_2,Backreef,2,NA19,4,72,4,0,0,24,25,na
2009,LTER_2,Backreef,2,NA19,5,84,16,0,0,0,25,na
2009,LTER_2,Backreef,2,NA2,1,12,20,20,0,48,25,na
2009,LTER_2,Backreef,2,NA2,2,16,0,68,0,16,25,na
2009,LTER_2,Backreef,2,NA2,3,0,0,8,0,92,25,na
2009,LTER_2,Backreef,2,NA2,4,16,0,40,0,44,25,na
2009,LTER_2,Backreef,2,NA2,5,0,0,0,0,100,25,na
2009,LTER_2,Backreef,2,NA20,1,28,0,12,0,60,25,na
2009,LTER_2,Backreef,2,NA20,2,20,0,36,0,44,25,na
2009,LTER_2,Backreef,2,NA20,3,36,4,8,0,52,25,na
2009,LTER_2,Backreef,2,NA20,4,48,8,8,0,36,25,na
2009,LTER_2,Backreef,2,NA20,5,100,0,0,0,0,25,na
2009,LTER_2,Backreef,2,NA3,1,0,8,12,0,80,25,na
2009,LTER_2,Backreef,2,NA3,2,0,0,100,0,0,25,na
2009,LTER_2,Backreef,2,NA3,3,0,0,4,0,96,25,na
2009,LTER_2,Backreef,2,NA3,4,8,0,64,0,28,25,na
2009,LTER_2,Backreef,2,NA3,5,36,8,0,0,56,25,na
2009,LTER_2,Backreef,2,NA4,1,0,0,72,0,28,25,na
2009,LTER_2,Backreef,2,NA4,2,8,0,88,0,4,25,na
2009,LTER_2,Backreef,2,NA4,3,0,0,64,0,36,25,na
2009,LTER_2,Backreef,2,NA4,4,8,0,92,0,0,25,na
2009,LTER_2,Backreef,2,NA4,5,48,24,0,0,28,25,na
2009,LTER_2,Backreef,2,NA5,1,8,8,84,0,0,25,na
2009,LTER_2,Backreef,2,NA5,2,56,0,24,0,20,25,na
2009,LTER_2,Backreef,2,NA5,3,0,0,40,0,60,25,na
2009,LTER_2,Backreef,2,NA5,4,0,0,72,0,28,25,na
2009,LTER_2,Backreef,2,NA5,5,24,32,12,0,32,25,na
2009,LTER_2,Backreef,2,NA6,1,0,0,32,0,68,25,na
2009,LTER_2,Backreef,2,NA6,2,28,0,0,0,72,25,na
2009,LTER_2,Backreef,2,NA6,3,32,12,0,0,56,25,na
2009,LTER_2,Backreef,2,NA6,4,8,0,88,0,4,25,na
2009,LTER_2,Backreef,2,NA6,5,8,0,0,0,92,25,na
2009,LTER_2,Backreef,2,NA7,1,40,0,36,0,24,25,na
2009,LTER_2,Backreef,2,NA7,2,0,20,16,0,64,25,na
2009,LTER_2,Backreef,2,NA7,3,8,0,0,0,92,25,na
2009,LTER_2,Backreef,2,NA7,4,72,0,12,0,16,25,na
2009,LTER_2,Backreef,2,NA7,5,4,0,0,0,96,25,na
2009,LTER_2,Backreef,2,NA8,1,32,0,28,0,40,25,na
2009,LTER_2,Backreef,2,NA8,2,16,16,0,0,68,25,na
2009,LTER_2,Backreef,2,NA8,3,8,8,0,0,84,25,na
2009,LTER_2,Backreef,2,NA8,4,88,4,8,0,0,25,na
2009,LTER_2,Backreef,2,NA8,5,16,0,0,0,84,25,na
2009,LTER_2,Backreef,2,NA9,1,64,0,8,0,28,25,na
2009,LTER_2,Backreef,2,NA9,2,52,0,0,0,48,25,na
2009,LTER_2,Backreef,2,NA9,3,28,0,0,0,72,25,na
2009,LTER_2,Backreef,2,NA9,4,20,8,40,0,32,25,na
2009,LTER_2,Backreef,2,NA9,5,28,0,4,0,68,25,na
2009,LTER_3,Backreef,2,NA1,1,32,0,20,0,48,25,na
2009,LTER_3,Backreef,2,NA1,2,32,0,0,0,68,25,na
2009,LTER_3,Backreef,2,NA1,3,80,0,12,0,8,25,na
2009,LTER_3,Backreef,2,NA1,4,24,0,8,0,68,25,na
2009,LTER_3,Backreef,2,NA1,5,36,0,52,0,12,25,na
2009,LTER_3,Backreef,2,NA10,1,12,0,60,0,28,25,na
2009,LTER_3,Backreef,2,NA10,2,20,0,8,0,72,25,na
2009,LTER_3,Backreef,2,NA10,3,20,0,0,0,80,25,na
2009,LTER_3,Backreef,2,NA10,4,24,0,72,0,4,25,na
2009,LTER_3,Backreef,2,NA10,5,4,0,80,0,16,25,na
2009,LTER_3,Backreef,2,NA11,1,44,0,4,0,52,25,na
2009,LTER_3,Backreef,2,NA11,2,20,0,0,0,80,25,na
2009,LTER_3,Backreef,2,NA11,3,68,0,20,0,12,25,na
2009,LTER_3,Backreef,2,NA11,4,24,0,76,0,0,25,na
2009,LTER_3,Backreef,2,NA11,5,8,0,0,0,92,25,na
2009,LTER_3,Backreef,2,NA12,1,76,0,24,0,0,25,na
2009,LTER_3,Backreef,2,NA12,2,40,0,0,0,60,25,na
2009,LTER_3,Backreef,2,NA12,3,32,4,16,0,48,25,na
2009,LTER_3,Backreef,2,NA12,4,44,0,44,0,12,25,na
2009,LTER_3,Backreef,2,NA12,5,88,0,0,0,12,25,na
2009,LTER_3,Backreef,2,NA13,1,0,0,88,0,12,25,na
2009,LTER_3,Backreef,2,NA13,2,28,0,0,0,72,25,na
2009,LTER_3,Backreef,2,NA13,3,68,0,0,0,32,25,na
2009,LTER_3,Backreef,2,NA13,4,60,0,8,0,32,25,na
2009,LTER_3,Backreef,2,NA13,5,48,0,0,0,52,25,na
2009,LTER_3,Backreef,2,NA14,1,20,0,76,0,4,25,na
2009,LTER_3,Backreef,2,NA14,2,72,0,0,0,28,25,na
2009,LTER_3,Backreef,2,NA14,3,84,0,0,0,16,25,na
2009,LTER_3,Backreef,2,NA14,4,12,0,84,0,4,25,na
2009,LTER_3,Backreef,2,NA14,5,88,4,0,0,8,25,na
2009,LTER_3,Backreef,2,NA15,1,12,0,56,0,32,25,na
2009,LTER_3,Backreef,2,NA15,2,16,0,32,0,52,25,na
2009,LTER_3,Backreef,2,NA15,3,8,0,0,0,92,25,na
2009,LTER_3,Backreef,2,NA15,4,56,0,12,0,32,25,na
2009,LTER_3,Backreef,2,NA15,5,76,0,0,0,24,25,na
2009,LTER_3,Backreef,2,NA16,1,16,0,40,0,44,25,na
2009,LTER_3,Backreef,2,NA16,2,24,0,40,0,36,25,na
2009,LTER_3,Backreef,2,NA16,3,0,0,96,0,4,25,na
2009,LTER_3,Backreef,2,NA16,4,44,0,0,0,56,25,na
2009,LTER_3,Backreef,2,NA16,5,64,0,16,0,20,25,na
2009,LTER_3,Backreef,2,NA17,1,24,0,64,0,12,25,na
2009,LTER_3,Backreef,2,NA17,2,36,0,24,0,40,25,na
2009,LTER_3,Backreef,2,NA17,3,48,0,28,0,24,25,na
2009,LTER_3,Backreef,2,NA17,4,20,0,8,0,72,25,na
2009,LTER_3,Backreef,2,NA17,5,80,0,0,0,20,25,na
2009,LTER_3,Backreef,2,NA18,1,68,0,28,0,4,25,na
2009,LTER_3,Backreef,2,NA18,2,20,0,52,0,28,25,na
2009,LTER_3,Backreef,2,NA18,3,36,0,0,0,64,25,na
2009,LTER_3,Backreef,2,NA18,4,20,0,0,0,80,25,na
2009,LTER_3,Backreef,2,NA18,5,92,0,0,0,8,25,na
2009,LTER_3,Backreef,2,NA19,1,80,0,0,0,20,25,na
2009,LTER_3,Backreef,2,NA19,2,36,0,32,0,32,25,na
2009,LTER_3,Backreef,2,NA19,3,72,0,0,0,28,25,na
2009,LTER_3,Backreef,2,NA19,4,16,0,16,0,68,25,na
2009,LTER_3,Backreef,2,NA19,5,76,0,4,0,20,25,na
2009,LTER_3,Backreef,2,NA2,1,32,0,28,0,40,25,na
2009,LTER_3,Backreef,2,NA2,2,32,0,0,0,68,25,na
2009,LTER_3,Backreef,2,NA2,3,60,0,0,0,40,25,na
2009,LTER_3,Backreef,2,NA2,4,24,0,32,0,44,25,na
2009,LTER_3,Backreef,2,NA2,5,76,0,0,0,24,25,na
2009,LTER_3,Backreef,2,NA20,1,64,0,28,0,8,25,na
2009,LTER_3,Backreef,2,NA20,2,0,0,60,0,40,25,na
2009,LTER_3,Backreef,2,NA20,3,52,0,8,0,40,25,na
2009,LTER_3,Backreef,2,NA20,4,0,0,84,0,16,25,na
2009,LTER_3,Backreef,2,NA20,5,4,0,96,0,0,25,na
2009,LTER_3,Backreef,2,NA3,1,0,0,36,0,64,25,na
2009,LTER_3,Backreef,2,NA3,2,88,0,0,0,12,25,na
2009,LTER_3,Backreef,2,NA3,3,72,4,8,0,16,25,na
2009,LTER_3,Backreef,2,NA3,4,16,0,56,0,28,25,na
2009,LTER_3,Backreef,2,NA3,5,44,4,44,0,8,25,na
2009,LTER_3,Backreef,2,NA4,1,20,0,24,0,56,25,na
2009,LTER_3,Backreef,2,NA4,2,84,0,0,0,16,25,na
2009,LTER_3,Backreef,2,NA4,3,76,0,8,0,16,25,na
2009,LTER_3,Backreef,2,NA4,4,28,0,60,0,12,25,na
2009,LTER_3,Backreef,2,NA4,5,0,0,84,0,16,25,na
2009,LTER_3,Backreef,2,NA5,1,4,0,56,0,40,25,na
2009,LTER_3,Backreef,2,NA5,2,12,0,68,0,20,25,na
2009,LTER_3,Backreef,2,NA5,3,44,0,12,0,44,25,na
2009,LTER_3,Backreef,2,NA5,4,0,0,68,0,32,25,na
2009,LTER_3,Backreef,2,NA5,5,0,0,100,0,0,25,na
2009,LTER_3,Backreef,2,NA6,1,28,0,8,0,64,25,na
2009,LTER_3,Backreef,2,NA6,2,28,0,4,0,68,25,na
2009,LTER_3,Backreef,2,NA6,3,32,0,60,0,8,25,na
2009,LTER_3,Backreef,2,NA6,4,40,0,4,0,56,25,na
2009,LTER_3,Backreef,2,NA6,5,76,0,0,0,24,25,na
2009,LTER_3,Backreef,2,NA7,1,12,0,8,0,80,25,na
2009,LTER_3,Backreef,2,NA7,2,52,0,0,0,48,25,na
2009,LTER_3,Backreef,2,NA7,3,36,0,48,0,16,25,na
2009,LTER_3,Backreef,2,NA7,4,24,0,8,0,68,25,na
2009,LTER_3,Backreef,2,NA7,5,76,0,4,0,20,25,na
2009,LTER_3,Backreef,2,NA8,1,32,0,0,0,68,25,na
2009,LTER_3,Backreef,2,NA8,2,68,0,4,0,28,25,na
2009,LTER_3,Backreef,2,NA8,3,56,0,0,0,44,25,na
2009,LTER_3,Backreef,2,NA8,4,36,0,52,0,12,25,na
2009,LTER_3,Backreef,2,NA8,5,60,0,16,0,24,25,na
2009,LTER_3,Backreef,2,NA9,1,36,0,48,0,16,25,na
2009,LTER_3,Backreef,2,NA9,2,56,0,8,0,36,25,na
2009,LTER_3,Backreef,2,NA9,3,48,0,0,0,52,25,na
2009,LTER_3,Backreef,2,NA9,4,12,0,72,0,16,25,na
2009,LTER_3,Backreef,2,NA9,5,12,0,88,0,0,25,na
2009,LTER_4,Backreef,2,NA5,5,BW,BW,BW,BW,BW,0,too shallow for nadir photo; photo horizontal so not valid for cover percent
2009,LTER_4,Backreef,2,NA1,1,16,0,72,0,12,25,na
2009,LTER_4,Backreef,2,NA1,2,80,0,4,0,16,25,na
2009,LTER_4,Backreef,2,NA1,3,76,0,12,0,12,25,na
2009,LTER_4,Backreef,2,NA1,4,48,0,24,0,28,25,na
2009,LTER_4,Backreef,2,NA1,5,36,0,0,0,64,25,na
2009,LTER_4,Backreef,2,NA10,1,56,0,4,0,40,25,na
2009,LTER_4,Backreef,2,NA10,2,92,0,4,0,4,25,na
2009,LTER_4,Backreef,2,NA10,3,4,0,76,0,20,25,na
2009,LTER_4,Backreef,2,NA10,4,32,0,8,0,60,25,na
2009,LTER_4,Backreef,2,NA10,5,44,0,4,0,52,25,na
2009,LTER_4,Backreef,2,NA11,1,68,0,0,0,32,25,na
2009,LTER_4,Backreef,2,NA11,2,84,0,0,0,16,25,na
2009,LTER_4,Backreef,2,NA11,3,24,0,0,0,76,25,na
2009,LTER_4,Backreef,2,NA11,4,48,0,0,0,52,25,na
2009,LTER_4,Backreef,2,NA11,5,16,0,0,0,84,25,na
2009,LTER_4,Backreef,2,NA12,1,84,0,0,0,16,25,na
2009,LTER_4,Backreef,2,NA12,2,88,0,8,0,4,25,na
2009,LTER_4,Backreef,2,NA12,3,28,0,0,0,72,25,na
2009,LTER_4,Backreef,2,NA12,4,24,0,0,0,76,25,na
2009,LTER_4,Backreef,2,NA12,5,28,0,0,0,72,25,na
2009,LTER_4,Backreef,2,NA13,1,64,0,0,0,36,25,na
2009,LTER_4,Backreef,2,NA13,2,64,0,12,0,24,25,na
2009,LTER_4,Backreef,2,NA13,3,28,0,12,0,60,25,na
2009,LTER_4,Backreef,2,NA13,4,16,0,0,0,84,25,na
2009,LTER_4,Backreef,2,NA13,5,8,0,0,0,92,25,na
2009,LTER_4,Backreef,2,NA14,1,76,0,12,0,12,25,na
2009,LTER_4,Backreef,2,NA14,2,16,0,36,0,48,25,na
2009,LTER_4,Backreef,2,NA14,3,48,0,0,0,52,25,na
2009,LTER_4,Backreef,2,NA14,4,16,0,0,0,84,25,na
2009,LTER_4,Backreef,2,NA14,5,52,0,0,0,48,25,na
2009,LTER_4,Backreef,2,NA15,1,0,0,72,0,28,25,na
2009,LTER_4,Backreef,2,NA15,2,24,0,8,0,68,25,na
2009,LTER_4,Backreef,2,NA15,3,60,0,0,0,40,25,na
2009,LTER_4,Backreef,2,NA15,4,36,0,16,0,48,25,na
2009,LTER_4,Backreef,2,NA15,5,32,0,0,0,68,25,na
2009,LTER_4,Backreef,2,NA16,1,76,0,24,0,0,25,na
2009,LTER_4,Backreef,2,NA16,2,24,0,40,0,36,25,na
2009,LTER_4,Backreef,2,NA16,3,40,0,36,0,24,25,na
2009,LTER_4,Backreef,2,NA16,4,84,0,0,0,16,25,na
2009,LTER_4,Backreef,2,NA16,5,52,0,0,0,48,25,na
2009,LTER_4,Backreef,2,NA17,1,8,0,92,0,0,25,na
2009,LTER_4,Backreef,2,NA17,2,0,0,16,0,84,25,na
2009,LTER_4,Backreef,2,NA17,3,4,0,88,0,8,25,na
2009,LTER_4,Backreef,2,NA17,4,84,0,0,0,16,25,na
2009,LTER_4,Backreef,2,NA17,5,28,0,0,0,72,25,na
2009,LTER_4,Backreef,2,NA18,1,0,0,56,0,44,25,na
2009,LTER_4,Backreef,2,NA18,2,0,0,12,0,88,25,na
2009,LTER_4,Backreef,2,NA18,3,52,0,12,0,36,25,na
2009,LTER_4,Backreef,2,NA18,4,100,0,0,0,0,25,na
2009,LTER_4,Backreef,2,NA18,5,52,0,8,0,40,25,na
2009,LTER_4,Backreef,2,NA19,1,52,0,20,0,28,25,na
2009,LTER_4,Backreef,2,NA19,2,24,0,20,0,56,25,na
2009,LTER_4,Backreef,2,NA19,3,64,0,0,0,36,25,na
2009,LTER_4,Backreef,2,NA19,4,88,0,0,0,12,25,na
2009,LTER_4,Backreef,2,NA19,5,44,0,40,0,16,25,na
2009,LTER_4,Backreef,2,NA2,1,56,0,28,0,16,25,na
2009,LTER_4,Backreef,2,NA2,2,24,0,24,0,52,25,na
2009,LTER_4,Backreef,2,NA2,3,32,0,24,0,44,25,na
2009,LTER_4,Backreef,2,NA2,4,67,0,0,0,33,3,some sub squares omitted
2009,LTER_4,Backreef,2,NA2,5,32,0,0,0,68,25,na
2009,LTER_4,Backreef,2,NA20,1,0,0,8,0,92,25,na
2009,LTER_4,Backreef,2,NA20,2,4,0,24,0,72,25,na
2009,LTER_4,Backreef,2,NA20,3,56,0,32,0,12,25,na
2009,LTER_4,Backreef,2,NA20,4,0,0,60,0,40,25,na
2009,LTER_4,Backreef,2,NA20,5,72,0,0,0,28,25,na
2009,LTER_4,Backreef,2,NA3,1,64,0,16,0,20,25,na
2009,LTER_4,Backreef,2,NA3,2,16,0,0,0,84,25,na
2009,LTER_4,Backreef,2,NA3,3,92,0,4,0,4,25,na
2009,LTER_4,Backreef,2,NA3,4,0,0,12,0,88,25,na
2009,LTER_4,Backreef,2,NA3,5,12,20,0,24,44,25,na
2009,LTER_4,Backreef,2,NA4,1,80,0,0,0,20,25,na
2009,LTER_4,Backreef,2,NA4,2,20,0,0,0,80,25,na
2009,LTER_4,Backreef,2,NA4,3,88,0,0,0,12,25,na
2009,LTER_4,Backreef,2,NA4,4,8,0,0,0,92,25,na
2009,LTER_4,Backreef,2,NA4,5,80,0,0,0,20,25,na
2009,LTER_4,Backreef,2,NA5,1,76,0,12,0,12,25,na
2009,LTER_4,Backreef,2,NA5,2,8,0,36,0,56,25,na
2009,LTER_4,Backreef,2,NA5,3,16,0,0,0,84,25,na
2009,LTER_4,Backreef,2,NA5,4,0,0,64,0,36,25,na
2009,LTER_4,Backreef,2,NA6,1,96,0,0,0,4,25,na
2009,LTER_4,Backreef,2,NA6,2,92,0,0,0,8,25,na
2009,LTER_4,Backreef,2,NA6,3,80,0,0,0,20,25,na
2009,LTER_4,Backreef,2,NA6,4,40,0,0,0,60,25,na
2009,LTER_4,Backreef,2,NA6,5,16,0,0,0,84,25,na
2009,LTER_4,Backreef,2,NA7,1,68,0,0,0,32,25,na
2009,LTER_4,Backreef,2,NA7,2,84,0,4,0,12,25,na
2009,LTER_4,Backreef,2,NA7,3,96,0,0,0,4,25,na
2009,LTER_4,Backreef,2,NA7,4,32,0,0,0,68,25,na
2009,LTER_4,Backreef,2,NA7,5,88,0,0,0,12,25,na
2009,LTER_4,Backreef,2,NA8,1,44,0,36,0,20,25,na
2009,LTER_4,Backreef,2,NA8,2,92,0,0,0,8,25,na
2009,LTER_4,Backreef,2,NA8,3,56,0,20,0,24,25,na
2009,LTER_4,Backreef,2,NA8,4,0,0,52,0,48,25,na
2009,LTER_4,Backreef,2,NA8,5,68,0,4,0,28,25,na
2009,LTER_4,Backreef,2,NA9,1,40,0,16,0,44,25,na
2009,LTER_4,Backreef,2,NA9,2,92,0,0,0,8,25,na
2009,LTER_4,Backreef,2,NA9,3,84,0,0,0,16,25,na
2009,LTER_4,Backreef,2,NA9,4,36,0,12,0,52,25,na
2009,LTER_4,Backreef,2,NA9,5,16,0,4,0,80,25,na
2009,LTER_5,Backreef,2,NA12,2,BW,BW,BW,BW,BW,0,too shallow for nadir photo; photo horizontal so not valid for cover percent
2009,LTER_5,Backreef,2,NA18,2,BW,BW,BW,BW,BW,0,too shallow for nadir photo; photo horizontal so not valid for cover percent
2009,LTER_5,Backreef,2,NA7,5,BW,BW,BW,BW,BW,0,too shallow for nadir photo; photo horizontal so not valid for cover percent
2009,LTER_5,Backreef,2,NA1,1,20,0,68,0,12,25,na
2009,LTER_5,Backreef,2,NA1,2,8,0,24,0,68,25,na
2009,LTER_5,Backreef,2,NA1,3,60,0,32,0,8,25,na
2009,LTER_5,Backreef,2,NA1,4,20,0,12,12,56,25,na
2009,LTER_5,Backreef,2,NA1,5,32,0,24,0,44,25,na
2009,LTER_5,Backreef,2,NA10,1,0,0,68,0,32,25,na
2009,LTER_5,Backreef,2,NA10,2,0,0,100,0,0,25,na
2009,LTER_5,Backreef,2,NA10,3,100,0,0,0,0,25,na
2009,LTER_5,Backreef,2,NA10,4,36,0,64,0,0,25,na
2009,LTER_5,Backreef,2,NA10,5,0,0,8,0,92,25,na
2009,LTER_5,Backreef,2,NA11,1,60,0,20,0,20,25,na
2009,LTER_5,Backreef,2,NA11,2,20,0,0,0,80,25,na
2009,LTER_5,Backreef,2,NA11,3,24,0,0,0,76,25,na
2009,LTER_5,Backreef,2,NA11,4,4,0,24,24,48,25,na
2009,LTER_5,Backreef,2,NA11,5,20,0,8,0,72,25,na
2009,LTER_5,Backreef,2,NA12,1,28,0,64,0,8,25,na
2009,LTER_5,Backreef,2,NA12,3,8,0,44,0,48,25,na
2009,LTER_5,Backreef,2,NA12,4,12,0,0,0,88,25,na
2009,LTER_5,Backreef,2,NA12,5,4,0,32,0,64,25,na
2009,LTER_5,Backreef,2,NA13,1,8,0,92,0,0,25,na
2009,LTER_5,Backreef,2,NA13,2,52,0,12,0,36,25,na
2009,LTER_5,Backreef,2,NA13,3,12,0,36,0,52,25,na
2009,LTER_5,Backreef,2,NA13,4,16,0,12,4,68,25,na
2009,LTER_5,Backreef,2,NA13,5,48,4,24,0,24,25,na
2009,LTER_5,Backreef,2,NA14,1,36,0,60,0,4,25,na
2009,LTER_5,Backreef,2,NA14,2,12,0,0,0,88,25,na
2009,LTER_5,Backreef,2,NA14,3,0,0,0,0,100,25,na
2009,LTER_5,Backreef,2,NA14,4,20,0,12,0,68,25,na
2009,LTER_5,Backreef,2,NA14,5,8,0,52,0,40,25,na
2009,LTER_5,Backreef,2,NA15,1,0,0,100,0,0,25,na
2009,LTER_5,Backreef,2,NA15,2,56,0,0,0,44,25,na
2009,LTER_5,Backreef,2,NA15,3,12,0,24,0,64,25,na
2009,LTER_5,Backreef,2,NA15,4,12,0,40,0,48,25,na
2009,LTER_5,Backreef,2,NA15,5,68,0,0,0,32,25,na
2009,LTER_5,Backreef,2,NA16,1,4,0,64,0,32,25,na
2009,LTER_5,Backreef,2,NA16,2,20,0,56,0,24,25,na
2009,LTER_5,Backreef,2,NA16,3,12,0,8,0,80,25,na
2009,LTER_5,Backreef,2,NA16,4,12,0,0,8,80,25,na
2009,LTER_5,Backreef,2,NA16,5,4,0,48,0,48,25,na
2009,LTER_5,Backreef,2,NA17,1,36,0,4,0,60,25,na
2009,LTER_5,Backreef,2,NA17,2,88,0,4,0,8,25,na
2009,LTER_5,Backreef,2,NA17,3,60,0,36,0,4,25,na
2009,LTER_5,Backreef,2,NA17,4,24,0,52,8,16,25,na
2009,LTER_5,Backreef,2,NA17,5,56,0,28,0,16,25,na
2009,LTER_5,Backreef,2,NA18,1,100,0,0,0,0,25,na
2009,LTER_5,Backreef,2,NA18,3,100,0,0,0,0,25,na
2009,LTER_5,Backreef,2,NA18,4,24,0,24,0,52,25,na
2009,LTER_5,Backreef,2,NA18,5,72,0,20,0,8,25,na
2009,LTER_5,Backreef,2,NA19,1,20,0,60,0,20,25,na
2009,LTER_5,Backreef,2,NA19,2,64,0,0,0,36,25,na
2009,LTER_5,Backreef,2,NA19,3,96,0,0,0,4,25,na
2009,LTER_5,Backreef,2,NA19,4,44,0,4,0,52,25,na
2009,LTER_5,Backreef,2,NA19,5,92,0,0,0,8,25,na
2009,LTER_5,Backreef,2,NA2,1,72,0,0,0,28,25,na
2009,LTER_5,Backreef,2,NA2,2,16,0,84,0,0,25,na
2009,LTER_5,Backreef,2,NA2,3,0,0,52,0,48,25,na
2009,LTER_5,Backreef,2,NA2,4,38,0,0,29,33,24,some sub squares omitted
2009,LTER_5,Backreef,2,NA2,5,36,4,16,0,44,25,na
2009,LTER_5,Backreef,2,NA20,1,24,0,4,0,72,25,na
2009,LTER_5,Backreef,2,NA20,2,0,0,100,0,0,25,na
2009,LTER_5,Backreef,2,NA20,3,72,0,0,0,28,25,na
2009,LTER_5,Backreef,2,NA20,4,36,0,12,0,52,25,na
2009,LTER_5,Backreef,2,NA20,5,100,0,0,0,0,25,na
2009,LTER_5,Backreef,2,NA3,1,80,0,0,0,20,15,some sub squares omitted
2009,LTER_5,Backreef,2,NA3,2,52,0,48,0,0,25,na
2009,LTER_5,Backreef,2,NA3,3,16,0,32,0,52,25,na
2009,LTER_5,Backreef,2,NA3,4,72,4,0,0,24,25,na
2009,LTER_5,Backreef,2,NA3,5,76,4,0,0,20,25,na
2009,LTER_5,Backreef,2,NA4,1,69,0,0,0,31,16,some sub squares omitted
2009,LTER_5,Backreef,2,NA4,2,48,0,52,0,0,25,na
2009,LTER_5,Backreef,2,NA4,3,16,0,60,0,24,25,na
2009,LTER_5,Backreef,2,NA4,4,96,0,0,0,4,25,na
2009,LTER_5,Backreef,2,NA4,5,52,0,0,0,48,25,na
2009,LTER_5,Backreef,2,NA5,1,7,0,0,0,93,15,some sub squares omitted
2009,LTER_5,Backreef,2,NA5,2,0,0,96,0,4,25,na
2009,LTER_5,Backreef,2,NA5,3,0,0,100,0,0,25,na
2009,LTER_5,Backreef,2,NA5,4,0,0,80,0,20,25,na
2009,LTER_5,Backreef,2,NA5,5,36,0,0,0,64,25,na
2009,LTER_5,Backreef,2,NA6,1,44,0,40,0,16,25,na
2009,LTER_5,Backreef,2,NA6,2,52,0,0,0,48,25,na
2009,LTER_5,Backreef,2,NA6,3,64,0,16,0,20,25,na
2009,LTER_5,Backreef,2,NA6,4,4,0,12,0,84,25,na
2009,LTER_5,Backreef,2,NA6,5,20,0,0,0,80,25,na
2009,LTER_5,Backreef,2,NA7,1,48,0,24,0,28,25,na
2009,LTER_5,Backreef,2,NA7,2,32,0,56,0,12,25,na
2009,LTER_5,Backreef,2,NA7,3,16,0,80,0,4,25,na
2009,LTER_5,Backreef,2,NA7,4,88,0,0,0,12,25,na
2009,LTER_5,Backreef,2,NA8,1,32,0,36,0,32,25,na
2009,LTER_5,Backreef,2,NA8,2,20,0,48,0,32,25,na
2009,LTER_5,Backreef,2,NA8,3,16,0,52,0,32,25,na
2009,LTER_5,Backreef,2,NA8,4,24,0,0,0,76,25,na
2009,LTER_5,Backreef,2,NA8,5,0,0,96,0,4,25,na
2009,LTER_5,Backreef,2,NA9,1,0,0,32,0,68,25,na
2009,LTER_5,Backreef,2,NA9,2,0,0,100,0,0,25,na
2009,LTER_5,Backreef,2,NA9,3,44,0,44,0,12,25,na
2009,LTER_5,Backreef,2,NA9,4,4,0,32,0,64,25,na
2009,LTER_5,Backreef,2,NA9,5,0,4,0,0,96,25,na
2009,LTER_6,Backreef,2,NA1,1,36,0,8,0,56,25,na
2009,LTER_6,Backreef,2,NA1,2,60,0,20,0,20,25,na
2009,LTER_6,Backreef,2,NA1,3,80,0,0,0,20,25,na
2009,LTER_6,Backreef,2,NA1,4,20,0,12,0,68,25,na
2009,LTER_6,Backreef,2,NA1,5,12,0,40,0,48,25,na
2009,LTER_6,Backreef,2,NA10,1,60,0,0,0,40,25,na
2009,LTER_6,Backreef,2,NA10,2,4,0,8,0,88,25,na
2009,LTER_6,Backreef,2,NA10,3,24,0,76,0,0,25,na
2009,LTER_6,Backreef,2,NA10,4,16,0,52,0,32,25,na
2009,LTER_6,Backreef,2,NA10,5,4,0,0,12,84,25,na
2009,LTER_6,Backreef,2,NA11,1,16,0,4,0,80,25,na
2009,LTER_6,Backreef,2,NA11,2,36,0,24,0,40,25,na
2009,LTER_6,Backreef,2,NA11,3,24,0,0,0,76,25,na
2009,LTER_6,Backreef,2,NA11,4,44,0,44,0,12,25,na
2009,LTER_6,Backreef,2,NA11,5,24,0,40,0,36,25,na
2009,LTER_6,Backreef,2,NA12,1,16,0,0,0,84,25,na
2009,LTER_6,Backreef,2,NA12,2,40,0,8,0,52,25,na
2009,LTER_6,Backreef,2,NA12,3,32,0,12,0,56,25,na
2009,LTER_6,Backreef,2,NA12,4,48,0,0,0,52,25,na
2009,LTER_6,Backreef,2,NA12,5,96,0,0,0,4,25,na
2009,LTER_6,Backreef,2,NA13,1,36,0,12,0,52,25,na
2009,LTER_6,Backreef,2,NA13,2,44,0,0,0,56,25,na
2009,LTER_6,Backreef,2,NA13,3,0,0,80,0,20,25,na
2009,LTER_6,Backreef,2,NA13,4,24,0,4,24,48,25,na
2009,LTER_6,Backreef,2,NA13,5,64,0,0,0,36,25,na
2009,LTER_6,Backreef,2,NA14,1,40,0,12,0,48,25,na
2009,LTER_6,Backreef,2,NA14,2,52,0,0,0,48,25,na
2009,LTER_6,Backreef,2,NA14,3,0,0,84,0,16,25,na
2009,LTER_6,Backreef,2,NA14,4,20,0,24,0,56,25,na
2009,LTER_6,Backreef,2,NA14,5,44,0,0,0,56,25,na
2009,LTER_6,Backreef,2,NA15,1,24,0,32,0,44,25,na
2009,LTER_6,Backreef,2,NA15,2,40,0,16,0,44,25,na
2009,LTER_6,Backreef,2,NA15,3,0,0,92,0,8,25,na
2009,LTER_6,Backreef,2,NA15,4,36,0,16,0,48,25,na
2009,LTER_6,Backreef,2,NA15,5,4,0,0,0,96,25,na
2009,LTER_6,Backreef,2,NA16,1,20,0,8,0,72,25,na
2009,LTER_6,Backreef,2,NA16,2,48,0,20,0,32,25,na
2009,LTER_6,Backreef,2,NA16,3,40,0,0,0,60,25,na
2009,LTER_6,Backreef,2,NA16,4,36,0,0,0,64,25,na
2009,LTER_6,Backreef,2,NA16,5,16,0,0,0,84,25,na
2009,LTER_6,Backreef,2,NA17,1,44,0,0,0,56,25,na
2009,LTER_6,Backreef,2,NA17,2,32,0,16,0,52,25,na
2009,LTER_6,Backreef,2,NA17,3,28,0,0,0,72,25,na
2009,LTER_6,Backreef,2,NA17,4,60,0,0,0,40,20,some sub squares omitted
2009,LTER_6,Backreef,2,NA17,5,24,0,0,0,76,25,na
2009,LTER_6,Backreef,2,NA18,1,24,0,24,0,52,25,na
2009,LTER_6,Backreef,2,NA18,2,4,0,12,0,84,25,na
2009,LTER_6,Backreef,2,NA18,3,24,0,0,0,76,25,na
2009,LTER_6,Backreef,2,NA18,4,48,0,0,0,52,25,na
2009,LTER_6,Backreef,2,NA18,5,12,0,0,0,88,25,na
2009,LTER_6,Backreef,2,NA19,1,72,0,12,0,16,25,na
2009,LTER_6,Backreef,2,NA19,2,24,0,12,0,64,25,na
2009,LTER_6,Backreef,2,NA19,3,20,0,8,0,72,25,na
2009,LTER_6,Backreef,2,NA19,4,20,0,20,0,60,25,na
2009,LTER_6,Backreef,2,NA19,5,20,0,0,0,80,25,na
2009,LTER_6,Backreef,2,NA2,1,24,0,60,0,16,25,na
2009,LTER_6,Backreef,2,NA2,2,24,0,0,0,76,25,na
2009,LTER_6,Backreef,2,NA2,3,8,0,4,0,88,25,na
2009,LTER_6,Backreef,2,NA2,4,32,0,12,0,56,25,na
2009,LTER_6,Backreef,2,NA2,5,16,0,12,0,72,25,na
2009,LTER_6,Backreef,2,NA20,1,48,0,8,0,44,25,na
2009,LTER_6,Backreef,2,NA20,2,24,0,0,0,76,21,some sub squares omitted
2009,LTER_6,Backreef,2,NA20,3,4,0,56,0,40,25,na
2009,LTER_6,Backreef,2,NA20,4,32,0,28,0,40,25,na
2009,LTER_6,Backreef,2,NA20,5,0,0,60,0,40,25,na
2009,LTER_6,Backreef,2,NA3,1,4,0,48,0,48,25,na
2009,LTER_6,Backreef,2,NA3,2,8,0,0,0,92,25,na
2009,LTER_6,Backreef,2,NA3,3,20,0,0,0,80,25,na
2009,LTER_6,Backreef,2,NA3,4,20,0,0,0,80,25,na
2009,LTER_6,Backreef,2,NA3,5,64,0,0,0,36,25,na
2009,LTER_6,Backreef,2,NA4,1,16,0,24,0,60,25,na
2009,LTER_6,Backreef,2,NA4,2,33,0,0,0,67,15,some sub squares omitted
2009,LTER_6,Backreef,2,NA4,3,44,0,0,0,56,25,na
2009,LTER_6,Backreef,2,NA4,4,44,0,8,0,48,25,na
2009,LTER_6,Backreef,2,NA4,5,28,0,0,0,72,25,na
2009,LTER_6,Backreef,2,NA5,1,12,0,68,0,20,25,na
2009,LTER_6,Backreef,2,NA5,2,4,0,0,0,96,25,na
2009,LTER_6,Backreef,2,NA5,3,28,4,4,0,64,25,na
2009,LTER_6,Backreef,2,NA5,4,36,0,0,0,64,25,na
2009,LTER_6,Backreef,2,NA5,5,0,0,24,0,76,25,na
2009,LTER_6,Backreef,2,NA6,1,48,0,4,0,48,25,na
2009,LTER_6,Backreef,2,NA6,2,4,0,44,0,52,25,na
2009,LTER_6,Backreef,2,NA6,3,4,0,4,0,92,25,na
2009,LTER_6,Backreef,2,NA6,4,16,0,16,0,68,25,na
2009,LTER_6,Backreef,2,NA6,5,24,0,12,0,64,25,na
2009,LTER_6,Backreef,2,NA7,1,96,0,0,0,4,25,na
2009,LTER_6,Backreef,2,NA7,2,4,0,24,0,72,25,na
2009,LTER_6,Backreef,2,NA7,3,20,0,0,0,80,25,na
2009,LTER_6,Backreef,2,NA7,4,20,8,60,0,12,25,na
2009,LTER_6,Backreef,2,NA7,5,8,0,20,0,72,25,na
2009,LTER_6,Backreef,2,NA8,1,52,0,24,0,24,25,na
2009,LTER_6,Backreef,2,NA8,2,4,0,8,0,88,25,na
2009,LTER_6,Backreef,2,NA8,3,20,0,0,0,80,25,na
2009,LTER_6,Backreef,2,NA8,4,24,0,28,0,48,25,na
2009,LTER_6,Backreef,2,NA8,5,0,0,0,0,100,25,na
2009,LTER_6,Backreef,2,NA9,1,68,0,0,0,32,25,na
2009,LTER_6,Backreef,2,NA9,2,12,0,8,0,80,25,na
2009,LTER_6,Backreef,2,NA9,3,4,0,96,0,0,25,na
2009,LTER_6,Backreef,2,NA9,4,36,0,20,0,44,25,na
2009,LTER_6,Backreef,2,NA9,5,8,0,0,12,80,25,na
2010,LTER_1,Backreef,2,NA1,1,32,0,44,0,24,25,na
2010,LTER_1,Backreef,2,NA1,2,20,0,4,0,76,25,na
2010,LTER_1,Backreef,2,NA1,3,32,0,0,0,68,25,na
2010,LTER_1,Backreef,2,NA1,4,0,0,84,0,16,25,na
2010,LTER_1,Backreef,2,NA1,5,0,0,4,0,96,25,na
2010,LTER_1,Backreef,2,NA10,1,0,0,56,0,44,25,na
2010,LTER_1,Backreef,2,NA10,2,12,0,0,0,88,25,na
2010,LTER_1,Backreef,2,NA10,3,0,0,0,0,100,25,na
2010,LTER_1,Backreef,2,NA10,4,20,0,0,0,80,25,na
2010,LTER_1,Backreef,2,NA10,5,96,0,0,0,4,25,na
2010,LTER_1,Backreef,2,NA11,1,0,0,24,0,76,25,na
2010,LTER_1,Backreef,2,NA11,2,4,0,8,0,88,25,na
2010,LTER_1,Backreef,2,NA11,3,20,0,0,0,80,25,na
2010,LTER_1,Backreef,2,NA11,4,0,0,100,0,0,25,na
2010,LTER_1,Backreef,2,NA11,5,28,0,36,0,36,25,na
2010,LTER_1,Backreef,2,NA12,1,4,0,0,0,96,25,na
2010,LTER_1,Backreef,2,NA12,2,32,0,44,0,24,25,na
2010,LTER_1,Backreef,2,NA12,3,28,0,0,0,72,25,na
2010,LTER_1,Backreef,2,NA12,4,16,0,72,0,12,25,na
2010,LTER_1,Backreef,2,NA12,5,0,0,84,0,16,25,na
2010,LTER_1,Backreef,2,NA13,1,16,0,0,0,84,25,na
2010,LTER_1,Backreef,2,NA13,2,16,0,4,0,80,25,na
2010,LTER_1,Backreef,2,NA13,3,56,0,0,0,44,25,na
2010,LTER_1,Backreef,2,NA13,4,52,0,8,0,40,25,na
2010,LTER_1,Backreef,2,NA13,5,0,0,64,0,36,25,na
2010,LTER_1,Backreef,2,NA14,1,28,0,0,0,72,25,na
2010,LTER_1,Backreef,2,NA14,2,24,0,4,0,72,25,na
2010,LTER_1,Backreef,2,NA14,3,64,0,0,0,36,25,na
2010,LTER_1,Backreef,2,NA14,4,92,0,0,0,8,25,na
2010,LTER_1,Backreef,2,NA14,5,8,0,88,0,4,25,na
2010,LTER_1,Backreef,2,NA15,1,4,0,0,0,96,25,na
2010,LTER_1,Backreef,2,NA15,2,24,0,20,0,56,25,na
2010,LTER_1,Backreef,2,NA15,3,0,0,0,0,100,25,na
2010,LTER_1,Backreef,2,NA15,4,12,0,0,0,88,25,na
2010,LTER_1,Backreef,2,NA15,5,28,0,4,0,68,25,na
2010,LTER_1,Backreef,2,NA16,1,44,0,4,0,52,25,na
2010,LTER_1,Backreef,2,NA16,2,16,0,0,0,84,25,na
2010,LTER_1,Backreef,2,NA16,3,12,0,0,0,88,25,na
2010,LTER_1,Backreef,2,NA16,4,48,0,8,0,44,25,na
2010,LTER_1,Backreef,2,NA16,5,12,0,12,0,76,25,na
2010,LTER_1,Backreef,2,NA17,1,16,0,16,0,68,25,na
2010,LTER_1,Backreef,2,NA17,2,36,0,24,0,40,25,na
2010,LTER_1,Backreef,2,NA17,3,8,0,0,0,92,25,na
2010,LTER_1,Backreef,2,NA17,4,20,0,48,0,32,25,na
2010,LTER_1,Backreef,2,NA17,5,0,0,16,0,84,25,na
2010,LTER_1,Backreef,2,NA18,1,12,0,8,0,80,25,na
2010,LTER_1,Backreef,2,NA18,2,44,0,0,0,56,25,na
2010,LTER_1,Backreef,2,NA18,3,0,0,0,0,100,25,na
2010,LTER_1,Backreef,2,NA18,4,64,0,0,0,36,25,na
2010,LTER_1,Backreef,2,NA18,5,12,0,32,0,56,25,na
2010,LTER_1,Backreef,2,NA19,1,0,0,0,0,100,25,na
2010,LTER_1,Backreef,2,NA19,2,92,0,4,0,4,25,na
2010,LTER_1,Backreef,2,NA19,3,0,0,0,0,100,25,na
2010,LTER_1,Backreef,2,NA19,4,12,0,80,0,8,25,na
2010,LTER_1,Backreef,2,NA19,5,0,0,64,0,36,25,na
2010,LTER_1,Backreef,2,NA2,1,0,0,24,0,76,25,na
2010,LTER_1,Backreef,2,NA2,2,0,0,60,0,40,25,na
2010,LTER_1,Backreef,2,NA2,3,32,0,0,0,68,25,na
2010,LTER_1,Backreef,2,NA2,4,0,0,60,0,40,25,na
2010,LTER_1,Backreef,2,NA2,5,76,0,0,0,24,25,na
2010,LTER_1,Backreef,2,NA20,1,0,0,0,0,100,25,na
2010,LTER_1,Backreef,2,NA20,2,52,0,40,0,8,25,na
2010,LTER_1,Backreef,2,NA20,3,0,0,0,0,100,25,na
2010,LTER_1,Backreef,2,NA20,4,72,0,0,0,28,25,na
2010,LTER_1,Backreef,2,NA20,5,8,0,0,0,92,25,na
2010,LTER_1,Backreef,2,NA3,1,32,0,32,0,36,25,na
2010,LTER_1,Backreef,2,NA3,2,28,12,0,0,60,25,na
2010,LTER_1,Backreef,2,NA3,3,16,0,0,0,84,25,na
2010,LTER_1,Backreef,2,NA3,4,0,0,56,0,44,25,na
2010,LTER_1,Backreef,2,NA3,5,32,0,8,0,60,25,na
2010,LTER_1,Backreef,2,NA4,1,24,0,36,0,40,25,na
2010,LTER_1,Backreef,2,NA4,2,4,4,0,0,92,25,na
2010,LTER_1,Backreef,2,NA4,3,0,0,0,0,100,25,na
2010,LTER_1,Backreef,2,NA4,4,4,0,36,0,60,25,na
2010,LTER_1,Backreef,2,NA4,5,0,0,84,0,16,25,na
2010,LTER_1,Backreef,2,NA5,1,4,0,16,0,80,25,na
2010,LTER_1,Backreef,2,NA5,2,20,0,8,0,72,25,na
2010,LTER_1,Backreef,2,NA5,3,0,0,0,0,100,25,na
2010,LTER_1,Backreef,2,NA5,4,8,0,60,0,32,25,na
2010,LTER_1,Backreef,2,NA5,5,32,0,20,0,48,25,na
2010,LTER_1,Backreef,2,NA6,1,16,0,4,0,80,25,na
2010,LTER_1,Backreef,2,NA6,2,36,0,0,0,64,25,na
2010,LTER_1,Backreef,2,NA6,3,36,0,0,0,64,25,na
2010,LTER_1,Backreef,2,NA6,4,8,0,0,0,92,25,na
2010,LTER_1,Backreef,2,NA6,5,16,0,32,0,52,25,na
2010,LTER_1,Backreef,2,NA7,1,76,0,0,0,24,25,na
2010,LTER_1,Backreef,2,NA7,2,33,0,0,0,67,18,some sub squares omitted
2010,LTER_1,Backreef,2,NA7,3,8,0,0,0,92,25,na
2010,LTER_1,Backreef,2,NA7,4,64,0,24,0,12,25,na
2010,LTER_1,Backreef,2,NA7,5,80,0,20,0,0,25,na
2010,LTER_1,Backreef,2,NA8,1,24,0,0,0,76,25,na
2010,LTER_1,Backreef,2,NA8,2,10,0,0,0,90,20,some sub squares omitted
2010,LTER_1,Backreef,2,NA8,3,16,0,0,0,84,25,na
2010,LTER_1,Backreef,2,NA8,4,64,0,4,0,32,25,na
2010,LTER_1,Backreef,2,NA8,5,88,0,0,0,12,25,na
2010,LTER_1,Backreef,2,NA9,1,36,0,16,0,48,25,na
2010,LTER_1,Backreef,2,NA9,2,4,0,12,0,84,25,na
2010,LTER_1,Backreef,2,NA9,3,0,0,0,0,100,25,na
2010,LTER_1,Backreef,2,NA9,4,28,0,0,0,72,25,na
2010,LTER_1,Backreef,2,NA9,5,32,0,44,0,24,25,na
2010,LTER_2,Backreef,2,NA1,1,8,0,32,0,60,25,na
2010,LTER_2,Backreef,2,NA1,2,4,0,12,0,84,25,na
2010,LTER_2,Backreef,2,NA1,3,0,12,0,0,88,25,na
2010,LTER_2,Backreef,2,NA1,4,68,0,12,0,20,25,na
2010,LTER_2,Backreef,2,NA1,5,52,12,16,0,20,25,na
2010,LTER_2,Backreef,2,NA10,1,68,0,32,0,0,25,na
2010,LTER_2,Backreef,2,NA10,2,8,28,0,0,64,25,na
2010,LTER_2,Backreef,2,NA10,3,40,44,4,0,12,25,na
2010,LTER_2,Backreef,2,NA10,4,52,12,16,0,20,25,na
2010,LTER_2,Backreef,2,NA10,5,20,0,0,0,80,25,na
2010,LTER_2,Backreef,2,NA11,1,4,4,24,0,68,25,na
2010,LTER_2,Backreef,2,NA11,2,4,0,8,0,88,25,na
2010,LTER_2,Backreef,2,NA11,3,0,16,4,0,80,25,na
2010,LTER_2,Backreef,2,NA11,4,32,0,52,0,16,25,na
2010,LTER_2,Backreef,2,NA11,5,4,0,0,0,96,25,na
2010,LTER_2,Backreef,2,NA12,1,24,0,16,0,60,25,na
2010,LTER_2,Backreef,2,NA12,2,28,0,72,0,0,25,na
2010,LTER_2,Backreef,2,NA12,3,4,8,8,0,80,25,na
2010,LTER_2,Backreef,2,NA12,4,0,0,100,0,0,25,na
2010,LTER_2,Backreef,2,NA12,5,84,0,0,0,16,25,na
2010,LTER_2,Backreef,2,NA13,1,12,0,56,0,32,25,na
2010,LTER_2,Backreef,2,NA13,2,0,0,100,0,0,25,na
2010,LTER_2,Backreef,2,NA13,3,0,60,16,0,24,25,na
2010,LTER_2,Backreef,2,NA13,4,40,0,0,0,60,25,na
2010,LTER_2,Backreef,2,NA13,5,32,4,0,0,64,25,na
2010,LTER_2,Backreef,2,NA14,1,36,16,32,0,16,25,na
2010,LTER_2,Backreef,2,NA14,2,80,12,0,0,8,25,na
2010,LTER_2,Backreef,2,NA14,3,0,76,20,0,4,25,na
2010,LTER_2,Backreef,2,NA14,4,0,0,100,0,0,25,na
2010,LTER_2,Backreef,2,NA14,5,20,32,0,0,48,25,na
2010,LTER_2,Backreef,2,NA15,1,0,0,76,0,24,25,na
2010,LTER_2,Backreef,2,NA15,2,8,0,92,0,0,25,na
2010,LTER_2,Backreef,2,NA15,3,8,36,0,0,56,25,na
2010,LTER_2,Backreef,2,NA15,4,0,0,100,0,0,25,na
2010,LTER_2,Backreef,2,NA15,5,8,4,0,0,88,25,na
2010,LTER_2,Backreef,2,NA16,1,52,4,4,0,40,25,na
2010,LTER_2,Backreef,2,NA16,2,12,0,0,0,88,25,na
2010,LTER_2,Backreef,2,NA16,3,16,4,4,0,76,25,na
2010,LTER_2,Backreef,2,NA16,4,44,0,0,0,56,25,na
2010,LTER_2,Backreef,2,NA16,5,100,0,0,0,0,25,na
2010,LTER_2,Backreef,2,NA17,1,0,36,4,0,60,25,na
2010,LTER_2,Backreef,2,NA17,2,0,4,0,0,96,25,na
2010,LTER_2,Backreef,2,NA17,3,0,20,8,0,72,25,na
2010,LTER_2,Backreef,2,NA17,4,40,0,16,0,44,25,na
2010,LTER_2,Backreef,2,NA17,5,0,0,0,0,100,25,na
2010,LTER_2,Backreef,2,NA18,1,48,0,36,0,16,25,na
2010,LTER_2,Backreef,2,NA18,2,12,4,0,0,84,25,na
2010,LTER_2,Backreef,2,NA18,3,4,20,28,0,48,25,na
2010,LTER_2,Backreef,2,NA18,4,16,0,24,0,60,25,na
2010,LTER_2,Backreef,2,NA18,5,0,0,0,0,100,25,na
2010,LTER_2,Backreef,2,NA19,1,0,0,16,0,84,25,na
2010,LTER_2,Backreef,2,NA19,2,8,0,0,0,92,25,na
2010,LTER_2,Backreef,2,NA19,3,0,0,88,0,12,25,na
2010,LTER_2,Backreef,2,NA19,4,28,4,0,0,68,25,na
2010,LTER_2,Backreef,2,NA19,5,56,0,8,0,36,25,na
2010,LTER_2,Backreef,2,NA2,1,4,0,20,0,76,25,na
2010,LTER_2,Backreef,2,NA2,2,0,24,24,0,52,25,na
2010,LTER_2,Backreef,2,NA2,3,0,20,0,0,80,25,na
2010,LTER_2,Backreef,2,NA2,4,8,0,84,0,8,25,na
2010,LTER_2,Backreef,2,NA2,5,92,8,0,0,0,25,na
2010,LTER_2,Backreef,2,NA20,1,32,24,0,0,44,25,na
2010,LTER_2,Backreef,2,NA20,2,32,4,32,0,32,25,na
2010,LTER_2,Backreef,2,NA20,3,0,8,32,0,60,25,na
2010,LTER_2,Backreef,2,NA20,4,68,0,0,0,32,25,na
2010,LTER_2,Backreef,2,NA20,5,4,0,0,0,96,25,na
2010,LTER_2,Backreef,2,NA3,1,12,16,28,0,44,25,na
2010,LTER_2,Backreef,2,NA3,2,0,36,0,0,64,25,na
2010,LTER_2,Backreef,2,NA3,3,52,24,4,0,20,25,na
2010,LTER_2,Backreef,2,NA3,4,24,0,0,0,76,25,na
2010,LTER_2,Backreef,2,NA3,5,4,0,28,0,68,25,na
2010,LTER_2,Backreef,2,NA4,1,0,16,12,0,72,25,na
2010,LTER_2,Backreef,2,NA4,2,16,4,0,0,80,25,na
2010,LTER_2,Backreef,2,NA4,3,12,0,44,0,44,25,na
2010,LTER_2,Backreef,2,NA4,4,24,0,8,0,68,25,na
2010,LTER_2,Backreef,2,NA4,5,32,8,0,0,60,25,na
2010,LTER_2,Backreef,2,NA5,1,0,12,4,0,84,25,na
2010,LTER_2,Backreef,2,NA5,2,12,4,16,0,68,25,na
2010,LTER_2,Backreef,2,NA5,3,0,0,72,0,28,25,na
2010,LTER_2,Backreef,2,NA5,4,0,0,0,0,100,25,na
2010,LTER_2,Backreef,2,NA5,5,4,0,0,0,96,25,na
2010,LTER_2,Backreef,2,NA6,1,0,0,44,0,56,25,na
2010,LTER_2,Backreef,2,NA6,2,52,0,0,0,48,25,na
2010,LTER_2,Backreef,2,NA6,3,4,32,4,0,60,25,na
2010,LTER_2,Backreef,2,NA6,4,48,0,16,0,36,25,na
2010,LTER_2,Backreef,2,NA6,5,4,0,0,0,96,25,na
2010,LTER_2,Backreef,2,NA7,1,8,0,92,0,0,25,na
2010,LTER_2,Backreef,2,NA7,2,24,16,4,0,56,25,na
2010,LTER_2,Backreef,2,NA7,3,0,88,0,0,12,25,na
2010,LTER_2,Backreef,2,NA7,4,0,24,52,0,24,25,na
2010,LTER_2,Backreef,2,NA7,5,12,0,0,0,88,25,na
2010,LTER_2,Backreef,2,NA8,1,8,0,72,0,20,25,na
2010,LTER_2,Backreef,2,NA8,2,60,28,0,0,12,25,na
2010,LTER_2,Backreef,2,NA8,3,0,16,0,0,84,25,na
2010,LTER_2,Backreef,2,NA8,4,0,0,0,0,100,25,na
2010,LTER_2,Backreef,2,NA8,5,52,0,4,0,44,25,na
2010,LTER_2,Backreef,2,NA9,1,4,0,84,0,12,25,na
2010,LTER_2,Backreef,2,NA9,2,0,20,28,0,52,25,na
2010,LTER_2,Backreef,2,NA9,3,8,16,8,0,68,25,na
2010,LTER_2,Backreef,2,NA9,4,84,16,0,0,0,25,na
2010,LTER_2,Backreef,2,NA9,5,56,0,28,0,16,25,na
2010,LTER_3,Backreef,2,NA1,1,16,0,8,0,76,25,na
2010,LTER_3,Backreef,2,NA1,2,28,4,0,0,68,25,na
2010,LTER_3,Backreef,2,NA1,3,64,0,24,0,12,25,na
2010,LTER_3,Backreef,2,NA1,4,80,20,0,0,0,25,na
2010,LTER_3,Backreef,2,NA1,5,48,0,12,0,40,25,na
2010,LTER_3,Backreef,2,NA10,1,24,0,52,0,24,25,na
2010,LTER_3,Backreef,2,NA10,2,64,0,8,0,28,25,na
2010,LTER_3,Backreef,2,NA10,3,24,0,76,0,0,25,na
2010,LTER_3,Backreef,2,NA10,4,44,8,4,0,44,25,na
2010,LTER_3,Backreef,2,NA10,5,0,0,79,0,21,24,some sub squares omitted
2010,LTER_3,Backreef,2,NA11,1,0,0,100,0,0,25,na
2010,LTER_3,Backreef,2,NA11,2,72,4,0,0,24,25,na
2010,LTER_3,Backreef,2,NA11,3,76,0,12,0,12,25,na
2010,LTER_3,Backreef,2,NA11,4,28,4,16,0,52,25,na
2010,LTER_3,Backreef,2,NA11,5,22,0,17,0,61,23,some sub squares omitted
2010,LTER_3,Backreef,2,NA12,1,8,0,68,0,24,25,na
2010,LTER_3,Backreef,2,NA12,2,64,0,28,0,8,25,na
2010,LTER_3,Backreef,2,NA12,3,68,32,0,0,0,25,na
2010,LTER_3,Backreef,2,NA12,4,20,0,52,0,28,25,na
2010,LTER_3,Backreef,2,NA12,5,56,0,0,0,44,25,na
2010,LTER_3,Backreef,2,NA13,1,92,0,4,0,4,25,na
2010,LTER_3,Backreef,2,NA13,2,4,0,92,0,4,25,na
2010,LTER_3,Backreef,2,NA13,3,88,8,0,0,4,25,na
2010,LTER_3,Backreef,2,NA13,4,28,4,64,0,4,25,na
2010,LTER_3,Backreef,2,NA13,5,80,0,16,0,4,25,na
2010,LTER_3,Backreef,2,NA14,1,0,0,80,0,20,25,na
2010,LTER_3,Backreef,2,NA14,2,32,0,0,0,68,25,na
2010,LTER_3,Backreef,2,NA14,3,80,0,4,0,16,25,na
2010,LTER_3,Backreef,2,NA14,4,0,0,92,0,8,25,na
2010,LTER_3,Backreef,2,NA14,5,60,0,40,0,0,25,na
2010,LTER_3,Backreef,2,NA15,1,0,0,100,0,0,25,na
2010,LTER_3,Backreef,2,NA15,2,84,0,12,0,4,25,na
2010,LTER_3,Backreef,2,NA15,3,40,0,44,0,16,25,na
2010,LTER_3,Backreef,2,NA15,4,12,0,84,0,4,25,na
2010,LTER_3,Backreef,2,NA15,5,28,0,8,0,64,25,na
2010,LTER_3,Backreef,2,NA16,1,52,0,48,0,0,25,na
2010,LTER_3,Backreef,2,NA16,2,60,0,16,0,24,25,na
2010,LTER_3,Backreef,2,NA16,3,16,0,60,0,24,25,na
2010,LTER_3,Backreef,2,NA16,4,52,12,0,0,36,25,na
2010,LTER_3,Backreef,2,NA16,5,52,0,44,0,4,25,na
2010,LTER_3,Backreef,2,NA17,1,48,0,48,0,4,25,na
2010,LTER_3,Backreef,2,NA17,2,0,0,100,0,0,25,na
2010,LTER_3,Backreef,2,NA17,3,100,0,0,0,0,25,na
2010,LTER_3,Backreef,2,NA17,4,20,0,8,0,72,25,na
2010,LTER_3,Backreef,2,NA17,5,32,0,48,0,20,25,na
2010,LTER_3,Backreef,2,NA18,1,100,0,0,0,0,25,na
2010,LTER_3,Backreef,2,NA18,2,16,0,80,0,4,25,na
2010,LTER_3,Backreef,2,NA18,3,52,0,0,0,48,25,na
2010,LTER_3,Backreef,2,NA18,4,48,0,12,0,40,25,na
2010,LTER_3,Backreef,2,NA18,5,32,0,40,0,28,25,na
2010,LTER_3,Backreef,2,NA19,1,100,0,0,0,0,25,na
2010,LTER_3,Backreef,2,NA19,2,28,0,64,0,8,25,na
2010,LTER_3,Backreef,2,NA19,3,42,0,0,0,58,24,some sub squares omitted
2010,LTER_3,Backreef,2,NA19,4,20,4,0,0,76,25,na
2010,LTER_3,Backreef,2,NA19,5,40,0,56,0,4,25,na
2010,LTER_3,Backreef,2,NA2,1,24,0,48,0,28,25,na
2010,LTER_3,Backreef,2,NA2,2,44,0,4,0,52,25,na
2010,LTER_3,Backreef,2,NA2,3,28,0,60,0,12,25,na
2010,LTER_3,Backreef,2,NA2,4,88,0,8,0,4,25,na
2010,LTER_3,Backreef,2,NA2,5,8,8,28,0,56,25,na
2010,LTER_3,Backreef,2,NA20,1,0,0,92,0,8,25,na
2010,LTER_3,Backreef,2,NA20,2,48,0,40,0,12,25,na
2010,LTER_3,Backreef,2,NA20,3,60,0,20,0,20,25,na
2010,LTER_3,Backreef,2,NA20,4,0,0,100,0,0,25,na
2010,LTER_3,Backreef,2,NA20,5,80,0,16,0,4,25,na
2010,LTER_3,Backreef,2,NA3,1,44,0,24,0,32,25,na
2010,LTER_3,Backreef,2,NA3,2,92,8,0,0,0,25,na
2010,LTER_3,Backreef,2,NA3,3,68,0,20,0,12,25,na
2010,LTER_3,Backreef,2,NA3,4,20,0,0,0,80,25,na
2010,LTER_3,Backreef,2,NA3,5,12,0,4,0,84,25,na
2010,LTER_3,Backreef,2,NA4,1,20,0,68,0,12,25,na
2010,LTER_3,Backreef,2,NA4,2,28,4,0,0,68,25,na
2010,LTER_3,Backreef,2,NA4,3,32,0,0,0,68,25,na
2010,LTER_3,Backreef,2,NA4,4,28,0,64,0,8,25,na
2010,LTER_3,Backreef,2,NA4,5,88,0,0,0,12,25,na
2010,LTER_3,Backreef,2,NA5,1,4,0,16,0,80,25,na
2010,LTER_3,Backreef,2,NA5,2,76,0,12,0,12,25,na
2010,LTER_3,Backreef,2,NA5,3,20,0,12,0,68,25,na
2010,LTER_3,Backreef,2,NA5,4,48,4,0,0,48,25,na
2010,LTER_3,Backreef,2,NA5,5,80,0,0,0,20,25,na
2010,LTER_3,Backreef,2,NA6,1,20,0,48,0,32,25,na
2010,LTER_3,Backreef,2,NA6,2,88,4,0,0,8,25,na
2010,LTER_3,Backreef,2,NA6,3,64,0,20,0,16,25,na
2010,LTER_3,Backreef,2,NA6,4,24,0,76,0,0,25,na
2010,LTER_3,Backreef,2,NA6,5,28,0,16,0,56,25,na
2010,LTER_3,Backreef,2,NA7,1,28,0,60,0,12,25,na
2010,LTER_3,Backreef,2,NA7,2,64,0,8,0,28,25,na
2010,LTER_3,Backreef,2,NA7,3,16,0,60,0,24,25,na
2010,LTER_3,Backreef,2,NA7,4,32,0,4,0,64,25,na
2010,LTER_3,Backreef,2,NA7,5,60,4,0,0,36,25,na
2010,LTER_3,Backreef,2,NA8,1,28,0,44,0,28,25,na
2010,LTER_3,Backreef,2,NA8,2,84,0,8,0,8,25,na
2010,LTER_3,Backreef,2,NA8,3,44,0,44,0,12,25,na
2010,LTER_3,Backreef,2,NA8,4,4,0,96,0,0,25,na
2010,LTER_3,Backreef,2,NA8,5,16,0,0,0,84,25,na
2010,LTER_3,Backreef,2,NA9,1,36,0,64,0,0,25,na
2010,LTER_3,Backreef,2,NA9,2,60,0,0,0,40,25,na
2010,LTER_3,Backreef,2,NA9,3,28,0,40,0,32,25,na
2010,LTER_3,Backreef,2,NA9,4,20,0,72,0,8,25,na
2010,LTER_3,Backreef,2,NA9,5,84,0,0,0,16,25,na
2010,LTER_4,Backreef,2,NA1,1,76,0,20,0,4,25,na
2010,LTER_4,Backreef,2,NA1,2,32,0,64,0,4,25,na
2010,LTER_4,Backreef,2,NA1,3,76,0,0,0,24,25,na
2010,LTER_4,Backreef,2,NA1,4,68,0,0,0,32,25,na
2010,LTER_4,Backreef,2,NA1,5,16,0,4,0,80,25,na
2010,LTER_4,Backreef,2,NA10,1,68,0,8,0,24,25,na
2010,LTER_4,Backreef,2,NA10,2,12,0,68,0,20,25,na
2010,LTER_4,Backreef,2,NA10,3,4,0,80,0,16,25,na
2010,LTER_4,Backreef,2,NA10,4,0,0,60,0,40,25,na
2010,LTER_4,Backreef,2,NA10,5,52,0,48,0,0,25,na
2010,LTER_4,Backreef,2,NA11,1,96,0,0,0,4,25,na
2010,LTER_4,Backreef,2,NA11,2,96,0,0,0,4,25,na
2010,LTER_4,Backreef,2,NA11,3,0,0,84,0,16,25,na
2010,LTER_4,Backreef,2,NA11,4,32,0,52,0,16,25,na
2010,LTER_4,Backreef,2,NA11,5,0,0,24,0,76,25,na
2010,LTER_4,Backreef,2,NA12,1,84,0,16,0,0,25,na
2010,LTER_4,Backreef,2,NA12,2,96,0,4,0,0,25,na
2010,LTER_4,Backreef,2,NA12,3,36,0,64,0,0,25,na
2010,LTER_4,Backreef,2,NA12,4,0,0,72,0,28,25,na
2010,LTER_4,Backreef,2,NA12,5,8,0,0,0,92,25,na
2010,LTER_4,Backreef,2,NA13,1,12,0,84,0,4,25,na
2010,LTER_4,Backreef,2,NA13,2,80,0,0,0,20,25,na
2010,LTER_4,Backreef,2,NA13,3,36,0,28,0,36,25,na
2010,LTER_4,Backreef,2,NA13,4,0,0,64,0,36,25,na
2010,LTER_4,Backreef,2,NA13,5,24,0,0,0,76,25,na
2010,LTER_4,Backreef,2,NA14,1,68,0,16,0,16,25,na
2010,LTER_4,Backreef,2,NA14,2,96,0,4,0,0,25,na
2010,LTER_4,Backreef,2,NA14,3,20,0,56,0,24,25,na
2010,LTER_4,Backreef,2,NA14,4,0,0,0,0,100,25,na
2010,LTER_4,Backreef,2,NA14,5,12,0,0,0,88,25,na
2010,LTER_4,Backreef,2,NA15,1,76,0,24,0,0,25,na
2010,LTER_4,Backreef,2,NA15,2,88,0,0,0,12,25,na
2010,LTER_4,Backreef,2,NA15,3,8,0,16,0,76,25,na
2010,LTER_4,Backreef,2,NA15,4,0,0,92,0,8,25,na
2010,LTER_4,Backreef,2,NA15,5,48,0,20,0,32,25,na
2010,LTER_4,Backreef,2,NA16,1,16,0,84,0,0,25,na
2010,LTER_4,Backreef,2,NA16,2,0,0,72,0,28,25,na
2010,LTER_4,Backreef,2,NA16,3,76,0,12,0,12,25,na
2010,LTER_4,Backreef,2,NA16,4,88,0,0,0,12,25,na
2010,LTER_4,Backreef,2,NA16,5,40,0,44,0,16,25,na
2010,LTER_4,Backreef,2,NA17,1,40,0,28,0,32,25,na
2010,LTER_4,Backreef,2,NA17,2,40,0,8,0,52,25,na
2010,LTER_4,Backreef,2,NA17,3,92,0,0,0,8,25,na
2010,LTER_4,Backreef,2,NA17,4,72,0,0,0,28,25,na
2010,LTER_4,Backreef,2,NA17,5,64,0,28,0,8,25,na
2010,LTER_4,Backreef,2,NA18,1,80,0,20,0,0,25,na
2010,LTER_4,Backreef,2,NA18,2,100,0,0,0,0,25,na
2010,LTER_4,Backreef,2,NA18,3,88,0,0,0,12,25,na
2010,LTER_4,Backreef,2,NA18,4,96,0,0,0,4,25,na
2010,LTER_4,Backreef,2,NA18,5,48,0,0,0,52,25,na
2010,LTER_4,Backreef,2,NA19,1,36,0,32,0,32,25,na
2010,LTER_4,Backreef,2,NA19,2,0,0,36,0,64,25,na
2010,LTER_4,Backreef,2,NA19,3,60,0,0,0,40,25,na
2010,LTER_4,Backreef,2,NA19,4,96,0,0,0,4,25,na
2010,LTER_4,Backreef,2,NA19,5,0,0,60,0,40,25,na
2010,LTER_4,Backreef,2,NA2,1,76,0,16,0,8,25,na
2010,LTER_4,Backreef,2,NA2,2,96,0,4,0,0,25,na
2010,LTER_4,Backreef,2,NA2,3,92,0,0,0,8,25,na
2010,LTER_4,Backreef,2,NA2,4,72,0,0,0,28,25,na
2010,LTER_4,Backreef,2,NA2,5,28,0,0,0,72,25,na
2010,LTER_4,Backreef,2,NA20,1,28,0,60,0,12,25,na
2010,LTER_4,Backreef,2,NA20,2,4,0,68,0,28,25,na
2010,LTER_4,Backreef,2,NA20,3,76,0,20,0,4,25,na
2010,LTER_4,Backreef,2,NA20,4,0,0,100,0,0,25,na
2010,LTER_4,Backreef,2,NA20,5,20,0,0,0,80,25,na
2010,LTER_4,Backreef,2,NA3,1,68,0,24,0,8,25,na
2010,LTER_4,Backreef,2,NA3,2,60,0,28,0,12,25,na
2010,LTER_4,Backreef,2,NA3,3,20,0,72,0,8,25,na
2010,LTER_4,Backreef,2,NA3,4,40,0,40,0,20,25,na
2010,LTER_4,Backreef,2,NA3,5,60,0,0,0,40,25,na
2010,LTER_4,Backreef,2,NA4,1,28,0,64,0,8,25,na
2010,LTER_4,Backreef,2,NA4,2,16,0,52,0,32,25,na
2010,LTER_4,Backreef,2,NA4,3,40,0,36,0,24,25,na
2010,LTER_4,Backreef,2,NA4,4,16,0,0,0,84,25,na
2010,LTER_4,Backreef,2,NA4,5,20,0,0,0,80,25,na
2010,LTER_4,Backreef,2,NA5,1,40,0,52,0,8,25,na
2010,LTER_4,Backreef,2,NA5,2,72,0,12,0,16,25,na
2010,LTER_4,Backreef,2,NA5,3,48,0,44,0,8,25,na
2010,LTER_4,Backreef,2,NA5,4,32,0,68,0,0,25,na
2010,LTER_4,Backreef,2,NA5,5,56,0,40,0,4,25,na
2010,LTER_4,Backreef,2,NA6,1,64,0,24,0,12,25,na
2010,LTER_4,Backreef,2,NA6,2,28,0,60,0,12,25,na
2010,LTER_4,Backreef,2,NA6,3,64,0,36,0,0,25,na
2010,LTER_4,Backreef,2,NA6,4,36,0,24,0,40,25,na
2010,LTER_4,Backreef,2,NA6,5,40,0,48,0,12,25,na
2010,LTER_4,Backreef,2,NA7,1,68,0,20,0,12,25,na
2010,LTER_4,Backreef,2,NA7,2,68,0,16,0,16,25,na
2010,LTER_4,Backreef,2,NA7,3,84,0,12,0,4,25,na
2010,LTER_4,Backreef,2,NA7,4,64,0,12,0,24,25,na
2010,LTER_4,Backreef,2,NA7,5,12,0,0,0,88,25,na
2010,LTER_4,Backreef,2,NA8,1,84,0,0,0,16,25,na
2010,LTER_4,Backreef,2,NA8,2,0,0,84,0,16,25,na
2010,LTER_4,Backreef,2,NA8,3,32,0,0,0,68,25,na
2010,LTER_4,Backreef,2,NA8,4,80,0,20,0,0,25,na
2010,LTER_4,Backreef,2,NA8,5,100,0,0,0,0,25,na
2010,LTER_4,Backreef,2,NA9,1,68,0,4,0,28,25,na
2010,LTER_4,Backreef,2,NA9,2,80,0,0,0,20,25,na
2010,LTER_4,Backreef,2,NA9,3,84,0,4,0,12,25,na
2010,LTER_4,Backreef,2,NA9,4,0,0,92,0,8,25,na
2010,LTER_4,Backreef,2,NA9,5,96,0,0,0,4,25,na
2010,LTER_5,Backreef,2,NA1,1,52,0,0,0,48,25,na
2010,LTER_5,Backreef,2,NA1,2,32,0,0,0,68,25,na
2010,LTER_5,Backreef,2,NA1,3,36,0,60,0,4,25,na
2010,LTER_5,Backreef,2,NA1,4,0,0,92,0,8,25,na
2010,LTER_5,Backreef,2,NA1,5,32,0,8,0,60,25,na
2010,LTER_5,Backreef,2,NA10,1,20,0,76,0,4,25,na
2010,LTER_5,Backreef,2,NA10,2,44,0,48,0,8,25,na
2010,LTER_5,Backreef,2,NA10,3,60,0,32,0,8,25,na
2010,LTER_5,Backreef,2,NA10,4,4,0,4,0,92,25,na
2010,LTER_5,Backreef,2,NA10,5,44,0,0,0,56,25,na
2010,LTER_5,Backreef,2,NA11,1,60,0,0,0,40,15,some sub squares omitted
2010,LTER_5,Backreef,2,NA11,2,8,0,60,0,32,25,na
2010,LTER_5,Backreef,2,NA11,3,4,0,96,0,0,25,na
2010,LTER_5,Backreef,2,NA11,4,8,0,92,0,0,25,na
2010,LTER_5,Backreef,2,NA11,5,20,0,68,0,12,25,na
2010,LTER_5,Backreef,2,NA12,1,67,0,0,0,33,15,some sub squares omitted
2010,LTER_5,Backreef,2,NA12,2,0,0,100,0,0,25,na
2010,LTER_5,Backreef,2,NA12,3,16,0,36,0,48,25,na
2010,LTER_5,Backreef,2,NA12,4,88,0,8,0,4,25,na
2010,LTER_5,Backreef,2,NA12,5,44,0,20,0,36,25,na
2010,LTER_5,Backreef,2,NA13,1,29,0,0,0,71,14,some sub squares omitted
2010,LTER_5,Backreef,2,NA13,2,0,0,100,0,0,25,na
2010,LTER_5,Backreef,2,NA13,3,24,0,4,0,72,25,na
2010,LTER_5,Backreef,2,NA13,4,59,0,0,0,41,22,some sub squares omitted
2010,LTER_5,Backreef,2,NA13,5,92,0,0,0,8,25,na
2010,LTER_5,Backreef,2,NA14,1,52,0,4,0,44,25,na
2010,LTER_5,Backreef,2,NA14,2,20,0,80,0,0,25,na
2010,LTER_5,Backreef,2,NA14,3,0,0,72,0,28,25,na
2010,LTER_5,Backreef,2,NA14,4,52,0,0,48,0,21,some sub squares omitted
2010,LTER_5,Backreef,2,NA14,5,40,0,60,0,0,25,na
2010,LTER_5,Backreef,2,NA15,1,0,0,88,0,12,25,na
2010,LTER_5,Backreef,2,NA15,2,20,0,80,0,0,25,na
2010,LTER_5,Backreef,2,NA15,3,80,0,12,0,8,25,na
2010,LTER_5,Backreef,2,NA15,4,20,0,0,0,80,25,na
2010,LTER_5,Backreef,2,NA15,5,60,0,12,0,28,25,na
2010,LTER_5,Backreef,2,NA16,1,40,0,0,0,60,25,na
2010,LTER_5,Backreef,2,NA16,2,100,0,0,0,0,25,na
2010,LTER_5,Backreef,2,NA16,3,93,0,0,0,7,15,some sub squares omitted
2010,LTER_5,Backreef,2,NA16,4,60,0,0,0,40,25,na
2010,LTER_5,Backreef,2,NA16,5,0,0,76,0,24,25,na
2010,LTER_5,Backreef,2,NA17,1,16,0,52,0,32,25,na
2010,LTER_5,Backreef,2,NA17,2,80,0,0,0,20,25,na
2010,LTER_5,Backreef,2,NA17,3,65,0,0,0,35,17,some sub squares omitted
2010,LTER_5,Backreef,2,NA17,4,36,0,36,0,28,25,na
2010,LTER_5,Backreef,2,NA17,5,64,0,4,0,32,25,na
2010,LTER_5,Backreef,2,NA18,1,50,0,25,0,25,24,some sub squares omitted
2010,LTER_5,Backreef,2,NA18,2,4,0,52,0,44,25,na
2010,LTER_5,Backreef,2,NA18,3,16,0,56,0,28,25,na
2010,LTER_5,Backreef,2,NA18,4,20,0,56,0,24,25,na
2010,LTER_5,Backreef,2,NA18,5,48,0,32,0,20,25,na
2010,LTER_5,Backreef,2,NA19,1,32,0,36,0,32,25,na
2010,LTER_5,Backreef,2,NA19,2,24,0,60,0,16,25,na
2010,LTER_5,Backreef,2,NA19,3,4,0,44,0,52,25,na
2010,LTER_5,Backreef,2,NA19,4,8,0,84,0,8,25,na
2010,LTER_5,Backreef,2,NA19,5,64,0,16,0,20,25,na
2010,LTER_5,Backreef,2,NA2,1,56,0,0,0,44,25,na
2010,LTER_5,Backreef,2,NA2,2,36,0,4,0,60,25,na
2010,LTER_5,Backreef,2,NA2,3,4,28,0,0,68,25,na
2010,LTER_5,Backreef,2,NA2,4,20,0,80,0,0,25,na
2010,LTER_5,Backreef,2,NA2,5,16,0,52,0,32,25,na
2010,LTER_5,Backreef,2,NA20,1,4,0,52,0,44,25,na
2010,LTER_5,Backreef,2,NA20,2,16,0,20,0,64,25,na
2010,LTER_5,Backreef,2,NA20,3,80,0,4,0,16,25,na
2010,LTER_5,Backreef,2,NA20,4,8,0,72,0,20,25,na
2010,LTER_5,Backreef,2,NA20,5,24,0,0,0,76,25,na
2010,LTER_5,Backreef,2,NA3,1,28,0,72,0,0,25,na
2010,LTER_5,Backreef,2,NA3,2,72,0,24,0,4,25,na
2010,LTER_5,Backreef,2,NA3,3,24,0,24,0,52,25,na
2010,LTER_5,Backreef,2,NA3,4,8,0,80,0,12,25,na
2010,LTER_5,Backreef,2,NA3,5,28,0,12,0,60,25,na
2010,LTER_5,Backreef,2,NA4,1,44,0,20,0,36,25,na
2010,LTER_5,Backreef,2,NA4,2,32,0,4,0,64,25,na
2010,LTER_5,Backreef,2,NA4,3,0,0,92,0,8,25,na
2010,LTER_5,Backreef,2,NA4,4,12,0,84,0,4,25,na
2010,LTER_5,Backreef,2,NA4,5,8,0,68,0,24,25,na
2010,LTER_5,Backreef,2,NA5,1,24,0,76,0,0,25,na
2010,LTER_5,Backreef,2,NA5,2,76,0,4,0,20,25,na
2010,LTER_5,Backreef,2,NA5,3,16,0,20,0,64,25,na
2010,LTER_5,Backreef,2,NA5,4,8,0,20,32,40,25,na
2010,LTER_5,Backreef,2,NA5,5,0,0,12,0,88,25,na
2010,LTER_5,Backreef,2,NA6,1,48,0,44,0,8,25,na
2010,LTER_5,Backreef,2,NA6,2,76,0,0,0,24,25,na
2010,LTER_5,Backreef,2,NA6,3,100,0,0,0,0,25,na
2010,LTER_5,Backreef,2,NA6,4,0,0,0,0,100,25,na
2010,LTER_5,Backreef,2,NA6,5,24,0,28,0,48,25,na
2010,LTER_5,Backreef,2,NA7,1,24,0,44,0,32,25,na
2010,LTER_5,Backreef,2,NA7,2,48,0,32,0,20,25,na
2010,LTER_5,Backreef,2,NA7,3,56,0,0,0,44,25,na
2010,LTER_5,Backreef,2,NA7,4,88,0,12,0,0,25,na
2010,LTER_5,Backreef,2,NA7,5,0,0,96,0,4,25,na
2010,LTER_5,Backreef,2,NA8,1,56,0,16,0,28,25,na
2010,LTER_5,Backreef,2,NA8,2,36,0,12,0,52,25,na
2010,LTER_5,Backreef,2,NA8,3,80,0,0,0,20,25,na
2010,LTER_5,Backreef,2,NA8,4,44,0,32,0,24,25,na
2010,LTER_5,Backreef,2,NA8,5,0,0,24,0,76,25,na
2010,LTER_5,Backreef,2,NA9,1,76,0,4,0,20,25,na
2010,LTER_5,Backreef,2,NA9,2,32,0,52,0,16,25,na
2010,LTER_5,Backreef,2,NA9,3,32,0,60,0,8,25,na
2010,LTER_5,Backreef,2,NA9,4,96,0,0,0,4,25,na
2010,LTER_5,Backreef,2,NA9,5,36,0,0,0,64,25,na
2010,LTER_6,Backreef,2,NA1,1,56,0,8,0,36,25,na
2010,LTER_6,Backreef,2,NA1,2,36,0,0,0,64,25,na
2010,LTER_6,Backreef,2,NA1,3,0,0,76,0,24,25,na
2010,LTER_6,Backreef,2,NA1,4,52,0,0,0,48,25,na
2010,LTER_6,Backreef,2,NA1,5,32,0,36,0,32,25,na
2010,LTER_6,Backreef,2,NA10,1,16,0,8,0,76,25,na
2010,LTER_6,Backreef,2,NA10,2,8,0,52,0,40,25,na
2010,LTER_6,Backreef,2,NA10,3,4,0,4,0,92,25,na
2010,LTER_6,Backreef,2,NA10,4,24,0,16,0,60,25,na
2010,LTER_6,Backreef,2,NA10,5,36,0,20,0,44,25,na
2010,LTER_6,Backreef,2,NA11,1,0,0,60,0,40,25,na
2010,LTER_6,Backreef,2,NA11,2,52,0,0,0,48,25,na
2010,LTER_6,Backreef,2,NA11,3,12,0,0,0,88,25,na
2010,LTER_6,Backreef,2,NA11,4,40,0,0,0,60,25,na
2010,LTER_6,Backreef,2,NA11,5,48,0,12,0,40,25,na
2010,LTER_6,Backreef,2,NA12,1,16,0,8,0,76,25,na
2010,LTER_6,Backreef,2,NA12,2,24,0,0,0,76,25,na
2010,LTER_6,Backreef,2,NA12,3,32,0,0,0,68,25,na
2010,LTER_6,Backreef,2,NA12,4,48,0,0,0,52,25,na
2010,LTER_6,Backreef,2,NA12,5,48,0,8,0,44,25,na
2010,LTER_6,Backreef,2,NA13,1,32,0,12,0,56,25,na
2010,LTER_6,Backreef,2,NA13,2,16,0,0,68,16,25,na
2010,LTER_6,Backreef,2,NA13,3,48,0,12,0,40,25,na
2010,LTER_6,Backreef,2,NA13,4,28,0,0,0,72,25,na
2010,LTER_6,Backreef,2,NA13,5,72,0,4,0,24,25,na
2010,LTER_6,Backreef,2,NA14,1,48,0,24,0,28,25,na
2010,LTER_6,Backreef,2,NA14,2,20,0,0,0,80,25,na
2010,LTER_6,Backreef,2,NA14,3,8,0,12,0,80,25,na
2010,LTER_6,Backreef,2,NA14,4,32,0,20,0,48,25,na
2010,LTER_6,Backreef,2,NA14,5,20,0,8,0,72,25,na
2010,LTER_6,Backreef,2,NA15,1,24,0,0,0,76,25,na
2010,LTER_6,Backreef,2,NA15,2,56,0,12,0,32,25,na
2010,LTER_6,Backreef,2,NA15,3,80,0,0,0,20,25,na
2010,LTER_6,Backreef,2,NA15,4,28,0,0,20,52,25,na
2010,LTER_6,Backreef,2,NA15,5,16,0,32,0,52,25,na
2010,LTER_6,Backreef,2,NA16,1,40,0,44,0,16,25,na
2010,LTER_6,Backreef,2,NA16,2,12,0,16,0,72,25,na
2010,LTER_6,Backreef,2,NA16,3,8,0,56,0,36,25,na
2010,LTER_6,Backreef,2,NA16,4,28,0,0,0,72,25,na
2010,LTER_6,Backreef,2,NA16,5,0,0,88,0,12,25,na
2010,LTER_6,Backreef,2,NA17,1,16,0,44,0,40,25,na
2010,LTER_6,Backreef,2,NA17,2,36,0,32,0,32,25,na
2010,LTER_6,Backreef,2,NA17,3,40,0,12,0,48,25,na
2010,LTER_6,Backreef,2,NA17,4,32,0,0,0,68,25,na
2010,LTER_6,Backreef,2,NA17,5,20,0,8,0,72,25,na
2010,LTER_6,Backreef,2,NA18,1,24,0,16,0,60,25,na
2010,LTER_6,Backreef,2,NA18,2,12,0,20,0,68,25,na
2010,LTER_6,Backreef,2,NA18,3,44,0,0,0,56,25,na
2010,LTER_6,Backreef,2,NA18,4,24,0,16,0,60,25,na
2010,LTER_6,Backreef,2,NA18,5,8,0,0,0,92,25,na
2010,LTER_6,Backreef,2,NA19,1,64,0,0,0,36,25,na
2010,LTER_6,Backreef,2,NA19,2,32,0,36,0,32,25,na
2010,LTER_6,Backreef,2,NA19,3,28,0,0,0,72,25,na
2010,LTER_6,Backreef,2,NA19,4,56,8,0,0,36,25,na
2010,LTER_6,Backreef,2,NA19,5,24,0,0,0,76,25,na
2010,LTER_6,Backreef,2,NA2,1,40,0,0,0,60,25,na
2010,LTER_6,Backreef,2,NA2,2,60,0,8,0,32,25,na
2010,LTER_6,Backreef,2,NA2,3,0,0,100,0,0,25,na
2010,LTER_6,Backreef,2,NA2,4,20,0,24,0,56,25,na
2010,LTER_6,Backreef,2,NA2,5,8,0,32,0,60,25,na
2010,LTER_6,Backreef,2,NA20,1,24,0,8,0,68,25,na
2010,LTER_6,Backreef,2,NA20,2,36,0,0,0,64,25,na
2010,LTER_6,Backreef,2,NA20,3,40,0,0,0,60,25,na
2010,LTER_6,Backreef,2,NA20,4,40,0,0,0,60,25,na
2010,LTER_6,Backreef,2,NA20,5,16,0,0,0,84,25,na
2010,LTER_6,Backreef,2,NA3,1,0,0,16,0,84,25,na
2010,LTER_6,Backreef,2,NA3,2,28,0,0,0,72,25,na
2010,LTER_6,Backreef,2,NA3,3,36,0,8,0,56,25,na
2010,LTER_6,Backreef,2,NA3,4,20,0,0,24,56,25,na
2010,LTER_6,Backreef,2,NA3,5,92,0,0,0,8,25,na
2010,LTER_6,Backreef,2,NA4,1,28,0,0,0,72,25,na
2010,LTER_6,Backreef,2,NA4,2,40,0,32,0,28,25,na
2010,LTER_6,Backreef,2,NA4,3,36,0,8,0,56,25,na
2010,LTER_6,Backreef,2,NA4,4,64,0,4,0,32,25,na
2010,LTER_6,Backreef,2,NA4,5,96,0,0,0,4,25,na
2010,LTER_6,Backreef,2,NA5,1,28,0,4,0,68,25,na
2010,LTER_6,Backreef,2,NA5,2,4,0,28,0,68,25,na
2010,LTER_6,Backreef,2,NA5,3,52,0,0,0,48,25,na
2010,LTER_6,Backreef,2,NA5,4,36,0,12,0,52,25,na
2010,LTER_6,Backreef,2,NA5,5,12,0,28,0,60,25,na
2010,LTER_6,Backreef,2,NA6,1,44,0,40,0,16,25,na
2010,LTER_6,Backreef,2,NA6,2,0,0,4,0,96,25,na
2010,LTER_6,Backreef,2,NA6,3,0,0,84,0,16,25,na
2010,LTER_6,Backreef,2,NA6,4,4,0,68,0,28,25,na
2010,LTER_6,Backreef,2,NA6,5,16,0,16,8,60,25,na
2010,LTER_6,Backreef,2,NA7,1,32,0,12,0,56,25,na
2010,LTER_6,Backreef,2,NA7,2,12,0,0,0,88,25,na
2010,LTER_6,Backreef,2,NA7,3,0,0,92,0,8,25,na
2010,LTER_6,Backreef,2,NA7,4,4,0,88,0,8,25,na
2010,LTER_6,Backreef,2,NA7,5,16,0,4,16,64,25,na
2010,LTER_6,Backreef,2,NA8,1,52,0,32,0,16,25,na
2010,LTER_6,Backreef,2,NA8,2,12,0,0,0,88,25,na
2010,LTER_6,Backreef,2,NA8,3,16,0,20,0,64,25,na
2010,LTER_6,Backreef,2,NA8,4,24,0,24,0,52,25,na
2010,LTER_6,Backreef,2,NA8,5,8,0,0,0,92,25,na
2010,LTER_6,Backreef,2,NA9,1,44,0,52,0,4,25,na
2010,LTER_6,Backreef,2,NA9,2,12,0,0,0,88,25,na
2010,LTER_6,Backreef,2,NA9,3,12,0,0,0,88,25,na
2010,LTER_6,Backreef,2,NA9,4,8,0,56,0,36,25,na
2010,LTER_6,Backreef,2,NA9,5,12,0,28,0,60,25,na
2011,LTER_1,Backreef,2,NA19,2,BW,BW,BW,BW,BW,0,too shallow for nadir photo; photo horizontal so not valid for cover percent
2011,LTER_1,Backreef,2,NA20,2,BW,BW,BW,BW,BW,0,too shallow for nadir photo; photo horizontal so not valid for cover percent
2011,LTER_1,Backreef,2,NA1,1,40,0,4,0,56,25,na
2011,LTER_1,Backreef,2,NA1,2,16,0,0,0,84,25,na
2011,LTER_1,Backreef,2,NA1,3,0,12,0,0,88,25,na
2011,LTER_1,Backreef,2,NA1,4,0,0,88,0,12,25,na
2011,LTER_1,Backreef,2,NA1,5,0,0,0,0,100,25,na
2011,LTER_1,Backreef,2,NA10,1,0,0,52,0,48,25,na
2011,LTER_1,Backreef,2,NA10,2,56,0,20,0,24,25,na
2011,LTER_1,Backreef,2,NA10,3,16,0,0,0,84,25,na
2011,LTER_1,Backreef,2,NA10,4,8,0,68,0,24,25,na
2011,LTER_1,Backreef,2,NA10,5,4,0,16,0,80,25,na
2011,LTER_1,Backreef,2,NA11,1,0,0,0,0,100,25,na
2011,LTER_1,Backreef,2,NA11,2,0,0,8,0,92,25,na
2011,LTER_1,Backreef,2,NA11,3,0,0,0,0,100,25,na
2011,LTER_1,Backreef,2,NA11,4,0,0,100,0,0,25,na
2011,LTER_1,Backreef,2,NA11,5,40,0,12,0,48,25,na
2011,LTER_1,Backreef,2,NA12,1,4,0,52,0,44,25,na
2011,LTER_1,Backreef,2,NA12,2,4,0,88,0,8,25,na
2011,LTER_1,Backreef,2,NA12,3,0,0,0,0,100,25,na
2011,LTER_1,Backreef,2,NA12,4,4,0,84,0,12,25,na
2011,LTER_1,Backreef,2,NA12,5,0,0,96,0,4,25,na
2011,LTER_1,Backreef,2,NA13,1,0,0,84,0,16,25,na
2011,LTER_1,Backreef,2,NA13,2,0,0,72,0,28,25,na
2011,LTER_1,Backreef,2,NA13,3,0,0,0,0,100,25,na
2011,LTER_1,Backreef,2,NA13,4,16,0,24,0,60,25,na
2011,LTER_1,Backreef,2,NA13,5,0,0,80,0,20,25,na
2011,LTER_1,Backreef,2,NA14,1,8,0,48,0,44,25,na
2011,LTER_1,Backreef,2,NA14,2,0,0,56,0,44,25,na
2011,LTER_1,Backreef,2,NA14,3,0,0,0,0,100,25,na
2011,LTER_1,Backreef,2,NA14,4,48,0,12,0,40,25,na
2011,LTER_1,Backreef,2,NA14,5,12,0,40,0,48,25,na
2011,LTER_1,Backreef,2,NA15,1,0,0,100,0,0,25,na
2011,LTER_1,Backreef,2,NA15,2,8,4,4,0,84,25,na
2011,LTER_1,Backreef,2,NA15,3,24,0,0,0,76,25,na
2011,LTER_1,Backreef,2,NA15,4,0,0,72,0,28,25,na
2011,LTER_1,Backreef,2,NA15,5,12,0,72,0,16,25,na
2011,LTER_1,Backreef,2,NA16,1,0,0,44,0,56,25,na
2011,LTER_1,Backreef,2,NA16,2,0,4,0,0,96,25,na
2011,LTER_1,Backreef,2,NA16,3,56,12,0,0,32,25,na
2011,LTER_1,Backreef,2,NA16,4,0,0,0,0,100,25,na
2011,LTER_1,Backreef,2,NA16,5,16,0,56,0,28,25,na
2011,LTER_1,Backreef,2,NA17,1,40,0,12,0,48,25,na
2011,LTER_1,Backreef,2,NA17,2,16,0,0,0,84,25,na
2011,LTER_1,Backreef,2,NA17,3,0,0,0,0,100,25,na
2011,LTER_1,Backreef,2,NA17,4,12,0,0,0,88,25,na
2011,LTER_1,Backreef,2,NA17,5,0,0,44,0,56,25,na
2011,LTER_1,Backreef,2,NA18,1,0,0,8,0,92,25,na
2011,LTER_1,Backreef,2,NA18,2,0,4,0,0,96,25,na
2011,LTER_1,Backreef,2,NA18,3,8,0,0,0,92,25,na
2011,LTER_1,Backreef,2,NA18,4,8,0,0,0,92,25,na
2011,LTER_1,Backreef,2,NA18,5,88,0,0,0,12,25,na
2011,LTER_1,Backreef,2,NA19,1,20,0,16,0,64,25,na
2011,LTER_1,Backreef,2,NA19,3,12,0,0,0,88,25,na
2011,LTER_1,Backreef,2,NA19,4,20,0,16,0,64,25,na
2011,LTER_1,Backreef,2,NA19,5,64,0,28,0,8,25,na
2011,LTER_1,Backreef,2,NA2,1,0,0,80,0,20,25,na
2011,LTER_1,Backreef,2,NA2,2,20,4,12,0,64,25,na
2011,LTER_1,Backreef,2,NA2,3,0,0,0,0,100,25,na
2011,LTER_1,Backreef,2,NA2,4,8,0,12,0,80,25,na
2011,LTER_1,Backreef,2,NA2,5,0,0,96,0,4,25,na
2011,LTER_1,Backreef,2,NA20,1,12,0,0,0,88,25,na
2011,LTER_1,Backreef,2,NA20,3,16,0,0,0,84,25,na
2011,LTER_1,Backreef,2,NA20,4,48,0,20,0,32,25,na
2011,LTER_1,Backreef,2,NA20,5,80,0,4,0,16,25,na
2011,LTER_1,Backreef,2,NA3,1,0,0,88,0,12,25,na
2011,LTER_1,Backreef,2,NA3,2,44,8,4,0,44,25,na
2011,LTER_1,Backreef,2,NA3,3,0,0,0,0,100,25,na
2011,LTER_1,Backreef,2,NA3,4,48,0,0,0,52,25,na
2011,LTER_1,Backreef,2,NA3,5,0,0,48,0,52,25,na
2011,LTER_1,Backreef,2,NA4,1,40,0,0,0,60,25,na
2011,LTER_1,Backreef,2,NA4,2,72,0,4,0,24,25,na
2011,LTER_1,Backreef,2,NA4,3,0,0,0,0,100,25,na
2011,LTER_1,Backreef,2,NA4,4,40,0,0,0,60,25,na
2011,LTER_1,Backreef,2,NA4,5,20,0,28,0,52,25,na
2011,LTER_1,Backreef,2,NA5,1,0,0,56,0,44,25,na
2011,LTER_1,Backreef,2,NA5,2,36,0,24,0,40,25,na
2011,LTER_1,Backreef,2,NA5,3,20,0,0,0,80,25,na
2011,LTER_1,Backreef,2,NA5,4,12,0,56,0,32,25,na
2011,LTER_1,Backreef,2,NA5,5,24,0,4,0,72,25,na
2011,LTER_1,Backreef,2,NA6,1,16,4,0,0,80,25,na
2011,LTER_1,Backreef,2,NA6,2,4,0,0,0,96,25,na
2011,LTER_1,Backreef,2,NA6,3,36,8,0,0,56,25,na
2011,LTER_1,Backreef,2,NA6,4,0,0,28,0,72,25,na
2011,LTER_1,Backreef,2,NA6,5,0,0,4,0,96,25,na
2011,LTER_1,Backreef,2,NA7,1,8,0,0,0,92,25,na
2011,LTER_1,Backreef,2,NA7,2,36,0,0,0,64,25,na
2011,LTER_1,Backreef,2,NA7,3,16,0,0,0,84,25,na
2011,LTER_1,Backreef,2,NA7,4,8,0,64,0,28,25,na
2011,LTER_1,Backreef,2,NA7,5,20,0,16,0,64,25,na
2011,LTER_1,Backreef,2,NA8,1,0,0,32,0,68,25,na
2011,LTER_1,Backreef,2,NA8,2,4,0,48,0,48,25,na
2011,LTER_1,Backreef,2,NA8,3,0,0,0,0,100,25,na
2011,LTER_1,Backreef,2,NA8,4,16,0,0,0,84,25,na
2011,LTER_1,Backreef,2,NA8,5,56,0,0,0,44,25,na
2011,LTER_1,Backreef,2,NA9,1,12,4,4,0,80,25,na
2011,LTER_1,Backreef,2,NA9,2,20,0,0,0,80,25,na
2011,LTER_1,Backreef,2,NA9,3,12,0,16,0,72,25,na
2011,LTER_1,Backreef,2,NA9,4,0,0,80,0,20,25,na
2011,LTER_1,Backreef,2,NA9,5,24,0,36,0,40,25,na
2011,LTER_2,Backreef,2,NA1,5,BW,BW,BW,BW,BW,0,too shallow for nadir photo; photo horizontal so not valid for cover percent
2011,LTER_2,Backreef,2,NA19,4,BW,BW,BW,BW,BW,0,too shallow for nadir photo; photo horizontal so not valid for cover percent
2011,LTER_2,Backreef,2,NA20,2,BW,BW,BW,BW,BW,0,too shallow for nadir photo; photo horizontal so not valid for cover percent
2011,LTER_2,Backreef,2,NA20,4,BW,BW,BW,BW,BW,0,too shallow for nadir photo; photo horizontal so not valid for cover percent
2011,LTER_2,Backreef,2,NA1,1,0,44,4,0,52,25,na
2011,LTER_2,Backreef,2,NA1,2,0,0,0,0,100,25,na
2011,LTER_2,Backreef,2,NA1,3,0,0,72,0,28,25,na
2011,LTER_2,Backreef,2,NA1,4,4,0,20,0,76,25,na
2011,LTER_2,Backreef,2,NA10,1,0,12,40,0,48,25,na
2011,LTER_2,Backreef,2,NA10,2,0,44,0,0,56,25,na
2011,LTER_2,Backreef,2,NA10,3,0,12,4,0,84,25,na
2011,LTER_2,Backreef,2,NA10,4,8,0,44,0,48,25,na
2011,LTER_2,Backreef,2,NA10,5,0,0,68,0,32,25,na
2011,LTER_2,Backreef,2,NA11,1,0,0,16,0,84,25,na
2011,LTER_2,Backreef,2,NA11,2,0,0,100,0,0,25,na
2011,LTER_2,Backreef,2,NA11,3,16,12,12,0,60,25,na
2011,LTER_2,Backreef,2,NA11,4,16,0,0,0,84,25,na
2011,LTER_2,Backreef,2,NA11,5,0,8,0,0,92,25,na
2011,LTER_2,Backreef,2,NA12,1,0,4,12,0,84,25,na
2011,LTER_2,Backreef,2,NA12,2,0,0,100,0,0,25,na
2011,LTER_2,Backreef,2,NA12,3,0,16,12,0,72,25,na
2011,LTER_2,Backreef,2,NA12,4,0,0,0,0,100,25,na
2011,LTER_2,Backreef,2,NA12,5,4,4,0,0,92,25,na
2011,LTER_2,Backreef,2,NA13,1,0,0,76,0,24,25,na
2011,LTER_2,Backreef,2,NA13,2,0,0,76,0,24,25,na
2011,LTER_2,Backreef,2,NA13,3,0,28,12,0,60,25,na
2011,LTER_2,Backreef,2,NA13,4,8,0,0,0,92,25,na
2011,LTER_2,Backreef,2,NA13,5,72,0,4,0,24,25,na
2011,LTER_2,Backreef,2,NA14,1,0,0,8,0,92,25,na
2011,LTER_2,Backreef,2,NA14,2,0,0,0,0,100,25,na
2011,LTER_2,Backreef,2,NA14,3,0,12,32,0,56,25,na
2011,LTER_2,Backreef,2,NA14,4,12,4,16,0,68,25,na
2011,LTER_2,Backreef,2,NA14,5,0,28,0,0,72,25,na
2011,LTER_2,Backreef,2,NA15,1,8,0,0,0,92,25,na
2011,LTER_2,Backreef,2,NA15,2,0,0,52,0,48,25,na
2011,LTER_2,Backreef,2,NA15,3,0,8,12,0,80,25,na
2011,LTER_2,Backreef,2,NA15,4,0,0,80,0,20,25,na
2011,LTER_2,Backreef,2,NA15,5,8,24,0,0,68,25,na
2011,LTER_2,Backreef,2,NA16,1,0,0,64,0,36,25,na
2011,LTER_2,Backreef,2,NA16,2,8,8,8,0,76,25,na
2011,LTER_2,Backreef,2,NA16,3,0,12,8,0,80,25,na
2011,LTER_2,Backreef,2,NA16,4,8,0,64,0,28,25,na
2011,LTER_2,Backreef,2,NA16,5,0,0,0,0,100,25,na
2011,LTER_2,Backreef,2,NA17,1,28,0,0,0,72,25,na
2011,LTER_2,Backreef,2,NA17,2,8,0,12,0,80,25,na
2011,LTER_2,Backreef,2,NA17,3,0,0,0,0,100,25,na
2011,LTER_2,Backreef,2,NA17,4,16,8,60,0,16,25,na
2011,LTER_2,Backreef,2,NA17,5,4,8,0,0,88,25,na
2011,LTER_2,Backreef,2,NA18,1,16,4,0,0,80,25,na
2011,LTER_2,Backreef,2,NA18,2,32,0,12,0,56,25,na
2011,LTER_2,Backreef,2,NA18,3,0,16,0,0,84,25,na
2011,LTER_2,Backreef,2,NA18,4,60,0,12,0,28,25,na
2011,LTER_2,Backreef,2,NA18,5,36,0,0,0,64,25,na
2011,LTER_2,Backreef,2,NA19,1,0,0,20,0,80,25,na
2011,LTER_2,Backreef,2,NA19,2,16,20,0,0,64,25,na
2011,LTER_2,Backreef,2,NA19,3,8,0,0,0,92,25,na
2011,LTER_2,Backreef,2,NA19,5,68,0,0,0,32,25,na
2011,LTER_2,Backreef,2,NA2,1,4,20,0,0,76,25,na
2011,LTER_2,Backreef,2,NA2,2,0,36,0,0,64,25,na
2011,LTER_2,Backreef,2,NA2,3,0,8,64,0,28,25,na
2011,LTER_2,Backreef,2,NA2,4,28,0,0,0,72,25,na
2011,LTER_2,Backreef,2,NA2,5,100,0,0,0,0,25,na
2011,LTER_2,Backreef,2,NA20,1,0,0,80,0,20,25,na
2011,LTER_2,Backreef,2,NA20,3,24,16,4,0,56,25,na
2011,LTER_2,Backreef,2,NA20,5,60,0,28,0,12,25,na
2011,LTER_2,Backreef,2,NA3,1,0,0,0,0,100,25,na
2011,LTER_2,Backreef,2,NA3,2,0,0,0,0,100,25,na
2011,LTER_2,Backreef,2,NA3,3,0,12,4,0,84,25,na
2011,LTER_2,Backreef,2,NA3,4,0,0,4,0,96,25,na
2011,LTER_2,Backreef,2,NA3,5,24,76,0,0,0,25,na
2011,LTER_2,Backreef,2,NA4,1,0,4,36,0,60,25,na
2011,LTER_2,Backreef,2,NA4,2,0,24,0,0,76,25,na
2011,LTER_2,Backreef,2,NA4,3,8,0,8,0,84,25,na
2011,LTER_2,Backreef,2,NA4,4,0,16,0,0,84,25,na
2011,LTER_2,Backreef,2,NA4,5,8,0,0,0,92,25,na
2011,LTER_2,Backreef,2,NA5,1,0,0,0,0,100,25,na
2011,LTER_2,Backreef,2,NA5,2,0,28,12,0,60,25,na
2011,LTER_2,Backreef,2,NA5,3,0,12,4,0,84,25,na
2011,LTER_2,Backreef,2,NA5,4,36,0,4,0,60,25,na
2011,LTER_2,Backreef,2,NA5,5,52,24,0,0,24,25,na
2011,LTER_2,Backreef,2,NA6,1,0,8,4,0,88,25,na
2011,LTER_2,Backreef,2,NA6,2,8,0,4,0,88,25,na
2011,LTER_2,Backreef,2,NA6,3,0,32,4,0,64,25,na
2011,LTER_2,Backreef,2,NA6,4,0,0,0,0,100,25,na
2011,LTER_2,Backreef,2,NA6,5,0,0,0,0,100,25,na
2011,LTER_2,Backreef,2,NA7,1,0,0,8,0,92,25,na
2011,LTER_2,Backreef,2,NA7,2,0,0,8,0,92,25,na
2011,LTER_2,Backreef,2,NA7,3,8,0,0,0,92,25,na
2011,LTER_2,Backreef,2,NA7,4,80,0,20,0,0,25,na
2011,LTER_2,Backreef,2,NA7,5,8,44,0,0,48,25,na
2011,LTER_2,Backreef,2,NA8,1,0,0,44,0,56,25,na
2011,LTER_2,Backreef,2,NA8,2,0,0,16,0,84,25,na
2011,LTER_2,Backreef,2,NA8,3,4,0,0,0,96,25,na
2011,LTER_2,Backreef,2,NA8,4,28,12,0,0,60,25,na
2011,LTER_2,Backreef,2,NA8,5,52,36,8,0,4,25,na
2011,LTER_2,Backreef,2,NA9,1,0,0,4,0,96,25,na
2011,LTER_2,Backreef,2,NA9,2,0,0,84,0,16,25,na
2011,LTER_2,Backreef,2,NA9,3,52,28,0,0,20,25,na
2011,LTER_2,Backreef,2,NA9,4,40,0,0,0,60,25,na
2011,LTER_2,Backreef,2,NA9,5,0,8,44,0,48,25,na
2011,LTER_3,Backreef,2,NA1,1,BW,BW,BW,BW,BW,0,too shallow for nadir photo; photo horizontal so not valid for cover percent
2011,LTER_3,Backreef,2,NA1,3,BW,BW,BW,BW,BW,0,too shallow for nadir photo; photo horizontal so not valid for cover percent
2011,LTER_3,Backreef,2,NA2,3,BW,BW,BW,BW,BW,0,too shallow for nadir photo; photo horizontal so not valid for cover percent
2011,LTER_3,Backreef,2,NA1,2,28,0,16,0,56,25,na
2011,LTER_3,Backreef,2,NA1,4,48,4,8,0,40,25,na
2011,LTER_3,Backreef,2,NA1,5,4,0,64,0,32,25,na
2011,LTER_3,Backreef,2,NA10,1,64,0,16,0,20,25,na
2011,LTER_3,Backreef,2,NA10,2,48,4,28,0,20,25,na
2011,LTER_3,Backreef,2,NA10,3,4,0,4,0,92,25,na
2011,LTER_3,Backreef,2,NA10,4,64,24,0,0,12,25,na
2011,LTER_3,Backreef,2,NA10,5,44,0,12,0,44,25,na
2011,LTER_3,Backreef,2,NA11,1,56,0,36,0,8,25,na
2011,LTER_3,Backreef,2,NA11,2,20,0,0,0,80,25,na
2011,LTER_3,Backreef,2,NA11,3,56,0,28,0,16,25,na
2011,LTER_3,Backreef,2,NA11,4,64,0,20,0,16,25,na
2011,LTER_3,Backreef,2,NA11,5,32,0,28,0,40,25,na
2011,LTER_3,Backreef,2,NA12,1,48,0,16,0,36,25,na
2011,LTER_3,Backreef,2,NA12,2,8,0,4,0,88,25,na
2011,LTER_3,Backreef,2,NA12,3,12,0,88,0,0,25,na
2011,LTER_3,Backreef,2,NA12,4,20,12,20,0,48,25,na
2011,LTER_3,Backreef,2,NA12,5,100,0,0,0,0,25,na
2011,LTER_3,Backreef,2,NA13,1,32,0,56,0,12,25,na
2011,LTER_3,Backreef,2,NA13,2,44,0,0,0,56,25,na
2011,LTER_3,Backreef,2,NA13,3,20,0,80,0,0,25,na
2011,LTER_3,Backreef,2,NA13,4,80,0,20,0,0,25,na
2011,LTER_3,Backreef,2,NA13,5,84,0,0,0,16,25,na
2011,LTER_3,Backreef,2,NA14,1,36,0,32,4,28,25,na
2011,LTER_3,Backreef,2,NA14,2,4,4,92,0,0,25,na
2011,LTER_3,Backreef,2,NA14,3,60,4,32,0,4,25,na
2011,LTER_3,Backreef,2,NA14,4,96,0,0,0,4,25,na
2011,LTER_3,Backreef,2,NA14,5,64,0,16,0,20,25,na
2011,LTER_3,Backreef,2,NA15,1,4,0,20,0,76,25,na
2011,LTER_3,Backreef,2,NA15,2,72,0,4,0,24,25,na
2011,LTER_3,Backreef,2,NA15,3,68,4,0,0,28,25,na
2011,LTER_3,Backreef,2,NA15,4,20,4,76,0,0,25,na
2011,LTER_3,Backreef,2,NA15,5,4,0,60,0,36,25,na
2011,LTER_3,Backreef,2,NA16,1,4,0,80,0,16,25,na
2011,LTER_3,Backreef,2,NA16,2,52,0,20,0,28,25,na
2011,LTER_3,Backreef,2,NA16,3,16,0,48,0,36,25,na
2011,LTER_3,Backreef,2,NA16,4,40,0,0,0,60,25,na
2011,LTER_3,Backreef,2,NA16,5,12,0,72,0,16,25,na
2011,LTER_3,Backreef,2,NA17,1,8,0,68,0,24,25,na
2011,LTER_3,Backreef,2,NA17,2,32,4,0,0,64,25,na
2011,LTER_3,Backreef,2,NA17,3,64,0,0,0,36,25,na
2011,LTER_3,Backreef,2,NA17,4,32,0,4,0,64,25,na
2011,LTER_3,Backreef,2,NA17,5,0,0,100,0,0,25,na
2011,LTER_3,Backreef,2,NA18,1,4,0,28,0,68,25,na
2011,LTER_3,Backreef,2,NA18,2,28,0,8,0,64,25,na
2011,LTER_3,Backreef,2,NA18,3,28,0,56,0,16,25,na
2011,LTER_3,Backreef,2,NA18,4,32,0,40,0,28,25,na
2011,LTER_3,Backreef,2,NA18,5,8,16,56,0,20,25,na
2011,LTER_3,Backreef,2,NA19,1,32,0,0,0,68,25,na
2011,LTER_3,Backreef,2,NA19,2,16,0,40,0,44,25,na
2011,LTER_3,Backreef,2,NA19,3,44,0,24,0,32,25,na
2011,LTER_3,Backreef,2,NA19,4,8,0,84,0,8,25,na
2011,LTER_3,Backreef,2,NA19,5,68,0,24,0,8,25,na
2011,LTER_3,Backreef,2,NA2,1,72,0,24,0,4,25,na
2011,LTER_3,Backreef,2,NA2,2,24,0,0,0,76,25,na
2011,LTER_3,Backreef,2,NA2,4,16,12,12,0,60,25,na
2011,LTER_3,Backreef,2,NA2,5,0,0,96,0,4,25,na
2011,LTER_3,Backreef,2,NA20,1,4,0,40,0,56,25,na
2011,LTER_3,Backreef,2,NA20,2,36,4,8,0,52,25,na
2011,LTER_3,Backreef,2,NA20,3,0,0,64,0,36,25,na
2011,LTER_3,Backreef,2,NA20,4,0,0,100,0,0,25,na
2011,LTER_3,Backreef,2,NA20,5,36,4,8,0,52,25,na
2011,LTER_3,Backreef,2,NA3,1,28,0,24,0,48,25,na
2011,LTER_3,Backreef,2,NA3,2,20,0,68,0,12,25,na
2011,LTER_3,Backreef,2,NA3,3,28,4,0,0,68,25,na
2011,LTER_3,Backreef,2,NA3,4,0,16,0,0,84,25,na
2011,LTER_3,Backreef,2,NA3,5,40,4,40,0,16,25,na
2011,LTER_3,Backreef,2,NA4,1,96,0,0,0,4,25,na
2011,LTER_3,Backreef,2,NA4,2,4,0,96,0,0,25,na
2011,LTER_3,Backreef,2,NA4,3,20,0,64,0,16,25,na
2011,LTER_3,Backreef,2,NA4,4,0,0,24,0,76,25,na
2011,LTER_3,Backreef,2,NA4,5,56,8,4,0,32,25,na
2011,LTER_3,Backreef,2,NA5,1,8,0,64,0,28,25,na
2011,LTER_3,Backreef,2,NA5,2,0,0,56,0,44,25,na
2011,LTER_3,Backreef,2,NA5,3,0,4,92,0,4,25,na
2011,LTER_3,Backreef,2,NA5,4,0,0,96,0,4,25,na
2011,LTER_3,Backreef,2,NA5,5,84,0,16,0,0,25,na
2011,LTER_3,Backreef,2,NA6,1,0,0,16,0,84,25,na
2011,LTER_3,Backreef,2,NA6,2,36,0,20,0,44,25,na
2011,LTER_3,Backreef,2,NA6,3,44,0,8,0,48,25,na
2011,LTER_3,Backreef,2,NA6,4,8,0,0,0,92,25,na
2011,LTER_3,Backreef,2,NA6,5,28,0,20,0,52,25,na
2011,LTER_3,Backreef,2,NA7,1,0,0,84,0,16,25,na
2011,LTER_3,Backreef,2,NA7,2,24,4,0,0,72,25,na
2011,LTER_3,Backreef,2,NA7,3,36,0,48,0,16,25,na
2011,LTER_3,Backreef,2,NA7,4,32,4,0,0,64,25,na
2011,LTER_3,Backreef,2,NA7,5,20,0,76,0,4,25,na
2011,LTER_3,Backreef,2,NA8,1,80,0,16,0,4,25,na
2011,LTER_3,Backreef,2,NA8,2,60,8,8,0,24,25,na
2011,LTER_3,Backreef,2,NA8,3,40,0,32,0,28,25,na
2011,LTER_3,Backreef,2,NA8,4,52,4,4,0,40,25,na
2011,LTER_3,Backreef,2,NA8,5,24,0,64,0,12,25,na
2011,LTER_3,Backreef,2,NA9,1,24,0,44,0,32,25,na
2011,LTER_3,Backreef,2,NA9,2,64,0,8,0,28,25,na
2011,LTER_3,Backreef,2,NA9,3,56,0,0,0,44,25,na
2011,LTER_3,Backreef,2,NA9,4,16,0,80,0,4,25,na
2011,LTER_3,Backreef,2,NA9,5,56,0,28,0,16,25,na
2011,LTER_4,Backreef,2,NA20,5,BW,BW,BW,BW,BW,0,too shallow for nadir photo; photo horizontal so not valid for cover percent
2011,LTER_4,Backreef,2,NA1,1,76,0,20,0,4,25,na
2011,LTER_4,Backreef,2,NA1,2,64,0,8,0,28,25,na
2011,LTER_4,Backreef,2,NA1,3,68,0,8,0,24,25,na
2011,LTER_4,Backreef,2,NA1,4,40,0,32,0,28,25,na
2011,LTER_4,Backreef,2,NA1,5,56,0,8,0,36,25,na
2011,LTER_4,Backreef,2,NA10,1,12,0,40,0,48,25,na
2011,LTER_4,Backreef,2,NA10,2,24,0,32,0,44,25,na
2011,LTER_4,Backreef,2,NA10,3,0,0,76,0,24,25,na
2011,LTER_4,Backreef,2,NA10,4,16,0,60,0,24,25,na
2011,LTER_4,Backreef,2,NA10,5,84,0,0,0,16,25,na
2011,LTER_4,Backreef,2,NA11,1,44,0,24,0,32,25,na
2011,LTER_4,Backreef,2,NA11,2,64,0,4,0,32,25,na
2011,LTER_4,Backreef,2,NA11,3,56,0,20,0,24,25,na
2011,LTER_4,Backreef,2,NA11,4,44,0,28,0,28,25,na
2011,LTER_4,Backreef,2,NA11,5,24,0,36,0,40,25,na
2011,LTER_4,Backreef,2,NA12,1,40,0,32,0,28,25,na
2011,LTER_4,Backreef,2,NA12,2,40,4,8,0,48,25,na
2011,LTER_4,Backreef,2,NA12,3,68,4,12,0,16,25,na
2011,LTER_4,Backreef,2,NA12,4,0,0,92,0,8,25,na
2011,LTER_4,Backreef,2,NA12,5,40,0,4,0,56,25,na
2011,LTER_4,Backreef,2,NA13,1,72,0,4,0,24,25,na
2011,LTER_4,Backreef,2,NA13,2,4,0,32,0,64,25,na
2011,LTER_4,Backreef,2,NA13,3,4,0,0,0,96,25,na
2011,LTER_4,Backreef,2,NA13,4,0,0,100,0,0,25,na
2011,LTER_4,Backreef,2,NA13,5,28,24,0,0,48,25,na
2011,LTER_4,Backreef,2,NA14,1,48,0,8,0,44,25,na
2011,LTER_4,Backreef,2,NA14,2,32,0,4,0,64,25,na
2011,LTER_4,Backreef,2,NA14,3,36,0,16,0,48,25,na
2011,LTER_4,Backreef,2,NA14,4,0,0,64,0,36,25,na
2011,LTER_4,Backreef,2,NA14,5,28,0,0,0,72,25,na
2011,LTER_4,Backreef,2,NA15,1,4,0,68,0,28,25,na
2011,LTER_4,Backreef,2,NA15,2,64,0,8,0,28,25,na
2011,LTER_4,Backreef,2,NA15,3,56,0,20,0,24,25,na
2011,LTER_4,Backreef,2,NA15,4,8,0,84,0,8,25,na
2011,LTER_4,Backreef,2,NA15,5,84,0,0,0,16,25,na
2011,LTER_4,Backreef,2,NA16,1,44,0,16,0,40,25,na
2011,LTER_4,Backreef,2,NA16,2,56,0,0,0,44,25,na
2011,LTER_4,Backreef,2,NA16,3,84,0,0,0,16,25,na
2011,LTER_4,Backreef,2,NA16,4,28,0,24,0,48,25,na
2011,LTER_4,Backreef,2,NA16,5,48,0,0,0,52,25,na
2011,LTER_4,Backreef,2,NA17,1,60,0,0,0,40,25,na
2011,LTER_4,Backreef,2,NA17,2,92,0,8,0,0,25,na
2011,LTER_4,Backreef,2,NA17,3,56,0,44,0,0,25,na
2011,LTER_4,Backreef,2,NA17,4,36,0,8,0,56,25,na
2011,LTER_4,Backreef,2,NA17,5,88,0,0,0,12,25,na
2011,LTER_4,Backreef,2,NA18,1,76,0,4,0,20,25,na
2011,LTER_4,Backreef,2,NA18,2,88,0,0,0,12,25,na
2011,LTER_4,Backreef,2,NA18,3,8,0,92,0,0,25,na
2011,LTER_4,Backreef,2,NA18,4,88,0,12,0,0,25,na
2011,LTER_4,Backreef,2,NA18,5,100,0,0,0,0,25,na
2011,LTER_4,Backreef,2,NA19,1,36,0,44,0,20,25,na
2011,LTER_4,Backreef,2,NA19,2,92,0,0,0,8,25,na
2011,LTER_4,Backreef,2,NA19,3,0,0,100,0,0,25,na
2011,LTER_4,Backreef,2,NA19,4,0,0,84,0,16,25,na
2011,LTER_4,Backreef,2,NA19,5,48,0,28,0,24,25,na
2011,LTER_4,Backreef,2,NA2,1,20,8,68,0,4,25,na
2011,LTER_4,Backreef,2,NA2,2,32,0,24,0,44,25,na
2011,LTER_4,Backreef,2,NA2,3,28,0,56,0,16,25,na
2011,LTER_4,Backreef,2,NA2,4,60,0,4,0,36,25,na
2011,LTER_4,Backreef,2,NA2,5,40,0,4,0,56,25,na
2011,LTER_4,Backreef,2,NA20,1,36,0,52,0,12,25,na
2011,LTER_4,Backreef,2,NA20,2,52,0,36,0,12,25,na
2011,LTER_4,Backreef,2,NA20,3,4,0,52,0,44,25,na
2011,LTER_4,Backreef,2,NA20,4,0,0,84,0,16,25,na
2011,LTER_4,Backreef,2,NA3,1,12,0,88,0,0,25,na
2011,LTER_4,Backreef,2,NA3,2,0,0,84,0,16,25,na
2011,LTER_4,Backreef,2,NA3,3,8,0,88,0,4,25,na
2011,LTER_4,Backreef,2,NA3,4,36,0,32,0,32,25,na
2011,LTER_4,Backreef,2,NA3,5,60,0,8,0,32,25,na
2011,LTER_4,Backreef,2,NA4,1,12,0,88,0,0,25,na
2011,LTER_4,Backreef,2,NA4,2,0,0,88,0,12,25,na
2011,LTER_4,Backreef,2,NA4,3,44,0,36,0,20,25,na
2011,LTER_4,Backreef,2,NA4,4,32,0,64,0,4,25,na
2011,LTER_4,Backreef,2,NA4,5,40,0,40,0,20,25,na
2011,LTER_4,Backreef,2,NA5,1,12,0,8,0,80,25,na
2011,LTER_4,Backreef,2,NA5,2,88,0,0,0,12,25,na
2011,LTER_4,Backreef,2,NA5,3,36,0,64,0,0,25,na
2011,LTER_4,Backreef,2,NA5,4,44,0,40,0,16,25,na
2011,LTER_4,Backreef,2,NA5,5,28,0,28,0,44,25,na
2011,LTER_4,Backreef,2,NA6,1,56,0,8,0,36,25,na
2011,LTER_4,Backreef,2,NA6,2,92,0,0,0,8,25,na
2011,LTER_4,Backreef,2,NA6,3,56,0,0,0,44,25,na
2011,LTER_4,Backreef,2,NA6,4,56,0,8,0,36,25,na
2011,LTER_4,Backreef,2,NA6,5,16,0,0,0,84,25,na
2011,LTER_4,Backreef,2,NA7,1,68,0,12,0,20,25,na
2011,LTER_4,Backreef,2,NA7,2,60,0,12,0,28,25,na
2011,LTER_4,Backreef,2,NA7,3,0,0,76,0,24,25,na
2011,LTER_4,Backreef,2,NA7,4,44,0,8,0,48,25,na
2011,LTER_4,Backreef,2,NA7,5,56,0,0,0,44,25,na
2011,LTER_4,Backreef,2,NA8,1,88,0,0,0,12,25,na
2011,LTER_4,Backreef,2,NA8,2,44,0,40,0,16,25,na
2011,LTER_4,Backreef,2,NA8,3,36,0,16,0,48,25,na
2011,LTER_4,Backreef,2,NA8,4,24,0,28,0,48,25,na
2011,LTER_4,Backreef,2,NA8,5,24,0,0,0,76,25,na
2011,LTER_4,Backreef,2,NA9,1,60,0,12,0,28,25,na
2011,LTER_4,Backreef,2,NA9,2,24,0,24,0,52,25,na
2011,LTER_4,Backreef,2,NA9,3,4,0,80,0,16,25,na
2011,LTER_4,Backreef,2,NA9,4,28,0,4,0,68,25,na
2011,LTER_4,Backreef,2,NA9,5,72,0,0,0,28,25,na
2011,LTER_5,Backreef,2,NA1,3,BW,BW,BW,BW,BW,0,too shallow for nadir photo; photo horizontal so not valid for cover percent
2011,LTER_5,Backreef,2,NA2,3,BW,BW,BW,BW,BW,0,too shallow for nadir photo; photo horizontal so not valid for cover percent
2011,LTER_5,Backreef,2,NA20,5,BW,BW,BW,BW,BW,0,too shallow for nadir photo; photo horizontal so not valid for cover percent
2011,LTER_5,Backreef,2,NA1,1,8,4,68,0,20,25,na
2011,LTER_5,Backreef,2,NA1,2,0,0,92,0,8,25,na
2011,LTER_5,Backreef,2,NA1,4,4,0,60,0,36,25,na
2011,LTER_5,Backreef,2,NA1,5,88,0,0,0,12,25,na
2011,LTER_5,Backreef,2,NA10,1,48,0,16,0,36,25,na
2011,LTER_5,Backreef,2,NA10,2,8,8,44,0,40,25,na
2011,LTER_5,Backreef,2,NA10,3,16,0,48,0,36,25,na
2011,LTER_5,Backreef,2,NA10,4,20,0,0,0,80,25,na
2011,LTER_5,Backreef,2,NA10,5,0,0,60,0,40,25,na
2011,LTER_5,Backreef,2,NA11,1,28,0,48,0,24,25,na
2011,LTER_5,Backreef,2,NA11,2,0,0,100,0,0,25,na
2011,LTER_5,Backreef,2,NA11,3,8,0,12,0,80,25,na
2011,LTER_5,Backreef,2,NA11,4,4,0,12,0,84,25,na
2011,LTER_5,Backreef,2,NA11,5,16,0,16,0,68,25,na
2011,LTER_5,Backreef,2,NA12,1,40,0,60,0,0,25,na
2011,LTER_5,Backreef,2,NA12,2,12,0,48,0,40,25,na
2011,LTER_5,Backreef,2,NA12,3,44,4,8,0,44,25,na
2011,LTER_5,Backreef,2,NA12,4,76,12,8,0,4,25,na
2011,LTER_5,Backreef,2,NA12,5,52,0,0,0,48,25,na
2011,LTER_5,Backreef,2,NA13,1,20,0,4,0,76,25,na
2011,LTER_5,Backreef,2,NA13,2,0,0,88,0,12,25,na
2011,LTER_5,Backreef,2,NA13,3,76,0,0,0,24,25,na
2011,LTER_5,Backreef,2,NA13,4,84,8,0,0,8,25,na
2011,LTER_5,Backreef,2,NA13,5,16,0,72,0,12,25,na
2011,LTER_5,Backreef,2,NA14,1,40,0,0,0,60,25,na
2011,LTER_5,Backreef,2,NA14,2,0,0,100,0,0,25,na
2011,LTER_5,Backreef,2,NA14,3,20,0,24,0,56,25,na
2011,LTER_5,Backreef,2,NA14,4,32,8,8,0,52,25,na
2011,LTER_5,Backreef,2,NA14,5,0,0,12,0,88,25,na
2011,LTER_5,Backreef,2,NA15,1,8,0,28,0,64,25,na
2011,LTER_5,Backreef,2,NA15,2,20,0,76,0,4,25,na
2011,LTER_5,Backreef,2,NA15,3,0,0,56,0,44,25,na
2011,LTER_5,Backreef,2,NA15,4,52,4,0,12,32,25,na
2011,LTER_5,Backreef,2,NA15,5,4,0,16,0,80,25,na
2011,LTER_5,Backreef,2,NA16,1,0,0,100,0,0,25,na
2011,LTER_5,Backreef,2,NA16,2,72,0,4,0,24,25,na
2011,LTER_5,Backreef,2,NA16,3,100,0,0,0,0,25,na
2011,LTER_5,Backreef,2,NA16,4,16,0,20,0,64,25,na
2011,LTER_5,Backreef,2,NA16,5,16,0,52,0,32,25,na
2011,LTER_5,Backreef,2,NA17,1,44,0,36,0,20,25,na
2011,LTER_5,Backreef,2,NA17,2,20,0,28,0,52,25,na
2011,LTER_5,Backreef,2,NA17,3,88,0,0,0,12,25,na
2011,LTER_5,Backreef,2,NA17,4,52,0,0,0,48,25,na
2011,LTER_5,Backreef,2,NA17,5,52,0,48,0,0,25,na
2011,LTER_5,Backreef,2,NA18,1,40,0,36,0,24,25,na
2011,LTER_5,Backreef,2,NA18,2,0,0,76,0,24,25,na
2011,LTER_5,Backreef,2,NA18,3,8,0,72,0,20,25,na
2011,LTER_5,Backreef,2,NA18,4,52,0,16,0,32,25,na
2011,LTER_5,Backreef,2,NA18,5,0,0,56,8,36,25,na
2011,LTER_5,Backreef,2,NA19,1,40,0,56,0,4,25,na
2011,LTER_5,Backreef,2,NA19,2,0,0,100,0,0,25,na
2011,LTER_5,Backreef,2,NA19,3,88,0,4,0,8,25,na
2011,LTER_5,Backreef,2,NA19,4,20,0,0,0,80,25,na
2011,LTER_5,Backreef,2,NA19,5,4,0,48,0,48,25,na
2011,LTER_5,Backreef,2,NA2,1,48,0,8,0,44,25,na
2011,LTER_5,Backreef,2,NA2,2,16,0,16,0,68,25,na
2011,LTER_5,Backreef,2,NA2,4,28,0,64,0,8,25,na
2011,LTER_5,Backreef,2,NA2,5,100,0,0,0,0,25,na
2011,LTER_5,Backreef,2,NA20,1,4,0,80,0,16,25,na
2011,LTER_5,Backreef,2,NA20,2,12,0,84,0,4,25,na
2011,LTER_5,Backreef,2,NA20,3,20,0,40,0,40,25,na
2011,LTER_5,Backreef,2,NA20,4,48,0,8,0,44,25,na
2011,LTER_5,Backreef,2,NA3,1,60,0,28,0,12,25,na
2011,LTER_5,Backreef,2,NA3,2,76,0,4,0,20,25,na
2011,LTER_5,Backreef,2,NA3,3,56,0,0,0,44,25,na
2011,LTER_5,Backreef,2,NA3,4,8,0,28,24,40,25,na
2011,LTER_5,Backreef,2,NA3,5,40,4,44,0,12,25,na
2011,LTER_5,Backreef,2,NA4,1,28,4,8,0,60,25,na
2011,LTER_5,Backreef,2,NA4,2,48,0,8,0,44,25,na
2011,LTER_5,Backreef,2,NA4,3,0,0,52,0,48,25,na
2011,LTER_5,Backreef,2,NA4,4,4,0,16,68,12,25,na
2011,LTER_5,Backreef,2,NA4,5,0,0,76,0,24,25,na
2011,LTER_5,Backreef,2,NA5,1,20,0,12,0,68,25,na
2011,LTER_5,Backreef,2,NA5,2,28,0,0,0,72,25,na
2011,LTER_5,Backreef,2,NA5,3,64,0,0,0,36,25,na
2011,LTER_5,Backreef,2,NA5,4,4,0,20,60,16,25,na
2011,LTER_5,Backreef,2,NA5,5,48,0,8,0,44,25,na
2011,LTER_5,Backreef,2,NA6,1,0,0,100,0,0,25,na
2011,LTER_5,Backreef,2,NA6,2,84,0,4,0,12,25,na
2011,LTER_5,Backreef,2,NA6,3,40,0,12,0,48,25,na
2011,LTER_5,Backreef,2,NA6,4,12,0,8,36,44,25,na
2011,LTER_5,Backreef,2,NA6,5,0,0,0,0,100,25,na
2011,LTER_5,Backreef,2,NA7,1,0,0,100,0,0,25,na
2011,LTER_5,Backreef,2,NA7,2,20,0,0,0,80,25,na
2011,LTER_5,Backreef,2,NA7,3,8,0,0,0,92,25,na
2011,LTER_5,Backreef,2,NA7,4,0,0,52,0,48,25,na
2011,LTER_5,Backreef,2,NA7,5,12,0,56,0,32,25,na
2011,LTER_5,Backreef,2,NA8,1,0,0,92,0,8,25,na
2011,LTER_5,Backreef,2,NA8,2,68,0,4,0,28,25,na
2011,LTER_5,Backreef,2,NA8,3,24,0,36,0,40,25,na
2011,LTER_5,Backreef,2,NA8,4,0,0,64,0,36,25,na
2011,LTER_5,Backreef,2,NA8,5,28,0,12,0,60,25,na
2011,LTER_5,Backreef,2,NA9,1,4,0,88,0,8,25,na
2011,LTER_5,Backreef,2,NA9,2,56,0,28,0,16,25,na
2011,LTER_5,Backreef,2,NA9,3,8,0,28,0,64,25,na
2011,LTER_5,Backreef,2,NA9,4,24,0,52,0,24,25,na
2011,LTER_5,Backreef,2,NA9,5,44,0,36,0,20,25,na
2011,LTER_6,Backreef,2,NA1,1,32,0,52,0,16,25,na
2011,LTER_6,Backreef,2,NA1,2,16,16,12,0,56,25,na
2011,LTER_6,Backreef,2,NA1,3,56,8,0,0,36,25,na
2011,LTER_6,Backreef,2,NA1,4,24,0,0,0,76,25,na
2011,LTER_6,Backreef,2,NA1,5,64,0,28,0,8,25,na
2011,LTER_6,Backreef,2,NA10,1,68,0,20,0,12,25,na
2011,LTER_6,Backreef,2,NA10,2,4,0,60,0,36,25,na
2011,LTER_6,Backreef,2,NA10,3,16,16,4,0,64,25,na
2011,LTER_6,Backreef,2,NA10,4,48,0,12,0,40,25,na
2011,LTER_6,Backreef,2,NA10,5,12,0,44,0,44,25,na
2011,LTER_6,Backreef,2,NA11,1,12,0,60,0,28,25,na
2011,LTER_6,Backreef,2,NA11,2,56,0,12,0,32,25,na
2011,LTER_6,Backreef,2,NA11,3,68,0,0,0,32,25,na
2011,LTER_6,Backreef,2,NA11,4,20,0,20,0,60,25,na
2011,LTER_6,Backreef,2,NA11,5,24,0,36,0,40,25,na
2011,LTER_6,Backreef,2,NA12,1,0,0,100,0,0,25,na
2011,LTER_6,Backreef,2,NA12,2,12,4,0,0,84,25,na
2011,LTER_6,Backreef,2,NA12,3,28,0,52,0,20,25,na
2011,LTER_6,Backreef,2,NA12,4,12,0,4,0,84,25,na
2011,LTER_6,Backreef,2,NA12,5,20,0,36,0,44,25,na
2011,LTER_6,Backreef,2,NA13,1,0,4,80,0,16,25,na
2011,LTER_6,Backreef,2,NA13,2,0,4,8,0,88,25,na
2011,LTER_6,Backreef,2,NA13,3,8,0,36,0,56,25,na
2011,LTER_6,Backreef,2,NA13,4,64,0,8,0,28,25,na
2011,LTER_6,Backreef,2,NA13,5,16,0,16,0,68,25,na
2011,LTER_6,Backreef,2,NA14,1,44,0,0,0,56,25,na
2011,LTER_6,Backreef,2,NA14,2,16,0,0,0,84,25,na
2011,LTER_6,Backreef,2,NA14,3,32,16,8,0,44,25,na
2011,LTER_6,Backreef,2,NA14,4,12,0,0,0,88,25,na
2011,LTER_6,Backreef,2,NA14,5,76,0,20,0,4,25,na
2011,LTER_6,Backreef,2,NA15,1,8,0,52,0,40,25,na
2011,LTER_6,Backreef,2,NA15,2,40,4,8,0,48,25,na
2011,LTER_6,Backreef,2,NA15,3,40,0,20,0,40,25,na
2011,LTER_6,Backreef,2,NA15,4,28,0,0,0,72,25,na
2011,LTER_6,Backreef,2,NA15,5,76,0,4,0,20,25,na
2011,LTER_6,Backreef,2,NA16,1,36,0,0,0,64,25,na
2011,LTER_6,Backreef,2,NA16,2,8,0,44,0,48,25,na
2011,LTER_6,Backreef,2,NA16,3,20,4,76,0,0,25,na
2011,LTER_6,Backreef,2,NA16,4,4,0,76,0,20,25,na
2011,LTER_6,Backreef,2,NA16,5,24,0,0,20,56,25,na
2011,LTER_6,Backreef,2,NA17,1,60,0,32,0,8,25,na
2011,LTER_6,Backreef,2,NA17,2,4,0,28,0,68,25,na
2011,LTER_6,Backreef,2,NA17,3,0,0,96,0,4,25,na
2011,LTER_6,Backreef,2,NA17,4,8,0,84,0,8,25,na
2011,LTER_6,Backreef,2,NA17,5,4,0,0,0,96,25,na
2011,LTER_6,Backreef,2,NA18,1,40,0,36,0,24,25,na
2011,LTER_6,Backreef,2,NA18,2,12,0,24,0,64,25,na
2011,LTER_6,Backreef,2,NA18,3,12,0,0,0,88,25,na
2011,LTER_6,Backreef,2,NA18,4,0,0,76,0,24,25,na
2011,LTER_6,Backreef,2,NA18,5,8,0,0,36,56,25,na
2011,LTER_6,Backreef,2,NA19,1,8,4,8,0,80,25,na
2011,LTER_6,Backreef,2,NA19,2,0,28,0,0,72,25,na
2011,LTER_6,Backreef,2,NA19,3,16,0,20,0,64,25,na
2011,LTER_6,Backreef,2,NA19,4,24,0,24,0,52,25,na
2011,LTER_6,Backreef,2,NA19,5,12,0,32,0,56,25,na
2011,LTER_6,Backreef,2,NA2,1,12,0,4,0,84,25,na
2011,LTER_6,Backreef,2,NA2,2,4,0,0,0,96,25,na
2011,LTER_6,Backreef,2,NA2,3,8,0,48,0,44,25,na
2011,LTER_6,Backreef,2,NA2,4,4,0,40,0,56,25,na
2011,LTER_6,Backreef,2,NA2,5,4,0,0,0,96,25,na
2011,LTER_6,Backreef,2,NA20,1,32,0,4,0,64,25,na
2011,LTER_6,Backreef,2,NA20,2,12,0,52,0,36,25,na
2011,LTER_6,Backreef,2,NA20,3,12,8,4,0,76,25,na
2011,LTER_6,Backreef,2,NA20,4,16,4,52,0,28,25,na
2011,LTER_6,Backreef,2,NA20,5,24,4,16,0,56,25,na
2011,LTER_6,Backreef,2,NA3,1,44,0,0,0,56,25,na
2011,LTER_6,Backreef,2,NA3,2,8,0,8,0,84,25,na
2011,LTER_6,Backreef,2,NA3,3,24,0,0,0,76,25,na
2011,LTER_6,Backreef,2,NA3,4,24,0,0,0,76,25,na
2011,LTER_6,Backreef,2,NA3,5,8,0,0,0,92,25,na
2011,LTER_6,Backreef,2,NA4,1,68,0,8,0,24,25,na
2011,LTER_6,Backreef,2,NA4,2,0,8,0,0,92,25,na
2011,LTER_6,Backreef,2,NA4,3,12,0,72,0,16,25,na
2011,LTER_6,Backreef,2,NA4,4,20,0,0,0,80,25,na
2011,LTER_6,Backreef,2,NA4,5,16,0,4,0,80,25,na
2011,LTER_6,Backreef,2,NA5,1,24,8,12,0,56,25,na
2011,LTER_6,Backreef,2,NA5,2,20,4,0,0,76,25,na
2011,LTER_6,Backreef,2,NA5,3,24,0,20,0,56,25,na
2011,LTER_6,Backreef,2,NA5,4,48,0,0,0,52,25,na
2011,LTER_6,Backreef,2,NA5,5,12,0,4,0,84,25,na
2011,LTER_6,Backreef,2,NA6,1,8,0,8,0,84,25,na
2011,LTER_6,Backreef,2,NA6,2,0,0,16,0,84,25,na
2011,LTER_6,Backreef,2,NA6,3,0,0,100,0,0,25,na
2011,LTER_6,Backreef,2,NA6,4,36,0,8,0,56,25,na
2011,LTER_6,Backreef,2,NA6,5,60,0,0,0,40,25,na
2011,LTER_6,Backreef,2,NA7,1,60,0,0,0,40,25,na
2011,LTER_6,Backreef,2,NA7,2,80,4,0,0,16,25,na
2011,LTER_6,Backreef,2,NA7,3,0,0,92,0,8,25,na
2011,LTER_6,Backreef,2,NA7,4,24,0,40,0,36,25,na
2011,LTER_6,Backreef,2,NA7,5,96,0,0,0,4,25,na
2011,LTER_6,Backreef,2,NA8,1,4,0,28,0,68,25,na
2011,LTER_6,Backreef,2,NA8,2,12,0,64,0,24,25,na
2011,LTER_6,Backreef,2,NA8,3,0,0,96,0,4,25,na
2011,LTER_6,Backreef,2,NA8,4,36,0,4,0,60,25,na
2011,LTER_6,Backreef,2,NA8,5,36,0,0,0,64,25,na
2011,LTER_6,Backreef,2,NA9,1,24,0,0,0,76,25,na
2011,LTER_6,Backreef,2,NA9,2,80,0,0,0,20,25,na
2011,LTER_6,Backreef,2,NA9,3,24,0,36,0,40,25,na
2011,LTER_6,Backreef,2,NA9,4,12,0,4,0,84,25,na
2011,LTER_6,Backreef,2,NA9,5,0,0,4,0,96,25,na
2012,LTER_1,Backreef,2,NA7,2,BW,BW,BW,BW,BW,0,too shallow for nadir photo; photo horizontal so not valid for cover percent
2012,LTER_1,Backreef,2,NA8,2,BW,BW,BW,BW,BW,0,too shallow for nadir photo; photo horizontal so not valid for cover percent
2012,LTER_1,Backreef,2,NA1,1,0,16,0,0,84,25,na
2012,LTER_1,Backreef,2,NA1,2,0,20,16,0,64,25,na
2012,LTER_1,Backreef,2,NA1,3,0,4,0,0,96,25,na
2012,LTER_1,Backreef,2,NA1,4,64,0,8,0,28,25,na
2012,LTER_1,Backreef,2,NA1,5,0,16,28,0,56,25,na
2012,LTER_1,Backreef,2,NA10,1,12,16,0,0,72,25,na
2012,LTER_1,Backreef,2,NA10,2,0,12,0,0,88,25,na
2012,LTER_1,Backreef,2,NA10,3,0,0,0,0,100,25,na
2012,LTER_1,Backreef,2,NA10,4,4,4,28,0,64,25,na
2012,LTER_1,Backreef,2,NA10,5,84,8,8,0,0,25,na
2012,LTER_1,Backreef,2,NA11,1,0,20,0,0,80,25,na
2012,LTER_1,Backreef,2,NA11,2,12,4,0,0,84,25,na
2012,LTER_1,Backreef,2,NA11,3,4,32,0,0,64,25,na
2012,LTER_1,Backreef,2,NA11,4,0,8,0,0,92,25,na
2012,LTER_1,Backreef,2,NA11,5,0,0,4,0,96,25,na
2012,LTER_1,Backreef,2,NA12,1,0,20,0,0,80,25,na
2012,LTER_1,Backreef,2,NA12,2,20,12,0,0,68,25,na
2012,LTER_1,Backreef,2,NA12,3,0,24,0,0,76,25,na
2012,LTER_1,Backreef,2,NA12,4,8,4,16,0,72,25,na
2012,LTER_1,Backreef,2,NA12,5,60,0,0,0,40,25,na
2012,LTER_1,Backreef,2,NA13,1,4,8,16,0,72,25,na
2012,LTER_1,Backreef,2,NA13,2,20,0,0,0,80,25,na
2012,LTER_1,Backreef,2,NA13,3,4,0,0,0,96,25,na
2012,LTER_1,Backreef,2,NA13,4,8,4,24,0,64,25,na
2012,LTER_1,Backreef,2,NA13,5,48,0,0,0,52,25,na
2012,LTER_1,Backreef,2,NA14,1,0,8,8,0,84,25,na
2012,LTER_1,Backreef,2,NA14,2,0,16,44,0,40,25,na
2012,LTER_1,Backreef,2,NA14,3,4,44,0,0,52,25,na
2012,LTER_1,Backreef,2,NA14,4,20,0,36,0,44,25,na
2012,LTER_1,Backreef,2,NA14,5,48,16,20,0,16,25,na
2012,LTER_1,Backreef,2,NA15,1,0,20,0,0,80,25,na
2012,LTER_1,Backreef,2,NA15,2,44,4,12,0,40,25,na
2012,LTER_1,Backreef,2,NA15,3,0,0,0,0,100,25,na
2012,LTER_1,Backreef,2,NA15,4,16,0,52,0,32,25,na
2012,LTER_1,Backreef,2,NA15,5,4,8,12,0,76,25,na
2012,LTER_1,Backreef,2,NA16,1,56,0,0,0,44,25,na
2012,LTER_1,Backreef,2,NA16,2,4,0,0,0,96,25,na
2012,LTER_1,Backreef,2,NA16,3,0,12,0,0,88,25,na
2012,LTER_1,Backreef,2,NA16,4,4,12,4,0,80,25,na
2012,LTER_1,Backreef,2,NA16,5,0,0,72,0,28,25,na
2012,LTER_1,Backreef,2,NA17,1,0,0,48,0,52,25,na
2012,LTER_1,Backreef,2,NA17,2,0,16,0,0,84,25,na
2012,LTER_1,Backreef,2,NA17,3,12,12,0,0,76,25,na
2012,LTER_1,Backreef,2,NA17,4,0,0,8,0,92,25,na
2012,LTER_1,Backreef,2,NA17,5,40,4,36,0,20,25,na
2012,LTER_1,Backreef,2,NA18,1,0,0,88,0,12,25,na
2012,LTER_1,Backreef,2,NA18,2,0,4,0,0,96,25,na
2012,LTER_1,Backreef,2,NA18,3,0,4,0,0,96,25,na
2012,LTER_1,Backreef,2,NA18,4,40,0,8,0,52,25,na
2012,LTER_1,Backreef,2,NA18,5,20,8,20,0,52,25,na
2012,LTER_1,Backreef,2,NA19,1,4,16,44,0,36,25,na
2012,LTER_1,Backreef,2,NA19,2,0,0,0,0,100,25,na
2012,LTER_1,Backreef,2,NA19,3,0,4,0,0,96,25,na
2012,LTER_1,Backreef,2,NA19,4,20,16,0,0,64,25,na
2012,LTER_1,Backreef,2,NA19,5,88,4,4,0,4,25,na
2012,LTER_1,Backreef,2,NA2,1,0,16,60,0,24,25,na
2012,LTER_1,Backreef,2,NA2,2,16,0,68,0,16,25,na
2012,LTER_1,Backreef,2,NA2,3,40,44,0,0,16,25,na
2012,LTER_1,Backreef,2,NA2,4,28,4,4,0,64,25,na
2012,LTER_1,Backreef,2,NA2,5,0,0,56,0,44,25,na
2012,LTER_1,Backreef,2,NA20,1,32,16,8,0,44,25,na
2012,LTER_1,Backreef,2,NA20,2,0,16,0,0,84,25,na
2012,LTER_1,Backreef,2,NA20,3,0,8,0,0,92,25,na
2012,LTER_1,Backreef,2,NA20,4,16,12,36,0,36,25,na
2012,LTER_1,Backreef,2,NA20,5,0,4,64,0,32,25,na
2012,LTER_1,Backreef,2,NA3,1,0,0,100,0,0,25,na
2012,LTER_1,Backreef,2,NA3,2,4,24,0,0,72,25,na
2012,LTER_1,Backreef,2,NA3,3,0,40,0,0,60,25,na
2012,LTER_1,Backreef,2,NA3,4,60,0,8,0,32,25,na
2012,LTER_1,Backreef,2,NA3,5,8,12,48,0,32,25,na
2012,LTER_1,Backreef,2,NA4,1,4,0,92,0,4,25,na
2012,LTER_1,Backreef,2,NA4,2,8,28,20,0,44,25,na
2012,LTER_1,Backreef,2,NA4,3,16,4,16,0,64,25,na
2012,LTER_1,Backreef,2,NA4,4,16,0,0,0,84,25,na
2012,LTER_1,Backreef,2,NA4,5,24,0,56,0,20,25,na
2012,LTER_1,Backreef,2,NA5,1,0,12,60,0,28,25,na
2012,LTER_1,Backreef,2,NA5,2,0,12,24,0,64,25,na
2012,LTER_1,Backreef,2,NA5,3,4,0,24,0,72,25,na
2012,LTER_1,Backreef,2,NA5,4,4,4,4,0,88,25,na
2012,LTER_1,Backreef,2,NA5,5,4,12,36,0,48,25,na
2012,LTER_1,Backreef,2,NA6,1,16,12,0,0,72,25,na
2012,LTER_1,Backreef,2,NA6,2,12,0,0,0,88,25,na
2012,LTER_1,Backreef,2,NA6,3,0,36,0,0,64,25,na
2012,LTER_1,Backreef,2,NA6,4,12,16,4,0,68,25,na
2012,LTER_1,Backreef,2,NA6,5,8,8,28,0,56,25,na
2012,LTER_1,Backreef,2,NA7,1,36,12,24,0,28,25,na
2012,LTER_1,Backreef,2,NA7,3,0,40,0,0,60,25,na
2012,LTER_1,Backreef,2,NA7,4,8,0,28,0,64,25,na
2012,LTER_1,Backreef,2,NA7,5,12,12,28,0,48,25,na
2012,LTER_1,Backreef,2,NA8,1,12,28,20,0,40,25,na
2012,LTER_1,Backreef,2,NA8,3,0,16,0,0,84,25,na
2012,LTER_1,Backreef,2,NA8,4,0,0,16,0,84,25,na
2012,LTER_1,Backreef,2,NA8,5,36,4,12,0,48,25,na
2012,LTER_1,Backreef,2,NA9,1,16,12,12,0,60,25,na
2012,LTER_1,Backreef,2,NA9,2,0,28,0,0,72,25,na
2012,LTER_1,Backreef,2,NA9,3,0,0,0,0,100,25,na
2012,LTER_1,Backreef,2,NA9,4,20,4,12,0,64,25,na
2012,LTER_1,Backreef,2,NA9,5,4,24,44,0,28,25,na
2012,LTER_2,Backreef,2,N7,3,BW,BW,BW,BW,BW,0,too shallow for nadir photo; photo horizontal so not valid for cover percent
2012,LTER_2,Backreef,2,N8,3,BW,BW,BW,BW,BW,0,too shallow for nadir photo; photo horizontal so not valid for cover percent
2012,LTER_2,Backreef,2,E11,1,0,40,0,0,60,25,na
2012,LTER_2,Backreef,2,E11,2,0,8,8,0,84,25,na
2012,LTER_2,Backreef,2,E11,3,0,12,0,0,88,25,na
2012,LTER_2,Backreef,2,E11,4,0,0,0,0,100,25,na
2012,LTER_2,Backreef,2,E11,5,0,8,0,0,92,25,na
2012,LTER_2,Backreef,2,E12,1,4,16,0,0,80,25,na
2012,LTER_2,Backreef,2,E12,2,0,0,8,0,92,25,na
2012,LTER_2,Backreef,2,E12,3,8,52,0,0,40,25,na
2012,LTER_2,Backreef,2,E12,4,0,0,0,0,100,25,na
2012,LTER_2,Backreef,2,E12,5,0,16,0,0,84,25,na
2012,LTER_2,Backreef,2,E13,1,4,44,24,0,28,25,na
2012,LTER_2,Backreef,2,E13,2,0,4,0,0,96,25,na
2012,LTER_2,Backreef,2,E13,3,36,20,4,0,40,25,na
2012,LTER_2,Backreef,2,E13,4,0,0,0,0,100,25,na
2012,LTER_2,Backreef,2,E13,5,8,40,16,0,36,25,na
2012,LTER_2,Backreef,2,E14,1,4,24,12,0,60,25,na
2012,LTER_2,Backreef,2,E14,2,0,56,32,0,12,25,na
2012,LTER_2,Backreef,2,E14,3,0,4,80,0,16,25,na
2012,LTER_2,Backreef,2,E14,4,60,0,20,0,20,25,na
2012,LTER_2,Backreef,2,E14,5,4,52,44,0,0,25,na
2012,LTER_2,Backreef,2,E15,1,0,8,24,0,68,25,na
2012,LTER_2,Backreef,2,E15,2,0,40,24,0,36,25,na
2012,LTER_2,Backreef,2,E15,3,0,0,100,0,0,25,na
2012,LTER_2,Backreef,2,E15,4,96,0,0,0,4,25,na
2012,LTER_2,Backreef,2,E15,5,0,36,8,0,56,25,na
2012,LTER_2,Backreef,2,N10,1,28,4,64,0,4,25,na
2012,LTER_2,Backreef,2,N10,2,40,8,4,0,48,25,na
2012,LTER_2,Backreef,2,N10,3,56,0,0,0,44,25,na
2012,LTER_2,Backreef,2,N10,4,8,40,0,0,52,25,na
2012,LTER_2,Backreef,2,N10,5,56,4,40,0,0,25,na
2012,LTER_2,Backreef,2,N6,1,0,20,48,0,32,25,na
2012,LTER_2,Backreef,2,N6,2,0,28,16,0,56,25,na
2012,LTER_2,Backreef,2,N6,3,0,36,4,0,60,25,na
2012,LTER_2,Backreef,2,N6,4,0,0,0,0,100,25,na
2012,LTER_2,Backreef,2,N6,5,0,4,0,0,96,25,na
2012,LTER_2,Backreef,2,N7,1,0,0,88,0,12,25,na
2012,LTER_2,Backreef,2,N7,2,0,12,40,0,48,25,na
2012,LTER_2,Backreef,2,N7,4,12,0,4,0,84,25,na
2012,LTER_2,Backreef,2,N7,5,0,24,0,0,76,25,na
2012,LTER_2,Backreef,2,N8,1,0,4,80,0,16,25,na
2012,LTER_2,Backreef,2,N8,2,16,0,0,0,84,25,na
2012,LTER_2,Backreef,2,N8,4,40,0,4,0,56,25,na
2012,LTER_2,Backreef,2,N8,5,0,4,0,0,96,25,na
2012,LTER_2,Backreef,2,N9,1,0,0,44,0,56,25,na
2012,LTER_2,Backreef,2,N9,2,0,88,0,0,12,25,na
2012,LTER_2,Backreef,2,N9,3,4,44,4,0,48,25,na
2012,LTER_2,Backreef,2,N9,4,24,16,4,0,56,25,na
2012,LTER_2,Backreef,2,N9,5,52,0,8,0,40,25,na
2012,LTER_2,Backreef,2,S1,1,4,36,24,0,36,25,na
2012,LTER_2,Backreef,2,S1,2,8,0,4,0,88,25,na
2012,LTER_2,Backreef,2,S1,3,4,32,8,0,56,25,na
2012,LTER_2,Backreef,2,S1,4,8,0,0,0,92,25,na
2012,LTER_2,Backreef,2,S1,5,0,4,0,0,96,25,na
2012,LTER_2,Backreef,2,S2,1,0,4,68,0,28,25,na
2012,LTER_2,Backreef,2,S2,2,36,4,0,0,60,25,na
2012,LTER_2,Backreef,2,S2,3,0,28,8,0,64,25,na
2012,LTER_2,Backreef,2,S2,4,8,8,52,0,32,25,na
2012,LTER_2,Backreef,2,S2,5,0,16,0,0,84,25,na
2012,LTER_2,Backreef,2,S3,1,0,52,36,0,12,25,na
2012,LTER_2,Backreef,2,S3,2,0,0,100,0,0,25,na
2012,LTER_2,Backreef,2,S3,3,0,24,28,0,48,25,na
2012,LTER_2,Backreef,2,S3,4,0,0,100,0,0,25,na
2012,LTER_2,Backreef,2,S3,5,0,8,0,0,92,25,na
2012,LTER_2,Backreef,2,S4,1,0,12,84,0,4,25,na
2012,LTER_2,Backreef,2,S4,2,0,0,100,0,0,25,na
2012,LTER_2,Backreef,2,S4,3,0,8,58,0,33,24,some sub squares omitted
2012,LTER_2,Backreef,2,S4,4,0,0,100,0,0,25,na
2012,LTER_2,Backreef,2,S4,5,0,64,0,0,36,25,na
2012,LTER_2,Backreef,2,S5,1,0,0,84,0,16,25,na
2012,LTER_2,Backreef,2,S5,2,4,4,0,0,92,25,na
2012,LTER_2,Backreef,2,S5,3,0,28,4,0,68,25,na
2012,LTER_2,Backreef,2,S5,4,0,0,100,0,0,25,na
2012,LTER_2,Backreef,2,S5,5,12,12,16,0,60,25,na
2012,LTER_2,Backreef,2,W16,1,0,28,24,0,48,25,na
2012,LTER_2,Backreef,2,W16,2,0,0,0,0,100,25,na
2012,LTER_2,Backreef,2,W16,3,4,0,8,0,88,25,na
2012,LTER_2,Backreef,2,W16,4,4,4,36,0,56,25,na
2012,LTER_2,Backreef,2,W16,5,8,4,0,0,88,25,na
2012,LTER_2,Backreef,2,W17,1,32,0,8,0,60,25,na
2012,LTER_2,Backreef,2,W17,2,28,0,0,0,72,25,na
2012,LTER_2,Backreef,2,W17,3,0,20,44,0,36,25,na
2012,LTER_2,Backreef,2,W17,4,0,8,32,0,60,25,na
2012,LTER_2,Backreef,2,W17,5,40,48,0,0,12,25,na
2012,LTER_2,Backreef,2,W18,1,96,0,0,0,4,25,na
2012,LTER_2,Backreef,2,W18,2,0,0,0,0,100,25,na
2012,LTER_2,Backreef,2,W18,3,0,20,48,0,32,25,na
2012,LTER_2,Backreef,2,W18,4,16,4,0,0,80,25,na
2012,LTER_2,Backreef,2,W18,5,12,88,0,0,0,25,na
2012,LTER_2,Backreef,2,W19,1,40,48,0,0,12,25,na
2012,LTER_2,Backreef,2,W19,2,4,0,0,0,96,25,na
2012,LTER_2,Backreef,2,W19,3,0,0,60,0,40,25,na
2012,LTER_2,Backreef,2,W19,4,12,0,4,0,84,25,na
2012,LTER_2,Backreef,2,W19,5,28,64,0,0,8,25,na
2012,LTER_2,Backreef,2,W20,1,92,0,4,0,4,25,na
2012,LTER_2,Backreef,2,W20,2,4,44,0,0,52,25,na
2012,LTER_2,Backreef,2,W20,3,0,4,48,0,48,25,na
2012,LTER_2,Backreef,2,W20,4,8,0,8,0,84,25,na
2012,LTER_2,Backreef,2,W20,5,84,0,0,0,16,25,na
2012,LTER_3,Backreef,2,N8,2,BW,BW,BW,BW,BW,0,too shallow for nadir photo; photo horizontal so not valid for cover percent
2012,LTER_3,Backreef,2,S4,3,BW,BW,BW,BW,BW,0,too shallow for nadir photo; photo horizontal so not valid for cover percent
2012,LTER_3,Backreef,2,W18,1,BW,BW,BW,BW,BW,0,too shallow for nadir photo; photo horizontal so not valid for cover percent
2012,LTER_3,Backreef,2,W18,4,BW,BW,BW,BW,BW,0,too shallow for nadir photo; photo horizontal so not valid for cover percent
2012,LTER_3,Backreef,2,E11,1,4,0,12,0,84,25,na
2012,LTER_3,Backreef,2,E11,2,17,25,0,0,58,24,some sub squares omitted
2012,LTER_3,Backreef,2,E11,3,20,4,0,0,76,25,na
2012,LTER_3,Backreef,2,E11,4,16,12,0,0,72,25,na
2012,LTER_3,Backreef,2,E11,5,8,0,28,0,64,25,na
2012,LTER_3,Backreef,2,E12,1,28,12,12,0,48,25,na
2012,LTER_3,Backreef,2,E12,2,0,20,4,0,76,25,na
2012,LTER_3,Backreef,2,E12,3,12,0,52,0,36,25,na
2012,LTER_3,Backreef,2,E12,4,16,12,0,0,72,25,na
2012,LTER_3,Backreef,2,E12,5,12,0,52,0,36,25,na
2012,LTER_3,Backreef,2,E13,1,0,4,36,0,60,25,na
2012,LTER_3,Backreef,2,E13,2,0,0,64,0,36,25,na
2012,LTER_3,Backreef,2,E13,3,60,12,28,0,0,25,na
2012,LTER_3,Backreef,2,E13,4,20,32,8,0,40,25,na
2012,LTER_3,Backreef,2,E13,5,24,0,24,0,52,25,na
2012,LTER_3,Backreef,2,E14,1,28,8,24,0,40,25,na
2012,LTER_3,Backreef,2,E14,2,8,0,88,0,4,25,na
2012,LTER_3,Backreef,2,E14,3,0,8,88,0,4,25,na
2012,LTER_3,Backreef,2,E14,4,12,44,4,0,40,25,na
2012,LTER_3,Backreef,2,E14,5,100,0,0,0,0,25,na
2012,LTER_3,Backreef,2,E15,1,80,4,0,0,16,25,na
2012,LTER_3,Backreef,2,E15,2,44,0,32,0,24,25,na
2012,LTER_3,Backreef,2,E15,3,32,0,56,0,12,25,na
2012,LTER_3,Backreef,2,E15,4,24,68,0,0,8,25,na
2012,LTER_3,Backreef,2,E15,5,12,8,56,0,24,25,na
2012,LTER_3,Backreef,2,N10,1,24,12,56,0,8,25,na
2012,LTER_3,Backreef,2,N10,2,16,4,28,0,52,25,na
2012,LTER_3,Backreef,2,N10,3,4,0,52,0,44,25,na
2012,LTER_3,Backreef,2,N10,4,16,8,76,0,0,25,na
2012,LTER_3,Backreef,2,N10,5,16,44,4,0,36,25,na
2012,LTER_3,Backreef,2,N6,1,8,4,36,0,52,25,na
2012,LTER_3,Backreef,2,N6,2,12,36,4,0,48,25,na
2012,LTER_3,Backreef,2,N6,3,8,4,48,0,40,25,na
2012,LTER_3,Backreef,2,N6,4,20,12,0,0,68,25,na
2012,LTER_3,Backreef,2,N6,5,0,0,48,0,52,25,na
2012,LTER_3,Backreef,2,N7,1,4,8,8,0,80,25,na
2012,LTER_3,Backreef,2,N7,2,16,44,0,0,40,25,na
2012,LTER_3,Backreef,2,N7,3,8,0,72,0,20,25,na
2012,LTER_3,Backreef,2,N7,4,24,12,0,0,64,25,na
2012,LTER_3,Backreef,2,N7,5,4,0,84,0,12,25,na
2012,LTER_3,Backreef,2,N8,1,4,0,64,0,32,25,na
2012,LTER_3,Backreef,2,N8,3,0,0,76,0,24,25,na
2012,LTER_3,Backreef,2,N8,4,32,16,52,0,0,25,na
2012,LTER_3,Backreef,2,N8,5,0,0,100,0,0,25,na
2012,LTER_3,Backreef,2,N9,1,4,0,60,0,36,25,na
2012,LTER_3,Backreef,2,N9,2,36,8,0,0,56,25,na
2012,LTER_3,Backreef,2,N9,3,40,4,4,0,52,25,na
2012,LTER_3,Backreef,2,N9,4,0,4,88,0,8,25,na
2012,LTER_3,Backreef,2,N9,5,13,65,13,0,9,23,some sub squares omitted
2012,LTER_3,Backreef,2,S1,1,56,0,40,0,4,25,na
2012,LTER_3,Backreef,2,S1,2,36,12,0,0,52,25,na
2012,LTER_3,Backreef,2,S1,3,44,0,36,0,20,25,na
2012,LTER_3,Backreef,2,S1,4,28,12,16,0,44,25,na
2012,LTER_3,Backreef,2,S1,5,8,16,24,0,52,25,na
2012,LTER_3,Backreef,2,S2,1,32,4,48,0,16,25,na
2012,LTER_3,Backreef,2,S2,2,8,24,0,0,68,25,na
2012,LTER_3,Backreef,2,S2,3,20,4,12,0,64,25,na
2012,LTER_3,Backreef,2,S2,4,36,12,44,0,8,25,na
2012,LTER_3,Backreef,2,S2,5,4,4,4,0,88,25,na
2012,LTER_3,Backreef,2,S3,1,76,0,0,0,24,25,na
2012,LTER_3,Backreef,2,S3,2,8,0,4,0,88,25,na
2012,LTER_3,Backreef,2,S3,3,8,0,4,0,88,25,na
2012,LTER_3,Backreef,2,S3,4,40,16,12,0,32,25,na
2012,LTER_3,Backreef,2,S3,5,56,4,12,0,28,25,na
2012,LTER_3,Backreef,2,S4,1,28,0,16,0,56,25,na
2012,LTER_3,Backreef,2,S4,2,4,4,12,0,80,25,na
2012,LTER_3,Backreef,2,S4,4,64,20,4,0,12,25,na
2012,LTER_3,Backreef,2,S4,5,28,4,28,0,40,25,na
2012,LTER_3,Backreef,2,S5,1,28,0,20,0,52,25,na
2012,LTER_3,Backreef,2,S5,2,12,0,0,0,88,25,na
2012,LTER_3,Backreef,2,S5,3,0,8,0,0,92,25,na
2012,LTER_3,Backreef,2,S5,4,4,0,72,0,24,25,na
2012,LTER_3,Backreef,2,S5,5,12,12,24,0,52,25,na
2012,LTER_3,Backreef,2,W16,1,68,0,28,0,4,25,na
2012,LTER_3,Backreef,2,W16,2,36,32,16,0,16,25,na
2012,LTER_3,Backreef,2,W16,3,16,0,60,0,24,25,na
2012,LTER_3,Backreef,2,W16,4,20,8,0,0,72,25,na
2012,LTER_3,Backreef,2,W16,5,32,0,24,0,44,25,na
2012,LTER_3,Backreef,2,W17,1,96,0,0,0,4,25,na
2012,LTER_3,Backreef,2,W17,2,44,8,28,0,20,25,na
2012,LTER_3,Backreef,2,W17,3,4,4,48,0,44,25,na
2012,LTER_3,Backreef,2,W17,4,16,20,0,0,64,25,na
2012,LTER_3,Backreef,2,W17,5,56,0,44,0,0,25,na
2012,LTER_3,Backreef,2,W18,2,32,20,12,0,36,25,na
2012,LTER_3,Backreef,2,W18,3,17,0,54,0,29,24,some sub squares omitted
2012,LTER_3,Backreef,2,W18,5,16,4,64,0,16,25,na
2012,LTER_3,Backreef,2,W19,1,52,4,12,0,32,25,na
2012,LTER_3,Backreef,2,W19,2,16,52,0,0,32,25,na
2012,LTER_3,Backreef,2,W19,3,32,4,36,0,28,25,na
2012,LTER_3,Backreef,2,W19,4,20,12,0,0,68,25,na
2012,LTER_3,Backreef,2,W19,5,80,16,4,0,0,25,na
2012,LTER_3,Backreef,2,W20,1,0,0,68,0,32,25,na
2012,LTER_3,Backreef,2,W20,2,40,8,0,0,52,25,na
2012,LTER_3,Backreef,2,W20,3,8,12,40,0,40,25,na
2012,LTER_3,Backreef,2,W20,4,0,0,100,0,0,25,na
2012,LTER_3,Backreef,2,W20,5,96,0,4,0,0,25,na
2012,LTER_4,Backreef,2,S3,5,BW,BW,BW,BW,BW,0,too shallow for nadir photo; photo horizontal so not valid for cover percent
2012,LTER_4,Backreef,2,E11,1,40,0,4,0,56,25,na
2012,LTER_4,Backreef,2,E11,2,36,0,0,0,64,25,na
2012,LTER_4,Backreef,2,E11,3,40,0,0,0,60,25,na
2012,LTER_4,Backreef,2,E11,4,36,0,0,0,64,25,na
2012,LTER_4,Backreef,2,E11,5,36,0,0,0,64,25,na
2012,LTER_4,Backreef,2,E12,1,64,0,12,0,24,25,na
2012,LTER_4,Backreef,2,E12,2,32,0,24,0,44,25,na
2012,LTER_4,Backreef,2,E12,3,28,0,16,0,56,25,na
2012,LTER_4,Backreef,2,E12,4,20,0,28,0,52,25,na
2012,LTER_4,Backreef,2,E12,5,60,0,0,0,40,25,na
2012,LTER_4,Backreef,2,E13,1,24,0,28,0,48,25,na
2012,LTER_4,Backreef,2,E13,2,40,0,44,0,16,25,na
2012,LTER_4,Backreef,2,E13,3,0,0,84,0,16,25,na
2012,LTER_4,Backreef,2,E13,4,28,0,16,0,56,25,na
2012,LTER_4,Backreef,2,E13,5,32,0,4,0,64,25,na
2012,LTER_4,Backreef,2,E14,1,8,0,52,0,40,25,na
2012,LTER_4,Backreef,2,E14,2,16,0,44,0,40,25,na
2012,LTER_4,Backreef,2,E14,3,0,0,72,0,28,25,na
2012,LTER_4,Backreef,2,E14,4,4,0,24,0,72,25,na
2012,LTER_4,Backreef,2,E14,5,44,0,0,0,56,25,na
2012,LTER_4,Backreef,2,E15,1,16,4,48,0,32,25,na
2012,LTER_4,Backreef,2,E15,2,8,0,40,0,52,25,na
2012,LTER_4,Backreef,2,E15,3,40,0,48,0,12,25,na
2012,LTER_4,Backreef,2,E15,4,4,0,92,0,4,25,na
2012,LTER_4,Backreef,2,E15,5,60,0,20,0,20,25,na
2012,LTER_4,Backreef,2,N10,1,0,0,100,0,0,25,na
2012,LTER_4,Backreef,2,N10,2,56,0,0,0,44,25,na
2012,LTER_4,Backreef,2,N10,3,44,0,44,0,12,25,na
2012,LTER_4,Backreef,2,N10,4,4,0,20,0,76,25,na
2012,LTER_4,Backreef,2,N10,5,36,4,20,0,40,25,na
2012,LTER_4,Backreef,2,N6,1,36,0,8,0,56,25,na
2012,LTER_4,Backreef,2,N6,2,32,0,0,0,68,25,na
2012,LTER_4,Backreef,2,N6,3,56,0,0,0,44,25,na
2012,LTER_4,Backreef,2,N6,4,24,0,16,0,60,25,na
2012,LTER_4,Backreef,2,N6,5,8,0,0,0,92,25,na
2012,LTER_4,Backreef,2,N7,1,36,4,12,0,48,25,na
2012,LTER_4,Backreef,2,N7,2,80,0,12,0,8,25,na
2012,LTER_4,Backreef,2,N7,3,36,0,28,0,36,25,na
2012,LTER_4,Backreef,2,N7,4,4,0,48,0,48,25,na
2012,LTER_4,Backreef,2,N7,5,72,0,0,0,28,25,na
2012,LTER_4,Backreef,2,N8,1,32,0,36,0,32,25,na
2012,LTER_4,Backreef,2,N8,2,100,0,0,0,0,25,na
2012,LTER_4,Backreef,2,N8,3,36,0,56,0,8,25,na
2012,LTER_4,Backreef,2,N8,4,0,0,92,0,8,25,na
2012,LTER_4,Backreef,2,N8,5,96,0,4,0,0,25,na
2012,LTER_4,Backreef,2,N9,1,0,0,88,0,12,25,na
2012,LTER_4,Backreef,2,N9,2,28,0,24,0,48,25,na
2012,LTER_4,Backreef,2,N9,3,32,4,64,0,0,25,na
2012,LTER_4,Backreef,2,N9,4,0,0,100,0,0,25,na
2012,LTER_4,Backreef,2,N9,5,20,0,56,0,24,25,na
2012,LTER_4,Backreef,2,S1,1,20,0,44,0,36,25,na
2012,LTER_4,Backreef,2,S1,2,40,0,4,0,56,25,na
2012,LTER_4,Backreef,2,S1,3,40,4,36,0,20,25,na
2012,LTER_4,Backreef,2,S1,4,12,0,24,0,64,25,na
2012,LTER_4,Backreef,2,S1,5,20,0,0,0,80,25,na
2012,LTER_4,Backreef,2,S2,1,32,0,0,0,68,25,na
2012,LTER_4,Backreef,2,S2,2,68,0,16,0,16,25,na
2012,LTER_4,Backreef,2,S2,3,12,0,12,0,76,25,na
2012,LTER_4,Backreef,2,S2,4,8,0,92,0,0,25,na
2012,LTER_4,Backreef,2,S2,5,56,20,0,0,24,25,na
2012,LTER_4,Backreef,2,S3,1,40,0,0,0,60,25,na
2012,LTER_4,Backreef,2,S3,2,8,0,40,0,52,25,na
2012,LTER_4,Backreef,2,S3,3,52,4,20,0,24,25,na
2012,LTER_4,Backreef,2,S3,4,0,0,56,0,44,25,na
2012,LTER_4,Backreef,2,S4,1,64,0,0,0,36,25,na
2012,LTER_4,Backreef,2,S4,2,20,0,52,0,28,25,na
2012,LTER_4,Backreef,2,S4,3,56,0,28,0,16,25,na
2012,LTER_4,Backreef,2,S4,4,8,0,80,0,12,25,na
2012,LTER_4,Backreef,2,S4,5,0,28,0,72,0,25,na
2012,LTER_4,Backreef,2,S5,1,24,0,28,0,48,25,na
2012,LTER_4,Backreef,2,S5,2,0,0,80,0,20,25,na
2012,LTER_4,Backreef,2,S5,3,0,0,64,0,36,25,na
2012,LTER_4,Backreef,2,S5,4,0,0,100,0,0,25,na
2012,LTER_4,Backreef,2,S5,5,8,0,20,0,72,25,na
2012,LTER_4,Backreef,2,W16,1,56,4,8,0,32,25,na
2012,LTER_4,Backreef,2,W16,2,24,0,16,0,60,25,na
2012,LTER_4,Backreef,2,W16,3,56,0,12,0,32,25,na
2012,LTER_4,Backreef,2,W16,4,76,0,4,0,20,25,na
2012,LTER_4,Backreef,2,W16,5,36,0,0,0,64,25,na
2012,LTER_4,Backreef,2,W17,1,40,0,24,0,36,25,na
2012,LTER_4,Backreef,2,W17,2,24,0,36,0,40,25,na
2012,LTER_4,Backreef,2,W17,3,60,0,12,0,28,25,na
2012,LTER_4,Backreef,2,W17,4,32,0,0,0,68,25,na
2012,LTER_4,Backreef,2,W17,5,28,0,4,0,68,25,na
2012,LTER_4,Backreef,2,W18,1,8,0,52,0,40,25,na
2012,LTER_4,Backreef,2,W18,2,0,0,100,0,0,25,na
2012,LTER_4,Backreef,2,W18,3,8,0,24,0,68,25,na
2012,LTER_4,Backreef,2,W18,4,76,0,0,0,24,25,na
2012,LTER_4,Backreef,2,W18,5,36,0,20,0,44,25,na
2012,LTER_4,Backreef,2,W19,1,0,0,76,0,24,25,na
2012,LTER_4,Backreef,2,W19,2,0,0,92,0,8,25,na
2012,LTER_4,Backreef,2,W19,3,32,0,0,0,68,25,na
2012,LTER_4,Backreef,2,W19,4,72,0,0,0,28,25,na
2012,LTER_4,Backreef,2,W19,5,48,0,16,0,36,25,na
2012,LTER_4,Backreef,2,W20,1,8,0,28,0,64,25,na
2012,LTER_4,Backreef,2,W20,2,84,16,0,0,0,25,na
2012,LTER_4,Backreef,2,W20,3,56,4,0,0,40,25,na
2012,LTER_4,Backreef,2,W20,4,4,0,92,0,4,25,na
2012,LTER_4,Backreef,2,W20,5,28,0,0,0,72,25,na
2012,LTER_5,Backreef,2,N7,4,BW,BW,BW,BW,BW,0,too shallow for nadir photo; photo horizontal so not valid for cover percent
2012,LTER_5,Backreef,2,N8,4,BW,BW,BW,BW,BW,0,too shallow for nadir photo; photo horizontal so not valid for cover percent
2012,LTER_5,Backreef,2,S2,4,BW,BW,BW,BW,BW,0,too shallow for nadir photo; photo horizontal so not valid for cover percent
2012,LTER_5,Backreef,2,S3,4,BW,BW,BW,BW,BW,0,too shallow for nadir photo; photo horizontal so not valid for cover percent
2012,LTER_5,Backreef,2,W19,3,BW,BW,BW,BW,BW,0,too shallow for nadir photo; photo horizontal so not valid for cover percent
2012,LTER_5,Backreef,2,E11,1,32,0,16,0,52,25,na
2012,LTER_5,Backreef,2,E11,2,24,0,0,0,76,25,na
2012,LTER_5,Backreef,2,E11,3,32,0,8,0,60,25,na
2012,LTER_5,Backreef,2,E11,4,40,0,8,0,52,25,na
2012,LTER_5,Backreef,2,E12,1,24,4,60,0,12,25,na
2012,LTER_5,Backreef,2,E12,2,32,0,4,0,64,25,na
2012,LTER_5,Backreef,2,E12,3,4,0,92,0,4,25,na
2012,LTER_5,Backreef,2,E12,4,8,0,88,0,4,25,na
2012,LTER_5,Backreef,2,E13,1,0,0,100,0,0,25,na
2012,LTER_5,Backreef,2,E13,2,64,8,4,0,24,25,na
2012,LTER_5,Backreef,2,E13,3,28,4,36,0,32,25,na
2012,LTER_5,Backreef,2,E13,4,0,0,80,0,20,25,na
2012,LTER_5,Backreef,2,E14,1,24,0,64,0,12,25,na
2012,LTER_5,Backreef,2,E14,2,40,0,0,0,60,25,na
2012,LTER_5,Backreef,2,E14,3,0,0,0,0,100,25,na
2012,LTER_5,Backreef,2,E14,4,0,0,88,0,12,25,na
2012,LTER_5,Backreef,2,E15,1,0,0,100,0,0,25,na
2012,LTER_5,Backreef,2,E15,2,84,0,0,0,16,25,na
2012,LTER_5,Backreef,2,E15,3,24,4,40,0,32,25,na
2012,LTER_5,Backreef,2,E15,4,0,0,100,0,0,25,na
2012,LTER_5,Backreef,2,N10,1,0,0,100,0,0,25,na
2012,LTER_5,Backreef,2,N10,2,28,0,72,0,0,25,na
2012,LTER_5,Backreef,2,N10,3,100,0,0,0,0,25,na
2012,LTER_5,Backreef,2,N10,4,8,12,72,0,8,25,na
2012,LTER_5,Backreef,2,N6,1,20,0,12,0,68,25,na
2012,LTER_5,Backreef,2,N6,2,32,0,0,0,68,25,na
2012,LTER_5,Backreef,2,N6,3,84,0,8,0,8,25,na
2012,LTER_5,Backreef,2,N6,4,8,0,12,0,80,25,na
2012,LTER_5,Backreef,2,N7,1,32,0,8,0,60,25,na
2012,LTER_5,Backreef,2,N7,2,12,12,72,0,4,25,na
2012,LTER_5,Backreef,2,N7,3,100,0,0,0,0,25,na
2012,LTER_5,Backreef,2,N8,1,32,4,40,0,24,25,na
2012,LTER_5,Backreef,2,N8,2,4,0,32,0,64,25,na
2012,LTER_5,Backreef,2,N8,3,48,0,52,0,0,25,na
2012,LTER_5,Backreef,2,N9,1,0,0,100,0,0,25,na
2012,LTER_5,Backreef,2,N9,2,40,0,48,0,12,25,na
2012,LTER_5,Backreef,2,N9,3,20,0,36,0,44,25,na
2012,LTER_5,Backreef,2,N9,4,0,0,20,0,80,25,na
2012,LTER_5,Backreef,2,S1,1,16,0,52,0,32,25,na
2012,LTER_5,Backreef,2,S1,2,16,0,40,0,44,25,na
2012,LTER_5,Backreef,2,S1,3,96,0,4,0,0,25,na
2012,LTER_5,Backreef,2,S1,4,0,0,12,80,8,25,na
2012,LTER_5,Backreef,2,S2,1,84,0,8,0,8,25,na
2012,LTER_5,Backreef,2,S2,2,0,0,100,0,0,25,na
2012,LTER_5,Backreef,2,S2,3,4,0,60,0,36,25,na
2012,LTER_5,Backreef,2,S3,1,12,0,0,0,88,25,na
2012,LTER_5,Backreef,2,S3,2,24,0,52,0,24,25,na
2012,LTER_5,Backreef,2,S3,3,20,0,48,0,32,25,na
2012,LTER_5,Backreef,2,S4,1,16,0,4,0,80,25,na
2012,LTER_5,Backreef,2,S4,2,56,0,44,0,0,25,na
2012,LTER_5,Backreef,2,S4,3,8,8,44,0,40,25,na
2012,LTER_5,Backreef,2,S4,4,88,4,0,0,8,25,na
2012,LTER_5,Backreef,2,S5,1,24,0,0,0,76,25,na
2012,LTER_5,Backreef,2,S5,2,0,0,76,0,24,25,na
2012,LTER_5,Backreef,2,S5,3,0,0,100,0,0,25,na
2012,LTER_5,Backreef,2,S5,4,12,0,88,0,0,25,na
2012,LTER_5,Backreef,2,W16,1,12,4,48,0,36,25,na
2012,LTER_5,Backreef,2,W16,2,44,0,40,0,16,25,na
2012,LTER_5,Backreef,2,W16,3,16,0,28,0,56,25,na
2012,LTER_5,Backreef,2,W16,4,20,0,60,0,20,25,na
2012,LTER_5,Backreef,2,W17,1,8,0,44,0,48,25,na
2012,LTER_5,Backreef,2,W17,2,32,0,4,0,64,25,na
2012,LTER_5,Backreef,2,W17,3,60,0,12,0,28,25,na
2012,LTER_5,Backreef,2,W17,4,12,4,48,0,36,25,na
2012,LTER_5,Backreef,2,W18,1,20,8,32,0,40,25,na
2012,LTER_5,Backreef,2,W18,2,36,0,20,0,44,25,na
2012,LTER_5,Backreef,2,W18,3,80,0,0,0,20,25,na
2012,LTER_5,Backreef,2,W18,4,0,0,44,0,56,25,na
2012,LTER_5,Backreef,2,W19,1,16,0,52,0,32,25,na
2012,LTER_5,Backreef,2,W19,2,20,0,48,0,32,25,na
2012,LTER_5,Backreef,2,W19,4,4,0,52,0,44,25,na
2012,LTER_5,Backreef,2,W20,1,8,0,0,0,92,25,na
2012,LTER_5,Backreef,2,W20,2,80,0,16,0,4,25,na
2012,LTER_5,Backreef,2,W20,3,32,0,8,0,60,25,na
2012,LTER_5,Backreef,2,W20,4,20,8,40,0,32,25,na
2012,LTER_6,Backreef,2,W17,4,BW,BW,BW,BW,BW,0,too shallow for nadir photo; photo horizontal so not valid for cover percent
2012,LTER_6,Backreef,2,W18,4,BW,BW,BW,BW,BW,0,too shallow for nadir photo; photo horizontal so not valid for cover percent
2012,LTER_6,Backreef,2,E11,1,0,0,4,0,96,25,na
2012,LTER_6,Backreef,2,E11,2,0,0,12,0,88,25,na
2012,LTER_6,Backreef,2,E11,3,8,8,0,0,84,25,na
2012,LTER_6,Backreef,2,E11,4,20,4,4,0,72,25,na
2012,LTER_6,Backreef,2,E11,5,4,0,44,0,52,25,na
2012,LTER_6,Backreef,2,E12,1,28,0,4,0,68,25,na
2012,LTER_6,Backreef,2,E12,2,24,0,20,0,56,25,na
2012,LTER_6,Backreef,2,E12,3,24,0,8,0,68,25,na
2012,LTER_6,Backreef,2,E12,4,12,0,0,0,88,25,na
2012,LTER_6,Backreef,2,E12,5,64,0,32,0,4,25,na
2012,LTER_6,Backreef,2,E13,1,0,0,32,0,68,25,na
2012,LTER_6,Backreef,2,E13,2,52,0,4,0,44,25,na
2012,LTER_6,Backreef,2,E13,3,0,0,92,0,8,25,na
2012,LTER_6,Backreef,2,E13,4,36,4,8,0,52,25,na
2012,LTER_6,Backreef,2,E13,5,68,0,12,0,20,25,na
2012,LTER_6,Backreef,2,E14,1,28,0,0,0,72,25,na
2012,LTER_6,Backreef,2,E14,2,0,0,4,0,96,25,na
2012,LTER_6,Backreef,2,E14,3,0,0,100,0,0,25,na
2012,LTER_6,Backreef,2,E14,4,24,0,8,0,68,25,na
2012,LTER_6,Backreef,2,E14,5,12,0,20,0,68,25,na
2012,LTER_6,Backreef,2,E15,1,48,0,28,0,24,25,na
2012,LTER_6,Backreef,2,E15,2,28,0,0,0,72,25,na
2012,LTER_6,Backreef,2,E15,3,0,0,84,0,16,25,na
2012,LTER_6,Backreef,2,E15,4,4,0,16,0,80,25,na
2012,LTER_6,Backreef,2,E15,5,0,0,100,0,0,25,na
2012,LTER_6,Backreef,2,N10,1,24,0,8,0,68,25,na
2012,LTER_6,Backreef,2,N10,2,8,0,4,0,88,25,na
2012,LTER_6,Backreef,2,N10,3,68,0,12,0,20,25,na
2012,LTER_6,Backreef,2,N10,4,4,0,80,0,16,25,na
2012,LTER_6,Backreef,2,N10,5,36,0,16,0,48,25,na
2012,LTER_6,Backreef,2,N6,1,36,0,0,0,64,25,na
2012,LTER_6,Backreef,2,N6,2,4,0,56,0,40,25,na
2012,LTER_6,Backreef,2,N6,3,16,0,8,0,76,25,na
2012,LTER_6,Backreef,2,N6,4,36,0,16,0,48,25,na
2012,LTER_6,Backreef,2,N6,5,16,4,44,0,36,25,na
2012,LTER_6,Backreef,2,N7,1,28,0,28,0,44,25,na
2012,LTER_6,Backreef,2,N7,2,8,0,4,0,88,25,na
2012,LTER_6,Backreef,2,N7,3,16,0,0,0,84,25,na
2012,LTER_6,Backreef,2,N7,4,12,0,76,0,12,25,na
2012,LTER_6,Backreef,2,N7,5,20,0,4,0,76,25,na
2012,LTER_6,Backreef,2,N8,1,36,4,20,0,40,25,na
2012,LTER_6,Backreef,2,N8,2,12,0,8,0,80,25,na
2012,LTER_6,Backreef,2,N8,3,8,0,24,0,68,25,na
2012,LTER_6,Backreef,2,N8,4,0,0,72,0,28,25,na
2012,LTER_6,Backreef,2,N8,5,4,0,0,0,96,25,na
2012,LTER_6,Backreef,2,N9,1,16,0,20,0,64,25,na
2012,LTER_6,Backreef,2,N9,2,12,0,4,0,84,25,na
2012,LTER_6,Backreef,2,N9,3,16,0,56,0,28,25,na
2012,LTER_6,Backreef,2,N9,4,12,0,72,0,16,25,na
2012,LTER_6,Backreef,2,N9,5,4,4,20,0,72,25,na
2012,LTER_6,Backreef,2,S1,1,28,0,4,0,68,25,na
2012,LTER_6,Backreef,2,S1,2,16,0,40,0,44,25,na
2012,LTER_6,Backreef,2,S1,3,40,0,0,0,60,25,na
2012,LTER_6,Backreef,2,S1,4,4,0,8,0,88,25,na
2012,LTER_6,Backreef,2,S1,5,8,0,4,0,88,25,na
2012,LTER_6,Backreef,2,S2,1,28,0,16,0,56,25,na
2012,LTER_6,Backreef,2,S2,2,32,0,0,0,68,25,na
2012,LTER_6,Backreef,2,S2,3,28,0,24,0,48,25,na
2012,LTER_6,Backreef,2,S2,4,16,0,4,0,80,25,na
2012,LTER_6,Backreef,2,S2,5,4,0,16,0,80,25,na
2012,LTER_6,Backreef,2,S3,1,12,0,0,0,88,25,na
2012,LTER_6,Backreef,2,S3,2,16,12,0,0,72,25,na
2012,LTER_6,Backreef,2,S3,3,0,12,24,0,64,25,na
2012,LTER_6,Backreef,2,S3,4,24,0,0,0,76,25,na
2012,LTER_6,Backreef,2,S3,5,24,0,0,0,76,25,na
2012,LTER_6,Backreef,2,S4,1,20,0,0,0,80,25,na
2012,LTER_6,Backreef,2,S4,2,20,0,0,0,80,25,na
2012,LTER_6,Backreef,2,S4,3,4,8,12,0,76,25,na
2012,LTER_6,Backreef,2,S4,4,8,0,8,0,84,25,na
2012,LTER_6,Backreef,2,S4,5,32,0,0,0,68,25,na
2012,LTER_6,Backreef,2,S5,1,40,0,16,0,44,25,na
2012,LTER_6,Backreef,2,S5,2,12,0,4,0,84,25,na
2012,LTER_6,Backreef,2,S5,3,44,0,0,0,56,25,na
2012,LTER_6,Backreef,2,S5,4,32,0,0,0,68,25,na
2012,LTER_6,Backreef,2,S5,5,8,0,0,0,92,25,na
2012,LTER_6,Backreef,2,W16,1,8,0,0,0,92,25,na
2012,LTER_6,Backreef,2,W16,2,8,4,20,0,68,25,na
2012,LTER_6,Backreef,2,W16,3,24,0,0,0,76,25,na
2012,LTER_6,Backreef,2,W16,4,20,0,0,0,80,25,na
2012,LTER_6,Backreef,2,W16,5,12,0,0,0,88,25,na
2012,LTER_6,Backreef,2,W17,1,20,0,0,0,80,25,na
2012,LTER_6,Backreef,2,W17,2,0,0,72,0,28,25,na
2012,LTER_6,Backreef,2,W17,3,28,0,0,0,72,25,na
2012,LTER_6,Backreef,2,W17,5,0,0,60,0,40,25,na
2012,LTER_6,Backreef,2,W18,1,28,4,28,0,40,25,na
2012,LTER_6,Backreef,2,W18,2,4,0,40,0,56,25,na
2012,LTER_6,Backreef,2,W18,3,16,0,0,0,84,25,na
2012,LTER_6,Backreef,2,W18,5,4,0,64,0,32,25,na
2012,LTER_6,Backreef,2,W19,1,0,0,72,0,28,25,na
2012,LTER_6,Backreef,2,W19,2,0,0,32,0,68,25,na
2012,LTER_6,Backreef,2,W19,3,36,0,8,0,56,25,na
2012,LTER_6,Backreef,2,W19,4,16,0,0,0,84,25,na
2012,LTER_6,Backreef,2,W19,5,0,0,76,0,24,25,na
2012,LTER_6,Backreef,2,W20,1,52,4,44,0,0,25,na
2012,LTER_6,Backreef,2,W20,2,52,0,8,0,40,25,na
2012,LTER_6,Backreef,2,W20,3,0,0,8,0,92,25,na
2012,LTER_6,Backreef,2,W20,4,4,0,60,0,36,25,na
2012,LTER_6,Backreef,2,W20,5,0,0,92,0,8,25,na
2013,LTER_1,Backreef,2,E11,1,0,0,8,0,92,25,na
2013,LTER_1,Backreef,2,E11,2,12,0,4,0,84,25,na
2013,LTER_1,Backreef,2,E11,3,0,36,0,0,64,25,na
2013,LTER_1,Backreef,2,E11,4,12,0,0,0,88,25,na
2013,LTER_1,Backreef,2,E11,5,0,4,4,0,92,25,na
2013,LTER_1,Backreef,2,E12,1,4,16,0,0,80,25,na
2013,LTER_1,Backreef,2,E12,2,16,8,0,0,76,25,na
2013,LTER_1,Backreef,2,E12,3,12,4,60,0,24,25,na
2013,LTER_1,Backreef,2,E12,4,44,0,0,0,56,25,na
2013,LTER_1,Backreef,2,E12,5,8,0,8,0,84,25,na
2013,LTER_1,Backreef,2,E13,1,0,0,0,0,100,25,na
2013,LTER_1,Backreef,2,E13,2,20,4,0,0,76,25,na
2013,LTER_1,Backreef,2,E13,3,4,28,8,0,60,25,na
2013,LTER_1,Backreef,2,E13,4,12,4,4,0,80,25,na
2013,LTER_1,Backreef,2,E13,5,36,4,0,0,60,25,na
2013,LTER_1,Backreef,2,E14,1,0,0,20,0,80,25,na
2013,LTER_1,Backreef,2,E14,2,0,4,12,0,84,25,na
2013,LTER_1,Backreef,2,E14,3,72,0,0,0,28,25,na
2013,LTER_1,Backreef,2,E14,4,8,0,12,0,80,25,na
2013,LTER_1,Backreef,2,E14,5,12,4,8,0,76,25,na
2013,LTER_1,Backreef,2,E15,1,12,16,0,0,72,25,na
2013,LTER_1,Backreef,2,E15,2,40,0,28,0,32,25,na
2013,LTER_1,Backreef,2,E15,3,32,0,0,0,68,25,na
2013,LTER_1,Backreef,2,E15,4,24,0,8,0,68,25,na
2013,LTER_1,Backreef,2,E15,5,0,16,56,0,28,25,na
2013,LTER_1,Backreef,2,N1,1,0,0,20,0,80,25,na
2013,LTER_1,Backreef,2,N1,2,0,0,8,0,92,25,na
2013,LTER_1,Backreef,2,N1,3,36,4,24,0,36,25,na
2013,LTER_1,Backreef,2,N1,4,20,8,0,0,72,25,na
2013,LTER_1,Backreef,2,N1,5,4,0,20,0,76,25,na
2013,LTER_1,Backreef,2,N2,1,12,16,0,0,72,25,na
2013,LTER_1,Backreef,2,N2,2,0,0,40,0,60,25,na
2013,LTER_1,Backreef,2,N2,3,52,0,0,0,48,25,na
2013,LTER_1,Backreef,2,N2,4,0,36,4,0,60,25,na
2013,LTER_1,Backreef,2,N2,5,4,0,48,0,48,25,na
2013,LTER_1,Backreef,2,N3,1,8,0,0,0,92,25,na
2013,LTER_1,Backreef,2,N3,2,4,16,0,0,80,25,na
2013,LTER_1,Backreef,2,N3,3,24,12,8,0,56,25,na
2013,LTER_1,Backreef,2,N3,4,56,0,8,0,36,25,na
2013,LTER_1,Backreef,2,N3,5,0,16,4,0,80,25,na
2013,LTER_1,Backreef,2,N4,1,0,12,0,0,88,25,na
2013,LTER_1,Backreef,2,N4,2,4,0,16,0,80,25,na
2013,LTER_1,Backreef,2,N4,3,44,0,0,0,56,25,na
2013,LTER_1,Backreef,2,N4,4,12,12,4,0,72,25,na
2013,LTER_1,Backreef,2,N4,5,0,0,52,0,48,25,na
2013,LTER_1,Backreef,2,N5,1,12,4,20,0,64,25,na
2013,LTER_1,Backreef,2,N5,2,0,4,12,0,84,25,na
2013,LTER_1,Backreef,2,N5,3,20,4,0,0,76,25,na
2013,LTER_1,Backreef,2,N5,4,0,0,100,0,0,25,na
2013,LTER_1,Backreef,2,N5,5,4,0,84,0,12,25,na
2013,LTER_1,Backreef,2,S10,1,0,0,40,0,60,25,na
2013,LTER_1,Backreef,2,S10,2,0,4,0,0,96,25,na
2013,LTER_1,Backreef,2,S10,3,0,4,68,0,28,25,na
2013,LTER_1,Backreef,2,S10,4,24,4,12,0,60,25,na
2013,LTER_1,Backreef,2,S10,5,20,0,4,0,76,25,na
2013,LTER_1,Backreef,2,S6,1,0,0,0,0,100,25,na
2013,LTER_1,Backreef,2,S6,2,0,4,0,0,96,25,na
2013,LTER_1,Backreef,2,S6,3,12,24,12,0,52,25,na
2013,LTER_1,Backreef,2,S6,4,44,0,8,0,48,25,na
2013,LTER_1,Backreef,2,S6,5,0,8,24,0,68,25,na
2013,LTER_1,Backreef,2,S7,1,0,16,24,0,60,25,na
2013,LTER_1,Backreef,2,S7,2,0,4,0,0,96,25,na
2013,LTER_1,Backreef,2,S7,3,12,20,0,0,68,25,na
2013,LTER_1,Backreef,2,S7,4,8,0,16,0,76,25,na
2013,LTER_1,Backreef,2,S7,5,36,4,36,0,24,25,na
2013,LTER_1,Backreef,2,S8,1,0,4,12,0,84,25,na
2013,LTER_1,Backreef,2,S8,2,4,0,0,0,96,25,na
2013,LTER_1,Backreef,2,S8,3,20,4,16,0,60,25,na
2013,LTER_1,Backreef,2,S8,4,40,0,0,0,60,25,na
2013,LTER_1,Backreef,2,S8,5,28,16,28,0,28,25,na
2013,LTER_1,Backreef,2,S9,1,4,0,16,0,80,25,na
2013,LTER_1,Backreef,2,S9,2,0,0,0,0,100,25,na
2013,LTER_1,Backreef,2,S9,3,4,8,4,0,84,25,na
2013,LTER_1,Backreef,2,S9,4,68,4,4,0,24,25,na
2013,LTER_1,Backreef,2,S9,5,20,4,32,0,44,25,na
2013,LTER_1,Backreef,2,W16,1,8,0,0,0,92,25,na
2013,LTER_1,Backreef,2,W16,2,0,16,0,0,84,25,na
2013,LTER_1,Backreef,2,W16,3,8,56,4,0,32,25,na
2013,LTER_1,Backreef,2,W16,4,4,0,8,0,88,25,na
2013,LTER_1,Backreef,2,W16,5,0,0,52,0,48,25,na
2013,LTER_1,Backreef,2,W17,1,0,12,0,0,88,25,na
2013,LTER_1,Backreef,2,W17,2,0,40,0,0,60,25,na
2013,LTER_1,Backreef,2,W17,3,8,20,48,0,24,25,na
2013,LTER_1,Backreef,2,W17,4,0,0,12,0,88,25,na
2013,LTER_1,Backreef,2,W17,5,0,0,16,0,84,25,na
2013,LTER_1,Backreef,2,W18,1,12,4,20,0,64,25,na
2013,LTER_1,Backreef,2,W18,2,8,24,0,0,68,25,na
2013,LTER_1,Backreef,2,W18,3,0,0,24,0,76,25,na
2013,LTER_1,Backreef,2,W18,4,28,4,8,0,60,25,na
2013,LTER_1,Backreef,2,W18,5,0,0,4,0,96,25,na
2013,LTER_1,Backreef,2,W19,1,0,0,0,0,100,25,na
2013,LTER_1,Backreef,2,W19,2,24,8,4,0,64,25,na
2013,LTER_1,Backreef,2,W19,3,24,4,4,0,68,25,na
2013,LTER_1,Backreef,2,W19,4,0,4,8,0,88,25,na
2013,LTER_1,Backreef,2,W19,5,0,12,8,0,80,25,na
2013,LTER_1,Backreef,2,W20,1,0,16,24,0,60,25,na
2013,LTER_1,Backreef,2,W20,2,24,20,28,0,28,25,na
2013,LTER_1,Backreef,2,W20,3,40,4,0,0,56,25,na
2013,LTER_1,Backreef,2,W20,4,8,4,0,0,88,25,na
2013,LTER_1,Backreef,2,W20,5,60,0,0,0,40,25,na
2013,LTER_2,Backreef,2,E11,1,0,8,36,0,56,25,na
2013,LTER_2,Backreef,2,E11,2,12,0,0,0,88,25,na
2013,LTER_2,Backreef,2,E11,3,0,8,0,0,92,25,na
2013,LTER_2,Backreef,2,E11,4,8,0,0,0,92,25,na
2013,LTER_2,Backreef,2,E11,5,0,0,92,0,8,25,na
2013,LTER_2,Backreef,2,E12,1,0,0,4,0,96,25,na
2013,LTER_2,Backreef,2,E12,2,0,24,4,0,72,25,na
2013,LTER_2,Backreef,2,E12,3,0,0,32,0,68,25,na
2013,LTER_2,Backreef,2,E12,4,8,0,12,0,80,25,na
2013,LTER_2,Backreef,2,E12,5,100,0,0,0,0,25,na
2013,LTER_2,Backreef,2,E13,1,0,44,0,0,56,25,na
2013,LTER_2,Backreef,2,E13,2,8,0,0,0,92,25,na
2013,LTER_2,Backreef,2,E13,3,0,56,0,0,44,25,na
2013,LTER_2,Backreef,2,E13,4,0,0,0,0,100,25,na
2013,LTER_2,Backreef,2,E13,5,88,12,0,0,0,25,na
2013,LTER_2,Backreef,2,E14,1,0,36,36,0,28,25,na
2013,LTER_2,Backreef,2,E14,2,0,0,0,0,100,25,na
2013,LTER_2,Backreef,2,E14,3,32,32,0,0,36,25,na
2013,LTER_2,Backreef,2,E14,4,0,0,8,0,92,25,na
2013,LTER_2,Backreef,2,E14,5,44,4,52,0,0,25,na
2013,LTER_2,Backreef,2,E15,1,0,8,20,0,72,25,na
2013,LTER_2,Backreef,2,E15,2,0,0,0,0,100,25,na
2013,LTER_2,Backreef,2,E15,3,0,0,20,0,80,25,na
2013,LTER_2,Backreef,2,E15,4,0,0,32,0,68,25,na
2013,LTER_2,Backreef,2,E15,5,80,20,0,0,0,25,na
2013,LTER_2,Backreef,2,N1,1,0,20,4,0,76,25,na
2013,LTER_2,Backreef,2,N1,2,0,24,24,0,52,25,na
2013,LTER_2,Backreef,2,N1,3,0,60,4,0,36,25,na
2013,LTER_2,Backreef,2,N1,4,0,0,4,0,96,25,na
2013,LTER_2,Backreef,2,N1,5,0,0,8,0,92,25,na
2013,LTER_2,Backreef,2,N2,1,0,16,4,0,80,25,na
2013,LTER_2,Backreef,2,N2,2,0,44,0,0,56,25,na
2013,LTER_2,Backreef,2,N2,3,4,36,4,0,56,25,na
2013,LTER_2,Backreef,2,N2,4,40,0,36,0,24,25,na
2013,LTER_2,Backreef,2,N2,5,56,0,44,0,0,25,na
2013,LTER_2,Backreef,2,N3,1,0,20,8,0,72,25,na
2013,LTER_2,Backreef,2,N3,2,0,48,8,0,44,25,na
2013,LTER_2,Backreef,2,N3,3,0,16,24,0,60,25,na
2013,LTER_2,Backreef,2,N3,4,88,0,12,0,0,25,na
2013,LTER_2,Backreef,2,N3,5,0,0,8,0,92,25,na
2013,LTER_2,Backreef,2,N4,1,0,64,0,0,36,25,na
2013,LTER_2,Backreef,2,N4,2,0,92,0,0,8,25,na
2013,LTER_2,Backreef,2,N4,3,0,0,4,0,96,25,na
2013,LTER_2,Backreef,2,N4,4,8,0,0,0,92,25,na
2013,LTER_2,Backreef,2,N4,5,0,0,4,0,96,25,na
2013,LTER_2,Backreef,2,N5,1,0,0,32,0,68,25,na
2013,LTER_2,Backreef,2,N5,2,0,0,0,0,100,25,na
2013,LTER_2,Backreef,2,N5,3,0,0,52,0,48,25,na
2013,LTER_2,Backreef,2,N5,4,0,0,0,0,100,25,na
2013,LTER_2,Backreef,2,N5,5,0,0,4,0,96,25,na
2013,LTER_2,Backreef,2,S10,1,80,0,0,0,20,25,na
2013,LTER_2,Backreef,2,S10,2,0,0,0,0,100,25,na
2013,LTER_2,Backreef,2,S10,3,0,52,0,0,48,25,na
2013,LTER_2,Backreef,2,S10,4,4,4,24,0,68,25,na
2013,LTER_2,Backreef,2,S10,5,0,68,0,0,32,25,na
2013,LTER_2,Backreef,2,S6,1,88,4,0,0,8,25,na
2013,LTER_2,Backreef,2,S6,2,0,32,0,0,68,25,na
2013,LTER_2,Backreef,2,S6,3,0,0,0,0,100,25,na
2013,LTER_2,Backreef,2,S6,4,0,0,100,0,0,25,na
2013,LTER_2,Backreef,2,S6,5,32,4,52,0,12,25,na
2013,LTER_2,Backreef,2,S7,1,36,0,16,0,48,25,na
2013,LTER_2,Backreef,2,S7,2,0,16,24,0,60,25,na
2013,LTER_2,Backreef,2,S7,3,0,8,0,0,92,25,na
2013,LTER_2,Backreef,2,S7,4,4,0,0,0,96,25,na
2013,LTER_2,Backreef,2,S7,5,24,48,0,0,28,25,na
2013,LTER_2,Backreef,2,S8,1,92,8,0,0,0,25,na
2013,LTER_2,Backreef,2,S8,2,0,0,100,0,0,25,na
2013,LTER_2,Backreef,2,S8,3,16,0,0,0,84,25,na
2013,LTER_2,Backreef,2,S8,4,0,0,100,0,0,25,na
2013,LTER_2,Backreef,2,S8,5,8,24,44,0,24,25,na
2013,LTER_2,Backreef,2,S9,1,0,20,24,0,56,25,na
2013,LTER_2,Backreef,2,S9,2,0,0,100,0,0,25,na
2013,LTER_2,Backreef,2,S9,3,16,4,0,0,80,25,na
2013,LTER_2,Backreef,2,S9,4,0,0,100,0,0,25,na
2013,LTER_2,Backreef,2,S9,5,0,8,56,0,36,25,na
2013,LTER_2,Backreef,2,W16,1,0,0,40,0,60,25,na
2013,LTER_2,Backreef,2,W16,2,0,4,0,0,96,25,na
2013,LTER_2,Backreef,2,W16,3,0,60,0,0,40,25,na
2013,LTER_2,Backreef,2,W16,4,84,16,0,0,0,25,na
2013,LTER_2,Backreef,2,W16,5,20,12,0,0,68,25,na
2013,LTER_2,Backreef,2,W17,1,0,0,72,0,28,25,na
2013,LTER_2,Backreef,2,W17,2,4,0,0,0,96,25,na
2013,LTER_2,Backreef,2,W17,3,16,12,0,0,72,25,na
2013,LTER_2,Backreef,2,W17,4,0,0,0,0,100,25,na
2013,LTER_2,Backreef,2,W17,5,52,48,0,0,0,25,na
2013,LTER_2,Backreef,2,W18,1,0,20,44,0,36,25,na
2013,LTER_2,Backreef,2,W18,2,4,8,0,0,88,25,na
2013,LTER_2,Backreef,2,W18,3,28,12,12,0,48,25,na
2013,LTER_2,Backreef,2,W18,4,32,20,28,0,20,25,na
2013,LTER_2,Backreef,2,W18,5,100,0,0,0,0,25,na
2013,LTER_2,Backreef,2,W19,1,36,0,48,0,16,25,na
2013,LTER_2,Backreef,2,W19,2,0,4,4,0,92,25,na
2013,LTER_2,Backreef,2,W19,3,20,24,44,0,12,25,na
2013,LTER_2,Backreef,2,W19,4,68,0,8,0,24,25,na
2013,LTER_2,Backreef,2,W19,5,4,8,20,0,68,25,na
2013,LTER_2,Backreef,2,W20,1,0,0,24,0,76,25,na
2013,LTER_2,Backreef,2,W20,2,0,0,68,0,32,25,na
2013,LTER_2,Backreef,2,W20,3,0,56,28,0,16,25,na
2013,LTER_2,Backreef,2,W20,4,24,4,24,0,48,25,na
2013,LTER_2,Backreef,2,W20,5,4,0,68,0,28,25,na
2013,LTER_3,Backreef,2,E11,1,24,0,12,0,64,25,na
2013,LTER_3,Backreef,2,E11,2,8,0,76,0,16,25,na
2013,LTER_3,Backreef,2,E11,3,8,0,44,0,48,25,na
2013,LTER_3,Backreef,2,E11,4,0,0,96,0,4,25,na
2013,LTER_3,Backreef,2,E11,5,88,0,0,0,12,25,na
2013,LTER_3,Backreef,2,E12,1,52,0,20,0,28,25,na
2013,LTER_3,Backreef,2,E12,2,0,0,88,0,12,25,na
2013,LTER_3,Backreef,2,E12,3,0,0,100,0,0,25,na
2013,LTER_3,Backreef,2,E12,4,0,4,96,0,0,25,na
2013,LTER_3,Backreef,2,E12,5,10,20,0,0,70,10,some sub squares omitted
2013,LTER_3,Backreef,2,E13,1,32,0,44,0,24,25,na
2013,LTER_3,Backreef,2,E13,2,0,0,100,0,0,25,na
2013,LTER_3,Backreef,2,E13,3,8,8,64,0,20,25,na
2013,LTER_3,Backreef,2,E13,4,40,0,4,0,56,25,na
2013,LTER_3,Backreef,2,E13,5,24,4,4,0,68,25,na
2013,LTER_3,Backreef,2,E14,1,64,0,28,0,8,25,na
2013,LTER_3,Backreef,2,E14,2,32,28,16,0,24,25,na
2013,LTER_3,Backreef,2,E14,3,0,0,100,0,0,25,na
2013,LTER_3,Backreef,2,E14,4,32,0,52,0,16,25,na
2013,LTER_3,Backreef,2,E14,5,56,0,0,0,44,25,na
2013,LTER_3,Backreef,2,E15,1,40,0,24,0,36,25,na
2013,LTER_3,Backreef,2,E15,2,0,0,44,0,56,25,na
2013,LTER_3,Backreef,2,E15,3,16,0,40,0,44,25,na
2013,LTER_3,Backreef,2,E15,4,8,0,0,0,92,25,na
2013,LTER_3,Backreef,2,E15,5,4,52,0,0,44,25,na
2013,LTER_3,Backreef,2,N1,1,0,0,24,0,76,25,na
2013,LTER_3,Backreef,2,N1,2,16,8,0,0,76,25,na
2013,LTER_3,Backreef,2,N1,3,0,0,4,0,96,25,na
2013,LTER_3,Backreef,2,N1,4,8,4,16,0,72,25,na
2013,LTER_3,Backreef,2,N1,5,56,0,8,0,36,25,na
2013,LTER_3,Backreef,2,N2,1,0,0,4,0,96,25,na
2013,LTER_3,Backreef,2,N2,2,16,0,16,0,68,25,na
2013,LTER_3,Backreef,2,N2,3,16,0,36,0,48,25,na
2013,LTER_3,Backreef,2,N2,4,12,12,16,0,60,25,na
2013,LTER_3,Backreef,2,N2,5,0,4,0,0,96,25,na
2013,LTER_3,Backreef,2,N3,1,32,4,20,0,44,25,na
2013,LTER_3,Backreef,2,N3,2,8,4,0,0,88,25,na
2013,LTER_3,Backreef,2,N3,3,0,0,64,0,36,25,na
2013,LTER_3,Backreef,2,N3,4,12,0,56,0,32,25,na
2013,LTER_3,Backreef,2,N3,5,20,12,64,0,4,25,na
2013,LTER_3,Backreef,2,N4,1,48,4,8,0,40,25,na
2013,LTER_3,Backreef,2,N4,2,56,4,0,0,40,25,na
2013,LTER_3,Backreef,2,N4,3,0,0,100,0,0,25,na
2013,LTER_3,Backreef,2,N4,4,12,0,8,0,80,25,na
2013,LTER_3,Backreef,2,N4,5,52,0,44,0,4,25,na
2013,LTER_3,Backreef,2,N5,1,32,0,32,0,36,25,na
2013,LTER_3,Backreef,2,N5,2,20,0,0,0,80,25,na
2013,LTER_3,Backreef,2,N5,3,12,0,36,0,52,25,na
2013,LTER_3,Backreef,2,N5,4,20,4,28,0,48,25,na
2013,LTER_3,Backreef,2,N5,5,52,0,8,0,40,25,na
2013,LTER_3,Backreef,2,S10,1,16,0,40,0,44,25,na
2013,LTER_3,Backreef,2,S10,2,36,12,4,0,48,25,na
2013,LTER_3,Backreef,2,S10,3,60,0,0,0,40,25,na
2013,LTER_3,Backreef,2,S10,4,4,20,8,0,68,25,na
2013,LTER_3,Backreef,2,S10,5,0,0,100,0,0,25,na
2013,LTER_3,Backreef,2,S6,1,16,4,0,0,80,25,na
2013,LTER_3,Backreef,2,S6,2,28,20,0,0,52,25,na
2013,LTER_3,Backreef,2,S6,3,4,0,52,0,44,25,na
2013,LTER_3,Backreef,2,S6,4,0,0,96,0,4,25,na
2013,LTER_3,Backreef,2,S6,5,40,0,60,0,0,25,na
2013,LTER_3,Backreef,2,S7,1,20,0,28,0,52,25,na
2013,LTER_3,Backreef,2,S7,2,24,28,16,0,32,25,na
2013,LTER_3,Backreef,2,S7,3,84,0,0,0,16,25,na
2013,LTER_3,Backreef,2,S7,4,8,0,0,0,92,25,na
2013,LTER_3,Backreef,2,S7,5,52,0,28,0,20,25,na
2013,LTER_3,Backreef,2,S8,1,0,0,44,0,56,25,na
2013,LTER_3,Backreef,2,S8,2,32,4,12,0,52,25,na
2013,LTER_3,Backreef,2,S8,3,88,0,0,0,12,25,na
2013,LTER_3,Backreef,2,S8,4,36,32,4,0,28,25,na
2013,LTER_3,Backreef,2,S8,5,92,0,0,0,8,25,na
2013,LTER_3,Backreef,2,S9,1,0,0,44,0,56,25,na
2013,LTER_3,Backreef,2,S9,2,24,12,0,0,64,25,na
2013,LTER_3,Backreef,2,S9,3,12,0,32,0,56,25,na
2013,LTER_3,Backreef,2,S9,4,24,0,0,0,76,25,na
2013,LTER_3,Backreef,2,S9,5,0,0,100,0,0,25,na
2013,LTER_3,Backreef,2,W16,1,100,0,0,0,0,25,na
2013,LTER_3,Backreef,2,W16,2,16,28,40,0,16,25,na
2013,LTER_3,Backreef,2,W16,3,8,0,92,0,0,25,na
2013,LTER_3,Backreef,2,W16,4,0,0,80,0,20,25,na
2013,LTER_3,Backreef,2,W16,5,32,0,24,0,44,25,na
2013,LTER_3,Backreef,2,W17,1,100,0,0,0,0,18,some sub squares omitted
2013,LTER_3,Backreef,2,W17,2,4,0,32,0,64,25,na
2013,LTER_3,Backreef,2,W17,3,16,0,84,0,0,25,na
2013,LTER_3,Backreef,2,W17,4,52,0,40,0,8,25,na
2013,LTER_3,Backreef,2,W17,5,72,0,4,0,24,25,na
2013,LTER_3,Backreef,2,W18,1,80,0,20,0,0,25,na
2013,LTER_3,Backreef,2,W18,2,8,28,0,0,64,25,na
2013,LTER_3,Backreef,2,W18,3,40,0,52,0,8,25,na
2013,LTER_3,Backreef,2,W18,4,44,8,28,0,20,25,na
2013,LTER_3,Backreef,2,W18,5,28,0,56,0,16,25,na
2013,LTER_3,Backreef,2,W19,1,0,0,64,0,36,25,na
2013,LTER_3,Backreef,2,W19,2,4,0,56,0,40,25,na
2013,LTER_3,Backreef,2,W19,3,12,0,36,0,52,25,na
2013,LTER_3,Backreef,2,W19,4,12,4,12,0,72,25,na
2013,LTER_3,Backreef,2,W19,5,8,8,20,0,64,25,na
2013,LTER_3,Backreef,2,W20,1,48,0,0,0,52,25,na
2013,LTER_3,Backreef,2,W20,2,0,16,40,0,44,25,na
2013,LTER_3,Backreef,2,W20,3,0,0,56,0,44,25,na
2013,LTER_3,Backreef,2,W20,4,40,4,20,0,36,25,na
2013,LTER_3,Backreef,2,W20,5,12,4,0,0,84,25,na
2013,LTER_4,Backreef,2,E11,1,40,0,4,0,56,25,na
2013,LTER_4,Backreef,2,E11,2,56,0,0,0,44,25,na
2013,LTER_4,Backreef,2,E11,3,0,0,8,0,92,25,na
2013,LTER_4,Backreef,2,E11,4,80,0,4,0,16,25,na
2013,LTER_4,Backreef,2,E11,5,32,0,12,0,56,25,na
2013,LTER_4,Backreef,2,E12,1,76,0,4,0,20,25,na
2013,LTER_4,Backreef,2,E12,2,68,0,24,0,8,25,na
2013,LTER_4,Backreef,2,E12,3,0,0,16,0,84,25,na
2013,LTER_4,Backreef,2,E12,4,0,0,60,0,40,25,na
2013,LTER_4,Backreef,2,E12,5,32,0,0,0,68,25,na
2013,LTER_4,Backreef,2,E13,1,32,0,32,0,36,25,na
2013,LTER_4,Backreef,2,E13,2,0,0,12,0,88,25,na
2013,LTER_4,Backreef,2,E13,3,44,0,8,0,48,25,na
2013,LTER_4,Backreef,2,E13,4,0,0,56,0,44,25,na
2013,LTER_4,Backreef,2,E13,5,56,0,36,0,8,25,na
2013,LTER_4,Backreef,2,E14,1,24,0,28,0,48,25,na
2013,LTER_4,Backreef,2,E14,2,44,0,12,0,44,25,na
2013,LTER_4,Backreef,2,E14,3,32,0,56,0,12,25,na
2013,LTER_4,Backreef,2,E14,4,24,0,0,0,76,25,na
2013,LTER_4,Backreef,2,E14,5,48,0,4,0,48,25,na
2013,LTER_4,Backreef,2,E15,1,60,0,4,0,36,25,na
2013,LTER_4,Backreef,2,E15,2,4,0,40,0,56,25,na
2013,LTER_4,Backreef,2,E15,3,8,0,12,0,80,25,na
2013,LTER_4,Backreef,2,E15,4,36,0,20,0,44,25,na
2013,LTER_4,Backreef,2,E15,5,52,0,0,0,48,25,na
2013,LTER_4,Backreef,2,N1,1,36,0,0,0,64,25,na
2013,LTER_4,Backreef,2,N1,2,96,0,0,0,4,25,na
2013,LTER_4,Backreef,2,N1,3,60,0,0,0,40,25,na
2013,LTER_4,Backreef,2,N1,4,36,0,16,0,48,25,na
2013,LTER_4,Backreef,2,N1,5,84,0,0,0,16,25,na
2013,LTER_4,Backreef,2,N2,1,24,0,16,0,60,25,na
2013,LTER_4,Backreef,2,N2,2,64,0,0,0,36,25,na
2013,LTER_4,Backreef,2,N2,3,36,0,40,0,24,25,na
2013,LTER_4,Backreef,2,N2,4,24,0,0,0,76,25,na
2013,LTER_4,Backreef,2,N2,5,44,0,0,0,56,25,na
2013,LTER_4,Backreef,2,N3,1,44,0,20,0,36,25,na
2013,LTER_4,Backreef,2,N3,2,20,0,0,0,80,25,na
2013,LTER_4,Backreef,2,N3,3,0,0,72,0,28,25,na
2013,LTER_4,Backreef,2,N3,4,28,0,24,0,48,25,na
2013,LTER_4,Backreef,2,N3,5,44,0,0,4,52,25,na
2013,LTER_4,Backreef,2,N4,1,60,0,0,0,40,25,na
2013,LTER_4,Backreef,2,N4,2,96,0,0,0,4,25,na
2013,LTER_4,Backreef,2,N4,3,28,0,28,0,44,25,na
2013,LTER_4,Backreef,2,N4,4,60,0,0,0,40,25,na
2013,LTER_4,Backreef,2,N4,5,92,0,0,0,8,25,na
2013,LTER_4,Backreef,2,N5,1,32,0,40,0,28,25,na
2013,LTER_4,Backreef,2,N5,2,68,0,0,0,32,25,na
2013,LTER_4,Backreef,2,N5,3,0,0,88,0,12,25,na
2013,LTER_4,Backreef,2,N5,4,20,0,64,0,16,25,na
2013,LTER_4,Backreef,2,N5,5,12,0,0,0,88,25,na
2013,LTER_4,Backreef,2,S10,1,12,0,12,0,76,25,na
2013,LTER_4,Backreef,2,S10,2,60,0,0,0,40,25,na
2013,LTER_4,Backreef,2,S10,3,44,0,0,0,56,25,na
2013,LTER_4,Backreef,2,S10,4,100,0,0,0,0,18,some sub squares omitted
2013,LTER_4,Backreef,2,S10,5,68,0,16,0,16,25,na
2013,LTER_4,Backreef,2,S6,1,12,0,48,0,40,25,na
2013,LTER_4,Backreef,2,S6,2,24,0,36,0,40,25,na
2013,LTER_4,Backreef,2,S6,3,40,0,16,0,44,25,na
2013,LTER_4,Backreef,2,S6,4,20,0,44,0,36,25,na
2013,LTER_4,Backreef,2,S6,5,24,0,0,0,76,25,na
2013,LTER_4,Backreef,2,S7,1,36,0,36,0,28,25,na
2013,LTER_4,Backreef,2,S7,2,8,0,24,0,68,25,na
2013,LTER_4,Backreef,2,S7,3,48,0,48,0,4,25,na
2013,LTER_4,Backreef,2,S7,4,56,0,0,0,44,25,na
2013,LTER_4,Backreef,2,S7,5,76,0,0,0,24,25,na
2013,LTER_4,Backreef,2,S8,1,80,0,8,0,12,25,na
2013,LTER_4,Backreef,2,S8,2,76,0,0,0,24,25,na
2013,LTER_4,Backreef,2,S8,3,56,0,12,0,32,25,na
2013,LTER_4,Backreef,2,S8,4,84,0,0,0,16,25,na
2013,LTER_4,Backreef,2,S8,5,60,0,0,0,40,25,na
2013,LTER_4,Backreef,2,S9,1,12,0,76,0,12,25,na
2013,LTER_4,Backreef,2,S9,2,0,0,12,0,88,25,na
2013,LTER_4,Backreef,2,S9,3,56,0,32,0,12,25,na
2013,LTER_4,Backreef,2,S9,4,76,0,0,0,24,25,na
2013,LTER_4,Backreef,2,S9,5,40,0,0,0,60,25,na
2013,LTER_4,Backreef,2,W16,1,48,0,0,0,52,25,na
2013,LTER_4,Backreef,2,W16,2,8,0,84,0,8,25,na
2013,LTER_4,Backreef,2,W16,3,40,0,48,0,12,25,na
2013,LTER_4,Backreef,2,W16,4,16,0,20,0,64,25,na
2013,LTER_4,Backreef,2,W16,5,32,0,0,0,68,25,na
2013,LTER_4,Backreef,2,W17,1,60,0,0,0,40,25,na
2013,LTER_4,Backreef,2,W17,2,24,0,0,0,76,25,na
2013,LTER_4,Backreef,2,W17,3,8,0,80,0,12,25,na
2013,LTER_4,Backreef,2,W17,4,0,0,36,0,64,25,na
2013,LTER_4,Backreef,2,W17,5,37,11,0,53,0,19,some sub squares omitted
2013,LTER_4,Backreef,2,W18,1,28,0,0,0,72,25,na
2013,LTER_4,Backreef,2,W18,2,44,0,0,0,56,25,na
2013,LTER_4,Backreef,2,W18,3,12,0,56,0,32,25,na
2013,LTER_4,Backreef,2,W18,4,40,0,20,0,40,25,na
2013,LTER_4,Backreef,2,W18,5,40,0,0,0,60,25,na
2013,LTER_4,Backreef,2,W19,1,12,0,48,0,40,25,na
2013,LTER_4,Backreef,2,W19,2,8,0,8,0,84,25,na
2013,LTER_4,Backreef,2,W19,3,8,0,68,0,24,25,na
2013,LTER_4,Backreef,2,W19,4,0,0,68,0,32,25,na
2013,LTER_4,Backreef,2,W19,5,50,33,0,0,17,24,some sub squares omitted
2013,LTER_4,Backreef,2,W20,1,40,0,4,0,56,25,na
2013,LTER_4,Backreef,2,W20,2,16,0,20,0,64,25,na
2013,LTER_4,Backreef,2,W20,3,32,0,20,0,48,25,na
2013,LTER_4,Backreef,2,W20,4,0,0,72,0,28,25,na
2013,LTER_4,Backreef,2,W20,5,0,20,0,80,0,25,na
2013,LTER_5,Backreef,2,S3,5,BW,BW,BW,BW,BW,0,too shallow for nadir photo; photo horizontal so not valid for cover percent
2013,LTER_5,Backreef,2,E11,1,0,0,12,0,88,25,na
2013,LTER_5,Backreef,2,E11,2,24,0,16,0,60,25,na
2013,LTER_5,Backreef,2,E11,3,60,0,8,0,32,25,na
2013,LTER_5,Backreef,2,E11,4,4,0,40,24,32,25,na
2013,LTER_5,Backreef,2,E11,5,16,0,8,0,76,25,na
2013,LTER_5,Backreef,2,E12,1,32,0,12,0,56,25,na
2013,LTER_5,Backreef,2,E12,2,88,0,0,0,12,25,na
2013,LTER_5,Backreef,2,E12,3,4,4,0,0,92,25,na
2013,LTER_5,Backreef,2,E12,4,12,0,72,0,16,25,na
2013,LTER_5,Backreef,2,E12,5,4,0,52,0,44,25,na
2013,LTER_5,Backreef,2,E13,1,24,0,76,0,0,25,na
2013,LTER_5,Backreef,2,E13,2,32,0,28,0,40,25,na
2013,LTER_5,Backreef,2,E13,3,68,0,0,0,32,25,na
2013,LTER_5,Backreef,2,E13,4,12,0,72,0,16,25,na
2013,LTER_5,Backreef,2,E13,5,32,0,44,0,24,25,na
2013,LTER_5,Backreef,2,E14,1,20,0,8,0,72,25,na
2013,LTER_5,Backreef,2,E14,2,28,0,8,0,64,25,na
2013,LTER_5,Backreef,2,E14,3,20,4,16,0,60,25,na
2013,LTER_5,Backreef,2,E14,4,72,0,28,0,0,25,na
2013,LTER_5,Backreef,2,E14,5,0,0,88,0,12,25,na
2013,LTER_5,Backreef,2,E15,1,8,4,36,0,52,25,na
2013,LTER_5,Backreef,2,E15,2,32,0,8,0,60,25,na
2013,LTER_5,Backreef,2,E15,3,52,0,48,0,0,25,na
2013,LTER_5,Backreef,2,E15,4,32,0,60,0,8,25,na
2013,LTER_5,Backreef,2,E15,5,0,0,44,0,56,25,na
2013,LTER_5,Backreef,2,N1,1,27,0,0,0,73,15,some sub squares omitted
2013,LTER_5,Backreef,2,N1,2,12,0,80,0,8,25,na
2013,LTER_5,Backreef,2,N10,3,12,0,32,0,56,25,na
2013,LTER_5,Backreef,2,N10,4,4,0,32,0,64,25,na
2013,LTER_5,Backreef,2,N10,5,36,0,0,0,64,25,na
2013,LTER_5,Backreef,2,N2,1,68,11,0,0,21,19,some sub squares omitted
2013,LTER_5,Backreef,2,N2,2,20,0,68,0,12,25,na
2013,LTER_5,Backreef,2,N3,1,35,0,0,0,65,20,some sub squares omitted
2013,LTER_5,Backreef,2,N3,2,24,0,76,0,0,25,na
2013,LTER_5,Backreef,2,N4,1,48,0,0,0,52,25,na
2013,LTER_5,Backreef,2,N4,2,52,0,0,0,48,25,na
2013,LTER_5,Backreef,2,N5,1,4,0,60,0,36,25,na
2013,LTER_5,Backreef,2,N5,2,20,0,40,0,40,25,na
2013,LTER_5,Backreef,2,N6,3,8,0,80,0,12,25,na
2013,LTER_5,Backreef,2,N6,4,4,4,12,8,72,25,na
2013,LTER_5,Backreef,2,N6,5,4,0,16,0,80,25,na
2013,LTER_5,Backreef,2,N7,3,16,0,84,0,0,25,na
2013,LTER_5,Backreef,2,N7,4,68,0,0,0,32,25,na
2013,LTER_5,Backreef,2,N7,5,0,0,100,0,0,25,na
2013,LTER_5,Backreef,2,N8,3,40,0,56,0,4,25,na
2013,LTER_5,Backreef,2,N8,4,12,4,28,0,56,25,na
2013,LTER_5,Backreef,2,N8,5,0,0,32,0,68,25,na
2013,LTER_5,Backreef,2,N9,3,0,0,64,0,36,25,na
2013,LTER_5,Backreef,2,N9,4,4,0,88,0,8,25,na
2013,LTER_5,Backreef,2,N9,5,16,0,8,0,76,25,na
2013,LTER_5,Backreef,2,S1,3,4,8,8,0,80,25,na
2013,LTER_5,Backreef,2,S1,4,0,0,12,80,8,25,na
2013,LTER_5,Backreef,2,S1,5,0,0,64,0,36,25,na
2013,LTER_5,Backreef,2,S10,1,4,0,0,0,96,25,na
2013,LTER_5,Backreef,2,S10,2,4,0,36,0,60,25,na
2013,LTER_5,Backreef,2,S2,3,12,0,12,0,76,25,na
2013,LTER_5,Backreef,2,S2,4,0,0,4,64,32,25,na
2013,LTER_5,Backreef,2,S2,5,8,0,32,0,60,25,na
2013,LTER_5,Backreef,2,S3,3,0,0,24,0,76,25,na
2013,LTER_5,Backreef,2,S3,4,28,0,0,12,60,25,na
2013,LTER_5,Backreef,2,S4,3,0,0,64,0,36,25,na
2013,LTER_5,Backreef,2,S4,4,28,0,44,8,20,25,na
2013,LTER_5,Backreef,2,S4,5,64,4,0,0,32,25,na
2013,LTER_5,Backreef,2,S5,3,0,0,100,0,0,25,na
2013,LTER_5,Backreef,2,S5,4,12,0,28,28,32,25,na
2013,LTER_5,Backreef,2,S5,5,36,0,0,0,64,25,na
2013,LTER_5,Backreef,2,S6,1,24,0,52,0,24,25,na
2013,LTER_5,Backreef,2,S6,2,40,4,0,0,56,25,na
2013,LTER_5,Backreef,2,S7,1,0,0,76,0,24,25,na
2013,LTER_5,Backreef,2,S7,2,64,0,12,0,24,25,na
2013,LTER_5,Backreef,2,S8,1,0,0,0,0,100,25,na
2013,LTER_5,Backreef,2,S8,2,8,0,0,0,92,25,na
2013,LTER_5,Backreef,2,S9,1,16,0,0,0,84,25,na
2013,LTER_5,Backreef,2,S9,2,36,0,20,0,44,25,na
2013,LTER_5,Backreef,2,W16,1,8,8,44,0,40,25,na
2013,LTER_5,Backreef,2,W16,2,8,0,0,0,92,25,na
2013,LTER_5,Backreef,2,W16,3,60,0,20,0,20,25,na
2013,LTER_5,Backreef,2,W16,4,8,4,32,0,56,25,na
2013,LTER_5,Backreef,2,W16,5,0,0,88,0,12,25,na
2013,LTER_5,Backreef,2,W17,1,0,0,40,0,60,25,na
2013,LTER_5,Backreef,2,W17,2,84,0,0,0,16,25,na
2013,LTER_5,Backreef,2,W17,3,0,0,24,0,76,25,na
2013,LTER_5,Backreef,2,W17,4,4,0,16,0,80,25,na
2013,LTER_5,Backreef,2,W17,5,24,0,12,0,64,25,na
2013,LTER_5,Backreef,2,W18,1,16,4,20,0,60,25,na
2013,LTER_5,Backreef,2,W18,2,36,0,4,0,60,25,na
2013,LTER_5,Backreef,2,W18,3,12,0,12,0,76,25,na
2013,LTER_5,Backreef,2,W18,4,4,0,52,0,44,25,na
2013,LTER_5,Backreef,2,W18,5,40,0,52,0,8,25,na
2013,LTER_5,Backreef,2,W19,1,16,0,16,0,68,25,na
2013,LTER_5,Backreef,2,W19,2,84,0,0,0,16,25,na
2013,LTER_5,Backreef,2,W19,3,36,0,12,0,52,25,na
2013,LTER_5,Backreef,2,W19,4,4,4,36,0,56,25,na
2013,LTER_5,Backreef,2,W19,5,88,0,4,0,8,25,na
2013,LTER_5,Backreef,2,W20,1,28,0,28,0,44,25,na
2013,LTER_5,Backreef,2,W20,2,40,0,0,0,60,25,na
2013,LTER_5,Backreef,2,W20,3,4,0,40,0,56,25,na
2013,LTER_5,Backreef,2,W20,4,12,8,48,0,32,25,na
2013,LTER_5,Backreef,2,W20,5,12,0,28,0,60,25,na
2013,LTER_6,Backreef,2,E11,1,8,0,4,0,88,25,na
2013,LTER_6,Backreef,2,E11,2,4,0,24,0,72,25,na
2013,LTER_6,Backreef,2,E11,3,20,0,0,0,80,25,na
2013,LTER_6,Backreef,2,E11,4,12,0,4,0,84,25,na
2013,LTER_6,Backreef,2,E11,5,8,0,28,0,64,25,na
2013,LTER_6,Backreef,2,E12,1,4,0,8,0,88,25,na
2013,LTER_6,Backreef,2,E12,2,24,0,40,0,36,25,na
2013,LTER_6,Backreef,2,E12,3,12,0,0,0,88,25,na
2013,LTER_6,Backreef,2,E12,4,4,4,0,0,92,25,na
2013,LTER_6,Backreef,2,E12,5,36,0,56,0,8,25,na
2013,LTER_6,Backreef,2,E13,1,12,0,72,0,16,25,na
2013,LTER_6,Backreef,2,E13,2,36,0,12,0,52,25,na
2013,LTER_6,Backreef,2,E13,3,24,0,0,0,76,25,na
2013,LTER_6,Backreef,2,E13,4,4,0,4,0,92,25,na
2013,LTER_6,Backreef,2,E13,5,40,0,32,0,28,25,na
2013,LTER_6,Backreef,2,E14,1,40,0,32,0,28,25,na
2013,LTER_6,Backreef,2,E14,2,48,0,4,0,48,25,na
2013,LTER_6,Backreef,2,E14,3,4,0,0,0,96,25,na
2013,LTER_6,Backreef,2,E14,4,20,0,20,0,60,25,na
2013,LTER_6,Backreef,2,E14,5,16,0,0,0,84,25,na
2013,LTER_6,Backreef,2,E15,1,4,0,68,0,28,25,na
2013,LTER_6,Backreef,2,E15,2,20,0,52,0,28,25,na
2013,LTER_6,Backreef,2,E15,3,12,0,0,0,88,25,na
2013,LTER_6,Backreef,2,E15,4,40,0,4,0,56,25,na
2013,LTER_6,Backreef,2,E15,5,4,0,92,0,4,25,na
2013,LTER_6,Backreef,2,N10,1,0,0,76,0,24,25,na
2013,LTER_6,Backreef,2,N10,2,0,0,24,0,76,25,na
2013,LTER_6,Backreef,2,N10,3,20,0,0,0,80,25,na
2013,LTER_6,Backreef,2,N10,4,0,0,52,0,48,25,na
2013,LTER_6,Backreef,2,N10,5,8,0,76,0,16,25,na
2013,LTER_6,Backreef,2,N6,1,20,0,0,0,80,25,na
2013,LTER_6,Backreef,2,N6,2,4,0,44,0,52,25,na
2013,LTER_6,Backreef,2,N6,3,8,0,0,0,92,25,na
2013,LTER_6,Backreef,2,N6,4,12,0,36,0,52,25,na
2013,LTER_6,Backreef,2,N6,5,16,0,16,0,68,25,na
2013,LTER_6,Backreef,2,N7,1,4,0,0,0,96,25,na
2013,LTER_6,Backreef,2,N7,2,16,0,36,0,48,25,na
2013,LTER_6,Backreef,2,N7,3,20,0,16,0,64,25,na
2013,LTER_6,Backreef,2,N7,4,4,0,64,0,32,25,na
2013,LTER_6,Backreef,2,N7,5,12,4,0,0,84,25,na
2013,LTER_6,Backreef,2,N8,1,20,0,0,0,80,25,na
2013,LTER_6,Backreef,2,N8,2,0,0,24,0,76,25,na
2013,LTER_6,Backreef,2,N8,3,8,4,0,0,88,25,na
2013,LTER_6,Backreef,2,N8,4,24,0,28,0,48,25,na
2013,LTER_6,Backreef,2,N8,5,32,0,0,0,68,25,na
2013,LTER_6,Backreef,2,N9,1,8,0,44,0,48,25,na
2013,LTER_6,Backreef,2,N9,2,4,0,20,0,76,25,na
2013,LTER_6,Backreef,2,N9,3,24,0,20,0,56,25,na
2013,LTER_6,Backreef,2,N9,4,0,0,100,0,0,25,na
2013,LTER_6,Backreef,2,N9,5,4,0,88,0,8,25,na
2013,LTER_6,Backreef,2,S1,1,20,0,0,0,80,25,na
2013,LTER_6,Backreef,2,S1,2,12,0,36,0,52,25,na
2013,LTER_6,Backreef,2,S1,3,8,4,0,0,88,25,na
2013,LTER_6,Backreef,2,S1,4,4,0,4,0,92,25,na
2013,LTER_6,Backreef,2,S1,5,36,0,8,0,56,25,na
2013,LTER_6,Backreef,2,S2,1,32,0,16,0,52,25,na
2013,LTER_6,Backreef,2,S2,2,20,0,4,0,76,25,na
2013,LTER_6,Backreef,2,S2,3,12,0,20,0,68,25,na
2013,LTER_6,Backreef,2,S2,4,0,0,64,0,36,25,na
2013,LTER_6,Backreef,2,S2,5,8,0,8,0,84,25,na
2013,LTER_6,Backreef,2,S3,1,80,0,20,0,0,25,na
2013,LTER_6,Backreef,2,S3,2,0,0,0,0,100,25,na
2013,LTER_6,Backreef,2,S3,3,0,0,88,0,12,25,na
2013,LTER_6,Backreef,2,S3,4,4,0,8,0,88,25,na
2013,LTER_6,Backreef,2,S3,5,20,0,0,0,80,25,na
2013,LTER_6,Backreef,2,S4,1,92,0,4,0,4,25,na
2013,LTER_6,Backreef,2,S4,2,8,0,0,0,92,25,na
2013,LTER_6,Backreef,2,S4,3,0,0,96,0,4,25,na
2013,LTER_6,Backreef,2,S4,4,0,0,0,0,100,25,na
2013,LTER_6,Backreef,2,S4,5,20,0,0,0,80,25,na
2013,LTER_6,Backreef,2,S5,1,0,0,100,0,0,25,na
2013,LTER_6,Backreef,2,S5,2,0,8,0,0,92,25,na
2013,LTER_6,Backreef,2,S5,3,4,0,40,0,56,25,na
2013,LTER_6,Backreef,2,S5,4,0,4,0,0,96,25,na
2013,LTER_6,Backreef,2,S5,5,4,0,0,0,96,25,na
2013,LTER_6,Backreef,2,W16,1,24,0,0,0,76,25,na
2013,LTER_6,Backreef,2,W16,2,8,0,0,0,92,25,na
2013,LTER_6,Backreef,2,W16,3,28,0,4,0,68,25,na
2013,LTER_6,Backreef,2,W16,4,16,0,0,0,84,25,na
2013,LTER_6,Backreef,2,W16,5,12,0,0,0,88,25,na
2013,LTER_6,Backreef,2,W17,1,36,0,28,0,36,25,na
2013,LTER_6,Backreef,2,W17,2,16,0,32,0,52,25,na
2013,LTER_6,Backreef,2,W17,3,24,0,28,0,48,25,na
2013,LTER_6,Backreef,2,W17,4,20,12,0,0,68,25,na
2013,LTER_6,Backreef,2,W17,5,0,0,76,0,24,25,na
2013,LTER_6,Backreef,2,W18,1,28,0,28,0,44,25,na
2013,LTER_6,Backreef,2,W18,2,4,0,20,0,76,25,na
2013,LTER_6,Backreef,2,W18,3,4,0,48,0,48,25,na
2013,LTER_6,Backreef,2,W18,4,8,0,0,0,92,25,na
2013,LTER_6,Backreef,2,W18,5,0,0,52,0,48,25,na
2013,LTER_6,Backreef,2,W19,1,4,0,48,0,48,25,na
2013,LTER_6,Backreef,2,W19,2,16,0,32,0,52,25,na
2013,LTER_6,Backreef,2,W19,3,4,0,48,0,48,25,na
2013,LTER_6,Backreef,2,W19,4,24,0,0,0,76,25,na
2013,LTER_6,Backreef,2,W19,5,8,0,32,0,60,25,na
2013,LTER_6,Backreef,2,W20,1,16,0,4,0,80,25,na
2013,LTER_6,Backreef,2,W20,2,8,0,20,0,72,25,na
2013,LTER_6,Backreef,2,W20,3,0,0,64,0,36,25,na
2013,LTER_6,Backreef,2,W20,4,8,0,4,0,88,25,na
2013,LTER_6,Backreef,2,W20,5,0,0,96,0,4,25,na
2014,LTER_1,Backreef,2,N10,5,BW,BW,BW,BW,BW,0,too shallow for nadir photo; photo horizontal so not valid for cover percent
2014,LTER_1,Backreef,2,N8,4,BW,BW,BW,BW,BW,0,too shallow for nadir photo; photo horizontal so not valid for cover percent
2014,LTER_1,Backreef,2,S5,5,BW,BW,BW,BW,BW,0,too shallow for nadir photo; photo horizontal so not valid for cover percent
2014,LTER_1,Backreef,2,E11,1,0,16,0,0,84,25,na
2014,LTER_1,Backreef,2,E11,2,4,4,4,0,88,25,na
2014,LTER_1,Backreef,2,E11,3,4,20,4,0,72,25,na
2014,LTER_1,Backreef,2,E11,4,0,12,12,0,76,25,na
2014,LTER_1,Backreef,2,E11,5,4,8,12,0,76,25,na
2014,LTER_1,Backreef,2,E12,1,0,32,0,0,68,25,na
2014,LTER_1,Backreef,2,E12,2,8,20,24,0,48,25,na
2014,LTER_1,Backreef,2,E12,3,16,4,16,0,64,25,na
2014,LTER_1,Backreef,2,E12,4,4,4,60,0,32,25,na
2014,LTER_1,Backreef,2,E12,5,4,8,16,0,72,25,na
2014,LTER_1,Backreef,2,E13,1,0,8,4,0,88,25,na
2014,LTER_1,Backreef,2,E13,2,32,12,8,0,48,25,na
2014,LTER_1,Backreef,2,E13,3,12,8,48,0,32,25,na
2014,LTER_1,Backreef,2,E13,4,8,0,56,0,36,25,na
2014,LTER_1,Backreef,2,E13,5,20,12,0,0,68,25,na
2014,LTER_1,Backreef,2,E14,1,0,8,0,0,92,25,na
2014,LTER_1,Backreef,2,E14,2,0,12,4,0,84,25,na
2014,LTER_1,Backreef,2,E14,3,12,4,68,0,16,25,na
2014,LTER_1,Backreef,2,E14,4,0,4,88,0,8,25,na
2014,LTER_1,Backreef,2,E14,5,0,20,28,0,52,25,na
2014,LTER_1,Backreef,2,E15,1,12,16,36,0,36,25,na
2014,LTER_1,Backreef,2,E15,2,12,4,28,0,56,25,na
2014,LTER_1,Backreef,2,E15,3,0,12,32,0,56,25,na
2014,LTER_1,Backreef,2,E15,4,12,8,8,0,72,25,na
2014,LTER_1,Backreef,2,E15,5,4,44,40,0,12,25,na
2014,LTER_1,Backreef,2,N10,1,0,0,0,0,100,25,na
2014,LTER_1,Backreef,2,N10,2,4,12,0,0,84,25,na
2014,LTER_1,Backreef,2,N10,3,0,0,100,0,0,25,na
2014,LTER_1,Backreef,2,N10,4,0,28,0,0,72,25,na
2014,LTER_1,Backreef,2,N6,1,12,16,0,0,72,25,na
2014,LTER_1,Backreef,2,N6,2,0,4,28,0,68,25,na
2014,LTER_1,Backreef,2,N6,3,4,16,8,0,72,25,na
2014,LTER_1,Backreef,2,N6,4,8,0,68,0,24,25,na
2014,LTER_1,Backreef,2,N6,5,0,24,32,0,44,25,na
2014,LTER_1,Backreef,2,N7,1,4,0,56,0,40,25,na
2014,LTER_1,Backreef,2,N7,2,44,8,40,0,8,25,na
2014,LTER_1,Backreef,2,N7,3,0,12,0,0,88,25,na
2014,LTER_1,Backreef,2,N7,4,28,0,64,0,8,25,na
2014,LTER_1,Backreef,2,N7,5,40,4,36,0,20,25,na
2014,LTER_1,Backreef,2,N8,1,4,12,24,0,60,25,na
2014,LTER_1,Backreef,2,N8,2,20,4,60,0,16,25,na
2014,LTER_1,Backreef,2,N8,3,0,0,0,0,100,25,na
2014,LTER_1,Backreef,2,N8,5,32,12,20,0,36,25,na
2014,LTER_1,Backreef,2,N9,1,0,4,4,0,92,25,na
2014,LTER_1,Backreef,2,N9,2,9,17,4,0,70,23,some sub squares omitted
2014,LTER_1,Backreef,2,N9,3,4,20,24,0,52,25,na
2014,LTER_1,Backreef,2,N9,4,8,8,40,0,44,25,na
2014,LTER_1,Backreef,2,N9,5,4,4,60,0,32,25,na
2014,LTER_1,Backreef,2,S1,1,0,16,0,0,84,25,na
2014,LTER_1,Backreef,2,S1,2,32,4,8,0,56,25,na
2014,LTER_1,Backreef,2,S1,3,20,12,4,0,64,25,na
2014,LTER_1,Backreef,2,S1,4,12,4,20,0,64,25,na
2014,LTER_1,Backreef,2,S1,5,24,8,16,0,52,25,na
2014,LTER_1,Backreef,2,S2,1,0,12,56,0,32,25,na
2014,LTER_1,Backreef,2,S2,2,12,0,44,0,44,25,na
2014,LTER_1,Backreef,2,S2,3,8,0,64,0,28,25,na
2014,LTER_1,Backreef,2,S2,4,0,0,36,0,64,25,na
2014,LTER_1,Backreef,2,S2,5,0,4,56,0,40,25,na
2014,LTER_1,Backreef,2,S3,1,0,0,100,0,0,25,na
2014,LTER_1,Backreef,2,S3,2,0,0,0,0,100,25,na
2014,LTER_1,Backreef,2,S3,3,12,12,12,0,64,25,na
2014,LTER_1,Backreef,2,S3,4,28,20,0,0,52,25,na
2014,LTER_1,Backreef,2,S3,5,0,8,72,0,20,25,na
2014,LTER_1,Backreef,2,S4,1,0,0,80,0,20,25,na
2014,LTER_1,Backreef,2,S4,2,0,4,8,0,88,25,na
2014,LTER_1,Backreef,2,S4,3,12,0,4,0,84,25,na
2014,LTER_1,Backreef,2,S4,4,0,28,28,0,44,25,na
2014,LTER_1,Backreef,2,S4,5,0,0,80,0,20,25,na
2014,LTER_1,Backreef,2,S5,1,0,0,84,0,16,25,na
2014,LTER_1,Backreef,2,S5,2,0,12,0,0,88,25,na
2014,LTER_1,Backreef,2,S5,3,0,0,16,0,84,25,na
2014,LTER_1,Backreef,2,S5,4,24,16,4,0,56,25,na
2014,LTER_1,Backreef,2,W16,1,20,8,0,0,72,25,na
2014,LTER_1,Backreef,2,W16,2,16,8,20,0,56,25,na
2014,LTER_1,Backreef,2,W16,3,8,0,16,0,76,25,na
2014,LTER_1,Backreef,2,W16,4,20,16,0,0,64,25,na
2014,LTER_1,Backreef,2,W16,5,8,0,44,0,48,25,na
2014,LTER_1,Backreef,2,W17,1,0,40,0,0,60,25,na
2014,LTER_1,Backreef,2,W17,2,4,40,12,0,44,25,na
2014,LTER_1,Backreef,2,W17,3,0,4,12,0,84,25,na
2014,LTER_1,Backreef,2,W17,4,12,4,8,0,76,25,na
2014,LTER_1,Backreef,2,W17,5,0,24,56,0,20,25,na
2014,LTER_1,Backreef,2,W18,1,24,0,16,0,60,25,na
2014,LTER_1,Backreef,2,W18,2,32,16,0,0,52,25,na
2014,LTER_1,Backreef,2,W18,3,0,4,12,0,84,25,na
2014,LTER_1,Backreef,2,W18,4,28,8,28,0,36,25,na
2014,LTER_1,Backreef,2,W18,5,0,0,0,0,100,25,na
2014,LTER_1,Backreef,2,W19,1,12,0,60,0,28,25,na
2014,LTER_1,Backreef,2,W19,2,4,40,0,0,56,25,na
2014,LTER_1,Backreef,2,W19,3,16,0,44,0,40,25,na
2014,LTER_1,Backreef,2,W19,4,4,8,44,0,44,25,na
2014,LTER_1,Backreef,2,W19,5,4,8,4,0,84,25,na
2014,LTER_1,Backreef,2,W20,1,4,24,28,0,44,25,na
2014,LTER_1,Backreef,2,W20,2,4,0,0,0,96,25,na
2014,LTER_1,Backreef,2,W20,3,0,20,36,0,44,25,na
2014,LTER_1,Backreef,2,W20,4,4,8,72,0,16,25,na
2014,LTER_1,Backreef,2,W20,5,4,12,8,0,76,25,na
2014,LTER_2,Backreef,2,E11,1,0,64,4,0,32,25,na
2014,LTER_2,Backreef,2,E11,2,0,0,16,0,84,25,na
2014,LTER_2,Backreef,2,E11,3,0,28,0,0,72,25,na
2014,LTER_2,Backreef,2,E11,4,0,0,0,0,100,25,na
2014,LTER_2,Backreef,2,E11,5,24,36,0,0,40,25,na
2014,LTER_2,Backreef,2,E12,1,0,16,16,0,68,25,na
2014,LTER_2,Backreef,2,E12,2,4,0,8,0,88,25,na
2014,LTER_2,Backreef,2,E12,3,8,64,4,0,24,25,na
2014,LTER_2,Backreef,2,E12,4,0,0,0,0,100,25,na
2014,LTER_2,Backreef,2,E12,5,48,52,0,0,0,25,na
2014,LTER_2,Backreef,2,E13,1,0,16,48,0,36,25,na
2014,LTER_2,Backreef,2,E13,2,0,0,56,0,44,25,na
2014,LTER_2,Backreef,2,E13,3,8,8,0,0,84,25,na
2014,LTER_2,Backreef,2,E13,4,0,0,0,0,100,25,na
2014,LTER_2,Backreef,2,E13,5,64,4,32,0,0,25,na
2014,LTER_2,Backreef,2,E14,1,20,8,8,0,64,25,na
2014,LTER_2,Backreef,2,E14,2,0,52,36,0,12,25,na
2014,LTER_2,Backreef,2,E14,3,0,0,8,0,92,25,na
2014,LTER_2,Backreef,2,E14,4,40,0,32,0,28,25,na
2014,LTER_2,Backreef,2,E14,5,88,0,8,0,4,25,na
2014,LTER_2,Backreef,2,E15,1,8,8,72,0,12,25,na
2014,LTER_2,Backreef,2,E15,2,0,56,0,0,44,25,na
2014,LTER_2,Backreef,2,E15,3,0,0,0,0,100,25,na
2014,LTER_2,Backreef,2,E15,4,76,4,0,0,20,25,na
2014,LTER_2,Backreef,2,E15,5,80,8,12,0,0,25,na
2014,LTER_2,Backreef,2,N10,1,0,12,36,0,52,25,na
2014,LTER_2,Backreef,2,N10,2,0,24,4,0,72,25,na
2014,LTER_2,Backreef,2,N10,3,16,8,0,0,76,25,na
2014,LTER_2,Backreef,2,N10,4,100,0,0,0,0,25,na
2014,LTER_2,Backreef,2,N10,5,20,4,56,0,20,25,na
2014,LTER_2,Backreef,2,N6,1,0,0,60,0,40,25,na
2014,LTER_2,Backreef,2,N6,2,0,60,4,0,36,25,na
2014,LTER_2,Backreef,2,N6,3,0,44,0,0,56,25,na
2014,LTER_2,Backreef,2,N6,4,0,0,0,0,100,25,na
2014,LTER_2,Backreef,2,N6,5,0,60,40,0,0,25,na
2014,LTER_2,Backreef,2,N7,1,0,8,76,0,16,25,na
2014,LTER_2,Backreef,2,N7,2,8,8,8,0,76,25,na
2014,LTER_2,Backreef,2,N7,3,0,4,0,0,96,25,na
2014,LTER_2,Backreef,2,N7,4,20,16,40,0,24,25,na
2014,LTER_2,Backreef,2,N7,5,0,84,16,0,0,25,na
2014,LTER_2,Backreef,2,N8,1,12,12,12,0,64,25,na
2014,LTER_2,Backreef,2,N8,2,0,52,4,0,44,25,na
2014,LTER_2,Backreef,2,N8,3,4,8,0,0,88,25,na
2014,LTER_2,Backreef,2,N8,4,52,0,24,0,24,25,na
2014,LTER_2,Backreef,2,N8,5,0,76,0,0,24,25,na
2014,LTER_2,Backreef,2,N9,1,4,28,32,0,36,25,na
2014,LTER_2,Backreef,2,N9,2,12,28,12,0,48,25,na
2014,LTER_2,Backreef,2,N9,3,0,4,0,0,96,25,na
2014,LTER_2,Backreef,2,N9,4,64,12,20,0,4,25,na
2014,LTER_2,Backreef,2,N9,5,0,4,56,0,40,25,na
2014,LTER_2,Backreef,2,S1,1,0,16,4,0,80,25,na
2014,LTER_2,Backreef,2,S1,2,0,4,0,0,96,25,na
2014,LTER_2,Backreef,2,S1,3,0,72,0,0,28,25,na
2014,LTER_2,Backreef,2,S1,4,12,4,0,0,84,25,na
2014,LTER_2,Backreef,2,S1,5,36,24,36,0,4,25,na
2014,LTER_2,Backreef,2,S2,1,0,0,60,0,40,25,na
2014,LTER_2,Backreef,2,S2,2,0,0,88,0,12,25,na
2014,LTER_2,Backreef,2,S2,3,0,60,4,0,36,25,na
2014,LTER_2,Backreef,2,S2,4,12,0,12,0,76,25,na
2014,LTER_2,Backreef,2,S2,5,72,0,20,0,8,25,na
2014,LTER_2,Backreef,2,S3,1,0,12,56,0,32,25,na
2014,LTER_2,Backreef,2,S3,2,0,0,100,0,0,25,na
2014,LTER_2,Backreef,2,S3,3,0,28,32,0,40,25,na
2014,LTER_2,Backreef,2,S3,4,0,0,48,0,52,25,na
2014,LTER_2,Backreef,2,S3,5,0,4,44,0,52,25,na
2014,LTER_2,Backreef,2,S4,1,4,0,4,0,92,25,na
2014,LTER_2,Backreef,2,S4,2,0,0,96,0,4,25,na
2014,LTER_2,Backreef,2,S4,3,0,8,36,0,56,25,na
2014,LTER_2,Backreef,2,S4,4,0,0,64,0,36,25,na
2014,LTER_2,Backreef,2,S4,5,0,0,8,0,92,25,na
2014,LTER_2,Backreef,2,S5,1,12,0,4,0,84,25,na
2014,LTER_2,Backreef,2,S5,2,0,8,92,0,0,25,na
2014,LTER_2,Backreef,2,S5,3,0,12,0,0,88,25,na
2014,LTER_2,Backreef,2,S5,4,4,4,32,0,60,25,na
2014,LTER_2,Backreef,2,S5,5,4,8,12,0,76,25,na
2014,LTER_2,Backreef,2,W16,1,0,72,8,0,20,25,na
2014,LTER_2,Backreef,2,W16,2,0,0,0,0,100,25,na
2014,LTER_2,Backreef,2,W16,3,8,8,0,0,84,25,na
2014,LTER_2,Backreef,2,W16,4,8,0,4,0,88,25,na
2014,LTER_2,Backreef,2,W16,5,72,20,8,0,0,25,na
2014,LTER_2,Backreef,2,W17,1,0,64,0,0,36,25,na
2014,LTER_2,Backreef,2,W17,2,0,0,0,0,100,25,na
2014,LTER_2,Backreef,2,W17,3,16,16,24,0,44,25,na
2014,LTER_2,Backreef,2,W17,4,0,20,4,0,76,25,na
2014,LTER_2,Backreef,2,W17,5,44,4,52,0,0,25,na
2014,LTER_2,Backreef,2,W18,1,20,8,20,0,52,25,na
2014,LTER_2,Backreef,2,W18,2,0,4,0,0,96,25,na
2014,LTER_2,Backreef,2,W18,3,0,24,72,0,4,25,na
2014,LTER_2,Backreef,2,W18,4,0,4,0,0,96,25,na
2014,LTER_2,Backreef,2,W18,5,16,4,80,0,0,25,na
2014,LTER_2,Backreef,2,W19,1,36,12,48,0,4,25,na
2014,LTER_2,Backreef,2,W19,2,0,20,4,0,76,25,na
2014,LTER_2,Backreef,2,W19,3,0,20,72,0,8,25,na
2014,LTER_2,Backreef,2,W19,4,0,0,0,0,100,25,na
2014,LTER_2,Backreef,2,W19,5,0,28,64,0,8,25,na
2014,LTER_2,Backreef,2,W20,1,0,0,0,0,100,25,na
2014,LTER_2,Backreef,2,W20,2,0,100,0,0,0,25,na
2014,LTER_2,Backreef,2,W20,3,0,80,0,0,20,25,na
2014,LTER_2,Backreef,2,W20,4,4,8,12,0,76,25,na
2014,LTER_2,Backreef,2,W20,5,0,0,20,0,80,25,na
2014,LTER_3,Backreef,2,S2,5,BW,BW,BW,BW,BW,0,too shallow for nadir photo; photo horizontal so not valid for cover percent
2014,LTER_3,Backreef,2,E11,1,12,28,20,0,40,25,na
2014,LTER_3,Backreef,2,E11,2,20,40,0,0,40,25,na
2014,LTER_3,Backreef,2,E11,3,0,24,4,0,72,25,na
2014,LTER_3,Backreef,2,E11,4,12,4,0,0,84,25,na
2014,LTER_3,Backreef,2,E11,5,4,20,8,0,68,25,na
2014,LTER_3,Backreef,2,E12,1,0,40,28,0,32,25,na
2014,LTER_3,Backreef,2,E12,2,0,16,52,0,32,25,na
2014,LTER_3,Backreef,2,E12,3,12,8,20,0,60,25,na
2014,LTER_3,Backreef,2,E12,4,32,0,0,0,68,25,na
2014,LTER_3,Backreef,2,E12,5,56,4,4,0,36,25,na
2014,LTER_3,Backreef,2,E13,1,16,36,0,0,48,25,na
2014,LTER_3,Backreef,2,E13,2,12,4,84,0,0,25,na
2014,LTER_3,Backreef,2,E13,3,0,0,56,0,44,25,na
2014,LTER_3,Backreef,2,E13,4,8,44,12,0,36,25,na
2014,LTER_3,Backreef,2,E13,5,28,28,0,0,44,25,na
2014,LTER_3,Backreef,2,E14,1,0,36,44,0,20,25,na
2014,LTER_3,Backreef,2,E14,2,4,24,0,0,72,25,na
2014,LTER_3,Backreef,2,E14,3,32,4,40,0,24,25,na
2014,LTER_3,Backreef,2,E14,4,8,0,92,0,0,25,na
2014,LTER_3,Backreef,2,E14,5,24,48,8,0,20,25,na
2014,LTER_3,Backreef,2,E15,1,0,8,92,0,0,25,na
2014,LTER_3,Backreef,2,E15,2,0,0,0,0,100,25,na
2014,LTER_3,Backreef,2,E15,3,80,12,0,0,8,25,na
2014,LTER_3,Backreef,2,E15,4,8,8,52,0,32,25,na
2014,LTER_3,Backreef,2,E15,5,0,36,56,0,8,25,na
2014,LTER_3,Backreef,2,N10,1,0,8,44,0,48,25,na
2014,LTER_3,Backreef,2,N10,2,4,40,52,0,4,25,na
2014,LTER_3,Backreef,2,N10,3,0,0,80,0,20,25,na
2014,LTER_3,Backreef,2,N10,4,8,0,92,0,0,26,overcount
2014,LTER_3,Backreef,2,N10,5,0,0,100,0,0,25,na
2014,LTER_3,Backreef,2,N6,1,0,12,76,0,12,25,na
2014,LTER_3,Backreef,2,N6,2,44,20,16,0,20,25,na
2014,LTER_3,Backreef,2,N6,3,4,0,88,0,8,25,na
2014,LTER_3,Backreef,2,N6,4,0,0,4,0,96,25,na
2014,LTER_3,Backreef,2,N6,5,16,16,0,0,68,25,na
2014,LTER_3,Backreef,2,N7,1,4,12,84,0,0,25,na
2014,LTER_3,Backreef,2,N7,2,28,32,8,0,32,25,na
2014,LTER_3,Backreef,2,N7,3,68,0,8,0,24,25,na
2014,LTER_3,Backreef,2,N7,4,12,8,8,0,72,25,na
2014,LTER_3,Backreef,2,N7,5,36,40,0,0,24,25,na
2014,LTER_3,Backreef,2,N8,1,0,16,48,0,36,25,na
2014,LTER_3,Backreef,2,N8,2,4,40,8,0,48,25,na
2014,LTER_3,Backreef,2,N8,3,8,20,64,0,8,25,na
2014,LTER_3,Backreef,2,N8,4,20,16,52,0,12,25,na
2014,LTER_3,Backreef,2,N8,5,32,8,24,0,36,25,na
2014,LTER_3,Backreef,2,N9,1,0,8,40,0,52,25,na
2014,LTER_3,Backreef,2,N9,2,8,28,12,0,52,25,na
2014,LTER_3,Backreef,2,N9,3,0,0,96,0,4,25,na
2014,LTER_3,Backreef,2,N9,4,16,0,80,0,4,25,na
2014,LTER_3,Backreef,2,N9,5,0,0,100,0,0,25,na
2014,LTER_3,Backreef,2,S1,1,32,8,44,0,16,25,na
2014,LTER_3,Backreef,2,S1,2,80,4,0,0,16,25,na
2014,LTER_3,Backreef,2,S1,3,4,24,16,0,56,25,na
2014,LTER_3,Backreef,2,S1,4,28,0,0,0,72,25,na
2014,LTER_3,Backreef,2,S1,5,52,4,36,0,8,25,na
2014,LTER_3,Backreef,2,S2,1,0,16,32,0,52,25,na
2014,LTER_3,Backreef,2,S2,2,40,24,0,0,36,25,na
2014,LTER_3,Backreef,2,S2,3,16,4,0,0,80,25,na
2014,LTER_3,Backreef,2,S2,4,44,0,56,0,0,25,na
2014,LTER_3,Backreef,2,S3,1,44,0,56,0,0,25,na
2014,LTER_3,Backreef,2,S3,2,4,24,0,0,72,25,na
2014,LTER_3,Backreef,2,S3,3,36,8,0,0,56,25,na
2014,LTER_3,Backreef,2,S3,4,20,0,80,0,0,25,na
2014,LTER_3,Backreef,2,S3,5,0,36,8,0,56,25,na
2014,LTER_3,Backreef,2,S4,1,44,0,52,0,4,25,na
2014,LTER_3,Backreef,2,S4,2,4,0,8,0,88,25,na
2014,LTER_3,Backreef,2,S4,3,12,8,40,0,40,25,na
2014,LTER_3,Backreef,2,S4,4,4,0,96,0,0,25,na
2014,LTER_3,Backreef,2,S4,5,4,32,0,0,64,25,na
2014,LTER_3,Backreef,2,S5,1,0,0,84,0,16,25,na
2014,LTER_3,Backreef,2,S5,2,4,4,0,0,92,25,na
2014,LTER_3,Backreef,2,S5,3,80,12,0,0,8,25,na
2014,LTER_3,Backreef,2,S5,4,4,0,96,0,0,25,na
2014,LTER_3,Backreef,2,S5,5,4,0,80,0,16,25,na
2014,LTER_3,Backreef,2,W16,1,0,8,64,0,28,25,na
2014,LTER_3,Backreef,2,W16,2,32,4,56,0,8,25,na
2014,LTER_3,Backreef,2,W16,3,96,0,4,0,0,25,na
2014,LTER_3,Backreef,2,W16,4,4,20,32,0,44,25,na
2014,LTER_3,Backreef,2,W16,5,0,20,72,0,8,25,na
2014,LTER_3,Backreef,2,W17,1,48,4,12,0,36,25,na
2014,LTER_3,Backreef,2,W17,2,20,40,4,0,36,25,na
2014,LTER_3,Backreef,2,W17,3,20,8,8,0,64,25,na
2014,LTER_3,Backreef,2,W17,4,12,0,80,0,8,25,na
2014,LTER_3,Backreef,2,W17,5,4,0,32,0,64,25,na
2014,LTER_3,Backreef,2,W18,1,60,8,16,0,16,25,na
2014,LTER_3,Backreef,2,W18,2,28,36,0,0,36,25,na
2014,LTER_3,Backreef,2,W18,3,40,4,0,0,56,25,na
2014,LTER_3,Backreef,2,W18,4,4,4,52,0,40,25,na
2014,LTER_3,Backreef,2,W18,5,28,0,40,0,32,25,na
2014,LTER_3,Backreef,2,W19,1,44,12,40,0,4,25,na
2014,LTER_3,Backreef,2,W19,2,56,24,0,0,20,25,na
2014,LTER_3,Backreef,2,W19,3,28,24,0,0,48,25,na
2014,LTER_3,Backreef,2,W19,4,0,0,72,0,28,25,na
2014,LTER_3,Backreef,2,W19,5,20,24,0,0,56,25,na
2014,LTER_3,Backreef,2,W20,1,0,0,100,0,0,25,na
2014,LTER_3,Backreef,2,W20,2,36,8,0,0,56,25,na
2014,LTER_3,Backreef,2,W20,3,0,24,44,0,32,25,na
2014,LTER_3,Backreef,2,W20,4,4,0,92,0,4,25,na
2014,LTER_3,Backreef,2,W20,5,0,20,8,0,72,25,na
2014,LTER_4,Backreef,2,E11,1,40,12,4,0,44,25,na
2014,LTER_4,Backreef,2,E11,2,32,16,4,0,48,25,na
2014,LTER_4,Backreef,2,E11,3,72,0,0,0,28,25,na
2014,LTER_4,Backreef,2,E11,4,52,0,8,0,40,25,na
2014,LTER_4,Backreef,2,E11,5,32,4,0,0,64,25,na
2014,LTER_4,Backreef,2,E12,1,72,4,8,0,16,25,na
2014,LTER_4,Backreef,2,E12,2,40,4,24,0,32,25,na
2014,LTER_4,Backreef,2,E12,3,76,0,0,0,24,25,na
2014,LTER_4,Backreef,2,E12,4,12,0,12,0,76,25,na
2014,LTER_4,Backreef,2,E12,5,52,0,0,0,48,25,na
2014,LTER_4,Backreef,2,E13,1,56,0,20,0,24,25,na
2014,LTER_4,Backreef,2,E13,2,52,12,16,0,20,25,na
2014,LTER_4,Backreef,2,E13,3,20,0,28,0,52,25,na
2014,LTER_4,Backreef,2,E13,4,48,12,4,0,36,25,na
2014,LTER_4,Backreef,2,E13,5,24,8,0,0,68,25,na
2014,LTER_4,Backreef,2,E14,1,8,4,52,0,36,25,na
2014,LTER_4,Backreef,2,E14,2,8,0,76,0,16,25,na
2014,LTER_4,Backreef,2,E14,3,0,0,88,0,12,25,na
2014,LTER_4,Backreef,2,E14,4,12,4,16,0,68,25,na
2014,LTER_4,Backreef,2,E14,5,84,0,0,0,16,25,na
2014,LTER_4,Backreef,2,E15,1,32,4,40,0,24,25,na
2014,LTER_4,Backreef,2,E15,2,4,0,72,0,24,25,na
2014,LTER_4,Backreef,2,E15,3,0,0,100,0,0,25,na
2014,LTER_4,Backreef,2,E15,4,0,0,52,0,48,25,na
2014,LTER_4,Backreef,2,E15,5,72,0,4,0,24,25,na
2014,LTER_4,Backreef,2,N10,1,32,0,48,0,20,25,na
2014,LTER_4,Backreef,2,N10,2,100,0,0,0,0,25,na
2014,LTER_4,Backreef,2,N10,3,24,0,56,0,20,25,na
2014,LTER_4,Backreef,2,N10,4,0,0,88,0,12,25,na
2014,LTER_4,Backreef,2,N10,5,24,0,56,0,20,25,na
2014,LTER_4,Backreef,2,N6,1,40,4,8,0,48,25,na
2014,LTER_4,Backreef,2,N6,2,20,12,4,0,64,25,na
2014,LTER_4,Backreef,2,N6,3,80,8,0,0,12,25,na
2014,LTER_4,Backreef,2,N6,4,36,0,4,0,60,25,na
2014,LTER_4,Backreef,2,N6,5,16,0,0,0,84,25,na
2014,LTER_4,Backreef,2,N7,1,60,16,4,0,20,25,na
2014,LTER_4,Backreef,2,N7,2,96,4,0,0,0,25,na
2014,LTER_4,Backreef,2,N7,3,24,0,36,0,40,25,na
2014,LTER_4,Backreef,2,N7,4,16,0,0,0,84,25,na
2014,LTER_4,Backreef,2,N7,5,60,4,0,0,36,25,na
2014,LTER_4,Backreef,2,N8,1,56,8,24,0,12,25,na
2014,LTER_4,Backreef,2,N8,2,56,4,0,0,40,25,na
2014,LTER_4,Backreef,2,N8,3,36,0,64,0,0,25,na
2014,LTER_4,Backreef,2,N8,4,80,0,8,0,12,25,na
2014,LTER_4,Backreef,2,N8,5,100,0,0,0,0,25,na
2014,LTER_4,Backreef,2,N9,1,48,4,36,0,12,25,na
2014,LTER_4,Backreef,2,N9,2,88,4,0,0,8,25,na
2014,LTER_4,Backreef,2,N9,3,4,0,96,0,0,25,na
2014,LTER_4,Backreef,2,N9,4,0,0,88,0,12,25,na
2014,LTER_4,Backreef,2,N9,5,60,4,28,0,8,25,na
2014,LTER_4,Backreef,2,S1,1,8,0,56,0,36,25,na
2014,LTER_4,Backreef,2,S1,2,36,0,0,0,64,25,na
2014,LTER_4,Backreef,2,S1,3,52,12,16,0,20,25,na
2014,LTER_4,Backreef,2,S1,4,20,8,16,0,56,25,na
2014,LTER_4,Backreef,2,S1,5,40,16,0,0,44,25,na
2014,LTER_4,Backreef,2,S2,1,36,8,12,0,44,25,na
2014,LTER_4,Backreef,2,S2,2,44,0,8,0,48,25,na
2014,LTER_4,Backreef,2,S2,3,4,4,0,0,92,25,na
2014,LTER_4,Backreef,2,S2,4,0,0,100,0,0,25,na
2014,LTER_4,Backreef,2,S2,5,64,24,0,4,8,25,na
2014,LTER_4,Backreef,2,S3,1,12,72,0,0,16,25,na
2014,LTER_4,Backreef,2,S3,2,12,0,68,0,20,25,na
2014,LTER_4,Backreef,2,S3,3,72,4,8,0,16,25,na
2014,LTER_4,Backreef,2,S3,4,0,0,64,0,36,25,na
2014,LTER_4,Backreef,2,S3,5,0,20,0,80,0,25,na
2014,LTER_4,Backreef,2,S4,1,52,40,0,0,8,25,na
2014,LTER_4,Backreef,2,S4,2,12,8,20,0,60,25,na
2014,LTER_4,Backreef,2,S4,3,44,4,0,0,52,25,na
2014,LTER_4,Backreef,2,S4,4,0,0,44,0,56,25,na
2014,LTER_4,Backreef,2,S4,5,0,12,0,84,4,25,na
2014,LTER_4,Backreef,2,S5,1,52,20,0,0,28,25,na
2014,LTER_4,Backreef,2,S5,2,0,0,92,0,8,25,na
2014,LTER_4,Backreef,2,S5,3,64,8,0,0,28,25,na
2014,LTER_4,Backreef,2,S5,4,12,0,80,0,8,25,na
2014,LTER_4,Backreef,2,S5,5,16,0,32,0,52,25,na
2014,LTER_4,Backreef,2,W16,1,76,8,8,0,8,25,na
2014,LTER_4,Backreef,2,W16,2,32,20,0,0,48,25,na
2014,LTER_4,Backreef,2,W16,3,52,0,8,0,40,25,na
2014,LTER_4,Backreef,2,W16,4,68,0,0,0,32,25,na
2014,LTER_4,Backreef,2,W16,5,0,12,0,0,88,25,na
2014,LTER_4,Backreef,2,W17,1,40,16,16,0,28,25,na
2014,LTER_4,Backreef,2,W17,2,0,0,100,0,0,25,na
2014,LTER_4,Backreef,2,W17,3,40,4,36,0,20,25,na
2014,LTER_4,Backreef,2,W17,4,92,4,0,0,4,25,na
2014,LTER_4,Backreef,2,W17,5,8,0,88,0,4,25,na
2014,LTER_4,Backreef,2,W18,1,32,4,12,0,52,25,na
2014,LTER_4,Backreef,2,W18,2,20,0,32,0,48,25,na
2014,LTER_4,Backreef,2,W18,3,0,0,56,0,44,25,na
2014,LTER_4,Backreef,2,W18,4,92,0,0,0,8,25,na
2014,LTER_4,Backreef,2,W18,5,24,0,64,0,12,25,na
2014,LTER_4,Backreef,2,W19,1,8,4,56,0,32,25,na
2014,LTER_4,Backreef,2,W19,2,32,0,28,0,40,25,na
2014,LTER_4,Backreef,2,W19,3,40,12,12,0,36,25,na
2014,LTER_4,Backreef,2,W19,4,72,4,0,0,24,25,na
2014,LTER_4,Backreef,2,W19,5,8,0,0,0,92,25,na
2014,LTER_4,Backreef,2,W20,1,0,8,15,0,77,26,overcount
2014,LTER_4,Backreef,2,W20,2,44,4,12,0,40,25,na
2014,LTER_4,Backreef,2,W20,3,8,4,56,0,32,25,na
2014,LTER_4,Backreef,2,W20,4,8,0,92,0,0,25,na
2014,LTER_4,Backreef,2,W20,5,28,0,0,0,72,25,na
2014,LTER_5,Backreef,2,S2,1,BW,BW,BW,BW,BW,0,too shallow for nadir photo; photo horizontal so not valid for cover percent
2014,LTER_5,Backreef,2,E11,1,0,4,36,0,60,25,na
2014,LTER_5,Backreef,2,E11,2,24,0,0,0,76,25,na
2014,LTER_5,Backreef,2,E11,3,72,4,12,0,12,25,na
2014,LTER_5,Backreef,2,E11,4,16,0,4,20,60,25,na
2014,LTER_5,Backreef,2,E11,5,12,4,24,0,60,25,na
2014,LTER_5,Backreef,2,E12,1,4,0,96,0,0,25,na
2014,LTER_5,Backreef,2,E12,2,40,0,20,0,40,25,na
2014,LTER_5,Backreef,2,E12,3,4,0,24,0,72,25,na
2014,LTER_5,Backreef,2,E12,4,4,0,92,0,4,25,na
2014,LTER_5,Backreef,2,E12,5,0,4,96,0,0,25,na
2014,LTER_5,Backreef,2,E13,1,0,0,20,0,80,25,na
2014,LTER_5,Backreef,2,E13,2,12,0,12,0,76,25,na
2014,LTER_5,Backreef,2,E13,3,16,0,4,0,80,25,na
2014,LTER_5,Backreef,2,E13,4,20,0,72,0,8,25,na
2014,LTER_5,Backreef,2,E13,5,12,0,28,0,60,25,na
2014,LTER_5,Backreef,2,E14,1,8,0,0,0,92,25,na
2014,LTER_5,Backreef,2,E14,2,0,12,32,0,56,25,na
2014,LTER_5,Backreef,2,E14,3,0,0,72,0,28,25,na
2014,LTER_5,Backreef,2,E14,4,32,8,16,0,44,25,na
2014,LTER_5,Backreef,2,E14,5,76,0,0,0,24,25,na
2014,LTER_5,Backreef,2,E15,1,56,0,12,0,32,25,na
2014,LTER_5,Backreef,2,E15,2,0,0,100,0,0,25,na
2014,LTER_5,Backreef,2,E15,3,0,0,100,0,0,25,na
2014,LTER_5,Backreef,2,E15,4,0,4,8,0,88,25,na
2014,LTER_5,Backreef,2,E15,5,4,4,32,0,60,25,na
2014,LTER_5,Backreef,2,N10,1,4,0,84,0,12,25,na
2014,LTER_5,Backreef,2,N10,2,8,0,80,0,12,25,na
2014,LTER_5,Backreef,2,N10,3,64,0,28,0,8,25,na
2014,LTER_5,Backreef,2,N10,4,48,0,4,0,48,25,na
2014,LTER_5,Backreef,2,N10,5,48,0,0,0,52,25,na
2014,LTER_5,Backreef,2,N6,1,0,0,20,0,80,25,na
2014,LTER_5,Backreef,2,N6,2,60,0,4,0,36,25,na
2014,LTER_5,Backreef,2,N6,3,12,0,72,0,16,25,na
2014,LTER_5,Backreef,2,N6,4,8,4,4,0,84,25,na
2014,LTER_5,Backreef,2,N6,5,32,0,56,0,12,25,na
2014,LTER_5,Backreef,2,N7,1,20,4,44,0,32,25,na
2014,LTER_5,Backreef,2,N7,2,0,0,100,0,0,25,na
2014,LTER_5,Backreef,2,N7,3,96,0,0,0,4,25,na
2014,LTER_5,Backreef,2,N7,4,60,0,0,0,40,25,na
2014,LTER_5,Backreef,2,N7,5,8,4,0,0,88,25,na
2014,LTER_5,Backreef,2,N8,1,8,0,52,0,40,25,na
2014,LTER_5,Backreef,2,N8,2,0,0,100,0,0,25,na
2014,LTER_5,Backreef,2,N8,3,100,0,0,0,0,25,na
2014,LTER_5,Backreef,2,N8,4,16,0,0,0,84,25,na
2014,LTER_5,Backreef,2,N8,5,0,12,0,0,88,25,na
2014,LTER_5,Backreef,2,N9,1,36,0,36,0,28,25,na
2014,LTER_5,Backreef,2,N9,2,8,0,88,0,4,25,na
2014,LTER_5,Backreef,2,N9,3,100,0,0,0,0,25,na
2014,LTER_5,Backreef,2,N9,4,12,0,28,0,60,25,na
2014,LTER_5,Backreef,2,N9,5,56,4,0,0,40,25,na
2014,LTER_5,Backreef,2,S1,1,12,0,76,0,12,25,na
2014,LTER_5,Backreef,2,S1,2,16,0,24,0,60,25,na
2014,LTER_5,Backreef,2,S1,3,0,4,0,0,96,25,na
2014,LTER_5,Backreef,2,S1,4,24,8,0,0,68,25,na
2014,LTER_5,Backreef,2,S1,5,16,0,56,0,28,25,na
2014,LTER_5,Backreef,2,S2,2,36,0,0,0,64,25,na
2014,LTER_5,Backreef,2,S2,3,4,24,0,0,72,25,na
2014,LTER_5,Backreef,2,S2,4,28,0,24,0,48,25,na
2014,LTER_5,Backreef,2,S2,5,12,0,20,0,68,25,na
2014,LTER_5,Backreef,2,S3,1,16,0,32,0,52,25,na
2014,LTER_5,Backreef,2,S3,2,60,4,32,0,4,25,na
2014,LTER_5,Backreef,2,S3,3,16,4,4,0,76,25,na
2014,LTER_5,Backreef,2,S3,4,48,0,40,0,12,25,na
2014,LTER_5,Backreef,2,S3,5,12,0,28,0,60,25,na
2014,LTER_5,Backreef,2,S4,1,4,0,0,0,96,25,na
2014,LTER_5,Backreef,2,S4,2,44,0,56,0,0,25,na
2014,LTER_5,Backreef,2,S4,3,32,0,4,0,64,25,na
2014,LTER_5,Backreef,2,S4,4,32,0,68,0,0,25,na
2014,LTER_5,Backreef,2,S4,5,16,0,40,0,44,25,na
2014,LTER_5,Backreef,2,S5,1,48,0,44,0,8,25,na
2014,LTER_5,Backreef,2,S5,2,0,0,60,0,40,25,na
2014,LTER_5,Backreef,2,S5,3,36,4,12,0,48,25,na
2014,LTER_5,Backreef,2,S5,4,0,0,56,0,44,25,na
2014,LTER_5,Backreef,2,S5,5,0,4,52,0,44,25,na
2014,LTER_5,Backreef,2,W16,1,0,0,100,0,0,25,na
2014,LTER_5,Backreef,2,W16,2,0,0,72,0,28,25,na
2014,LTER_5,Backreef,2,W16,3,65,0,19,0,15,26,overcount
2014,LTER_5,Backreef,2,W16,4,0,0,68,8,24,25,na
2014,LTER_5,Backreef,2,W16,5,8,0,28,0,64,25,na
2014,LTER_5,Backreef,2,W17,1,56,4,0,0,40,25,na
2014,LTER_5,Backreef,2,W17,2,12,0,44,0,44,25,na
2014,LTER_5,Backreef,2,W17,3,0,8,68,0,24,25,na
2014,LTER_5,Backreef,2,W17,4,12,4,40,4,40,25,na
2014,LTER_5,Backreef,2,W17,5,0,0,88,0,12,25,na
2014,LTER_5,Backreef,2,W18,1,24,8,0,0,68,25,na
2014,LTER_5,Backreef,2,W18,2,12,4,8,0,76,25,na
2014,LTER_5,Backreef,2,W18,3,12,0,12,0,76,25,na
2014,LTER_5,Backreef,2,W18,4,28,0,36,0,36,25,na
2014,LTER_5,Backreef,2,W18,5,0,0,100,0,0,25,na
2014,LTER_5,Backreef,2,W19,1,28,0,0,0,72,25,na
2014,LTER_5,Backreef,2,W19,2,16,24,4,0,56,25,na
2014,LTER_5,Backreef,2,W19,3,4,0,12,0,84,25,na
2014,LTER_5,Backreef,2,W19,4,60,0,16,0,24,25,na
2014,LTER_5,Backreef,2,W19,5,0,0,100,0,0,25,na
2014,LTER_5,Backreef,2,W20,1,16,0,0,0,84,25,na
2014,LTER_5,Backreef,2,W20,2,64,0,0,0,36,25,na
2014,LTER_5,Backreef,2,W20,3,0,0,100,0,0,25,na
2014,LTER_5,Backreef,2,W20,4,28,0,12,0,60,25,na
2014,LTER_5,Backreef,2,W20,5,0,0,92,0,8,25,na
2014,LTER_6,Backreef,2,S2,4,BW,BW,BW,BW,BW,0,too shallow for nadir photo; photo horizontal so not valid for cover percent
2014,LTER_6,Backreef,2,E11,1,8,0,4,0,88,25,na
2014,LTER_6,Backreef,2,E11,2,12,0,16,0,72,25,na
2014,LTER_6,Backreef,2,E11,3,36,0,0,0,64,25,na
2014,LTER_6,Backreef,2,E11,4,0,0,0,0,100,25,na
2014,LTER_6,Backreef,2,E11,5,28,0,32,0,40,25,na
2014,LTER_6,Backreef,2,E12,1,4,0,12,0,84,25,na
2014,LTER_6,Backreef,2,E12,2,32,0,16,0,52,25,na
2014,LTER_6,Backreef,2,E12,3,4,0,0,0,96,25,na
2014,LTER_6,Backreef,2,E12,4,12,0,0,0,88,25,na
2014,LTER_6,Backreef,2,E12,5,40,0,56,0,4,25,na
2014,LTER_6,Backreef,2,E13,1,4,0,28,0,68,25,na
2014,LTER_6,Backreef,2,E13,2,60,0,4,0,36,25,na
2014,LTER_6,Backreef,2,E13,3,24,0,0,0,76,25,na
2014,LTER_6,Backreef,2,E13,4,8,0,0,0,92,25,na
2014,LTER_6,Backreef,2,E13,5,20,0,44,0,36,25,na
2014,LTER_6,Backreef,2,E14,1,28,0,4,0,68,25,na
2014,LTER_6,Backreef,2,E14,2,0,0,0,0,100,25,na
2014,LTER_6,Backreef,2,E14,3,56,0,0,0,44,25,na
2014,LTER_6,Backreef,2,E14,4,8,0,20,0,72,25,na
2014,LTER_6,Backreef,2,E14,5,16,0,8,0,76,25,na
2014,LTER_6,Backreef,2,E15,1,48,0,20,0,32,25,na
2014,LTER_6,Backreef,2,E15,2,68,0,0,0,32,25,na
2014,LTER_6,Backreef,2,E15,3,8,0,68,0,24,25,na
2014,LTER_6,Backreef,2,E15,4,4,0,12,0,84,25,na
2014,LTER_6,Backreef,2,E15,5,0,0,80,0,20,25,na
2014,LTER_6,Backreef,2,N10,1,24,0,0,0,76,25,na
2014,LTER_6,Backreef,2,N10,2,0,0,20,0,80,25,na
2014,LTER_6,Backreef,2,N10,3,8,0,12,0,80,25,na
2014,LTER_6,Backreef,2,N10,4,0,0,80,0,20,25,na
2014,LTER_6,Backreef,2,N10,5,0,0,64,4,32,25,na
2014,LTER_6,Backreef,2,N6,1,28,0,16,0,56,25,na
2014,LTER_6,Backreef,2,N6,2,20,0,56,0,24,25,na
2014,LTER_6,Backreef,2,N6,3,20,0,8,0,72,25,na
2014,LTER_6,Backreef,2,N6,4,4,0,32,0,64,25,na
2014,LTER_6,Backreef,2,N6,5,24,0,28,0,48,25,na
2014,LTER_6,Backreef,2,N7,1,12,0,80,0,8,25,na
2014,LTER_6,Backreef,2,N7,2,16,0,48,0,36,25,na
2014,LTER_6,Backreef,2,N7,3,20,4,20,0,56,25,na
2014,LTER_6,Backreef,2,N7,4,4,0,88,0,8,25,na
2014,LTER_6,Backreef,2,N7,5,20,0,8,0,72,25,na
2014,LTER_6,Backreef,2,N8,1,28,4,24,0,44,25,na
2014,LTER_6,Backreef,2,N8,2,0,0,20,0,80,25,na
2014,LTER_6,Backreef,2,N8,3,16,0,12,0,72,25,na
2014,LTER_6,Backreef,2,N8,4,8,4,48,0,40,25,na
2014,LTER_6,Backreef,2,N8,5,4,0,0,0,96,25,na
2014,LTER_6,Backreef,2,N9,1,12,0,0,0,88,25,na
2014,LTER_6,Backreef,2,N9,2,0,0,60,0,40,25,na
2014,LTER_6,Backreef,2,N9,3,8,0,4,0,88,25,na
2014,LTER_6,Backreef,2,N9,4,0,0,92,0,8,25,na
2014,LTER_6,Backreef,2,N9,5,0,0,36,8,56,25,na
2014,LTER_6,Backreef,2,S1,1,16,0,32,0,52,25,na
2014,LTER_6,Backreef,2,S1,2,8,8,52,0,32,25,na
2014,LTER_6,Backreef,2,S1,3,20,0,0,0,80,25,na
2014,LTER_6,Backreef,2,S1,4,0,0,20,0,80,25,na
2014,LTER_6,Backreef,2,S1,5,60,0,12,0,28,25,na
2014,LTER_6,Backreef,2,S2,1,40,0,4,0,56,25,na
2014,LTER_6,Backreef,2,S2,2,56,0,0,0,44,25,na
2014,LTER_6,Backreef,2,S2,3,16,0,48,0,36,25,na
2014,LTER_6,Backreef,2,S2,5,32,0,20,0,48,25,na
2014,LTER_6,Backreef,2,S3,1,24,0,0,4,72,25,na
2014,LTER_6,Backreef,2,S3,2,12,8,0,0,80,25,na
2014,LTER_6,Backreef,2,S3,3,52,0,48,0,0,25,na
2014,LTER_6,Backreef,2,S3,4,0,0,32,0,68,25,na
2014,LTER_6,Backreef,2,S3,5,32,8,0,0,60,25,na
2014,LTER_6,Backreef,2,S4,1,36,0,0,4,60,25,na
2014,LTER_6,Backreef,2,S4,2,4,4,0,0,92,25,na
2014,LTER_6,Backreef,2,S4,3,8,0,92,0,0,25,na
2014,LTER_6,Backreef,2,S4,4,8,0,0,0,92,25,na
2014,LTER_6,Backreef,2,S4,5,16,20,4,0,60,25,na
2014,LTER_6,Backreef,2,S5,1,16,0,64,0,20,25,na
2014,LTER_6,Backreef,2,S5,2,12,0,0,0,88,25,na
2014,LTER_6,Backreef,2,S5,3,12,0,80,0,8,25,na
2014,LTER_6,Backreef,2,S5,4,12,0,4,0,84,25,na
2014,LTER_6,Backreef,2,S5,5,24,0,28,0,48,25,na
2014,LTER_6,Backreef,2,W16,1,12,16,4,0,68,25,na
2014,LTER_6,Backreef,2,W16,2,8,0,24,0,68,25,na
2014,LTER_6,Backreef,2,W16,3,24,0,0,0,76,25,na
2014,LTER_6,Backreef,2,W16,4,4,0,8,0,88,25,na
2014,LTER_6,Backreef,2,W16,5,16,0,0,0,84,25,na
2014,LTER_6,Backreef,2,W17,1,36,0,0,0,64,25,na
2014,LTER_6,Backreef,2,W17,2,12,0,48,0,40,25,na
2014,LTER_6,Backreef,2,W17,3,8,0,92,0,0,25,na
2014,LTER_6,Backreef,2,W17,4,36,0,0,0,64,25,na
2014,LTER_6,Backreef,2,W17,5,20,0,44,0,36,25,na
2014,LTER_6,Backreef,2,W18,1,28,0,24,0,48,25,na
2014,LTER_6,Backreef,2,W18,2,0,0,24,0,76,25,na
2014,LTER_6,Backreef,2,W18,3,0,0,100,0,0,25,na
2014,LTER_6,Backreef,2,W18,4,12,0,0,0,88,25,na
2014,LTER_6,Backreef,2,W18,5,8,0,60,0,32,25,na
2014,LTER_6,Backreef,2,W19,1,8,0,44,0,48,25,na
2014,LTER_6,Backreef,2,W19,2,4,0,72,0,24,25,na
2014,LTER_6,Backreef,2,W19,3,0,0,80,0,20,25,na
2014,LTER_6,Backreef,2,W19,4,24,0,0,0,76,25,na
2014,LTER_6,Backreef,2,W19,5,4,0,80,0,16,25,na
2014,LTER_6,Backreef,2,W20,1,24,0,76,0,0,25,na
2014,LTER_6,Backreef,2,W20,2,8,0,20,0,72,25,na
2014,LTER_6,Backreef,2,W20,3,8,4,16,0,72,25,na
2014,LTER_6,Backreef,2,W20,4,8,0,80,0,12,25,na
2014,LTER_6,Backreef,2,W20,5,0,0,92,0,8,25,na
2015,LTER_1,Backreef,2,E11,1,0,48,0,0,52,25,na
2015,LTER_1,Backreef,2,E11,2,0,16,8,0,76,25,na
2015,LTER_1,Backreef,2,E11,3,8,8,12,0,72,25,na
2015,LTER_1,Backreef,2,E11,4,0,32,16,0,52,25,na
2015,LTER_1,Backreef,2,E11,5,0,12,16,0,72,25,na
2015,LTER_1,Backreef,2,E12,1,0,44,0,0,56,25,na
2015,LTER_1,Backreef,2,E12,2,0,16,0,28,56,25,na
2015,LTER_1,Backreef,2,E12,3,0,4,16,0,80,25,na
2015,LTER_1,Backreef,2,E12,4,4,12,16,0,68,25,na
2015,LTER_1,Backreef,2,E12,5,8,4,12,0,76,25,na
2015,LTER_1,Backreef,2,E13,1,0,20,16,0,64,25,na
2015,LTER_1,Backreef,2,E13,2,12,16,8,0,64,25,na
2015,LTER_1,Backreef,2,E13,3,5,45,10,0,40,20,some sub squares omitted
2015,LTER_1,Backreef,2,E13,4,12,0,16,0,72,25,na
2015,LTER_1,Backreef,2,E13,5,12,20,0,0,68,25,na
2015,LTER_1,Backreef,2,E14,1,4,56,0,0,40,25,na
2015,LTER_1,Backreef,2,E14,2,0,8,68,0,24,25,na
2015,LTER_1,Backreef,2,E14,3,16,24,24,0,36,25,na
2015,LTER_1,Backreef,2,E14,4,12,8,16,0,64,25,na
2015,LTER_1,Backreef,2,E14,5,4,44,16,0,36,25,na
2015,LTER_1,Backreef,2,E15,1,0,12,32,0,56,25,na
2015,LTER_1,Backreef,2,E15,2,0,16,8,0,76,25,na
2015,LTER_1,Backreef,2,E15,3,12,0,20,0,68,25,na
2015,LTER_1,Backreef,2,E15,4,12,4,52,0,32,25,na
2015,LTER_1,Backreef,2,E15,5,4,8,84,0,4,25,na
2015,LTER_1,Backreef,2,N10,1,4,16,0,0,80,25,na
2015,LTER_1,Backreef,2,N10,2,0,28,0,0,72,25,na
2015,LTER_1,Backreef,2,N10,3,0,0,88,0,12,25,na
2015,LTER_1,Backreef,2,N10,4,4,52,8,0,36,25,na
2015,LTER_1,Backreef,2,N10,5,12,0,44,0,44,25,na
2015,LTER_1,Backreef,2,N6,1,8,16,8,0,68,25,na
2015,LTER_1,Backreef,2,N6,2,0,64,0,0,36,25,na
2015,LTER_1,Backreef,2,N6,3,8,16,20,0,56,25,na
2015,LTER_1,Backreef,2,N6,4,8,40,32,0,20,25,na
2015,LTER_1,Backreef,2,N6,5,0,4,60,0,36,25,na
2015,LTER_1,Backreef,2,N7,1,4,12,64,0,20,25,na
2015,LTER_1,Backreef,2,N7,2,0,8,0,0,92,25,na
2015,LTER_1,Backreef,2,N7,3,0,16,20,0,64,25,na
2015,LTER_1,Backreef,2,N7,4,12,4,56,0,28,25,na
2015,LTER_1,Backreef,2,N7,5,28,4,16,0,52,25,na
2015,LTER_1,Backreef,2,N8,1,0,24,12,0,64,25,na
2015,LTER_1,Backreef,2,N8,2,4,12,0,0,84,25,na
2015,LTER_1,Backreef,2,N8,3,0,24,0,0,76,25,na
2015,LTER_1,Backreef,2,N8,4,0,0,80,0,20,25,na
2015,LTER_1,Backreef,2,N8,5,36,0,12,0,52,25,na
2015,LTER_1,Backreef,2,N9,1,0,16,0,0,84,25,na
2015,LTER_1,Backreef,2,N9,2,0,24,8,0,68,25,na
2015,LTER_1,Backreef,2,N9,3,4,24,40,0,32,25,na
2015,LTER_1,Backreef,2,N9,4,4,24,36,0,36,25,na
2015,LTER_1,Backreef,2,N9,5,4,0,80,0,16,25,na
2015,LTER_1,Backreef,2,S1,1,0,64,0,0,36,25,na
2015,LTER_1,Backreef,2,S1,2,12,40,12,0,36,25,na
2015,LTER_1,Backreef,2,S1,3,0,4,44,0,52,25,na
2015,LTER_1,Backreef,2,S1,4,8,32,4,0,56,25,na
2015,LTER_1,Backreef,2,S1,5,16,4,36,0,44,25,na
2015,LTER_1,Backreef,2,S2,1,0,16,76,0,8,25,na
2015,LTER_1,Backreef,2,S2,2,0,20,20,0,60,25,na
2015,LTER_1,Backreef,2,S2,3,0,20,32,0,48,25,na
2015,LTER_1,Backreef,2,S2,4,0,52,4,0,44,25,na
2015,LTER_1,Backreef,2,S2,5,0,4,68,0,28,25,na
2015,LTER_1,Backreef,2,S3,1,0,12,68,0,20,25,na
2015,LTER_1,Backreef,2,S3,2,0,60,0,0,40,25,na
2015,LTER_1,Backreef,2,S3,3,0,40,0,0,60,25,na
2015,LTER_1,Backreef,2,S3,4,0,0,92,0,8,25,na
2015,LTER_1,Backreef,2,S3,5,0,24,40,0,36,25,na
2015,LTER_1,Backreef,2,S4,1,0,16,64,0,20,25,na
2015,LTER_1,Backreef,2,S4,2,8,24,12,0,56,25,na
2015,LTER_1,Backreef,2,S4,3,0,24,4,0,72,25,na
2015,LTER_1,Backreef,2,S4,4,0,0,88,0,12,25,na
2015,LTER_1,Backreef,2,S4,5,0,8,68,0,24,25,na
2015,LTER_1,Backreef,2,S5,1,0,16,24,0,60,25,na
2015,LTER_1,Backreef,2,S5,2,4,36,28,0,32,25,na
2015,LTER_1,Backreef,2,S5,3,16,8,0,0,76,25,na
2015,LTER_1,Backreef,2,S5,4,8,4,76,0,12,25,na
2015,LTER_1,Backreef,2,S5,5,8,8,64,0,20,25,na
2015,LTER_1,Backreef,2,W16,1,16,44,12,0,28,25,na
2015,LTER_1,Backreef,2,W16,2,0,16,0,0,84,25,na
2015,LTER_1,Backreef,2,W16,3,0,24,8,0,68,25,na
2015,LTER_1,Backreef,2,W16,4,4,64,0,0,32,25,na
2015,LTER_1,Backreef,2,W16,5,8,0,60,0,32,25,na
2015,LTER_1,Backreef,2,W17,1,8,8,12,0,72,25,na
2015,LTER_1,Backreef,2,W17,2,0,16,0,0,84,25,na
2015,LTER_1,Backreef,2,W17,3,4,8,8,0,80,25,na
2015,LTER_1,Backreef,2,W17,4,0,36,12,0,52,25,na
2015,LTER_1,Backreef,2,W17,5,0,12,40,0,48,25,na
2015,LTER_1,Backreef,2,W18,1,28,16,4,0,52,25,na
2015,LTER_1,Backreef,2,W18,2,4,32,0,0,64,25,na
2015,LTER_1,Backreef,2,W18,3,4,16,20,0,60,25,na
2015,LTER_1,Backreef,2,W18,4,0,28,12,0,60,25,na
2015,LTER_1,Backreef,2,W18,5,0,0,4,0,96,25,na
2015,LTER_1,Backreef,2,W19,1,8,4,48,0,40,25,na
2015,LTER_1,Backreef,2,W19,2,4,4,0,0,92,25,na
2015,LTER_1,Backreef,2,W19,3,4,12,8,0,76,25,na
2015,LTER_1,Backreef,2,W19,4,24,12,0,0,64,25,na
2015,LTER_1,Backreef,2,W19,5,0,12,0,0,88,25,na
2015,LTER_1,Backreef,2,W20,1,20,16,36,0,28,25,na
2015,LTER_1,Backreef,2,W20,2,4,68,16,0,12,25,na
2015,LTER_1,Backreef,2,W20,3,8,4,0,0,88,25,na
2015,LTER_1,Backreef,2,W20,4,0,8,64,0,28,25,na
2015,LTER_1,Backreef,2,W20,5,24,4,8,0,64,25,na
2015,LTER_2,Backreef,2,E11,1,0,60,0,0,40,25,na
2015,LTER_2,Backreef,2,E11,2,0,16,4,0,80,25,na
2015,LTER_2,Backreef,2,E11,3,0,60,0,0,40,25,na
2015,LTER_2,Backreef,2,E11,4,0,0,0,0,100,25,na
2015,LTER_2,Backreef,2,E11,5,4,48,0,0,48,25,na
2015,LTER_2,Backreef,2,E12,1,0,28,4,0,68,25,na
2015,LTER_2,Backreef,2,E12,2,8,16,0,0,76,25,na
2015,LTER_2,Backreef,2,E12,3,0,48,0,0,52,25,na
2015,LTER_2,Backreef,2,E12,4,0,0,0,0,100,25,na
2015,LTER_2,Backreef,2,E12,5,12,84,0,0,4,25,na
2015,LTER_2,Backreef,2,E13,1,0,52,12,0,36,25,na
2015,LTER_2,Backreef,2,E13,2,0,32,0,0,68,25,na
2015,LTER_2,Backreef,2,E13,3,0,24,28,0,48,25,na
2015,LTER_2,Backreef,2,E13,4,4,4,0,0,92,25,na
2015,LTER_2,Backreef,2,E13,5,52,8,0,0,40,25,na
2015,LTER_2,Backreef,2,E14,1,0,12,8,0,80,25,na
2015,LTER_2,Backreef,2,E14,2,0,20,32,0,48,25,na
2015,LTER_2,Backreef,2,E14,3,0,0,100,0,0,25,na
2015,LTER_2,Backreef,2,E14,4,20,8,56,0,16,25,na
2015,LTER_2,Backreef,2,E14,5,40,0,0,0,60,25,na
2015,LTER_2,Backreef,2,E15,1,0,4,40,0,56,25,na
2015,LTER_2,Backreef,2,E15,2,0,28,72,0,0,25,na
2015,LTER_2,Backreef,2,E15,3,0,0,48,0,52,25,na
2015,LTER_2,Backreef,2,E15,4,44,28,0,0,28,25,na
2015,LTER_2,Backreef,2,E15,5,40,20,0,0,40,25,na
2015,LTER_2,Backreef,2,N10,1,28,0,68,0,4,25,na
2015,LTER_2,Backreef,2,N10,2,0,56,20,0,24,25,na
2015,LTER_2,Backreef,2,N10,3,0,36,0,0,64,25,na
2015,LTER_2,Backreef,2,N10,4,36,28,24,0,12,25,na
2015,LTER_2,Backreef,2,N10,5,4,40,44,0,12,25,na
2015,LTER_2,Backreef,2,N6,1,0,20,48,0,32,25,na
2015,LTER_2,Backreef,2,N6,2,0,48,12,0,40,25,na
2015,LTER_2,Backreef,2,N6,3,0,28,0,0,72,25,na
2015,LTER_2,Backreef,2,N6,4,4,0,0,0,96,25,na
2015,LTER_2,Backreef,2,N6,5,0,64,16,0,20,25,na
2015,LTER_2,Backreef,2,N7,1,0,0,92,0,8,25,na
2015,LTER_2,Backreef,2,N7,2,0,24,28,0,48,25,na
2015,LTER_2,Backreef,2,N7,3,0,56,0,0,44,25,na
2015,LTER_2,Backreef,2,N7,4,4,12,4,0,80,25,na
2015,LTER_2,Backreef,2,N7,5,0,80,20,0,0,25,na
2015,LTER_2,Backreef,2,N8,1,0,0,88,0,12,25,na
2015,LTER_2,Backreef,2,N8,2,0,0,0,0,100,25,na
2015,LTER_2,Backreef,2,N8,3,0,68,0,0,32,25,na
2015,LTER_2,Backreef,2,N8,4,16,4,0,0,80,25,na
2015,LTER_2,Backreef,2,N8,5,0,84,0,0,16,25,na
2015,LTER_2,Backreef,2,N9,1,0,0,32,0,68,25,na
2015,LTER_2,Backreef,2,N9,2,0,72,4,0,24,25,na
2015,LTER_2,Backreef,2,N9,3,4,40,0,0,56,25,na
2015,LTER_2,Backreef,2,N9,4,12,32,52,0,4,25,na
2015,LTER_2,Backreef,2,N9,5,0,20,56,0,24,25,na
2015,LTER_2,Backreef,2,S1,1,0,76,4,0,20,25,na
2015,LTER_2,Backreef,2,S1,2,0,12,8,0,80,25,na
2015,LTER_2,Backreef,2,S1,3,0,84,12,0,4,25,na
2015,LTER_2,Backreef,2,S1,4,12,8,0,0,80,25,na
2015,LTER_2,Backreef,2,S1,5,16,48,24,0,12,25,na
2015,LTER_2,Backreef,2,S2,1,0,20,44,0,36,25,na
2015,LTER_2,Backreef,2,S2,2,0,0,28,0,72,25,na
2015,LTER_2,Backreef,2,S2,3,0,80,0,0,20,25,na
2015,LTER_2,Backreef,2,S2,4,8,4,52,0,36,25,na
2015,LTER_2,Backreef,2,S2,5,4,16,36,0,44,25,na
2015,LTER_2,Backreef,2,S3,1,0,36,24,0,40,25,na
2015,LTER_2,Backreef,2,S3,2,0,0,100,0,0,25,na
2015,LTER_2,Backreef,2,S3,3,0,8,40,0,52,25,na
2015,LTER_2,Backreef,2,S3,4,0,0,92,0,8,25,na
2015,LTER_2,Backreef,2,S3,5,0,4,56,0,40,25,na
2015,LTER_2,Backreef,2,S4,1,0,48,36,0,16,25,na
2015,LTER_2,Backreef,2,S4,2,0,0,92,0,8,25,na
2015,LTER_2,Backreef,2,S4,3,0,4,52,0,44,25,na
2015,LTER_2,Backreef,2,S4,4,0,0,100,0,0,25,na
2015,LTER_2,Backreef,2,S4,5,0,0,32,0,68,25,na
2015,LTER_2,Backreef,2,S5,1,0,0,72,0,28,25,na
2015,LTER_2,Backreef,2,S5,2,0,28,56,0,16,25,na
2015,LTER_2,Backreef,2,S5,3,0,48,8,0,44,25,na
2015,LTER_2,Backreef,2,S5,4,0,0,88,0,12,25,na
2015,LTER_2,Backreef,2,S5,5,0,0,4,0,96,25,na
2015,LTER_2,Backreef,2,W16,1,0,28,40,0,32,25,na
2015,LTER_2,Backreef,2,W16,2,0,0,0,0,100,25,na
2015,LTER_2,Backreef,2,W16,3,12,32,4,0,52,25,na
2015,LTER_2,Backreef,2,W16,4,0,12,24,0,64,25,na
2015,LTER_2,Backreef,2,W16,5,44,20,0,0,36,25,na
2015,LTER_2,Backreef,2,W17,1,40,36,0,0,24,25,na
2015,LTER_2,Backreef,2,W17,2,4,0,0,0,96,25,na
2015,LTER_2,Backreef,2,W17,3,0,0,0,0,100,25,na
2015,LTER_2,Backreef,2,W17,4,0,8,0,0,92,25,na
2015,LTER_2,Backreef,2,W17,5,28,28,8,0,36,25,na
2015,LTER_2,Backreef,2,W18,1,24,16,0,0,60,25,na
2015,LTER_2,Backreef,2,W18,2,0,12,0,0,88,25,na
2015,LTER_2,Backreef,2,W18,3,4,60,0,0,36,25,na
2015,LTER_2,Backreef,2,W18,4,0,4,4,0,92,25,na
2015,LTER_2,Backreef,2,W18,5,0,28,64,0,8,25,na
2015,LTER_2,Backreef,2,W19,1,8,36,0,0,56,25,na
2015,LTER_2,Backreef,2,W19,2,8,4,0,0,88,25,na
2015,LTER_2,Backreef,2,W19,3,8,72,16,0,4,25,na
2015,LTER_2,Backreef,2,W19,4,0,0,0,0,100,25,na
2015,LTER_2,Backreef,2,W19,5,0,20,72,0,8,25,na
2015,LTER_2,Backreef,2,W20,1,12,40,28,0,20,25,na
2015,LTER_2,Backreef,2,W20,2,0,88,12,0,0,25,na
2015,LTER_2,Backreef,2,W20,3,0,64,4,0,32,25,na
2015,LTER_2,Backreef,2,W20,4,4,0,0,0,96,25,na
2015,LTER_2,Backreef,2,W20,5,0,0,12,0,88,25,na
2015,LTER_3,Backreef,2,E11,1,4,12,40,0,44,25,na
2015,LTER_3,Backreef,2,E11,2,0,24,0,0,76,25,na
2015,LTER_3,Backreef,2,E11,3,4,4,4,0,88,25,na
2015,LTER_3,Backreef,2,E11,4,0,0,0,0,100,25,na
2015,LTER_3,Backreef,2,E11,5,0,16,0,0,84,25,na
2015,LTER_3,Backreef,2,E12,1,0,12,24,0,64,25,na
2015,LTER_3,Backreef,2,E12,2,4,8,20,0,68,25,na
2015,LTER_3,Backreef,2,E12,3,20,4,8,0,68,25,na
2015,LTER_3,Backreef,2,E12,4,0,0,0,0,100,25,na
2015,LTER_3,Backreef,2,E12,5,28,16,0,0,56,25,na
2015,LTER_3,Backreef,2,E13,1,28,24,4,0,44,25,na
2015,LTER_3,Backreef,2,E13,2,4,4,40,0,52,25,na
2015,LTER_3,Backreef,2,E13,3,0,0,72,0,28,25,na
2015,LTER_3,Backreef,2,E13,4,4,8,16,0,72,25,na
2015,LTER_3,Backreef,2,E13,5,16,8,0,0,76,25,na
2015,LTER_3,Backreef,2,E14,1,0,8,32,0,60,25,na
2015,LTER_3,Backreef,2,E14,2,0,0,60,0,40,25,na
2015,LTER_3,Backreef,2,E14,3,28,0,28,0,44,25,na
2015,LTER_3,Backreef,2,E14,4,0,24,32,0,44,25,na
2015,LTER_3,Backreef,2,E14,5,16,12,8,0,64,25,na
2015,LTER_3,Backreef,2,E15,1,0,4,76,0,20,25,na
2015,LTER_3,Backreef,2,E15,2,4,0,92,0,4,25,na
2015,LTER_3,Backreef,2,E15,3,48,0,0,0,52,25,na
2015,LTER_3,Backreef,2,E15,4,12,52,0,0,36,25,na
2015,LTER_3,Backreef,2,E15,5,0,16,72,0,12,25,na
2015,LTER_3,Backreef,2,N10,1,32,0,56,0,12,25,na
2015,LTER_3,Backreef,2,N10,2,4,52,4,0,40,25,na
2015,LTER_3,Backreef,2,N10,3,0,8,28,0,64,25,na
2015,LTER_3,Backreef,2,N10,4,72,0,24,0,4,25,na
2015,LTER_3,Backreef,2,N10,5,0,8,24,0,68,25,na
2015,LTER_3,Backreef,2,N6,1,0,0,48,0,52,25,na
2015,LTER_3,Backreef,2,N6,2,20,16,20,0,44,25,na
2015,LTER_3,Backreef,2,N6,3,8,4,64,0,24,25,na
2015,LTER_3,Backreef,2,N6,4,4,0,8,0,88,25,na
2015,LTER_3,Backreef,2,N6,5,32,4,0,0,64,25,na
2015,LTER_3,Backreef,2,N7,1,12,16,16,0,56,25,na
2015,LTER_3,Backreef,2,N7,2,20,28,12,0,40,25,na
2015,LTER_3,Backreef,2,N7,3,4,0,16,0,80,25,na
2015,LTER_3,Backreef,2,N7,4,12,4,24,0,60,25,na
2015,LTER_3,Backreef,2,N7,5,24,4,12,0,60,25,na
2015,LTER_3,Backreef,2,N8,1,4,8,40,0,48,25,na
2015,LTER_3,Backreef,2,N8,2,16,20,0,0,64,25,na
2015,LTER_3,Backreef,2,N8,3,0,0,12,0,88,25,na
2015,LTER_3,Backreef,2,N8,4,16,0,72,0,12,25,na
2015,LTER_3,Backreef,2,N8,5,4,0,68,0,28,25,na
2015,LTER_3,Backreef,2,N9,1,4,0,44,0,52,25,na
2015,LTER_3,Backreef,2,N9,2,36,24,12,0,28,25,na
2015,LTER_3,Backreef,2,N9,3,12,4,48,0,36,25,na
2015,LTER_3,Backreef,2,N9,4,12,0,68,0,20,25,na
2015,LTER_3,Backreef,2,N9,5,4,0,16,0,80,25,na
2015,LTER_3,Backreef,2,S1,1,36,4,32,0,28,25,na
2015,LTER_3,Backreef,2,S1,2,68,12,0,0,20,25,na
2015,LTER_3,Backreef,2,S1,3,4,20,16,0,60,25,na
2015,LTER_3,Backreef,2,S1,4,12,4,16,0,68,25,na
2015,LTER_3,Backreef,2,S1,5,32,0,36,0,32,25,na
2015,LTER_3,Backreef,2,S2,1,0,0,20,0,80,25,na
2015,LTER_3,Backreef,2,S2,2,28,0,0,0,72,25,na
2015,LTER_3,Backreef,2,S2,3,12,4,0,0,84,25,na
2015,LTER_3,Backreef,2,S2,4,48,0,28,0,24,25,na
2015,LTER_3,Backreef,2,S2,5,0,20,0,0,80,25,na
2015,LTER_3,Backreef,2,S3,1,40,0,40,0,20,25,na
2015,LTER_3,Backreef,2,S3,2,16,4,4,0,76,25,na
2015,LTER_3,Backreef,2,S3,3,4,0,36,0,60,25,na
2015,LTER_3,Backreef,2,S3,4,24,8,20,0,48,25,na
2015,LTER_3,Backreef,2,S3,5,0,14,14,0,73,22,some sub squares omitted
2015,LTER_3,Backreef,2,S4,1,32,0,20,0,48,25,na
2015,LTER_3,Backreef,2,S4,2,0,0,0,0,100,25,na
2015,LTER_3,Backreef,2,S4,3,0,12,52,0,36,25,na
2015,LTER_3,Backreef,2,S4,4,40,4,4,0,52,25,na
2015,LTER_3,Backreef,2,S4,5,0,23,5,0,73,22,some sub squares omitted
2015,LTER_3,Backreef,2,S5,1,48,0,24,0,28,25,na
2015,LTER_3,Backreef,2,S5,2,12,12,0,0,76,25,na
2015,LTER_3,Backreef,2,S5,3,60,8,0,0,32,25,na
2015,LTER_3,Backreef,2,S5,4,0,0,92,0,8,25,na
2015,LTER_3,Backreef,2,S5,5,0,16,56,0,28,25,na
2015,LTER_3,Backreef,2,W16,1,0,0,52,0,48,25,na
2015,LTER_3,Backreef,2,W16,2,16,4,0,0,80,25,na
2015,LTER_3,Backreef,2,W16,3,88,0,8,0,4,25,na
2015,LTER_3,Backreef,2,W16,4,16,4,0,0,80,25,na
2015,LTER_3,Backreef,2,W16,5,20,8,44,0,28,25,na
2015,LTER_3,Backreef,2,W17,1,24,20,0,0,56,25,na
2015,LTER_3,Backreef,2,W17,2,12,8,0,0,80,25,na
2015,LTER_3,Backreef,2,W17,3,12,24,4,0,60,25,na
2015,LTER_3,Backreef,2,W17,4,4,8,0,0,88,25,na
2015,LTER_3,Backreef,2,W17,5,0,4,44,0,52,25,na
2015,LTER_3,Backreef,2,W18,1,8,24,0,0,68,25,na
2015,LTER_3,Backreef,2,W18,2,16,8,4,0,72,25,na
2015,LTER_3,Backreef,2,W18,3,20,12,0,0,68,25,na
2015,LTER_3,Backreef,2,W18,4,12,8,4,0,76,25,na
2015,LTER_3,Backreef,2,W18,5,4,8,32,0,56,25,na
2015,LTER_3,Backreef,2,W19,1,8,4,0,0,88,25,na
2015,LTER_3,Backreef,2,W19,2,0,0,8,0,92,25,na
2015,LTER_3,Backreef,2,W19,3,20,56,0,0,24,25,na
2015,LTER_3,Backreef,2,W19,4,0,0,8,0,92,25,na
2015,LTER_3,Backreef,2,W19,5,24,20,8,0,48,25,na
2015,LTER_3,Backreef,2,W20,1,0,0,100,0,0,25,na
2015,LTER_3,Backreef,2,W20,2,0,0,100,0,0,25,na
2015,LTER_3,Backreef,2,W20,3,0,16,28,0,56,25,na
2015,LTER_3,Backreef,2,W20,4,0,0,100,0,0,25,na
2015,LTER_3,Backreef,2,W20,5,4,12,12,0,72,25,na
2015,LTER_4,Backreef,2,E11,1,28,4,8,0,60,25,na
2015,LTER_4,Backreef,2,E11,2,20,8,0,0,72,25,na
2015,LTER_4,Backreef,2,E11,3,60,8,0,0,32,25,na
2015,LTER_4,Backreef,2,E11,4,0,4,4,0,92,25,na
2015,LTER_4,Backreef,2,E11,5,16,36,0,0,48,25,na
2015,LTER_4,Backreef,2,E12,1,28,4,8,0,60,25,na
2015,LTER_4,Backreef,2,E12,2,24,8,16,0,52,25,na
2015,LTER_4,Backreef,2,E12,3,36,4,20,0,40,25,na
2015,LTER_4,Backreef,2,E12,4,24,0,8,0,68,25,na
2015,LTER_4,Backreef,2,E12,5,40,20,0,0,40,25,na
2015,LTER_4,Backreef,2,E13,1,16,12,16,0,56,25,na
2015,LTER_4,Backreef,2,E13,2,24,8,28,0,40,25,na
2015,LTER_4,Backreef,2,E13,3,20,12,44,0,24,25,na
2015,LTER_4,Backreef,2,E13,4,24,0,40,0,36,25,na
2015,LTER_4,Backreef,2,E13,5,52,8,0,0,40,25,na
2015,LTER_4,Backreef,2,E14,1,12,8,48,0,32,25,na
2015,LTER_4,Backreef,2,E14,2,36,0,28,0,36,25,na
2015,LTER_4,Backreef,2,E14,3,12,0,52,0,36,25,na
2015,LTER_4,Backreef,2,E14,4,0,0,100,0,0,25,na
2015,LTER_4,Backreef,2,E14,5,64,16,0,0,20,25,na
2015,LTER_4,Backreef,2,E15,1,24,4,28,0,44,25,na
2015,LTER_4,Backreef,2,E15,2,44,0,40,0,16,25,na
2015,LTER_4,Backreef,2,E15,3,76,0,4,0,20,25,na
2015,LTER_4,Backreef,2,E15,4,0,0,64,0,36,25,na
2015,LTER_4,Backreef,2,E15,5,24,4,52,0,20,25,na
2015,LTER_4,Backreef,2,N10,1,0,0,100,0,0,25,na
2015,LTER_4,Backreef,2,N10,2,32,20,24,0,24,25,na
2015,LTER_4,Backreef,2,N10,3,4,0,88,0,8,25,na
2015,LTER_4,Backreef,2,N10,4,12,0,0,0,88,25,na
2015,LTER_4,Backreef,2,N10,5,32,4,28,0,36,25,na
2015,LTER_4,Backreef,2,N6,1,48,0,0,0,52,25,na
2015,LTER_4,Backreef,2,N6,2,0,8,0,0,92,25,na
2015,LTER_4,Backreef,2,N6,3,52,0,24,0,24,25,na
2015,LTER_4,Backreef,2,N6,4,16,0,20,0,64,25,na
2015,LTER_4,Backreef,2,N6,5,8,0,0,0,92,25,na
2015,LTER_4,Backreef,2,N7,1,20,8,24,0,48,25,na
2015,LTER_4,Backreef,2,N7,2,88,0,0,0,12,25,na
2015,LTER_4,Backreef,2,N7,3,20,0,56,0,24,25,na
2015,LTER_4,Backreef,2,N7,4,12,0,16,0,72,25,na
2015,LTER_4,Backreef,2,N7,5,72,0,0,0,28,25,na
2015,LTER_4,Backreef,2,N8,1,20,0,64,0,16,25,na
2015,LTER_4,Backreef,2,N8,2,92,0,0,0,8,25,na
2015,LTER_4,Backreef,2,N8,3,24,0,76,0,0,25,na
2015,LTER_4,Backreef,2,N8,4,4,0,0,0,96,25,na
2015,LTER_4,Backreef,2,N8,5,96,0,0,0,4,25,na
2015,LTER_4,Backreef,2,N9,1,0,0,100,0,0,25,na
2015,LTER_4,Backreef,2,N9,2,52,0,0,0,48,25,na
2015,LTER_4,Backreef,2,N9,3,0,0,100,0,0,25,na
2015,LTER_4,Backreef,2,N9,4,24,0,0,0,76,25,na
2015,LTER_4,Backreef,2,N9,5,44,0,40,0,16,25,na
2015,LTER_4,Backreef,2,S1,1,20,8,40,0,32,25,na
2015,LTER_4,Backreef,2,S1,2,28,12,0,0,60,25,na
2015,LTER_4,Backreef,2,S1,3,44,16,24,0,16,25,na
2015,LTER_4,Backreef,2,S1,4,0,16,16,0,68,25,na
2015,LTER_4,Backreef,2,S1,5,36,48,0,0,16,25,na
2015,LTER_4,Backreef,2,S2,1,28,12,4,0,56,25,na
2015,LTER_4,Backreef,2,S2,2,44,8,8,0,40,25,na
2015,LTER_4,Backreef,2,S2,3,16,16,16,0,52,25,na
2015,LTER_4,Backreef,2,S2,4,32,0,8,0,60,25,na
2015,LTER_4,Backreef,2,S2,5,44,16,0,28,12,25,na
2015,LTER_4,Backreef,2,S3,1,20,12,0,0,68,25,na
2015,LTER_4,Backreef,2,S3,2,4,8,32,0,56,25,na
2015,LTER_4,Backreef,2,S3,3,56,0,12,0,32,25,na
2015,LTER_4,Backreef,2,S3,4,24,8,16,0,52,25,na
2015,LTER_4,Backreef,2,S3,5,0,8,0,92,0,25,na
2015,LTER_4,Backreef,2,S4,1,56,12,0,0,32,25,na
2015,LTER_4,Backreef,2,S4,2,12,12,52,0,24,25,na
2015,LTER_4,Backreef,2,S4,3,56,4,0,0,40,25,na
2015,LTER_4,Backreef,2,S4,4,4,4,0,0,92,25,na
2015,LTER_4,Backreef,2,S4,5,4,16,0,44,36,25,na
2015,LTER_4,Backreef,2,S5,1,28,16,36,0,20,25,na
2015,LTER_4,Backreef,2,S5,2,28,0,48,0,24,25,na
2015,LTER_4,Backreef,2,S5,3,4,8,64,0,24,25,na
2015,LTER_4,Backreef,2,S5,4,12,8,16,0,64,25,na
2015,LTER_4,Backreef,2,S5,5,16,0,16,0,68,25,na
2015,LTER_4,Backreef,2,W16,1,56,28,8,0,8,25,na
2015,LTER_4,Backreef,2,W16,2,20,36,0,0,44,25,na
2015,LTER_4,Backreef,2,W16,3,32,16,0,0,52,25,na
2015,LTER_4,Backreef,2,W16,4,4,0,76,0,20,25,na
2015,LTER_4,Backreef,2,W16,5,4,24,0,0,72,25,na
2015,LTER_4,Backreef,2,W17,1,52,0,12,0,36,25,na
2015,LTER_4,Backreef,2,W17,2,4,0,60,0,36,25,na
2015,LTER_4,Backreef,2,W17,3,12,8,68,0,12,25,na
2015,LTER_4,Backreef,2,W17,4,4,0,12,0,84,25,na
2015,LTER_4,Backreef,2,W17,5,8,0,72,0,20,25,na
2015,LTER_4,Backreef,2,W18,1,28,12,20,0,40,25,na
2015,LTER_4,Backreef,2,W18,2,0,0,92,0,8,25,na
2015,LTER_4,Backreef,2,W18,3,4,4,88,0,4,25,na
2015,LTER_4,Backreef,2,W18,4,8,0,32,0,60,25,na
2015,LTER_4,Backreef,2,W18,5,20,0,36,0,44,25,na
2015,LTER_4,Backreef,2,W19,1,24,0,56,0,20,25,na
2015,LTER_4,Backreef,2,W19,2,4,0,96,0,0,25,na
2015,LTER_4,Backreef,2,W19,3,8,12,60,0,20,25,na
2015,LTER_4,Backreef,2,W19,4,4,0,80,0,16,25,na
2015,LTER_4,Backreef,2,W19,5,32,0,48,0,20,25,na
2015,LTER_4,Backreef,2,W20,1,24,0,32,0,44,25,na
2015,LTER_4,Backreef,2,W20,2,68,4,12,0,16,25,na
2015,LTER_4,Backreef,2,W20,3,8,0,68,0,24,25,na
2015,LTER_4,Backreef,2,W20,4,20,0,44,0,36,25,na
2015,LTER_4,Backreef,2,W20,5,20,0,12,0,68,25,na
2015,LTER_5,Backreef,2,E11,1,0,4,28,0,68,25,na
2015,LTER_5,Backreef,2,E11,2,4,0,0,0,96,25,na
2015,LTER_5,Backreef,2,E11,3,52,4,12,0,32,25,na
2015,LTER_5,Backreef,2,E11,4,8,4,4,36,48,25,na
2015,LTER_5,Backreef,2,E11,5,8,0,36,0,56,25,na
2015,LTER_5,Backreef,2,E12,1,16,4,68,0,12,25,na
2015,LTER_5,Backreef,2,E12,2,8,0,0,0,92,25,na
2015,LTER_5,Backreef,2,E12,3,0,12,0,0,88,25,na
2015,LTER_5,Backreef,2,E12,4,0,0,88,0,12,25,na
2015,LTER_5,Backreef,2,E12,5,4,0,92,0,4,25,na
2015,LTER_5,Backreef,2,E13,1,4,0,96,0,0,25,na
2015,LTER_5,Backreef,2,E13,2,80,0,8,0,12,25,na
2015,LTER_5,Backreef,2,E13,3,0,40,4,0,56,25,na
2015,LTER_5,Backreef,2,E13,4,0,0,84,0,16,25,na
2015,LTER_5,Backreef,2,E13,5,4,0,32,0,64,25,na
2015,LTER_5,Backreef,2,E14,1,4,0,52,0,44,25,na
2015,LTER_5,Backreef,2,E14,2,4,8,0,0,88,25,na
2015,LTER_5,Backreef,2,E14,3,12,4,28,0,56,25,na
2015,LTER_5,Backreef,2,E14,4,0,0,92,0,8,25,na
2015,LTER_5,Backreef,2,E14,5,4,0,28,0,68,25,na
2015,LTER_5,Backreef,2,E15,1,0,0,100,0,0,25,na
2015,LTER_5,Backreef,2,E15,2,8,0,0,0,92,25,na
2015,LTER_5,Backreef,2,E15,3,0,24,4,0,72,25,na
2015,LTER_5,Backreef,2,E15,4,16,12,48,0,24,25,na
2015,LTER_5,Backreef,2,E15,5,0,0,52,0,48,25,na
2015,LTER_5,Backreef,2,N10,1,16,0,36,0,48,25,na
2015,LTER_5,Backreef,2,N10,2,0,0,100,0,0,25,na
2015,LTER_5,Backreef,2,N10,3,8,0,84,0,8,25,na
2015,LTER_5,Backreef,2,N10,4,12,0,36,0,52,25,na
2015,LTER_5,Backreef,2,N10,5,16,4,68,0,12,25,na
2015,LTER_5,Backreef,2,N6,1,0,0,68,0,32,25,na
2015,LTER_5,Backreef,2,N6,2,40,0,4,0,56,25,na
2015,LTER_5,Backreef,2,N6,3,24,8,24,0,44,25,na
2015,LTER_5,Backreef,2,N6,4,0,4,36,8,52,25,na
2015,LTER_5,Backreef,2,N6,5,16,0,60,0,24,25,na
2015,LTER_5,Backreef,2,N7,1,24,0,0,0,76,25,na
2015,LTER_5,Backreef,2,N7,2,8,0,56,0,36,25,na
2015,LTER_5,Backreef,2,N7,3,0,0,72,0,28,25,na
2015,LTER_5,Backreef,2,N7,4,48,4,12,0,36,25,na
2015,LTER_5,Backreef,2,N7,5,52,4,0,0,44,25,na
2015,LTER_5,Backreef,2,N8,1,44,0,8,0,48,25,na
2015,LTER_5,Backreef,2,N8,2,36,0,40,0,24,25,na
2015,LTER_5,Backreef,2,N8,3,0,0,96,0,4,25,na
2015,LTER_5,Backreef,2,N8,4,48,4,0,0,48,25,na
2015,LTER_5,Backreef,2,N8,5,60,4,4,0,32,25,na
2015,LTER_5,Backreef,2,N9,1,8,0,60,0,32,25,na
2015,LTER_5,Backreef,2,N9,2,0,0,100,0,0,25,na
2015,LTER_5,Backreef,2,N9,3,4,0,84,0,12,25,na
2015,LTER_5,Backreef,2,N9,4,8,0,4,0,88,25,na
2015,LTER_5,Backreef,2,N9,5,13,8,4,0,75,24,some sub squares omitted
2015,LTER_5,Backreef,2,S1,1,8,0,56,0,36,25,na
2015,LTER_5,Backreef,2,S1,2,0,8,16,0,76,25,na
2015,LTER_5,Backreef,2,S1,3,16,0,24,0,60,25,na
2015,LTER_5,Backreef,2,S1,4,16,4,24,48,8,25,na
2015,LTER_5,Backreef,2,S1,5,24,4,24,0,48,25,na
2015,LTER_5,Backreef,2,S2,1,32,0,4,0,64,25,na
2015,LTER_5,Backreef,2,S2,2,0,0,100,0,0,25,na
2015,LTER_5,Backreef,2,S2,3,4,0,68,0,28,25,na
2015,LTER_5,Backreef,2,S2,4,0,0,0,24,76,25,na
2015,LTER_5,Backreef,2,S2,5,88,8,0,0,4,25,na
2015,LTER_5,Backreef,2,S3,1,43,10,0,0,48,21,some sub squares omitted
2015,LTER_5,Backreef,2,S3,2,4,0,68,0,28,25,na
2015,LTER_5,Backreef,2,S3,3,40,0,52,0,8,25,na
2015,LTER_5,Backreef,2,S3,4,20,0,0,12,68,25,na
2015,LTER_5,Backreef,2,S3,5,52,4,24,0,20,25,na
2015,LTER_5,Backreef,2,S4,1,15,20,0,0,65,20,some sub squares omitted
2015,LTER_5,Backreef,2,S4,2,24,0,60,0,16,25,na
2015,LTER_5,Backreef,2,S4,3,4,0,76,0,20,25,na
2015,LTER_5,Backreef,2,S4,4,40,4,0,0,56,25,na
2015,LTER_5,Backreef,2,S4,5,8,4,32,0,56,25,na
2015,LTER_5,Backreef,2,S5,1,21,8,0,0,71,24,some sub squares omitted
2015,LTER_5,Backreef,2,S5,2,0,0,80,0,20,25,na
2015,LTER_5,Backreef,2,S5,3,0,0,100,0,0,25,na
2015,LTER_5,Backreef,2,S5,4,12,0,28,12,48,25,na
2015,LTER_5,Backreef,2,S5,5,20,0,8,0,72,25,na
2015,LTER_5,Backreef,2,W16,1,0,0,52,0,48,25,na
2015,LTER_5,Backreef,2,W16,2,24,0,64,0,12,25,na
2015,LTER_5,Backreef,2,W16,3,36,0,20,0,44,25,na
2015,LTER_5,Backreef,2,W16,4,4,4,44,0,48,25,na
2015,LTER_5,Backreef,2,W16,5,8,0,52,0,40,25,na
2015,LTER_5,Backreef,2,W17,1,0,4,8,0,88,25,na
2015,LTER_5,Backreef,2,W17,2,0,0,68,0,32,25,na
2015,LTER_5,Backreef,2,W17,3,8,16,44,0,32,25,na
2015,LTER_5,Backreef,2,W17,4,0,0,56,0,44,25,na
2015,LTER_5,Backreef,2,W17,5,12,0,4,0,84,25,na
2015,LTER_5,Backreef,2,W18,1,4,0,20,0,76,25,na
2015,LTER_5,Backreef,2,W18,2,0,0,92,0,8,25,na
2015,LTER_5,Backreef,2,W18,3,76,0,20,0,4,25,na
2015,LTER_5,Backreef,2,W18,4,4,0,68,0,28,25,na
2015,LTER_5,Backreef,2,W18,5,16,4,12,0,68,25,na
2015,LTER_5,Backreef,2,W19,1,4,0,56,0,40,25,na
2015,LTER_5,Backreef,2,W19,2,0,0,100,0,0,25,na
2015,LTER_5,Backreef,2,W19,3,72,0,16,0,12,25,na
2015,LTER_5,Backreef,2,W19,4,40,4,44,0,12,25,na
2015,LTER_5,Backreef,2,W19,5,0,0,68,0,32,25,na
2015,LTER_5,Backreef,2,W20,1,32,0,20,0,48,25,na
2015,LTER_5,Backreef,2,W20,2,76,0,0,0,24,25,na
2015,LTER_5,Backreef,2,W20,3,36,4,4,0,56,25,na
2015,LTER_5,Backreef,2,W20,4,16,0,4,0,80,25,na
2015,LTER_5,Backreef,2,W20,5,16,0,84,0,0,25,na
2015,LTER_6,Backreef,2,N10,5,BW,BW,BW,BW,BW,0,too shallow for nadir photo; photo horizontal so not valid for cover percent
2015,LTER_6,Backreef,2,E11,1,0,0,8,0,92,25,na
2015,LTER_6,Backreef,2,E11,2,0,0,16,0,84,25,na
2015,LTER_6,Backreef,2,E11,3,28,0,0,0,72,25,na
2015,LTER_6,Backreef,2,E11,4,4,0,0,0,96,25,na
2015,LTER_6,Backreef,2,E11,5,28,0,32,0,40,25,na
2015,LTER_6,Backreef,2,E12,1,8,0,16,4,72,25,na
2015,LTER_6,Backreef,2,E12,2,48,0,24,0,28,25,na
2015,LTER_6,Backreef,2,E12,3,4,0,0,0,96,25,na
2015,LTER_6,Backreef,2,E12,4,16,0,0,0,84,25,na
2015,LTER_6,Backreef,2,E12,5,56,4,40,0,0,25,na
2015,LTER_6,Backreef,2,E13,1,8,0,28,0,64,25,na
2015,LTER_6,Backreef,2,E13,2,44,0,4,0,52,25,na
2015,LTER_6,Backreef,2,E13,3,36,0,0,0,64,25,na
2015,LTER_6,Backreef,2,E13,4,4,4,12,0,80,25,na
2015,LTER_6,Backreef,2,E13,5,60,4,24,0,12,25,na
2015,LTER_6,Backreef,2,E14,1,40,0,4,0,56,25,na
2015,LTER_6,Backreef,2,E14,2,36,0,0,0,64,25,na
2015,LTER_6,Backreef,2,E14,3,40,0,0,0,60,25,na
2015,LTER_6,Backreef,2,E14,4,12,0,16,0,72,25,na
2015,LTER_6,Backreef,2,E14,5,16,0,0,0,84,25,na
2015,LTER_6,Backreef,2,E15,1,32,0,40,0,28,25,na
2015,LTER_6,Backreef,2,E15,2,64,0,16,0,20,25,na
2015,LTER_6,Backreef,2,E15,3,32,0,56,0,12,25,na
2015,LTER_6,Backreef,2,E15,4,0,0,20,0,80,25,na
2015,LTER_6,Backreef,2,E15,5,0,0,92,0,8,25,na
2015,LTER_6,Backreef,2,N10,1,12,0,4,0,84,25,na
2015,LTER_6,Backreef,2,N10,2,0,0,24,0,76,25,na
2015,LTER_6,Backreef,2,N10,3,40,0,12,0,48,25,na
2015,LTER_6,Backreef,2,N10,4,4,0,28,0,68,25,na
2015,LTER_6,Backreef,2,N6,1,32,0,0,0,68,25,na
2015,LTER_6,Backreef,2,N6,2,12,0,48,0,40,25,na
2015,LTER_6,Backreef,2,N6,3,32,0,4,0,64,25,na
2015,LTER_6,Backreef,2,N6,4,4,0,36,0,60,25,na
2015,LTER_6,Backreef,2,N6,5,28,0,16,0,56,25,na
2015,LTER_6,Backreef,2,N7,1,12,0,76,0,12,25,na
2015,LTER_6,Backreef,2,N7,2,0,0,40,0,60,25,na
2015,LTER_6,Backreef,2,N7,3,12,0,20,0,68,25,na
2015,LTER_6,Backreef,2,N7,4,4,0,56,0,40,25,na
2015,LTER_6,Backreef,2,N7,5,16,0,4,0,80,25,na
2015,LTER_6,Backreef,2,N8,1,8,0,44,0,48,25,na
2015,LTER_6,Backreef,2,N8,2,0,0,56,0,44,25,na
2015,LTER_6,Backreef,2,N8,3,20,0,4,0,76,25,na
2015,LTER_6,Backreef,2,N8,4,8,4,52,0,36,25,na
2015,LTER_6,Backreef,2,N8,5,28,0,0,0,72,25,na
2015,LTER_6,Backreef,2,N9,1,0,0,0,0,100,25,na
2015,LTER_6,Backreef,2,N9,2,4,0,20,0,76,25,na
2015,LTER_6,Backreef,2,N9,3,24,16,32,0,28,25,na
2015,LTER_6,Backreef,2,N9,4,0,0,100,0,0,25,na
2015,LTER_6,Backreef,2,N9,5,4,0,80,0,16,25,na
2015,LTER_6,Backreef,2,S1,1,16,0,16,0,68,25,na
2015,LTER_6,Backreef,2,S1,2,0,0,40,0,60,25,na
2015,LTER_6,Backreef,2,S1,3,24,0,0,0,76,25,na
2015,LTER_6,Backreef,2,S1,4,0,8,8,0,84,25,na
2015,LTER_6,Backreef,2,S1,5,8,0,8,0,84,25,na
2015,LTER_6,Backreef,2,S2,1,32,0,8,0,60,25,na
2015,LTER_6,Backreef,2,S2,2,32,0,4,0,64,25,na
2015,LTER_6,Backreef,2,S2,3,28,0,28,0,44,25,na
2015,LTER_6,Backreef,2,S2,4,0,4,0,0,96,25,na
2015,LTER_6,Backreef,2,S2,5,44,0,12,0,44,25,na
2015,LTER_6,Backreef,2,S3,1,28,0,4,0,68,25,na
2015,LTER_6,Backreef,2,S3,2,0,0,0,0,100,25,na
2015,LTER_6,Backreef,2,S3,3,24,0,8,0,68,25,na
2015,LTER_6,Backreef,2,S3,4,16,0,0,0,84,25,na
2015,LTER_6,Backreef,2,S3,5,40,0,12,0,48,25,na
2015,LTER_6,Backreef,2,S4,1,24,0,0,0,76,25,na
2015,LTER_6,Backreef,2,S4,2,0,12,4,0,84,25,na
2015,LTER_6,Backreef,2,S4,3,24,0,12,0,64,25,na
2015,LTER_6,Backreef,2,S4,4,44,0,0,0,56,25,na
2015,LTER_6,Backreef,2,S4,5,40,0,4,0,56,25,na
2015,LTER_6,Backreef,2,S5,1,20,4,44,0,32,25,na
2015,LTER_6,Backreef,2,S5,2,4,4,0,0,92,25,na
2015,LTER_6,Backreef,2,S5,3,24,0,32,0,44,25,na
2015,LTER_6,Backreef,2,S5,4,16,0,0,0,84,25,na
2015,LTER_6,Backreef,2,S5,5,8,0,0,0,92,25,na
2015,LTER_6,Backreef,2,W16,1,16,0,4,0,80,25,na
2015,LTER_6,Backreef,2,W16,2,12,0,0,0,88,25,na
2015,LTER_6,Backreef,2,W16,3,12,0,36,0,52,25,na
2015,LTER_6,Backreef,2,W16,4,8,8,0,0,84,25,na
2015,LTER_6,Backreef,2,W16,5,32,0,0,0,68,25,na
2015,LTER_6,Backreef,2,W17,1,20,0,0,0,80,25,na
2015,LTER_6,Backreef,2,W17,2,4,4,16,0,76,25,na
2015,LTER_6,Backreef,2,W17,3,8,0,0,0,92,25,na
2015,LTER_6,Backreef,2,W17,4,12,8,0,0,80,25,na
2015,LTER_6,Backreef,2,W17,5,12,0,48,0,40,25,na
2015,LTER_6,Backreef,2,W18,1,16,4,40,0,40,25,na
2015,LTER_6,Backreef,2,W18,2,4,0,28,0,68,25,na
2015,LTER_6,Backreef,2,W18,3,4,0,80,0,16,25,na
2015,LTER_6,Backreef,2,W18,4,20,0,0,0,80,25,na
2015,LTER_6,Backreef,2,W18,5,8,0,40,0,52,25,na
2015,LTER_6,Backreef,2,W19,1,12,0,52,0,36,25,na
2015,LTER_6,Backreef,2,W19,2,24,0,20,0,56,25,na
2015,LTER_6,Backreef,2,W19,3,8,0,52,4,36,25,na
2015,LTER_6,Backreef,2,W19,4,24,0,0,0,76,25,na
2015,LTER_6,Backreef,2,W19,5,0,0,68,0,32,25,na
2015,LTER_6,Backreef,2,W20,1,12,0,72,0,16,25,na
2015,LTER_6,Backreef,2,W20,2,24,8,4,0,64,25,na
2015,LTER_6,Backreef,2,W20,3,12,0,36,0,52,25,na
2015,LTER_6,Backreef,2,W20,4,0,0,20,0,80,25,na
2015,LTER_6,Backreef,2,W20,5,0,0,100,0,0,25,na
2016,LTER_1,Backreef,2,E11,1,0,24,0,0,76,25,na
2016,LTER_1,Backreef,2,E11,2,4,0,0,0,96,25,na
2016,LTER_1,Backreef,2,E11,3,0,12,0,0,88,25,na
2016,LTER_1,Backreef,2,E11,4,0,8,12,0,80,25,na
2016,LTER_1,Backreef,2,E11,5,4,8,76,0,12,25,na
2016,LTER_1,Backreef,2,E12,1,0,32,4,0,64,25,na
2016,LTER_1,Backreef,2,E12,2,4,0,0,0,96,25,na
2016,LTER_1,Backreef,2,E12,3,4,24,16,0,56,25,na
2016,LTER_1,Backreef,2,E12,4,0,8,32,0,60,25,na
2016,LTER_1,Backreef,2,E12,5,8,12,16,0,64,25,na
2016,LTER_1,Backreef,2,E13,1,4,12,8,0,76,25,na
2016,LTER_1,Backreef,2,E13,2,12,12,12,0,64,25,na
2016,LTER_1,Backreef,2,E13,3,12,20,12,0,56,25,na
2016,LTER_1,Backreef,2,E13,4,4,4,8,0,84,25,na
2016,LTER_1,Backreef,2,E13,5,12,16,0,0,72,25,na
2016,LTER_1,Backreef,2,E14,1,12,28,12,0,48,25,na
2016,LTER_1,Backreef,2,E14,2,8,0,32,0,60,25,na
2016,LTER_1,Backreef,2,E14,3,24,12,8,0,56,25,na
2016,LTER_1,Backreef,2,E14,4,0,20,0,0,80,25,na
2016,LTER_1,Backreef,2,E14,5,8,28,20,0,44,25,na
2016,LTER_1,Backreef,2,E15,1,0,64,0,0,36,25,na
2016,LTER_1,Backreef,2,E15,2,20,8,0,0,72,25,na
2016,LTER_1,Backreef,2,E15,3,40,0,12,0,48,25,na
2016,LTER_1,Backreef,2,E15,4,4,8,28,0,60,25,na
2016,LTER_1,Backreef,2,E15,5,0,4,16,0,80,25,na
2016,LTER_1,Backreef,2,N10,1,8,36,0,0,56,25,na
2016,LTER_1,Backreef,2,N10,2,0,32,4,0,64,25,na
2016,LTER_1,Backreef,2,N10,3,0,0,88,0,12,25,na
2016,LTER_1,Backreef,2,N10,4,24,16,4,0,56,25,na
2016,LTER_1,Backreef,2,N10,5,4,8,16,0,72,25,na
2016,LTER_1,Backreef,2,N6,1,0,16,4,0,80,25,na
2016,LTER_1,Backreef,2,N6,2,4,16,4,0,76,25,na
2016,LTER_1,Backreef,2,N6,3,4,16,4,0,76,25,na
2016,LTER_1,Backreef,2,N6,4,0,16,12,0,72,25,na
2016,LTER_1,Backreef,2,N6,5,0,4,64,0,32,25,na
2016,LTER_1,Backreef,2,N7,1,16,16,28,0,40,25,na
2016,LTER_1,Backreef,2,N7,2,4,24,16,0,56,25,na
2016,LTER_1,Backreef,2,N7,3,0,20,24,0,56,25,na
2016,LTER_1,Backreef,2,N7,4,12,24,16,0,48,25,na
2016,LTER_1,Backreef,2,N7,5,24,0,36,0,40,25,na
2016,LTER_1,Backreef,2,N8,1,0,28,16,0,56,25,na
2016,LTER_1,Backreef,2,N8,2,0,20,8,0,72,25,na
2016,LTER_1,Backreef,2,N8,3,8,4,0,0,88,25,na
2016,LTER_1,Backreef,2,N8,4,8,8,32,0,52,25,na
2016,LTER_1,Backreef,2,N8,5,12,0,24,0,64,25,na
2016,LTER_1,Backreef,2,N9,1,4,20,4,0,72,25,na
2016,LTER_1,Backreef,2,N9,2,28,24,8,0,40,25,na
2016,LTER_1,Backreef,2,N9,3,0,0,12,0,88,25,na
2016,LTER_1,Backreef,2,N9,4,4,0,12,0,84,25,na
2016,LTER_1,Backreef,2,N9,5,0,0,52,0,48,25,na
2016,LTER_1,Backreef,2,S1,1,0,80,0,0,20,25,na
2016,LTER_1,Backreef,2,S1,2,12,0,0,0,88,25,na
2016,LTER_1,Backreef,2,S1,3,4,16,40,0,40,25,na
2016,LTER_1,Backreef,2,S1,4,0,4,8,0,88,25,na
2016,LTER_1,Backreef,2,S1,5,20,0,12,0,68,25,na
2016,LTER_1,Backreef,2,S2,1,0,8,64,0,28,25,na
2016,LTER_1,Backreef,2,S2,2,16,4,0,0,80,25,na
2016,LTER_1,Backreef,2,S2,3,0,8,16,0,76,25,na
2016,LTER_1,Backreef,2,S2,4,0,32,0,0,68,25,na
2016,LTER_1,Backreef,2,S2,5,0,4,68,0,28,25,na
2016,LTER_1,Backreef,2,S3,1,0,8,72,0,20,25,na
2016,LTER_1,Backreef,2,S3,2,4,0,0,0,96,25,na
2016,LTER_1,Backreef,2,S3,3,0,24,0,0,76,25,na
2016,LTER_1,Backreef,2,S3,4,4,32,0,0,64,25,na
2016,LTER_1,Backreef,2,S3,5,0,0,100,0,0,25,na
2016,LTER_1,Backreef,2,S4,1,0,0,64,0,36,25,na
2016,LTER_1,Backreef,2,S4,2,0,36,0,0,64,25,na
2016,LTER_1,Backreef,2,S4,3,0,20,0,0,80,25,na
2016,LTER_1,Backreef,2,S4,4,0,8,16,0,76,25,na
2016,LTER_1,Backreef,2,S4,5,4,0,92,0,4,25,na
2016,LTER_1,Backreef,2,S5,1,0,0,100,0,0,25,na
2016,LTER_1,Backreef,2,S5,2,0,4,20,0,76,25,na
2016,LTER_1,Backreef,2,S5,3,12,0,0,0,88,25,na
2016,LTER_1,Backreef,2,S5,4,0,20,8,0,72,25,na
2016,LTER_1,Backreef,2,S5,5,0,4,48,0,48,25,na
2016,LTER_1,Backreef,2,W16,1,8,16,0,0,76,25,na
2016,LTER_1,Backreef,2,W16,2,4,20,0,0,76,25,na
2016,LTER_1,Backreef,2,W16,3,0,24,0,0,76,25,na
2016,LTER_1,Backreef,2,W16,4,8,20,0,0,72,25,na
2016,LTER_1,Backreef,2,W16,5,0,8,68,0,24,25,na
2016,LTER_1,Backreef,2,W17,1,0,0,0,0,100,25,na
2016,LTER_1,Backreef,2,W17,2,0,20,12,0,68,25,na
2016,LTER_1,Backreef,2,W17,3,12,20,0,0,68,25,na
2016,LTER_1,Backreef,2,W17,4,0,20,12,0,68,25,na
2016,LTER_1,Backreef,2,W17,5,0,0,16,0,84,25,na
2016,LTER_1,Backreef,2,W18,1,16,0,20,0,64,25,na
2016,LTER_1,Backreef,2,W18,2,0,4,56,0,40,25,na
2016,LTER_1,Backreef,2,W18,3,12,0,4,0,84,25,na
2016,LTER_1,Backreef,2,W18,4,12,12,28,0,48,25,na
2016,LTER_1,Backreef,2,W18,5,0,4,0,0,96,25,na
2016,LTER_1,Backreef,2,W19,1,8,8,32,0,52,25,na
2016,LTER_1,Backreef,2,W19,2,0,4,92,0,4,25,na
2016,LTER_1,Backreef,2,W19,3,36,0,20,0,44,25,na
2016,LTER_1,Backreef,2,W19,4,4,4,40,0,52,25,na
2016,LTER_1,Backreef,2,W19,5,0,8,24,0,68,25,na
2016,LTER_1,Backreef,2,W20,1,20,12,36,0,32,25,na
2016,LTER_1,Backreef,2,W20,2,12,8,20,0,60,25,na
2016,LTER_1,Backreef,2,W20,3,16,24,12,0,48,25,na
2016,LTER_1,Backreef,2,W20,4,16,0,28,0,56,25,na
2016,LTER_1,Backreef,2,W20,5,40,0,4,0,56,25,na
2016,LTER_2,Backreef,2,E11,1,0,72,28,0,0,25,na
2016,LTER_2,Backreef,2,E11,2,0,20,12,0,68,25,na
2016,LTER_2,Backreef,2,E11,3,0,36,48,0,16,25,na
2016,LTER_2,Backreef,2,E11,4,0,0,0,0,100,25,na
2016,LTER_2,Backreef,2,E11,5,0,76,0,0,24,25,na
2016,LTER_2,Backreef,2,E12,1,0,28,8,0,64,25,na
2016,LTER_2,Backreef,2,E12,2,4,4,8,0,84,25,na
2016,LTER_2,Backreef,2,E12,3,0,88,4,0,8,25,na
2016,LTER_2,Backreef,2,E12,4,4,12,4,0,80,25,na
2016,LTER_2,Backreef,2,E12,5,0,72,20,0,8,25,na
2016,LTER_2,Backreef,2,E13,1,0,20,24,0,56,25,na
2016,LTER_2,Backreef,2,E13,2,0,12,0,0,88,25,na
2016,LTER_2,Backreef,2,E13,3,0,48,0,0,52,25,na
2016,LTER_2,Backreef,2,E13,4,0,28,0,0,72,25,na
2016,LTER_2,Backreef,2,E13,5,0,64,4,0,32,25,na
2016,LTER_2,Backreef,2,E14,1,0,4,0,0,96,25,na
2016,LTER_2,Backreef,2,E14,2,0,52,32,0,16,25,na
2016,LTER_2,Backreef,2,E14,3,4,8,48,0,40,25,na
2016,LTER_2,Backreef,2,E14,4,16,4,4,0,76,25,na
2016,LTER_2,Backreef,2,E14,5,0,72,0,0,28,25,na
2016,LTER_2,Backreef,2,E15,1,0,0,68,0,32,25,na
2016,LTER_2,Backreef,2,E15,2,0,36,36,0,28,25,na
2016,LTER_2,Backreef,2,E15,3,0,0,4,0,96,25,na
2016,LTER_2,Backreef,2,E15,4,40,20,4,0,36,25,na
2016,LTER_2,Backreef,2,E15,5,0,100,0,0,0,25,na
2016,LTER_2,Backreef,2,N10,1,4,12,72,0,12,25,na
2016,LTER_2,Backreef,2,N10,2,0,48,0,0,52,25,na
2016,LTER_2,Backreef,2,N10,3,0,52,0,0,48,25,na
2016,LTER_2,Backreef,2,N10,4,76,12,4,0,8,25,na
2016,LTER_2,Backreef,2,N10,5,0,36,52,0,12,25,na
2016,LTER_2,Backreef,2,N6,1,0,24,52,0,24,25,na
2016,LTER_2,Backreef,2,N6,2,0,76,4,0,20,25,na
2016,LTER_2,Backreef,2,N6,3,0,44,32,0,24,25,na
2016,LTER_2,Backreef,2,N6,4,4,0,16,0,80,25,na
2016,LTER_2,Backreef,2,N6,5,0,64,20,0,16,25,na
2016,LTER_2,Backreef,2,N7,1,0,0,76,0,24,25,na
2016,LTER_2,Backreef,2,N7,2,0,32,20,0,48,25,na
2016,LTER_2,Backreef,2,N7,3,0,12,0,0,88,25,na
2016,LTER_2,Backreef,2,N7,4,0,36,28,0,36,25,na
2016,LTER_2,Backreef,2,N7,5,0,48,36,0,16,25,na
2016,LTER_2,Backreef,2,N8,1,0,0,88,0,12,25,na
2016,LTER_2,Backreef,2,N8,2,0,28,8,0,64,25,na
2016,LTER_2,Backreef,2,N8,3,0,28,0,0,72,25,na
2016,LTER_2,Backreef,2,N8,4,0,40,12,0,48,25,na
2016,LTER_2,Backreef,2,N8,5,0,56,28,0,16,25,na
2016,LTER_2,Backreef,2,N9,1,0,4,56,0,40,25,na
2016,LTER_2,Backreef,2,N9,2,0,60,12,0,28,25,na
2016,LTER_2,Backreef,2,N9,3,0,52,8,0,40,25,na
2016,LTER_2,Backreef,2,N9,4,20,40,12,0,28,25,na
2016,LTER_2,Backreef,2,N9,5,0,0,76,0,24,25,na
2016,LTER_2,Backreef,2,S1,1,0,16,36,0,48,25,na
2016,LTER_2,Backreef,2,S1,2,0,4,0,0,96,25,na
2016,LTER_2,Backreef,2,S1,3,0,64,12,0,24,25,na
2016,LTER_2,Backreef,2,S1,4,32,4,0,0,64,25,na
2016,LTER_2,Backreef,2,S1,5,0,52,32,0,16,25,na
2016,LTER_2,Backreef,2,S2,1,0,12,48,0,40,25,na
2016,LTER_2,Backreef,2,S2,2,0,4,72,0,24,25,na
2016,LTER_2,Backreef,2,S2,3,0,60,8,0,32,25,na
2016,LTER_2,Backreef,2,S2,4,16,4,20,0,60,25,na
2016,LTER_2,Backreef,2,S2,5,0,20,56,0,24,25,na
2016,LTER_2,Backreef,2,S3,1,0,44,32,0,24,25,na
2016,LTER_2,Backreef,2,S3,2,0,0,100,0,0,25,na
2016,LTER_2,Backreef,2,S3,3,0,52,0,0,48,25,na
2016,LTER_2,Backreef,2,S3,4,0,12,88,0,0,25,na
2016,LTER_2,Backreef,2,S3,5,0,0,88,0,12,25,na
2016,LTER_2,Backreef,2,S4,1,0,24,56,0,20,25,na
2016,LTER_2,Backreef,2,S4,2,0,0,72,0,28,25,na
2016,LTER_2,Backreef,2,S4,3,0,52,36,0,12,25,na
2016,LTER_2,Backreef,2,S4,4,0,0,100,0,0,25,na
2016,LTER_2,Backreef,2,S4,5,0,0,60,0,40,25,na
2016,LTER_2,Backreef,2,S5,1,0,0,76,0,24,25,na
2016,LTER_2,Backreef,2,S5,2,8,0,12,0,80,25,na
2016,LTER_2,Backreef,2,S5,3,0,24,8,0,68,25,na
2016,LTER_2,Backreef,2,S5,4,0,0,100,0,0,25,na
2016,LTER_2,Backreef,2,S5,5,0,0,0,0,100,25,na
2016,LTER_2,Backreef,2,W16,1,0,48,24,0,28,25,na
2016,LTER_2,Backreef,2,W16,2,0,8,0,0,92,25,na
2016,LTER_2,Backreef,2,W16,3,16,4,4,0,76,25,na
2016,LTER_2,Backreef,2,W16,4,8,12,28,0,52,25,na
2016,LTER_2,Backreef,2,W16,5,0,48,0,0,52,25,na
2016,LTER_2,Backreef,2,W17,1,16,56,4,0,24,25,na
2016,LTER_2,Backreef,2,W17,2,8,4,0,0,88,25,na
2016,LTER_2,Backreef,2,W17,3,4,28,48,0,20,25,na
2016,LTER_2,Backreef,2,W17,4,20,4,0,0,76,25,na
2016,LTER_2,Backreef,2,W17,5,0,64,8,0,28,25,na
2016,LTER_2,Backreef,2,W18,1,0,56,0,0,44,25,na
2016,LTER_2,Backreef,2,W18,2,0,8,0,0,92,25,na
2016,LTER_2,Backreef,2,W18,3,0,24,60,0,16,25,na
2016,LTER_2,Backreef,2,W18,4,0,16,0,0,84,25,na
2016,LTER_2,Backreef,2,W18,5,0,44,36,0,20,25,na
2016,LTER_2,Backreef,2,W19,1,0,84,0,0,16,25,na
2016,LTER_2,Backreef,2,W19,2,0,4,0,0,96,25,na
2016,LTER_2,Backreef,2,W19,3,0,8,64,0,28,25,na
2016,LTER_2,Backreef,2,W19,4,0,0,4,0,96,25,na
2016,LTER_2,Backreef,2,W19,5,0,8,40,0,52,25,na
2016,LTER_2,Backreef,2,W20,1,0,12,60,0,28,25,na
2016,LTER_2,Backreef,2,W20,2,0,96,0,0,4,25,na
2016,LTER_2,Backreef,2,W20,3,0,56,20,0,24,25,na
2016,LTER_2,Backreef,2,W20,4,4,8,24,0,64,25,na
2016,LTER_2,Backreef,2,W20,5,0,0,4,0,96,25,na
2016,LTER_3,Backreef,2,E11,2,0,16,48,0,36,25,na
2016,LTER_3,Backreef,2,E11,3,24,4,16,0,56,25,na
2016,LTER_3,Backreef,2,E11,4,0,4,0,0,96,25,na
2016,LTER_3,Backreef,2,E11,5,24,8,4,0,64,25,na
2016,LTER_3,Backreef,2,E12,2,16,4,56,0,24,25,na
2016,LTER_3,Backreef,2,E12,3,0,0,76,0,24,25,na
2016,LTER_3,Backreef,2,E12,4,4,8,24,0,64,25,na
2016,LTER_3,Backreef,2,E12,5,20,12,4,0,64,25,na
2016,LTER_3,Backreef,2,E13,2,0,12,28,0,60,25,na
2016,LTER_3,Backreef,2,E13,3,36,0,32,0,32,25,na
2016,LTER_3,Backreef,2,E13,4,4,20,36,0,40,25,na
2016,LTER_3,Backreef,2,E13,5,20,12,0,0,68,25,na
2016,LTER_3,Backreef,2,E14,2,0,4,96,0,0,25,na
2016,LTER_3,Backreef,2,E14,3,40,4,44,0,12,25,na
2016,LTER_3,Backreef,2,E14,4,0,68,0,0,32,25,na
2016,LTER_3,Backreef,2,E14,5,0,32,44,0,24,25,na
2016,LTER_3,Backreef,2,E15,2,0,48,0,0,52,25,na
2016,LTER_3,Backreef,2,E15,3,0,12,4,0,84,25,na
2016,LTER_3,Backreef,2,E15,4,0,0,8,0,92,25,na
2016,LTER_3,Backreef,2,E15,5,8,12,0,0,80,25,na
2016,LTER_3,Backreef,2,N10,2,0,12,16,0,72,25,na
2016,LTER_3,Backreef,2,N10,3,4,0,56,0,40,25,na
2016,LTER_3,Backreef,2,N10,4,0,0,8,0,92,25,na
2016,LTER_3,Backreef,2,N10,5,12,0,0,0,88,25,na
2016,LTER_3,Backreef,2,N6,2,24,12,12,0,52,25,na
2016,LTER_3,Backreef,2,N6,3,12,0,48,0,40,25,na
2016,LTER_3,Backreef,2,N6,4,16,4,4,0,76,25,na
2016,LTER_3,Backreef,2,N6,5,28,12,4,0,56,25,na
2016,LTER_3,Backreef,2,N7,2,8,32,0,0,60,25,na
2016,LTER_3,Backreef,2,N7,3,8,0,60,0,32,25,na
2016,LTER_3,Backreef,2,N7,4,20,0,48,0,32,25,na
2016,LTER_3,Backreef,2,N7,5,12,4,40,0,44,25,na
2016,LTER_3,Backreef,2,N8,2,36,16,16,0,32,25,na
2016,LTER_3,Backreef,2,N8,3,48,20,8,0,24,25,na
2016,LTER_3,Backreef,2,N8,4,4,0,92,0,4,25,na
2016,LTER_3,Backreef,2,N8,5,8,0,92,0,0,25,na
2016,LTER_3,Backreef,2,N9,2,0,40,0,0,60,25,na
2016,LTER_3,Backreef,2,N9,3,48,0,4,0,48,25,na
2016,LTER_3,Backreef,2,N9,4,24,4,60,0,12,25,na
2016,LTER_3,Backreef,2,N9,5,20,0,72,0,8,25,na
2016,LTER_3,Backreef,2,S1,2,28,4,0,0,68,25,na
2016,LTER_3,Backreef,2,S1,3,20,12,0,0,68,25,na
2016,LTER_3,Backreef,2,S1,4,24,0,60,0,16,25,na
2016,LTER_3,Backreef,2,S1,5,0,28,8,0,64,25,na
2016,LTER_3,Backreef,2,S2,2,0,0,4,0,96,25,na
2016,LTER_3,Backreef,2,S2,3,24,4,20,0,52,25,na
2016,LTER_3,Backreef,2,S2,4,12,4,56,0,28,25,na
2016,LTER_3,Backreef,2,S2,5,0,9,4,0,87,23,some sub squares omitted
2016,LTER_3,Backreef,2,S3,2,0,0,0,0,100,25,na
2016,LTER_3,Backreef,2,S3,3,12,16,28,0,44,25,na
2016,LTER_3,Backreef,2,S3,4,4,0,48,0,48,25,na
2016,LTER_3,Backreef,2,S3,5,0,17,0,0,83,24,some sub squares omitted
2016,LTER_3,Backreef,2,S4,2,24,8,4,0,64,25,na
2016,LTER_3,Backreef,2,S4,3,76,0,4,0,20,25,na
2016,LTER_3,Backreef,2,S4,4,0,0,64,0,36,25,na
2016,LTER_3,Backreef,2,S4,5,0,4,76,0,20,25,na
2016,LTER_3,Backreef,2,S5,2,64,20,0,0,16,25,na
2016,LTER_3,Backreef,2,S5,3,0,0,8,0,92,25,na
2016,LTER_3,Backreef,2,S5,4,0,0,16,0,84,25,na
2016,LTER_3,Backreef,2,S5,5,60,4,24,0,12,25,na
2016,LTER_3,Backreef,2,W16,2,8,40,8,0,44,25,na
2016,LTER_3,Backreef,2,W16,3,24,0,8,0,68,25,na
2016,LTER_3,Backreef,2,W16,4,8,16,48,0,28,25,na
2016,LTER_3,Backreef,2,W16,5,0,4,44,0,52,25,na
2016,LTER_3,Backreef,2,W17,2,28,16,0,0,56,25,na
2016,LTER_3,Backreef,2,W17,3,8,0,8,0,84,25,na
2016,LTER_3,Backreef,2,W17,4,4,24,8,0,64,25,na
2016,LTER_3,Backreef,2,W17,5,0,0,56,0,44,25,na
2016,LTER_3,Backreef,2,W18,2,40,16,0,0,44,25,na
2016,LTER_3,Backreef,2,W18,3,12,4,0,0,84,25,na
2016,LTER_3,Backreef,2,W18,4,0,0,20,0,80,25,na
2016,LTER_3,Backreef,2,W18,5,0,0,40,0,60,25,na
2016,LTER_3,Backreef,2,W19,2,4,40,0,0,56,25,na
2016,LTER_3,Backreef,2,W19,3,4,8,16,0,72,25,na
2016,LTER_3,Backreef,2,W19,4,0,0,88,0,12,25,na
2016,LTER_3,Backreef,2,W19,5,4,8,24,0,64,25,na
2016,LTER_3,Backreef,2,W20,2,32,4,48,0,16,25,na
2016,LTER_3,Backreef,2,W20,3,88,0,4,0,8,25,na
2016,LTER_3,Backreef,2,W20,4,0,12,16,0,72,25,na
2016,LTER_3,Backreef,2,W20,5,12,4,32,0,52,25,na
2016,LTER_4,Backreef,2,E11,1,20,12,4,0,64,25,na
2016,LTER_4,Backreef,2,E11,2,28,8,0,0,64,25,na
2016,LTER_4,Backreef,2,E11,3,76,0,0,0,24,25,na
2016,LTER_4,Backreef,2,E11,4,0,0,0,0,100,25,na
2016,LTER_4,Backreef,2,E11,5,24,32,0,0,44,25,na
2016,LTER_4,Backreef,2,E12,1,44,0,0,0,56,25,na
2016,LTER_4,Backreef,2,E12,2,36,4,20,0,40,25,na
2016,LTER_4,Backreef,2,E12,3,32,0,0,0,68,25,na
2016,LTER_4,Backreef,2,E12,4,16,0,8,0,76,25,na
2016,LTER_4,Backreef,2,E12,5,44,0,0,0,56,25,na
2016,LTER_4,Backreef,2,E13,1,36,4,12,0,48,25,na
2016,LTER_4,Backreef,2,E13,2,32,4,60,0,4,25,na
2016,LTER_4,Backreef,2,E13,3,32,4,44,0,20,25,na
2016,LTER_4,Backreef,2,E13,4,28,4,28,0,40,25,na
2016,LTER_4,Backreef,2,E13,5,44,0,0,0,56,25,na
2016,LTER_4,Backreef,2,E14,1,32,8,28,0,32,25,na
2016,LTER_4,Backreef,2,E14,2,36,0,48,0,16,25,na
2016,LTER_4,Backreef,2,E14,3,0,0,64,0,36,25,na
2016,LTER_4,Backreef,2,E14,4,0,0,92,0,8,25,na
2016,LTER_4,Backreef,2,E14,5,56,4,0,0,40,25,na
2016,LTER_4,Backreef,2,E15,1,52,4,24,0,20,25,na
2016,LTER_4,Backreef,2,E15,2,36,0,44,0,20,25,na
2016,LTER_4,Backreef,2,E15,3,32,0,64,0,4,25,na
2016,LTER_4,Backreef,2,E15,4,8,0,56,0,36,25,na
2016,LTER_4,Backreef,2,E15,5,56,4,40,0,0,25,na
2016,LTER_4,Backreef,2,N10,1,0,0,100,0,0,25,na
2016,LTER_4,Backreef,2,N10,2,72,0,4,0,24,25,na
2016,LTER_4,Backreef,2,N10,3,32,0,8,0,60,25,na
2016,LTER_4,Backreef,2,N10,4,32,4,0,0,64,25,na
2016,LTER_4,Backreef,2,N10,5,44,4,40,0,12,25,na
2016,LTER_4,Backreef,2,N6,1,60,0,0,0,40,25,na
2016,LTER_4,Backreef,2,N6,2,12,4,8,0,76,25,na
2016,LTER_4,Backreef,2,N6,3,56,4,16,0,24,25,na
2016,LTER_4,Backreef,2,N6,4,20,0,0,0,80,25,na
2016,LTER_4,Backreef,2,N6,5,4,4,0,0,92,25,na
2016,LTER_4,Backreef,2,N7,1,16,16,20,0,48,25,na
2016,LTER_4,Backreef,2,N7,2,64,0,12,0,24,25,na
2016,LTER_4,Backreef,2,N7,3,4,0,80,0,16,25,na
2016,LTER_4,Backreef,2,N7,4,4,8,0,0,88,25,na
2016,LTER_4,Backreef,2,N7,5,48,16,0,0,36,25,na
2016,LTER_4,Backreef,2,N8,1,24,0,56,0,20,25,na
2016,LTER_4,Backreef,2,N8,2,96,0,0,0,4,25,na
2016,LTER_4,Backreef,2,N8,3,0,0,44,0,56,25,na
2016,LTER_4,Backreef,2,N8,4,0,0,0,0,100,25,na
2016,LTER_4,Backreef,2,N8,5,92,4,4,0,0,25,na
2016,LTER_4,Backreef,2,N9,1,0,0,100,0,0,25,na
2016,LTER_4,Backreef,2,N9,2,72,4,0,0,24,25,na
2016,LTER_4,Backreef,2,N9,3,0,16,40,0,44,25,na
2016,LTER_4,Backreef,2,N9,4,24,8,0,0,68,25,na
2016,LTER_4,Backreef,2,N9,5,52,4,32,0,12,25,na
2016,LTER_4,Backreef,2,S1,1,36,16,24,0,24,25,na
2016,LTER_4,Backreef,2,S1,2,16,0,0,0,84,25,na
2016,LTER_4,Backreef,2,S1,3,28,24,16,0,32,25,na
2016,LTER_4,Backreef,2,S1,4,16,4,8,0,72,25,na
2016,LTER_4,Backreef,2,S1,5,24,48,0,0,28,25,na
2016,LTER_4,Backreef,2,S2,1,12,0,0,0,88,25,na
2016,LTER_4,Backreef,2,S2,2,28,8,24,0,40,25,na
2016,LTER_4,Backreef,2,S2,3,20,12,4,0,64,25,na
2016,LTER_4,Backreef,2,S2,4,20,12,48,0,20,25,na
2016,LTER_4,Backreef,2,S2,5,16,64,0,4,16,25,na
2016,LTER_4,Backreef,2,S3,1,36,0,0,0,64,25,na
2016,LTER_4,Backreef,2,S3,2,0,20,52,0,28,25,na
2016,LTER_4,Backreef,2,S3,3,40,4,8,0,48,25,na
2016,LTER_4,Backreef,2,S3,4,8,12,48,0,32,25,na
2016,LTER_4,Backreef,2,S3,5,0,20,0,80,0,25,na
2016,LTER_4,Backreef,2,S4,1,48,4,0,0,48,25,na
2016,LTER_4,Backreef,2,S4,2,4,20,48,0,28,25,na
2016,LTER_4,Backreef,2,S4,3,52,0,20,0,28,25,na
2016,LTER_4,Backreef,2,S4,4,0,0,0,0,100,25,na
2016,LTER_4,Backreef,2,S4,5,0,12,0,84,4,25,na
2016,LTER_4,Backreef,2,S5,1,24,4,52,0,20,25,na
2016,LTER_4,Backreef,2,S5,2,44,0,44,0,12,25,na
2016,LTER_4,Backreef,2,S5,3,0,0,40,0,60,25,na
2016,LTER_4,Backreef,2,S5,4,24,8,12,0,56,25,na
2016,LTER_4,Backreef,2,S5,5,28,4,8,0,60,25,na
2016,LTER_4,Backreef,2,W16,1,48,4,12,0,36,25,na
2016,LTER_4,Backreef,2,W16,2,28,0,8,0,64,25,na
2016,LTER_4,Backreef,2,W16,3,40,16,8,0,36,25,na
2016,LTER_4,Backreef,2,W16,4,16,4,64,0,16,25,na
2016,LTER_4,Backreef,2,W16,5,0,28,0,0,72,25,na
2016,LTER_4,Backreef,2,W17,1,20,0,16,0,64,25,na
2016,LTER_4,Backreef,2,W17,2,16,0,40,0,44,25,na
2016,LTER_4,Backreef,2,W17,3,60,8,20,0,12,25,na
2016,LTER_4,Backreef,2,W17,4,12,0,20,0,68,25,na
2016,LTER_4,Backreef,2,W17,5,20,4,52,0,24,25,na
2016,LTER_4,Backreef,2,W18,1,28,4,4,0,64,25,na
2016,LTER_4,Backreef,2,W18,2,4,0,96,0,0,25,na
2016,LTER_4,Backreef,2,W18,3,24,8,28,0,40,25,na
2016,LTER_4,Backreef,2,W18,4,0,4,32,0,64,25,na
2016,LTER_4,Backreef,2,W18,5,20,0,32,0,48,25,na
2016,LTER_4,Backreef,2,W19,1,0,4,68,0,28,25,na
2016,LTER_4,Backreef,2,W19,2,8,0,92,0,0,25,na
2016,LTER_4,Backreef,2,W19,3,32,16,0,0,52,25,na
2016,LTER_4,Backreef,2,W19,4,0,0,72,0,28,25,na
2016,LTER_4,Backreef,2,W19,5,52,0,32,0,16,25,na
2016,LTER_4,Backreef,2,W20,1,12,0,36,0,52,25,na
2016,LTER_4,Backreef,2,W20,2,56,12,0,0,32,25,na
2016,LTER_4,Backreef,2,W20,3,40,4,32,0,24,25,na
2016,LTER_4,Backreef,2,W20,4,32,0,20,0,48,25,na
2016,LTER_4,Backreef,2,W20,5,24,4,0,0,72,25,na
2016,LTER_5,Backreef,2,E11,1,0,0,16,0,84,25,na
2016,LTER_5,Backreef,2,E11,2,4,4,0,0,92,25,na
2016,LTER_5,Backreef,2,E11,3,52,16,0,0,32,25,na
2016,LTER_5,Backreef,2,E11,4,20,8,16,28,28,25,na
2016,LTER_5,Backreef,2,E11,5,16,8,20,0,56,25,na
2016,LTER_5,Backreef,2,E12,1,4,0,72,0,24,25,na
2016,LTER_5,Backreef,2,E12,2,12,4,0,0,84,25,na
2016,LTER_5,Backreef,2,E12,3,4,4,4,0,88,25,na
2016,LTER_5,Backreef,2,E12,4,4,0,88,4,4,25,na
2016,LTER_5,Backreef,2,E12,5,8,0,92,0,0,25,na
2016,LTER_5,Backreef,2,E13,1,8,0,88,0,4,25,na
2016,LTER_5,Backreef,2,E13,2,60,4,24,0,12,25,na
2016,LTER_5,Backreef,2,E13,3,0,0,4,0,96,25,na
2016,LTER_5,Backreef,2,E13,4,0,0,84,0,16,25,na
2016,LTER_5,Backreef,2,E13,5,4,0,48,0,48,25,na
2016,LTER_5,Backreef,2,E14,1,32,0,12,0,56,25,na
2016,LTER_5,Backreef,2,E14,2,16,0,0,0,84,25,na
2016,LTER_5,Backreef,2,E14,3,24,12,40,0,24,25,na
2016,LTER_5,Backreef,2,E14,4,16,4,44,0,36,25,na
2016,LTER_5,Backreef,2,E14,5,36,0,32,0,32,25,na
2016,LTER_5,Backreef,2,E15,1,16,0,76,0,8,25,na
2016,LTER_5,Backreef,2,E15,2,8,4,16,0,72,25,na
2016,LTER_5,Backreef,2,E15,3,8,0,0,0,92,25,na
2016,LTER_5,Backreef,2,E15,4,0,4,60,0,36,25,na
2016,LTER_5,Backreef,2,E15,5,20,24,8,0,48,25,na
2016,LTER_5,Backreef,2,N10,1,24,0,32,0,44,25,na
2016,LTER_5,Backreef,2,N10,2,12,0,56,0,32,25,na
2016,LTER_5,Backreef,2,N10,3,0,0,84,0,16,25,na
2016,LTER_5,Backreef,2,N10,4,16,8,40,0,36,25,na
2016,LTER_5,Backreef,2,N10,5,8,4,80,0,8,25,na
2016,LTER_5,Backreef,2,N6,1,0,0,68,0,32,25,na
2016,LTER_5,Backreef,2,N6,2,44,8,0,0,48,25,na
2016,LTER_5,Backreef,2,N6,3,16,8,32,0,44,25,na
2016,LTER_5,Backreef,2,N6,4,4,12,16,0,68,25,na
2016,LTER_5,Backreef,2,N6,5,28,4,48,0,20,25,na
2016,LTER_5,Backreef,2,N7,1,32,0,0,0,68,25,na
2016,LTER_5,Backreef,2,N7,2,0,0,80,0,20,25,na
2016,LTER_5,Backreef,2,N7,3,0,0,80,0,20,25,na
2016,LTER_5,Backreef,2,N7,4,64,0,0,0,36,14,some sub squares omitted
2016,LTER_5,Backreef,2,N7,5,68,8,0,0,24,25,na
2016,LTER_5,Backreef,2,N8,1,36,0,4,0,60,25,na
2016,LTER_5,Backreef,2,N8,2,28,12,20,0,40,25,na
2016,LTER_5,Backreef,2,N8,3,4,8,60,0,28,25,na
2016,LTER_5,Backreef,2,N8,4,0,24,0,0,76,25,na
2016,LTER_5,Backreef,2,N8,5,48,16,4,0,32,25,na
2016,LTER_5,Backreef,2,N9,1,24,0,44,0,32,25,na
2016,LTER_5,Backreef,2,N9,2,36,0,32,0,32,25,na
2016,LTER_5,Backreef,2,N9,3,0,4,84,0,12,25,na
2016,LTER_5,Backreef,2,N9,4,16,24,24,0,36,25,na
2016,LTER_5,Backreef,2,N9,5,12,8,0,0,80,25,na
2016,LTER_5,Backreef,2,S1,1,8,0,40,0,52,25,na
2016,LTER_5,Backreef,2,S1,2,0,16,56,0,28,25,na
2016,LTER_5,Backreef,2,S1,3,32,12,8,0,48,25,na
2016,LTER_5,Backreef,2,S1,4,4,12,20,48,16,25,na
2016,LTER_5,Backreef,2,S1,5,32,4,36,0,28,25,na
2016,LTER_5,Backreef,2,S2,1,64,4,8,0,24,25,na
2016,LTER_5,Backreef,2,S2,2,0,0,100,0,0,25,na
2016,LTER_5,Backreef,2,S2,3,12,16,44,0,28,25,na
2016,LTER_5,Backreef,2,S2,4,4,0,24,24,48,25,na
2016,LTER_5,Backreef,2,S2,5,60,28,8,0,4,25,na
2016,LTER_5,Backreef,2,S3,1,32,36,0,0,32,25,na
2016,LTER_5,Backreef,2,S3,2,0,0,100,0,0,25,na
2016,LTER_5,Backreef,2,S3,3,36,12,36,0,16,25,na
2016,LTER_5,Backreef,2,S3,4,4,32,0,0,64,25,na
2016,LTER_5,Backreef,2,S3,5,56,12,0,0,32,25,na
2016,LTER_5,Backreef,2,S4,1,16,12,0,0,72,25,na
2016,LTER_5,Backreef,2,S4,2,20,0,68,0,12,25,na
2016,LTER_5,Backreef,2,S4,3,16,0,76,0,8,25,na
2016,LTER_5,Backreef,2,S4,4,76,12,0,0,12,25,na
2016,LTER_5,Backreef,2,S4,5,40,0,0,0,60,25,na
2016,LTER_5,Backreef,2,S5,1,32,12,0,0,56,25,na
2016,LTER_5,Backreef,2,S5,2,4,4,92,0,0,25,na
2016,LTER_5,Backreef,2,S5,3,0,0,72,0,28,25,na
2016,LTER_5,Backreef,2,S5,4,8,4,64,0,24,25,na
2016,LTER_5,Backreef,2,S5,5,76,0,4,0,20,25,na
2016,LTER_5,Backreef,2,W16,1,0,8,48,0,44,25,na
2016,LTER_5,Backreef,2,W16,2,44,12,20,0,24,25,na
2016,LTER_5,Backreef,2,W16,3,72,0,24,0,4,25,na
2016,LTER_5,Backreef,2,W16,4,0,12,72,4,12,25,na
2016,LTER_5,Backreef,2,W16,5,64,0,20,0,16,25,na
2016,LTER_5,Backreef,2,W17,1,8,8,32,0,52,25,na
2016,LTER_5,Backreef,2,W17,2,8,28,4,0,60,25,na
2016,LTER_5,Backreef,2,W17,3,20,20,56,0,4,25,na
2016,LTER_5,Backreef,2,W17,4,4,0,76,0,20,25,na
2016,LTER_5,Backreef,2,W17,5,4,8,0,0,88,25,na
2016,LTER_5,Backreef,2,W18,1,12,4,24,0,60,25,na
2016,LTER_5,Backreef,2,W18,2,0,32,8,0,60,25,na
2016,LTER_5,Backreef,2,W18,3,52,0,8,0,40,25,na
2016,LTER_5,Backreef,2,W18,4,28,4,56,0,12,25,na
2016,LTER_5,Backreef,2,W18,5,12,0,0,0,88,25,na
2016,LTER_5,Backreef,2,W19,1,12,0,48,0,40,25,na
2016,LTER_5,Backreef,2,W19,2,0,48,8,0,44,25,na
2016,LTER_5,Backreef,2,W19,3,60,0,0,0,40,25,na
2016,LTER_5,Backreef,2,W19,4,44,4,20,0,32,25,na
2016,LTER_5,Backreef,2,W19,5,52,0,4,0,44,25,na
2016,LTER_5,Backreef,2,W20,1,8,0,0,0,92,25,na
2016,LTER_5,Backreef,2,W20,2,0,0,72,0,28,25,na
2016,LTER_5,Backreef,2,W20,3,12,8,0,0,80,25,na
2016,LTER_5,Backreef,2,W20,4,20,12,0,0,68,25,na
2016,LTER_5,Backreef,2,W20,5,0,0,84,0,16,25,na
2016,LTER_6,Backreef,2,E11,1,0,4,4,0,92,25,na
2016,LTER_6,Backreef,2,E11,2,12,4,20,0,64,25,na
2016,LTER_6,Backreef,2,E11,3,44,0,4,0,52,25,na
2016,LTER_6,Backreef,2,E11,4,4,0,12,0,84,25,na
2016,LTER_6,Backreef,2,E11,5,36,0,48,0,16,25,na
2016,LTER_6,Backreef,2,E12,1,4,0,12,4,80,25,na
2016,LTER_6,Backreef,2,E12,2,44,0,32,0,24,25,na
2016,LTER_6,Backreef,2,E12,3,4,0,0,0,96,25,na
2016,LTER_6,Backreef,2,E12,4,12,0,0,0,88,25,na
2016,LTER_6,Backreef,2,E12,5,96,0,4,0,0,25,na
2016,LTER_6,Backreef,2,E13,1,24,4,40,0,32,25,na
2016,LTER_6,Backreef,2,E13,2,40,20,16,0,24,25,na
2016,LTER_6,Backreef,2,E13,3,20,0,0,0,80,25,na
2016,LTER_6,Backreef,2,E13,4,16,0,4,0,80,25,na
2016,LTER_6,Backreef,2,E13,5,80,0,16,0,4,25,na
2016,LTER_6,Backreef,2,E14,1,60,4,16,0,20,25,na
2016,LTER_6,Backreef,2,E14,2,40,12,8,0,40,25,na
2016,LTER_6,Backreef,2,E14,3,44,8,4,0,44,25,na
2016,LTER_6,Backreef,2,E14,4,20,8,8,0,64,25,na
2016,LTER_6,Backreef,2,E14,5,24,4,20,0,52,25,na
2016,LTER_6,Backreef,2,E15,1,32,0,44,0,24,25,na
2016,LTER_6,Backreef,2,E15,2,8,0,24,0,68,25,na
2016,LTER_6,Backreef,2,E15,3,4,0,76,0,20,25,na
2016,LTER_6,Backreef,2,E15,4,28,8,8,0,56,25,na
2016,LTER_6,Backreef,2,E15,5,28,0,32,0,40,25,na
2016,LTER_6,Backreef,2,N10,1,0,0,0,0,100,25,na
2016,LTER_6,Backreef,2,N10,2,0,8,48,0,44,25,na
2016,LTER_6,Backreef,2,N10,3,12,0,20,0,68,25,na
2016,LTER_6,Backreef,2,N10,4,0,8,64,0,28,25,na
2016,LTER_6,Backreef,2,N10,5,16,4,20,48,12,25,na
2016,LTER_6,Backreef,2,N6,1,40,4,4,0,52,25,na
2016,LTER_6,Backreef,2,N6,2,16,4,60,0,20,25,na
2016,LTER_6,Backreef,2,N6,3,28,0,8,0,64,25,na
2016,LTER_6,Backreef,2,N6,4,0,4,28,0,68,25,na
2016,LTER_6,Backreef,2,N6,5,32,0,24,0,44,25,na
2016,LTER_6,Backreef,2,N7,1,8,0,52,0,40,25,na
2016,LTER_6,Backreef,2,N7,2,20,4,28,0,48,25,na
2016,LTER_6,Backreef,2,N7,3,28,0,32,0,40,25,na
2016,LTER_6,Backreef,2,N7,4,28,12,44,0,16,25,na
2016,LTER_6,Backreef,2,N7,5,4,0,16,0,80,25,na
2016,LTER_6,Backreef,2,N8,1,4,4,60,0,32,25,na
2016,LTER_6,Backreef,2,N8,2,0,0,48,0,52,25,na
2016,LTER_6,Backreef,2,N8,3,8,8,28,0,56,25,na
2016,LTER_6,Backreef,2,N8,4,0,0,32,0,68,25,na
2016,LTER_6,Backreef,2,N8,5,0,0,4,0,96,25,na
2016,LTER_6,Backreef,2,N9,1,8,0,0,0,92,25,na
2016,LTER_6,Backreef,2,N9,2,4,0,40,0,56,25,na
2016,LTER_6,Backreef,2,N9,3,4,4,44,0,48,25,na
2016,LTER_6,Backreef,2,N9,4,0,4,12,0,84,25,na
2016,LTER_6,Backreef,2,N9,5,0,9,11,26,54,35,overcount
2016,LTER_6,Backreef,2,S1,1,16,0,12,0,72,25,na
2016,LTER_6,Backreef,2,S1,2,12,16,8,0,64,25,na
2016,LTER_6,Backreef,2,S1,3,8,0,0,0,92,25,na
2016,LTER_6,Backreef,2,S1,4,4,4,8,0,84,25,na
2016,LTER_6,Backreef,2,S1,5,32,8,24,0,36,25,na
2016,LTER_6,Backreef,2,S2,1,32,0,12,0,56,25,na
2016,LTER_6,Backreef,2,S2,2,4,0,4,0,92,25,na
2016,LTER_6,Backreef,2,S2,3,44,0,20,0,36,25,na
2016,LTER_6,Backreef,2,S2,4,4,8,40,0,48,25,na
2016,LTER_6,Backreef,2,S2,5,48,8,0,0,44,25,na
2016,LTER_6,Backreef,2,S3,1,12,0,8,0,80,25,na
2016,LTER_6,Backreef,2,S3,2,20,0,0,0,80,25,na
2016,LTER_6,Backreef,2,S3,3,52,0,44,0,4,25,na
2016,LTER_6,Backreef,2,S3,4,12,0,0,0,88,25,na
2016,LTER_6,Backreef,2,S3,5,44,24,16,0,16,25,na
2016,LTER_6,Backreef,2,S4,1,20,0,0,0,80,25,na
2016,LTER_6,Backreef,2,S4,2,4,0,0,0,96,25,na
2016,LTER_6,Backreef,2,S4,3,16,0,84,0,0,25,na
2016,LTER_6,Backreef,2,S4,4,16,4,0,0,80,25,na
2016,LTER_6,Backreef,2,S4,5,28,40,12,0,20,25,na
2016,LTER_6,Backreef,2,S5,1,32,4,60,0,4,25,na
2016,LTER_6,Backreef,2,S5,2,8,12,0,0,80,25,na
2016,LTER_6,Backreef,2,S5,3,12,0,68,0,20,25,na
2016,LTER_6,Backreef,2,S5,4,28,0,0,0,72,25,na
2016,LTER_6,Backreef,2,S5,5,28,0,40,0,32,25,na
2016,LTER_6,Backreef,2,W16,1,20,36,8,0,36,25,na
2016,LTER_6,Backreef,2,W16,2,8,0,0,0,92,25,na
2016,LTER_6,Backreef,2,W16,3,28,0,4,0,68,25,na
2016,LTER_6,Backreef,2,W16,4,20,32,4,0,44,25,na
2016,LTER_6,Backreef,2,W16,5,28,0,0,0,72,25,na
2016,LTER_6,Backreef,2,W17,1,32,0,0,0,68,25,na
2016,LTER_6,Backreef,2,W17,2,4,4,8,0,84,25,na
2016,LTER_6,Backreef,2,W17,3,12,0,68,0,20,25,na
2016,LTER_6,Backreef,2,W17,4,24,4,0,0,72,25,na
2016,LTER_6,Backreef,2,W17,5,32,0,0,0,68,25,na
2016,LTER_6,Backreef,2,W18,1,20,0,36,0,44,25,na
2016,LTER_6,Backreef,2,W18,2,12,4,20,0,64,25,na
2016,LTER_6,Backreef,2,W18,3,0,0,92,0,8,25,na
2016,LTER_6,Backreef,2,W18,4,8,4,0,0,88,25,na
2016,LTER_6,Backreef,2,W18,5,4,4,0,0,92,25,na
2016,LTER_6,Backreef,2,W19,1,4,0,76,0,20,25,na
2016,LTER_6,Backreef,2,W19,2,20,4,0,0,76,25,na
2016,LTER_6,Backreef,2,W19,3,28,0,48,0,24,25,na
2016,LTER_6,Backreef,2,W19,4,16,4,0,0,80,25,na
2016,LTER_6,Backreef,2,W19,5,8,0,0,0,92,25,na
2016,LTER_6,Backreef,2,W20,1,20,0,60,0,20,25,na
2016,LTER_6,Backreef,2,W20,2,4,0,8,0,88,25,na
2016,LTER_6,Backreef,2,W20,3,8,20,4,0,68,25,na
2016,LTER_6,Backreef,2,W20,4,32,8,0,0,60,25,na
2016,LTER_6,Backreef,2,W20,5,0,0,92,0,8,25,na
2017,LTER_1,Backreef,2,S5,2,BW,BW,BW,BW,BW,0,too shallow for nadir photo; photo horizontal so not valid for cover percent
2017,LTER_1,Backreef,2,E11,1,0,40,0,0,60,25,na
2017,LTER_1,Backreef,2,E11,2,0,12,0,0,88,25,na
2017,LTER_1,Backreef,2,E11,4,8,12,4,0,76,25,na
2017,LTER_1,Backreef,2,E11,5,0,4,20,0,76,25,na
2017,LTER_1,Backreef,2,E12,1,0,44,0,0,56,25,na
2017,LTER_1,Backreef,2,E12,2,4,20,0,0,76,25,na
2017,LTER_1,Backreef,2,E12,4,12,4,60,0,24,25,na
2017,LTER_1,Backreef,2,E12,5,0,8,32,0,60,25,na
2017,LTER_1,Backreef,2,E13,1,16,40,0,0,44,25,na
2017,LTER_1,Backreef,2,E13,2,20,28,16,0,36,25,na
2017,LTER_1,Backreef,2,E13,4,12,0,0,0,88,25,na
2017,LTER_1,Backreef,2,E13,5,16,24,0,0,60,25,na
2017,LTER_1,Backreef,2,E14,1,0,52,4,0,44,25,na
2017,LTER_1,Backreef,2,E14,2,32,4,8,0,56,25,na
2017,LTER_1,Backreef,2,E14,4,0,24,8,0,68,25,na
2017,LTER_1,Backreef,2,E14,5,12,8,56,0,24,25,na
2017,LTER_1,Backreef,2,E15,1,32,12,8,0,48,25,na
2017,LTER_1,Backreef,2,E15,2,8,0,8,0,84,25,na
2017,LTER_1,Backreef,2,E15,4,4,20,8,0,68,25,na
2017,LTER_1,Backreef,2,E15,5,0,4,12,0,84,25,na
2017,LTER_1,Backreef,2,N10,1,4,0,0,0,96,25,na
2017,LTER_1,Backreef,2,N10,2,8,44,20,0,28,25,na
2017,LTER_1,Backreef,2,N10,4,32,8,4,0,56,25,na
2017,LTER_1,Backreef,2,N10,5,60,8,12,0,20,25,na
2017,LTER_1,Backreef,2,N6,1,0,32,0,0,68,25,na
2017,LTER_1,Backreef,2,N6,2,0,72,0,0,28,25,na
2017,LTER_1,Backreef,2,N6,4,4,8,12,0,76,25,na
2017,LTER_1,Backreef,2,N6,5,0,8,52,0,40,25,na
2017,LTER_1,Backreef,2,N7,1,4,40,4,0,52,25,na
2017,LTER_1,Backreef,2,N7,2,4,28,0,0,68,25,na
2017,LTER_1,Backreef,2,N7,4,24,28,0,0,48,25,na
2017,LTER_1,Backreef,2,N7,5,4,4,0,0,92,25,na
2017,LTER_1,Backreef,2,N8,1,0,8,4,0,88,25,na
2017,LTER_1,Backreef,2,N8,2,0,8,0,0,92,25,na
2017,LTER_1,Backreef,2,N8,4,0,12,44,0,44,25,na
2017,LTER_1,Backreef,2,N8,5,48,8,0,0,44,25,na
2017,LTER_1,Backreef,2,N9,1,0,8,0,0,92,25,na
2017,LTER_1,Backreef,2,N9,2,4,68,4,0,24,25,na
2017,LTER_1,Backreef,2,N9,4,12,4,44,0,40,25,na
2017,LTER_1,Backreef,2,N9,5,16,0,56,0,28,25,na
2017,LTER_1,Backreef,2,S1,1,0,92,0,0,8,25,na
2017,LTER_1,Backreef,2,S1,2,32,0,0,0,68,25,na
2017,LTER_1,Backreef,2,S1,4,0,8,20,0,72,25,na
2017,LTER_1,Backreef,2,S1,5,40,12,8,0,40,25,na
2017,LTER_1,Backreef,2,S2,1,0,24,40,0,36,25,na
2017,LTER_1,Backreef,2,S2,2,16,8,4,0,72,25,na
2017,LTER_1,Backreef,2,S2,4,8,4,12,0,76,25,na
2017,LTER_1,Backreef,2,S2,5,0,8,52,0,40,25,na
2017,LTER_1,Backreef,2,S3,1,0,16,36,0,48,25,na
2017,LTER_1,Backreef,2,S3,2,36,36,0,0,28,25,na
2017,LTER_1,Backreef,2,S3,4,16,16,8,0,60,25,na
2017,LTER_1,Backreef,2,S3,5,12,0,0,0,88,25,na
2017,LTER_1,Backreef,2,S4,1,0,28,60,0,12,25,na
2017,LTER_1,Backreef,2,S4,2,24,24,0,0,52,25,na
2017,LTER_1,Backreef,2,S4,4,0,20,0,0,80,25,na
2017,LTER_1,Backreef,2,S4,5,0,0,88,0,12,25,na
2017,LTER_1,Backreef,2,S5,1,0,12,52,0,36,25,na
2017,LTER_1,Backreef,2,S5,4,4,4,8,0,84,25,na
2017,LTER_1,Backreef,2,S5,5,0,12,76,0,12,25,na
2017,LTER_1,Backreef,2,W16,1,12,32,0,0,56,25,na
2017,LTER_1,Backreef,2,W16,2,8,40,0,4,48,25,na
2017,LTER_1,Backreef,2,W16,4,20,12,0,0,68,25,na
2017,LTER_1,Backreef,2,W16,5,0,0,12,0,88,25,na
2017,LTER_1,Backreef,2,W17,1,0,36,0,0,64,25,na
2017,LTER_1,Backreef,2,W17,2,8,48,12,0,32,25,na
2017,LTER_1,Backreef,2,W17,4,8,12,4,0,76,25,na
2017,LTER_1,Backreef,2,W17,5,0,8,80,0,12,25,na
2017,LTER_1,Backreef,2,W18,1,8,12,4,0,76,25,na
2017,LTER_1,Backreef,2,W18,2,4,16,0,0,80,25,na
2017,LTER_1,Backreef,2,W18,4,44,0,4,0,52,25,na
2017,LTER_1,Backreef,2,W18,5,0,16,16,0,68,25,na
2017,LTER_1,Backreef,2,W19,1,0,60,0,0,40,25,na
2017,LTER_1,Backreef,2,W19,2,8,0,60,0,32,25,na
2017,LTER_1,Backreef,2,W19,4,12,8,20,0,60,25,na
2017,LTER_1,Backreef,2,W19,5,12,12,8,0,68,25,na
2017,LTER_1,Backreef,2,W20,1,4,16,0,0,80,25,na
2017,LTER_1,Backreef,2,W20,2,4,44,0,0,52,25,na
2017,LTER_1,Backreef,2,W20,4,8,0,88,0,4,25,na
2017,LTER_1,Backreef,2,W20,5,0,0,52,0,48,25,na
2017,LTER_2,Backreef,2,E11,1,0,56,8,0,36,25,na
2017,LTER_2,Backreef,2,E11,2,0,8,12,0,80,25,na
2017,LTER_2,Backreef,2,E11,3,12,0,0,0,88,25,na
2017,LTER_2,Backreef,2,E11,4,0,0,0,0,100,25,na
2017,LTER_2,Backreef,2,E11,5,0,76,4,0,20,25,na
2017,LTER_2,Backreef,2,E12,1,4,56,0,0,40,25,na
2017,LTER_2,Backreef,2,E12,2,0,0,8,0,92,25,na
2017,LTER_2,Backreef,2,E12,3,0,60,0,0,40,25,na
2017,LTER_2,Backreef,2,E12,4,28,0,0,0,72,25,na
2017,LTER_2,Backreef,2,E12,5,0,96,0,0,4,25,na
2017,LTER_2,Backreef,2,E13,1,0,12,8,0,80,25,na
2017,LTER_2,Backreef,2,E13,2,0,24,20,0,56,25,na
2017,LTER_2,Backreef,2,E13,3,0,44,0,0,56,25,na
2017,LTER_2,Backreef,2,E13,4,0,0,0,0,100,25,na
2017,LTER_2,Backreef,2,E13,5,0,80,4,0,16,25,na
2017,LTER_2,Backreef,2,E14,1,0,4,24,0,72,25,na
2017,LTER_2,Backreef,2,E14,2,0,52,0,0,48,25,na
2017,LTER_2,Backreef,2,E14,3,0,24,0,0,76,25,na
2017,LTER_2,Backreef,2,E14,4,4,0,0,0,96,25,na
2017,LTER_2,Backreef,2,E14,5,0,28,0,0,72,25,na
2017,LTER_2,Backreef,2,E15,1,0,0,72,0,28,25,na
2017,LTER_2,Backreef,2,E15,2,0,88,0,0,12,25,na
2017,LTER_2,Backreef,2,E15,3,12,32,0,0,56,25,na
2017,LTER_2,Backreef,2,E15,4,20,32,28,0,20,25,na
2017,LTER_2,Backreef,2,E15,5,0,72,0,0,28,25,na
2017,LTER_2,Backreef,2,N10,1,0,0,100,0,0,25,na
2017,LTER_2,Backreef,2,N10,2,0,32,0,0,68,25,na
2017,LTER_2,Backreef,2,N10,3,0,8,0,0,92,25,na
2017,LTER_2,Backreef,2,N10,4,24,52,0,0,24,25,na
2017,LTER_2,Backreef,2,N10,5,0,44,24,0,32,25,na
2017,LTER_2,Backreef,2,N6,1,0,8,56,0,36,25,na
2017,LTER_2,Backreef,2,N6,2,0,68,8,0,24,25,na
2017,LTER_2,Backreef,2,N6,3,0,12,0,0,88,25,na
2017,LTER_2,Backreef,2,N6,4,4,0,8,0,88,25,na
2017,LTER_2,Backreef,2,N6,5,0,32,0,0,68,25,na
2017,LTER_2,Backreef,2,N7,1,12,0,52,0,36,25,na
2017,LTER_2,Backreef,2,N7,2,0,32,8,0,60,25,na
2017,LTER_2,Backreef,2,N7,3,0,100,0,0,0,25,na
2017,LTER_2,Backreef,2,N7,4,0,60,8,0,32,25,na
2017,LTER_2,Backreef,2,N7,5,0,92,4,0,4,25,na
2017,LTER_2,Backreef,2,N8,1,0,12,52,0,36,25,na
2017,LTER_2,Backreef,2,N8,2,0,8,0,0,92,25,na
2017,LTER_2,Backreef,2,N8,3,0,0,0,0,100,25,na
2017,LTER_2,Backreef,2,N8,4,4,56,0,0,40,25,na
2017,LTER_2,Backreef,2,N8,5,0,36,0,0,64,25,na
2017,LTER_2,Backreef,2,N9,1,0,28,40,0,32,25,na
2017,LTER_2,Backreef,2,N9,2,0,72,0,0,28,25,na
2017,LTER_2,Backreef,2,N9,3,0,0,0,0,100,25,na
2017,LTER_2,Backreef,2,N9,4,16,36,16,0,32,25,na
2017,LTER_2,Backreef,2,N9,5,0,0,96,0,4,25,na
2017,LTER_2,Backreef,2,S1,1,4,44,24,0,28,25,na
2017,LTER_2,Backreef,2,S1,2,0,8,4,0,88,25,na
2017,LTER_2,Backreef,2,S1,3,0,76,0,0,24,25,na
2017,LTER_2,Backreef,2,S1,4,36,4,0,0,60,25,na
2017,LTER_2,Backreef,2,S1,5,0,8,28,0,64,25,na
2017,LTER_2,Backreef,2,S2,1,0,4,48,0,48,25,na
2017,LTER_2,Backreef,2,S2,2,0,20,56,0,24,25,na
2017,LTER_2,Backreef,2,S2,3,4,32,0,0,64,25,na
2017,LTER_2,Backreef,2,S2,4,28,4,20,0,48,25,na
2017,LTER_2,Backreef,2,S2,5,0,40,12,0,48,25,na
2017,LTER_2,Backreef,2,S3,1,0,4,56,0,40,25,na
2017,LTER_2,Backreef,2,S3,2,0,0,100,0,0,25,na
2017,LTER_2,Backreef,2,S3,3,4,32,0,0,64,25,na
2017,LTER_2,Backreef,2,S3,4,0,16,20,0,64,25,na
2017,LTER_2,Backreef,2,S3,5,0,0,100,0,0,25,na
2017,LTER_2,Backreef,2,S4,1,4,8,52,0,36,25,na
2017,LTER_2,Backreef,2,S4,2,0,8,80,0,12,25,na
2017,LTER_2,Backreef,2,S4,3,0,28,12,0,60,25,na
2017,LTER_2,Backreef,2,S4,4,0,0,80,0,20,25,na
2017,LTER_2,Backreef,2,S4,5,0,0,92,0,8,25,na
2017,LTER_2,Backreef,2,S5,1,20,12,28,0,40,25,na
2017,LTER_2,Backreef,2,S5,2,0,20,68,0,12,25,na
2017,LTER_2,Backreef,2,S5,3,0,12,36,0,52,25,na
2017,LTER_2,Backreef,2,S5,4,0,0,100,0,0,25,na
2017,LTER_2,Backreef,2,S5,5,0,0,4,0,96,25,na
2017,LTER_2,Backreef,2,W16,1,0,52,4,0,44,25,na
2017,LTER_2,Backreef,2,W16,2,0,0,0,0,100,25,na
2017,LTER_2,Backreef,2,W16,3,0,0,12,0,88,25,na
2017,LTER_2,Backreef,2,W16,4,16,4,24,0,56,25,na
2017,LTER_2,Backreef,2,W16,5,0,44,0,0,56,25,na
2017,LTER_2,Backreef,2,W17,1,0,0,52,0,48,25,na
2017,LTER_2,Backreef,2,W17,2,8,12,0,0,80,25,na
2017,LTER_2,Backreef,2,W17,3,0,24,44,0,32,25,na
2017,LTER_2,Backreef,2,W17,4,48,0,12,0,40,25,na
2017,LTER_2,Backreef,2,W17,5,0,36,0,0,64,25,na
2017,LTER_2,Backreef,2,W18,1,0,80,0,0,20,15,some sub squares omitted
2017,LTER_2,Backreef,2,W18,2,4,4,0,0,92,25,na
2017,LTER_2,Backreef,2,W18,3,0,24,64,0,12,25,na
2017,LTER_2,Backreef,2,W18,4,4,0,4,0,92,25,na
2017,LTER_2,Backreef,2,W18,5,0,33,50,0,17,30,overcount
2017,LTER_2,Backreef,2,W19,1,0,80,0,0,20,25,na
2017,LTER_2,Backreef,2,W19,2,0,8,0,0,92,25,na
2017,LTER_2,Backreef,2,W19,3,0,0,52,0,48,25,na
2017,LTER_2,Backreef,2,W19,4,0,0,8,0,92,25,na
2017,LTER_2,Backreef,2,W19,5,0,8,28,0,64,25,na
2017,LTER_2,Backreef,2,W20,1,16,4,28,0,52,25,na
2017,LTER_2,Backreef,2,W20,2,0,28,36,0,36,25,na
2017,LTER_2,Backreef,2,W20,3,0,0,0,0,100,25,na
2017,LTER_2,Backreef,2,W20,4,0,0,8,0,92,25,na
2017,LTER_2,Backreef,2,W20,5,0,4,0,0,96,25,na
2017,LTER_3,Backreef,2,E11,3,0,28,0,0,72,25,na
2017,LTER_3,Backreef,2,E11,4,4,0,4,0,92,25,na
2017,LTER_3,Backreef,2,E11,5,12,32,0,0,56,25,na
2017,LTER_3,Backreef,2,E12,3,20,12,32,0,36,25,na
2017,LTER_3,Backreef,2,E12,4,4,12,0,0,84,25,na
2017,LTER_3,Backreef,2,E12,5,32,4,0,0,64,25,na
2017,LTER_3,Backreef,2,E13,3,0,0,76,0,24,25,na
2017,LTER_3,Backreef,2,E13,4,4,8,16,0,72,25,na
2017,LTER_3,Backreef,2,E13,5,20,16,0,0,64,25,na
2017,LTER_3,Backreef,2,E14,3,56,0,16,0,28,25,na
2017,LTER_3,Backreef,2,E14,4,0,12,80,0,8,25,na
2017,LTER_3,Backreef,2,E14,5,0,36,0,0,64,25,na
2017,LTER_3,Backreef,2,E15,3,72,8,4,0,16,25,na
2017,LTER_3,Backreef,2,E15,4,24,56,4,0,16,25,na
2017,LTER_3,Backreef,2,E15,5,0,0,0,0,100,25,na
2017,LTER_3,Backreef,2,N10,3,20,16,16,0,48,25,na
2017,LTER_3,Backreef,2,N10,4,56,4,24,0,16,25,na
2017,LTER_3,Backreef,2,N10,5,0,28,20,0,52,25,na
2017,LTER_3,Backreef,2,N6,3,12,0,48,0,40,25,na
2017,LTER_3,Backreef,2,N6,4,12,0,4,0,84,25,na
2017,LTER_3,Backreef,2,N6,5,56,12,0,0,32,25,na
2017,LTER_3,Backreef,2,N7,3,0,8,36,0,56,25,na
2017,LTER_3,Backreef,2,N7,4,32,12,0,0,56,25,na
2017,LTER_3,Backreef,2,N7,5,32,16,8,0,44,25,na
2017,LTER_3,Backreef,2,N8,3,4,12,20,0,64,25,na
2017,LTER_3,Backreef,2,N8,4,40,0,60,0,0,25,na
2017,LTER_3,Backreef,2,N8,5,12,28,20,0,40,25,na
2017,LTER_3,Backreef,2,N9,3,40,16,4,0,40,25,na
2017,LTER_3,Backreef,2,N9,4,32,0,68,0,0,25,na
2017,LTER_3,Backreef,2,N9,5,0,8,12,0,80,25,na
2017,LTER_3,Backreef,2,S1,3,12,24,16,0,48,25,na
2017,LTER_3,Backreef,2,S1,4,20,0,0,0,80,25,na
2017,LTER_3,Backreef,2,S1,5,48,12,28,0,12,25,na
2017,LTER_3,Backreef,2,S2,3,16,4,0,0,80,25,na
2017,LTER_3,Backreef,2,S2,4,40,0,60,0,0,25,na
2017,LTER_3,Backreef,2,S2,5,0,48,4,0,48,25,na
2017,LTER_3,Backreef,2,S3,3,8,12,52,0,28,25,na
2017,LTER_3,Backreef,2,S3,4,8,40,20,0,32,25,na
2017,LTER_3,Backreef,2,S3,5,0,36,8,0,56,25,na
2017,LTER_3,Backreef,2,S4,3,32,44,12,0,12,25,na
2017,LTER_3,Backreef,2,S4,4,40,12,12,0,36,25,na
2017,LTER_3,Backreef,2,S4,5,8,28,8,0,56,25,na
2017,LTER_3,Backreef,2,S5,3,76,12,0,0,12,25,na
2017,LTER_3,Backreef,2,S5,4,0,0,60,0,40,25,na
2017,LTER_3,Backreef,2,S5,5,0,0,84,0,16,25,na
2017,LTER_3,Backreef,2,W16,3,64,4,8,0,24,25,na
2017,LTER_3,Backreef,2,W16,4,4,12,8,0,76,25,na
2017,LTER_3,Backreef,2,W16,5,64,16,20,0,0,25,na
2017,LTER_3,Backreef,2,W17,3,28,4,8,0,60,25,na
2017,LTER_3,Backreef,2,W17,4,0,16,20,0,64,25,na
2017,LTER_3,Backreef,2,W17,5,0,12,20,0,68,25,na
2017,LTER_3,Backreef,2,W18,3,12,8,0,0,80,25,na
2017,LTER_3,Backreef,2,W18,4,0,16,0,0,84,25,na
2017,LTER_3,Backreef,2,W18,5,8,32,20,0,40,25,na
2017,LTER_3,Backreef,2,W19,3,36,12,44,0,8,25,na
2017,LTER_3,Backreef,2,W19,4,0,4,36,0,60,25,na
2017,LTER_3,Backreef,2,W19,5,28,20,8,0,44,25,na
2017,LTER_3,Backreef,2,W20,3,0,32,24,0,44,25,na
2017,LTER_3,Backreef,2,W20,4,0,0,100,0,0,23,some sub squares omitted
2017,LTER_3,Backreef,2,W20,5,4,40,0,0,56,25,na
2017,LTER_4,Backreef,2,E11,1,40,12,8,0,40,25,na
2017,LTER_4,Backreef,2,E11,2,32,12,0,0,56,25,na
2017,LTER_4,Backreef,2,E11,3,76,4,0,0,20,25,na
2017,LTER_4,Backreef,2,E11,4,12,0,4,0,84,25,na
2017,LTER_4,Backreef,2,E11,5,24,40,0,0,36,25,na
2017,LTER_4,Backreef,2,E12,1,36,8,0,0,56,25,na
2017,LTER_4,Backreef,2,E12,2,20,12,16,0,52,25,na
2017,LTER_4,Backreef,2,E12,3,36,0,20,0,44,25,na
2017,LTER_4,Backreef,2,E12,4,28,0,0,0,72,25,na
2017,LTER_4,Backreef,2,E12,5,40,16,0,0,44,25,na
2017,LTER_4,Backreef,2,E13,1,16,4,8,0,72,25,na
2017,LTER_4,Backreef,2,E13,2,24,0,8,0,68,25,na
2017,LTER_4,Backreef,2,E13,3,24,0,60,0,16,25,na
2017,LTER_4,Backreef,2,E13,4,20,0,24,0,56,25,na
2017,LTER_4,Backreef,2,E13,5,36,12,0,0,52,25,na
2017,LTER_4,Backreef,2,E14,1,12,4,64,0,20,25,na
2017,LTER_4,Backreef,2,E14,2,8,0,92,0,0,25,na
2017,LTER_4,Backreef,2,E14,3,0,0,100,0,0,25,na
2017,LTER_4,Backreef,2,E14,4,0,0,84,0,16,25,na
2017,LTER_4,Backreef,2,E14,5,84,0,0,0,16,25,na
2017,LTER_4,Backreef,2,E15,1,36,0,36,0,28,25,na
2017,LTER_4,Backreef,2,E15,2,28,0,44,0,28,25,na
2017,LTER_4,Backreef,2,E15,3,16,0,80,0,4,25,na
2017,LTER_4,Backreef,2,E15,4,0,0,68,0,32,25,na
2017,LTER_4,Backreef,2,E15,5,32,0,24,0,44,25,na
2017,LTER_4,Backreef,2,N10,1,0,0,92,0,8,25,na
2017,LTER_4,Backreef,2,N10,2,36,0,4,0,60,25,na
2017,LTER_4,Backreef,2,N10,3,8,0,92,0,0,25,na
2017,LTER_4,Backreef,2,N10,4,8,0,4,0,88,25,na
2017,LTER_4,Backreef,2,N10,5,56,0,16,0,28,25,na
2017,LTER_4,Backreef,2,N6,1,68,0,12,0,20,25,na
2017,LTER_4,Backreef,2,N6,2,32,4,8,0,56,25,na
2017,LTER_4,Backreef,2,N6,3,84,0,12,0,4,25,na
2017,LTER_4,Backreef,2,N6,4,20,0,8,0,72,25,na
2017,LTER_4,Backreef,2,N6,5,8,0,0,0,92,25,na
2017,LTER_4,Backreef,2,N7,1,8,8,4,0,80,25,na
2017,LTER_4,Backreef,2,N7,2,72,0,0,0,28,25,na
2017,LTER_4,Backreef,2,N7,3,32,0,4,0,64,25,na
2017,LTER_4,Backreef,2,N7,4,4,8,0,0,88,25,na
2017,LTER_4,Backreef,2,N7,5,56,4,0,0,40,25,na
2017,LTER_4,Backreef,2,N8,1,28,0,48,0,24,25,na
2017,LTER_4,Backreef,2,N8,2,64,0,0,0,36,25,na
2017,LTER_4,Backreef,2,N8,3,60,4,24,0,12,25,na
2017,LTER_4,Backreef,2,N8,4,4,0,0,0,96,25,na
2017,LTER_4,Backreef,2,N8,5,88,4,0,0,8,25,na
2017,LTER_4,Backreef,2,N9,1,0,0,100,0,0,25,na
2017,LTER_4,Backreef,2,N9,2,80,8,0,0,12,25,na
2017,LTER_4,Backreef,2,N9,3,0,0,100,0,0,25,na
2017,LTER_4,Backreef,2,N9,4,20,0,0,0,80,25,na
2017,LTER_4,Backreef,2,N9,5,48,0,8,16,28,25,na
2017,LTER_4,Backreef,2,S1,1,28,0,52,0,20,25,na
2017,LTER_4,Backreef,2,S1,2,28,32,0,0,40,25,na
2017,LTER_4,Backreef,2,S1,3,16,8,4,0,72,25,na
2017,LTER_4,Backreef,2,S1,4,28,4,4,0,64,25,na
2017,LTER_4,Backreef,2,S1,5,28,28,0,0,44,25,na
2017,LTER_4,Backreef,2,S2,1,40,12,20,0,28,25,na
2017,LTER_4,Backreef,2,S2,2,8,8,32,0,52,25,na
2017,LTER_4,Backreef,2,S2,3,40,4,56,0,0,25,na
2017,LTER_4,Backreef,2,S2,4,16,0,84,0,0,25,na
2017,LTER_4,Backreef,2,S2,5,8,12,0,48,32,25,na
2017,LTER_4,Backreef,2,S3,1,72,0,8,0,20,25,na
2017,LTER_4,Backreef,2,S3,2,56,0,32,0,12,25,na
2017,LTER_4,Backreef,2,S3,3,8,4,8,0,80,25,na
2017,LTER_4,Backreef,2,S3,4,44,8,12,0,36,25,na
2017,LTER_4,Backreef,2,S3,5,0,0,0,92,8,25,na
2017,LTER_4,Backreef,2,S4,1,68,8,0,0,24,25,na
2017,LTER_4,Backreef,2,S4,2,12,0,12,0,76,25,na
2017,LTER_4,Backreef,2,S4,3,8,16,4,0,72,25,na
2017,LTER_4,Backreef,2,S4,4,76,4,8,0,12,25,na
2017,LTER_4,Backreef,2,S4,5,0,16,0,52,32,25,na
2017,LTER_4,Backreef,2,S5,1,24,4,32,0,40,25,na
2017,LTER_4,Backreef,2,S5,2,60,0,12,0,28,25,na
2017,LTER_4,Backreef,2,S5,3,0,0,100,0,0,25,na
2017,LTER_4,Backreef,2,S5,4,36,12,0,0,52,25,na
2017,LTER_4,Backreef,2,S5,5,44,4,36,0,16,25,na
2017,LTER_4,Backreef,2,W16,1,36,4,8,0,52,25,na
2017,LTER_4,Backreef,2,W16,2,56,0,4,0,40,25,na
2017,LTER_4,Backreef,2,W16,3,56,4,4,0,36,25,na
2017,LTER_4,Backreef,2,W16,4,12,0,88,0,0,25,na
2017,LTER_4,Backreef,2,W16,5,0,16,0,0,84,25,na
2017,LTER_4,Backreef,2,W17,1,28,0,56,0,16,25,na
2017,LTER_4,Backreef,2,W17,2,20,0,80,0,0,25,na
2017,LTER_4,Backreef,2,W17,3,0,0,84,0,16,25,na
2017,LTER_4,Backreef,2,W17,4,52,0,0,0,48,25,na
2017,LTER_4,Backreef,2,W17,5,16,12,36,0,36,25,na
2017,LTER_4,Backreef,2,W18,1,0,0,100,0,0,25,na
2017,LTER_4,Backreef,2,W18,2,40,0,28,0,32,25,na
2017,LTER_4,Backreef,2,W18,3,0,0,96,0,4,25,na
2017,LTER_4,Backreef,2,W18,4,36,0,4,0,60,25,na
2017,LTER_4,Backreef,2,W18,5,32,0,20,0,48,25,na
2017,LTER_4,Backreef,2,W19,1,36,0,56,0,8,25,na
2017,LTER_4,Backreef,2,W19,2,48,0,0,0,52,25,na
2017,LTER_4,Backreef,2,W19,3,28,4,40,0,28,25,na
2017,LTER_4,Backreef,2,W19,4,0,0,32,0,68,25,na
2017,LTER_4,Backreef,2,W19,5,56,0,28,0,16,25,na
2017,LTER_4,Backreef,2,W20,1,44,0,36,0,20,25,na
2017,LTER_4,Backreef,2,W20,2,40,0,0,0,60,25,na
2017,LTER_4,Backreef,2,W20,3,16,0,60,0,24,25,na
2017,LTER_4,Backreef,2,W20,4,0,0,100,0,0,25,na
2017,LTER_4,Backreef,2,W20,5,28,16,0,0,56,25,na
2017,LTER_5,Backreef,2,E11,2,8,8,12,0,72,25,na
2017,LTER_5,Backreef,2,E11,3,60,8,12,0,20,25,na
2017,LTER_5,Backreef,2,E11,4,20,20,4,28,28,25,na
2017,LTER_5,Backreef,2,E11,5,8,0,20,0,72,25,na
2017,LTER_5,Backreef,2,E12,2,28,24,0,0,48,25,na
2017,LTER_5,Backreef,2,E12,3,8,0,8,0,84,25,na
2017,LTER_5,Backreef,2,E12,4,0,4,80,4,12,25,na
2017,LTER_5,Backreef,2,E12,5,4,0,92,0,4,25,na
2017,LTER_5,Backreef,2,E13,2,8,4,0,0,88,25,na
2017,LTER_5,Backreef,2,E13,3,16,8,8,0,68,25,na
2017,LTER_5,Backreef,2,E13,4,0,0,96,0,4,25,na
2017,LTER_5,Backreef,2,E13,5,0,0,4,0,96,25,na
2017,LTER_5,Backreef,2,E14,2,24,12,0,0,64,25,na
2017,LTER_5,Backreef,2,E14,3,0,8,4,0,88,25,na
2017,LTER_5,Backreef,2,E14,4,20,0,40,0,40,25,na
2017,LTER_5,Backreef,2,E14,5,36,4,12,0,48,25,na
2017,LTER_5,Backreef,2,E15,2,8,0,92,0,0,25,na
2017,LTER_5,Backreef,2,E15,3,16,0,72,0,12,25,na
2017,LTER_5,Backreef,2,E15,4,24,0,40,0,36,25,na
2017,LTER_5,Backreef,2,E15,5,16,20,12,0,52,25,na
2017,LTER_5,Backreef,2,N10,2,0,0,100,0,0,25,na
2017,LTER_5,Backreef,2,N10,3,88,0,4,0,8,25,na
2017,LTER_5,Backreef,2,N10,4,52,12,4,0,32,25,na
2017,LTER_5,Backreef,2,N10,5,8,4,48,0,40,25,na
2017,LTER_5,Backreef,2,N6,2,4,12,36,0,48,25,na
2017,LTER_5,Backreef,2,N6,3,16,12,48,0,24,25,na
2017,LTER_5,Backreef,2,N6,4,8,20,8,0,64,25,na
2017,LTER_5,Backreef,2,N6,5,24,16,40,0,20,25,na
2017,LTER_5,Backreef,2,N7,2,0,4,0,0,96,25,na
2017,LTER_5,Backreef,2,N7,3,4,0,96,0,0,25,na
2017,LTER_5,Backreef,2,N7,4,48,12,0,0,40,25,na
2017,LTER_5,Backreef,2,N7,5,80,0,0,0,20,25,na
2017,LTER_5,Backreef,2,N8,2,4,8,0,0,88,25,na
2017,LTER_5,Backreef,2,N8,3,0,0,36,0,64,25,na
2017,LTER_5,Backreef,2,N8,4,36,4,0,0,60,25,na
2017,LTER_5,Backreef,2,N8,5,72,0,0,0,28,25,na
2017,LTER_5,Backreef,2,N9,2,16,4,48,0,32,25,na
2017,LTER_5,Backreef,2,N9,3,0,0,88,0,12,25,na
2017,LTER_5,Backreef,2,N9,4,36,12,4,0,48,25,na
2017,LTER_5,Backreef,2,N9,5,20,0,4,0,76,25,na
2017,LTER_5,Backreef,2,S1,2,56,8,8,0,28,25,na
2017,LTER_5,Backreef,2,S1,3,0,12,8,0,80,25,na
2017,LTER_5,Backreef,2,S1,4,24,12,0,8,56,25,na
2017,LTER_5,Backreef,2,S1,5,8,0,8,0,84,25,na
2017,LTER_5,Backreef,2,S2,2,44,0,0,0,56,25,na
2017,LTER_5,Backreef,2,S2,3,0,0,16,0,84,25,na
2017,LTER_5,Backreef,2,S2,4,12,4,8,44,32,25,na
2017,LTER_5,Backreef,2,S2,5,72,4,0,0,24,25,na
2017,LTER_5,Backreef,2,S3,2,12,0,88,0,0,25,na
2017,LTER_5,Backreef,2,S3,3,0,0,28,0,72,25,na
2017,LTER_5,Backreef,2,S3,4,92,0,8,0,0,25,na
2017,LTER_5,Backreef,2,S3,5,68,0,0,0,32,25,na
2017,LTER_5,Backreef,2,S4,2,8,0,64,0,28,25,na
2017,LTER_5,Backreef,2,S4,3,0,0,60,0,40,25,na
2017,LTER_5,Backreef,2,S4,4,32,0,40,0,28,25,na
2017,LTER_5,Backreef,2,S4,5,16,0,28,0,56,25,na
2017,LTER_5,Backreef,2,S5,2,0,8,92,0,0,25,na
2017,LTER_5,Backreef,2,S5,3,0,0,68,0,32,25,na
2017,LTER_5,Backreef,2,S5,4,0,0,32,0,68,25,na
2017,LTER_5,Backreef,2,S5,5,20,0,20,0,60,25,na
2017,LTER_5,Backreef,2,W16,2,32,0,0,0,68,25,na
2017,LTER_5,Backreef,2,W16,3,100,0,0,0,0,25,na
2017,LTER_5,Backreef,2,W16,4,0,4,76,4,16,25,na
2017,LTER_5,Backreef,2,W16,5,0,0,48,0,52,25,na
2017,LTER_5,Backreef,2,W17,2,8,0,88,0,4,25,na
2017,LTER_5,Backreef,2,W17,3,4,16,0,0,80,25,na
2017,LTER_5,Backreef,2,W17,4,8,0,68,0,24,25,na
2017,LTER_5,Backreef,2,W17,5,8,4,0,0,88,25,na
2017,LTER_5,Backreef,2,W18,2,0,0,96,0,4,25,na
2017,LTER_5,Backreef,2,W18,3,4,12,0,12,72,25,na
2017,LTER_5,Backreef,2,W18,4,68,0,16,8,8,25,na
2017,LTER_5,Backreef,2,W18,5,36,0,0,0,64,25,na
2017,LTER_5,Backreef,2,W19,2,0,0,80,0,20,25,na
2017,LTER_5,Backreef,2,W19,3,64,4,0,0,32,25,na
2017,LTER_5,Backreef,2,W19,4,20,0,12,0,68,25,na
2017,LTER_5,Backreef,2,W19,5,0,0,76,0,24,25,na
2017,LTER_5,Backreef,2,W20,2,0,0,64,0,36,25,na
2017,LTER_5,Backreef,2,W20,3,64,28,0,0,8,25,na
2017,LTER_5,Backreef,2,W20,4,4,28,4,0,64,25,na
2017,LTER_5,Backreef,2,W20,5,68,0,16,0,16,25,na
2017,LTER_6,Backreef,2,E11,1,0,0,8,0,92,25,na
2017,LTER_6,Backreef,2,E11,2,20,0,16,0,64,25,na
2017,LTER_6,Backreef,2,E11,3,48,0,0,0,52,25,na
2017,LTER_6,Backreef,2,E11,4,12,0,4,0,84,25,na
2017,LTER_6,Backreef,2,E11,5,52,4,28,0,16,25,na
2017,LTER_6,Backreef,2,E12,1,36,0,12,0,52,25,na
2017,LTER_6,Backreef,2,E12,2,60,0,16,0,24,25,na
2017,LTER_6,Backreef,2,E12,3,24,0,0,0,76,25,na
2017,LTER_6,Backreef,2,E12,4,20,0,4,0,76,25,na
2017,LTER_6,Backreef,2,E12,5,100,0,0,0,0,25,na
2017,LTER_6,Backreef,2,E13,1,28,0,24,0,48,25,na
2017,LTER_6,Backreef,2,E13,2,64,4,4,0,28,25,na
2017,LTER_6,Backreef,2,E13,3,8,0,0,0,92,25,na
2017,LTER_6,Backreef,2,E13,4,8,0,8,8,76,25,na
2017,LTER_6,Backreef,2,E13,5,76,0,0,0,24,25,na
2017,LTER_6,Backreef,2,E14,1,28,0,28,0,44,25,na
2017,LTER_6,Backreef,2,E14,2,44,0,0,0,56,25,na
2017,LTER_6,Backreef,2,E14,3,44,0,0,0,56,25,na
2017,LTER_6,Backreef,2,E14,4,40,0,8,0,52,25,na
2017,LTER_6,Backreef,2,E14,5,28,0,4,0,68,25,na
2017,LTER_6,Backreef,2,E15,1,0,4,0,0,96,25,na
2017,LTER_6,Backreef,2,E15,2,92,0,4,0,4,25,na
2017,LTER_6,Backreef,2,E15,3,20,4,8,0,68,25,na
2017,LTER_6,Backreef,2,E15,4,28,0,0,0,72,25,na
2017,LTER_6,Backreef,2,E15,5,32,0,8,0,60,25,na
2017,LTER_6,Backreef,2,N10,1,32,0,0,0,68,25,na
2017,LTER_6,Backreef,2,N10,2,0,0,48,0,52,25,na
2017,LTER_6,Backreef,2,N10,3,24,0,8,0,68,25,na
2017,LTER_6,Backreef,2,N10,4,8,0,48,0,44,25,na
2017,LTER_6,Backreef,2,N10,5,0,0,4,52,44,25,na
2017,LTER_6,Backreef,2,N6,1,68,4,8,0,20,25,na
2017,LTER_6,Backreef,2,N6,2,24,0,28,0,48,25,na
2017,LTER_6,Backreef,2,N6,3,36,0,0,0,64,25,na
2017,LTER_6,Backreef,2,N6,4,4,0,20,0,76,25,na
2017,LTER_6,Backreef,2,N6,5,24,4,28,0,44,25,na
2017,LTER_6,Backreef,2,N7,1,0,0,4,0,96,25,na
2017,LTER_6,Backreef,2,N7,2,24,0,36,0,40,25,na
2017,LTER_6,Backreef,2,N7,3,4,0,56,0,40,25,na
2017,LTER_6,Backreef,2,N7,4,44,16,28,0,12,25,na
2017,LTER_6,Backreef,2,N7,5,0,0,64,0,36,25,na
2017,LTER_6,Backreef,2,N8,1,32,4,36,0,28,25,na
2017,LTER_6,Backreef,2,N8,2,0,0,32,0,68,25,na
2017,LTER_6,Backreef,2,N8,3,24,0,12,0,64,25,na
2017,LTER_6,Backreef,2,N8,4,0,0,32,0,68,25,na
2017,LTER_6,Backreef,2,N8,5,0,4,20,0,76,25,na
2017,LTER_6,Backreef,2,N9,1,28,0,4,0,68,25,na
2017,LTER_6,Backreef,2,N9,2,8,0,24,0,68,25,na
2017,LTER_6,Backreef,2,N9,3,24,0,32,0,44,25,na
2017,LTER_6,Backreef,2,N9,4,0,0,12,0,88,25,na
2017,LTER_6,Backreef,2,N9,5,20,4,0,32,44,25,na
2017,LTER_6,Backreef,2,S1,1,32,0,12,0,56,25,na
2017,LTER_6,Backreef,2,S1,2,8,0,20,0,72,25,na
2017,LTER_6,Backreef,2,S1,3,32,0,0,0,68,25,na
2017,LTER_6,Backreef,2,S1,4,20,8,4,0,68,25,na
2017,LTER_6,Backreef,2,S1,5,44,0,28,0,28,25,na
2017,LTER_6,Backreef,2,S2,1,52,0,32,0,16,25,na
2017,LTER_6,Backreef,2,S2,2,52,0,0,0,48,25,na
2017,LTER_6,Backreef,2,S2,3,44,0,24,0,32,25,na
2017,LTER_6,Backreef,2,S2,4,8,0,12,0,80,25,na
2017,LTER_6,Backreef,2,S2,5,48,0,0,0,52,25,na
2017,LTER_6,Backreef,2,S3,1,16,0,48,0,36,25,na
2017,LTER_6,Backreef,2,S3,2,12,0,0,0,88,25,na
2017,LTER_6,Backreef,2,S3,3,28,0,72,0,0,25,na
2017,LTER_6,Backreef,2,S3,4,8,0,0,0,92,25,na
2017,LTER_6,Backreef,2,S3,5,76,4,8,0,12,25,na
2017,LTER_6,Backreef,2,S4,1,32,0,8,0,60,25,na
2017,LTER_6,Backreef,2,S4,2,12,24,0,0,64,25,na
2017,LTER_6,Backreef,2,S4,3,12,0,76,0,12,25,na
2017,LTER_6,Backreef,2,S4,4,48,0,0,0,52,25,na
2017,LTER_6,Backreef,2,S4,5,60,0,0,0,40,25,na
2017,LTER_6,Backreef,2,S5,1,16,0,68,0,16,25,na
2017,LTER_6,Backreef,2,S5,2,28,0,4,0,68,25,na
2017,LTER_6,Backreef,2,S5,3,0,0,52,0,48,25,na
2017,LTER_6,Backreef,2,S5,4,4,0,0,0,96,25,na
2017,LTER_6,Backreef,2,S5,5,28,0,4,0,68,25,na
2017,LTER_6,Backreef,2,W16,1,12,0,12,0,76,25,na
2017,LTER_6,Backreef,2,W16,2,8,0,0,0,92,25,na
2017,LTER_6,Backreef,2,W16,3,32,0,4,0,64,25,na
2017,LTER_6,Backreef,2,W16,4,32,28,8,0,32,25,na
2017,LTER_6,Backreef,2,W16,5,24,0,0,0,76,25,na
2017,LTER_6,Backreef,2,W17,1,44,8,0,0,48,25,na
2017,LTER_6,Backreef,2,W17,2,12,0,28,0,60,25,na
2017,LTER_6,Backreef,2,W17,3,8,0,76,0,16,25,na
2017,LTER_6,Backreef,2,W17,4,60,8,8,0,24,25,na
2017,LTER_6,Backreef,2,W17,5,44,0,0,0,56,25,na
2017,LTER_6,Backreef,2,W18,1,44,12,4,0,40,25,na
2017,LTER_6,Backreef,2,W18,2,12,0,32,0,56,25,na
2017,LTER_6,Backreef,2,W18,3,4,0,72,0,24,25,na
2017,LTER_6,Backreef,2,W18,4,32,0,0,0,68,25,na
2017,LTER_6,Backreef,2,W18,5,52,0,0,0,48,25,na
2017,LTER_6,Backreef,2,W19,1,28,4,4,0,64,25,na
2017,LTER_6,Backreef,2,W19,2,48,4,16,0,32,25,na
2017,LTER_6,Backreef,2,W19,3,52,0,12,0,36,25,na
2017,LTER_6,Backreef,2,W19,4,12,4,0,0,84,25,na
2017,LTER_6,Backreef,2,W19,5,28,0,12,0,60,25,na
2017,LTER_6,Backreef,2,W20,1,44,0,4,0,52,25,na
2017,LTER_6,Backreef,2,W20,2,24,28,4,0,44,25,na
2017,LTER_6,Backreef,2,W20,3,16,4,0,0,80,25,na
2017,LTER_6,Backreef,2,W20,4,0,0,88,0,12,25,na
2017,LTER_6,Backreef,2,W20,5,0,0,92,0,8,25,na
2018,LTER_1,Backreef,2,E11,1,0,64,0,0,36,25,na
2018,LTER_1,Backreef,2,E11,2,8,8,0,0,84,25,na
2018,LTER_1,Backreef,2,E11,4,8,24,8,0,60,25,na
2018,LTER_1,Backreef,2,E11,5,4,0,12,0,84,25,na
2018,LTER_1,Backreef,2,E12,1,0,40,28,0,32,25,na
2018,LTER_1,Backreef,2,E12,2,8,40,0,0,52,25,na
2018,LTER_1,Backreef,2,E12,4,8,0,68,0,24,25,na
2018,LTER_1,Backreef,2,E12,5,0,24,36,0,40,25,na
2018,LTER_1,Backreef,2,E13,1,0,0,16,0,84,25,na
2018,LTER_1,Backreef,2,E13,2,4,48,0,0,48,25,na
2018,LTER_1,Backreef,2,E13,4,0,4,44,0,52,25,na
2018,LTER_1,Backreef,2,E13,5,4,20,12,0,64,25,na
2018,LTER_1,Backreef,2,E14,1,0,4,0,0,96,25,na
2018,LTER_1,Backreef,2,E14,2,36,12,12,0,40,25,na
2018,LTER_1,Backreef,2,E14,4,0,12,8,0,80,25,na
2018,LTER_1,Backreef,2,E14,5,0,0,12,0,88,25,na
2018,LTER_1,Backreef,2,E15,1,0,0,20,0,80,25,na
2018,LTER_1,Backreef,2,E15,2,0,76,0,0,24,25,na
2018,LTER_1,Backreef,2,E15,4,8,0,28,0,64,25,na
2018,LTER_1,Backreef,2,E15,5,0,24,4,0,72,25,na
2018,LTER_1,Backreef,2,N10,1,0,0,0,0,100,25,na
2018,LTER_1,Backreef,2,N10,2,20,32,0,0,48,25,na
2018,LTER_1,Backreef,2,N10,4,4,36,8,0,52,25,na
2018,LTER_1,Backreef,2,N10,5,4,4,0,0,92,25,na
2018,LTER_1,Backreef,2,N6,1,0,80,0,0,20,25,na
2018,LTER_1,Backreef,2,N6,2,4,44,0,0,52,25,na
2018,LTER_1,Backreef,2,N6,4,8,12,20,0,60,25,na
2018,LTER_1,Backreef,2,N6,5,0,0,72,0,28,25,na
2018,LTER_1,Backreef,2,N7,1,12,44,0,0,44,25,na
2018,LTER_1,Backreef,2,N7,2,16,44,0,0,40,25,na
2018,LTER_1,Backreef,2,N7,4,28,20,0,0,52,25,na
2018,LTER_1,Backreef,2,N7,5,36,4,24,0,36,25,na
2018,LTER_1,Backreef,2,N8,1,0,4,24,0,72,25,na
2018,LTER_1,Backreef,2,N8,2,16,28,16,0,40,25,na
2018,LTER_1,Backreef,2,N8,4,0,4,36,0,60,25,na
2018,LTER_1,Backreef,2,N8,5,16,4,8,0,72,25,na
2018,LTER_1,Backreef,2,N9,1,0,0,4,0,96,25,na
2018,LTER_1,Backreef,2,N9,2,4,68,0,0,28,25,na
2018,LTER_1,Backreef,2,N9,4,12,8,32,0,48,25,na
2018,LTER_1,Backreef,2,N9,5,28,24,16,0,32,25,na
2018,LTER_1,Backreef,2,S1,1,0,60,4,0,36,25,na
2018,LTER_1,Backreef,2,S1,2,20,0,0,0,80,25,na
2018,LTER_1,Backreef,2,S1,4,0,8,20,0,72,25,na
2018,LTER_1,Backreef,2,S1,5,12,8,0,0,80,25,na
2018,LTER_1,Backreef,2,S2,1,0,64,24,0,12,25,na
2018,LTER_1,Backreef,2,S2,2,0,8,0,0,92,25,na
2018,LTER_1,Backreef,2,S2,4,4,24,4,0,68,25,na
2018,LTER_1,Backreef,2,S2,5,8,0,20,0,72,25,na
2018,LTER_1,Backreef,2,S3,1,4,32,60,0,4,25,na
2018,LTER_1,Backreef,2,S3,2,12,8,0,0,80,25,na
2018,LTER_1,Backreef,2,S3,4,4,8,4,0,84,25,na
2018,LTER_1,Backreef,2,S3,5,0,0,100,0,0,25,na
2018,LTER_1,Backreef,2,S4,1,0,0,100,0,0,25,na
2018,LTER_1,Backreef,2,S4,2,0,4,0,0,96,25,na
2018,LTER_1,Backreef,2,S4,4,0,16,4,0,80,25,na
2018,LTER_1,Backreef,2,S4,5,0,0,92,0,8,25,na
2018,LTER_1,Backreef,2,S5,1,0,0,80,0,20,25,na
2018,LTER_1,Backreef,2,S5,2,16,20,0,0,64,25,na
2018,LTER_1,Backreef,2,S5,4,8,60,0,0,32,25,na
2018,LTER_1,Backreef,2,S5,5,0,0,72,0,28,25,na
2018,LTER_1,Backreef,2,W16,1,4,64,0,0,32,25,na
2018,LTER_1,Backreef,2,W16,2,20,36,0,0,44,25,na
2018,LTER_1,Backreef,2,W16,4,16,32,0,0,52,25,na
2018,LTER_1,Backreef,2,W16,5,0,16,44,0,40,25,na
2018,LTER_1,Backreef,2,W17,1,0,0,0,0,100,25,na
2018,LTER_1,Backreef,2,W17,2,4,24,0,0,72,25,na
2018,LTER_1,Backreef,2,W17,4,12,32,24,0,32,25,na
2018,LTER_1,Backreef,2,W17,5,0,16,48,0,36,25,na
2018,LTER_1,Backreef,2,W18,1,0,0,0,0,100,25,na
2018,LTER_1,Backreef,2,W18,2,16,16,24,0,44,25,na
2018,LTER_1,Backreef,2,W18,4,4,12,48,0,36,25,na
2018,LTER_1,Backreef,2,W18,5,4,4,0,0,92,25,na
2018,LTER_1,Backreef,2,W19,1,0,0,0,0,100,25,na
2018,LTER_1,Backreef,2,W19,2,8,4,60,0,28,25,na
2018,LTER_1,Backreef,2,W19,4,0,0,100,0,0,25,na
2018,LTER_1,Backreef,2,W19,5,16,0,0,0,84,25,na
2018,LTER_1,Backreef,2,W20,1,16,12,0,0,72,25,na
2018,LTER_1,Backreef,2,W20,2,0,24,0,0,76,25,na
2018,LTER_1,Backreef,2,W20,4,68,20,0,0,12,25,na
2018,LTER_1,Backreef,2,W20,5,0,4,4,0,92,25,na
2018,LTER_2,Backreef,2,E11,1,0,56,8,0,36,25,na
2018,LTER_2,Backreef,2,E11,2,0,8,20,0,72,25,na
2018,LTER_2,Backreef,2,E11,3,0,60,4,0,36,25,na
2018,LTER_2,Backreef,2,E11,4,8,0,0,0,92,25,na
2018,LTER_2,Backreef,2,E12,1,0,52,0,0,48,25,na
2018,LTER_2,Backreef,2,E12,2,0,12,8,0,80,25,na
2018,LTER_2,Backreef,2,E12,3,0,80,0,0,20,25,na
2018,LTER_2,Backreef,2,E12,4,8,20,0,0,72,25,na
2018,LTER_2,Backreef,2,E13,1,0,24,56,0,20,25,na
2018,LTER_2,Backreef,2,E13,2,0,40,20,0,40,25,na
2018,LTER_2,Backreef,2,E13,3,0,48,0,0,52,25,na
2018,LTER_2,Backreef,2,E13,4,0,0,0,0,100,25,na
2018,LTER_2,Backreef,2,E14,1,0,8,16,0,76,25,na
2018,LTER_2,Backreef,2,E14,2,0,0,4,0,96,25,na
2018,LTER_2,Backreef,2,E14,3,16,20,0,0,64,25,na
2018,LTER_2,Backreef,2,E14,4,20,0,24,0,56,25,na
2018,LTER_2,Backreef,2,E15,1,0,4,68,0,28,25,na
2018,LTER_2,Backreef,2,E15,2,0,76,4,0,20,25,na
2018,LTER_2,Backreef,2,E15,3,28,0,0,0,72,25,na
2018,LTER_2,Backreef,2,E15,4,0,24,24,0,52,25,na
2018,LTER_2,Backreef,2,N10,1,0,0,100,0,0,25,na
2018,LTER_2,Backreef,2,N10,2,0,68,0,0,32,25,na
2018,LTER_2,Backreef,2,N10,3,0,56,8,0,36,25,na
2018,LTER_2,Backreef,2,N10,4,0,80,8,0,12,25,na
2018,LTER_2,Backreef,2,N6,1,0,8,68,0,24,25,na
2018,LTER_2,Backreef,2,N6,2,0,4,0,0,96,25,na
2018,LTER_2,Backreef,2,N6,3,0,40,0,0,60,25,na
2018,LTER_2,Backreef,2,N6,4,4,4,8,0,84,25,na
2018,LTER_2,Backreef,2,N7,1,4,12,20,0,64,25,na
2018,LTER_2,Backreef,2,N7,2,32,4,0,0,64,25,na
2018,LTER_2,Backreef,2,N7,3,0,68,0,0,32,25,na
2018,LTER_2,Backreef,2,N7,4,0,24,32,0,44,25,na
2018,LTER_2,Backreef,2,N8,1,0,28,40,0,32,25,na
2018,LTER_2,Backreef,2,N8,2,24,36,4,0,36,25,na
2018,LTER_2,Backreef,2,N8,3,0,40,0,0,60,25,na
2018,LTER_2,Backreef,2,N8,4,0,36,0,0,64,25,na
2018,LTER_2,Backreef,2,N9,1,0,16,40,0,44,25,na
2018,LTER_2,Backreef,2,N9,2,0,52,0,0,48,25,na
2018,LTER_2,Backreef,2,N9,3,0,88,0,0,12,25,na
2018,LTER_2,Backreef,2,N9,4,4,32,4,0,60,25,na
2018,LTER_2,Backreef,2,S1,1,4,32,32,0,32,25,na
2018,LTER_2,Backreef,2,S1,2,0,0,0,0,100,25,na
2018,LTER_2,Backreef,2,S1,3,0,52,8,0,40,25,na
2018,LTER_2,Backreef,2,S1,4,24,12,0,0,64,25,na
2018,LTER_2,Backreef,2,S2,1,4,36,36,0,24,25,na
2018,LTER_2,Backreef,2,S2,2,0,60,28,0,12,25,na
2018,LTER_2,Backreef,2,S2,3,0,60,8,0,32,25,na
2018,LTER_2,Backreef,2,S2,4,32,8,12,0,48,25,na
2018,LTER_2,Backreef,2,S3,1,0,4,44,0,52,25,na
2018,LTER_2,Backreef,2,S3,2,0,4,96,0,0,25,na
2018,LTER_2,Backreef,2,S3,3,0,12,68,0,20,25,na
2018,LTER_2,Backreef,2,S3,4,0,48,12,0,40,25,na
2018,LTER_2,Backreef,2,S4,1,0,4,80,0,16,25,na
2018,LTER_2,Backreef,2,S4,2,0,20,80,0,0,25,na
2018,LTER_2,Backreef,2,S4,3,0,4,64,0,32,25,na
2018,LTER_2,Backreef,2,S4,4,0,28,48,0,24,25,na
2018,LTER_2,Backreef,2,S5,1,12,8,20,0,60,25,na
2018,LTER_2,Backreef,2,S5,2,0,68,0,0,32,25,na
2018,LTER_2,Backreef,2,S5,3,0,80,0,0,20,25,na
2018,LTER_2,Backreef,2,S5,4,0,0,100,0,0,25,na
2018,LTER_2,Backreef,2,W16,1,0,52,16,0,32,25,na
2018,LTER_2,Backreef,2,W16,2,0,0,0,0,100,25,na
2018,LTER_2,Backreef,2,W16,3,32,4,0,0,64,25,na
2018,LTER_2,Backreef,2,W16,4,16,16,28,0,40,25,na
2018,LTER_2,Backreef,2,W17,1,0,76,4,0,20,25,na
2018,LTER_2,Backreef,2,W17,2,0,60,0,0,40,25,na
2018,LTER_2,Backreef,2,W17,3,8,36,28,0,28,25,na
2018,LTER_2,Backreef,2,W17,4,44,4,4,0,48,25,na
2018,LTER_2,Backreef,2,W18,1,0,84,0,0,16,25,na
2018,LTER_2,Backreef,2,W18,2,0,8,0,0,92,25,na
2018,LTER_2,Backreef,2,W18,3,0,52,36,0,12,25,na
2018,LTER_2,Backreef,2,W18,4,0,16,0,0,84,25,na
2018,LTER_2,Backreef,2,W19,1,0,76,0,0,24,25,na
2018,LTER_2,Backreef,2,W19,2,0,68,0,0,32,25,na
2018,LTER_2,Backreef,2,W19,3,0,40,16,0,44,25,na
2018,LTER_2,Backreef,2,W19,4,0,0,4,0,96,25,na
2018,LTER_2,Backreef,2,W20,1,0,12,68,0,20,25,na
2018,LTER_2,Backreef,2,W20,2,0,36,52,0,12,25,na
2018,LTER_2,Backreef,2,W20,3,0,88,8,0,4,25,na
2018,LTER_2,Backreef,2,W20,4,0,8,0,0,92,25,na
2018,LTER_3,Backreef,2,E11,1,8,0,0,0,92,25,na
2018,LTER_3,Backreef,2,E11,2,4,0,8,0,88,25,na
2018,LTER_3,Backreef,2,E11,3,0,20,12,0,68,25,na
2018,LTER_3,Backreef,2,E11,4,12,0,0,0,88,25,na
2018,LTER_3,Backreef,2,E11,5,8,28,0,0,64,25,na
2018,LTER_3,Backreef,2,E12,1,0,20,0,0,80,25,na
2018,LTER_3,Backreef,2,E12,2,0,0,8,0,92,25,na
2018,LTER_3,Backreef,2,E12,3,0,24,0,0,76,25,na
2018,LTER_3,Backreef,2,E12,4,0,0,0,0,100,25,na
2018,LTER_3,Backreef,2,E12,5,12,28,0,0,60,25,na
2018,LTER_3,Backreef,2,E13,1,4,4,44,0,48,25,na
2018,LTER_3,Backreef,2,E13,2,28,8,32,0,32,25,na
2018,LTER_3,Backreef,2,E13,3,0,40,12,0,48,25,na
2018,LTER_3,Backreef,2,E13,4,4,24,20,0,52,25,na
2018,LTER_3,Backreef,2,E13,5,12,16,0,0,72,25,na
2018,LTER_3,Backreef,2,E14,1,20,8,32,0,40,25,na
2018,LTER_3,Backreef,2,E14,2,16,8,64,0,12,25,na
2018,LTER_3,Backreef,2,E14,3,24,12,60,0,4,25,na
2018,LTER_3,Backreef,2,E14,4,0,16,48,0,36,25,na
2018,LTER_3,Backreef,2,E14,5,0,36,12,0,52,25,na
2018,LTER_3,Backreef,2,E15,1,0,0,96,0,4,25,na
2018,LTER_3,Backreef,2,E15,2,0,32,0,0,68,25,na
2018,LTER_3,Backreef,2,E15,3,0,60,24,0,16,25,na
2018,LTER_3,Backreef,2,E15,4,8,48,0,0,44,25,na
2018,LTER_3,Backreef,2,E15,5,0,36,32,0,32,25,na
2018,LTER_3,Backreef,2,N10,1,60,28,8,0,4,25,na
2018,LTER_3,Backreef,2,N10,2,16,48,4,0,32,25,na
2018,LTER_3,Backreef,2,N10,3,0,68,0,0,32,25,na
2018,LTER_3,Backreef,2,N10,4,64,12,16,0,8,25,na
2018,LTER_3,Backreef,2,N10,5,0,12,8,0,80,25,na
2018,LTER_3,Backreef,2,N6,1,16,44,0,0,40,25,na
2018,LTER_3,Backreef,2,N6,2,12,4,0,0,84,25,na
2018,LTER_3,Backreef,2,N6,3,32,8,52,0,8,25,na
2018,LTER_3,Backreef,2,N6,4,0,0,4,0,96,25,na
2018,LTER_3,Backreef,2,N6,5,20,28,0,0,52,25,na
2018,LTER_3,Backreef,2,N7,1,88,8,0,0,4,25,na
2018,LTER_3,Backreef,2,N7,2,8,0,8,0,84,25,na
2018,LTER_3,Backreef,2,N7,3,8,12,40,0,40,25,na
2018,LTER_3,Backreef,2,N7,4,28,20,0,0,52,25,na
2018,LTER_3,Backreef,2,N7,5,32,12,24,0,32,25,na
2018,LTER_3,Backreef,2,N8,1,36,52,0,0,12,25,na
2018,LTER_3,Backreef,2,N8,2,0,16,8,0,76,25,na
2018,LTER_3,Backreef,2,N8,3,0,0,76,0,24,25,na
2018,LTER_3,Backreef,2,N8,4,28,4,60,0,8,25,na
2018,LTER_3,Backreef,2,N8,5,4,4,56,0,36,25,na
2018,LTER_3,Backreef,2,N9,1,64,32,0,0,4,25,na
2018,LTER_3,Backreef,2,N9,2,4,68,8,0,20,25,na
2018,LTER_3,Backreef,2,N9,3,4,20,64,0,12,25,na
2018,LTER_3,Backreef,2,N9,4,16,0,72,0,12,25,na
2018,LTER_3,Backreef,2,N9,5,0,0,28,0,72,25,na
2018,LTER_3,Backreef,2,S1,1,16,16,28,0,40,25,na
2018,LTER_3,Backreef,2,S1,2,4,8,24,0,64,25,na
2018,LTER_3,Backreef,2,S1,3,12,28,20,0,40,25,na
2018,LTER_3,Backreef,2,S1,4,4,64,8,0,24,25,na
2018,LTER_3,Backreef,2,S1,5,32,16,36,0,16,25,na
2018,LTER_3,Backreef,2,S2,1,4,16,16,0,64,25,na
2018,LTER_3,Backreef,2,S2,2,12,12,32,0,44,25,na
2018,LTER_3,Backreef,2,S2,3,0,56,40,0,4,25,na
2018,LTER_3,Backreef,2,S2,4,52,8,28,0,12,25,na
2018,LTER_3,Backreef,2,S2,5,0,44,0,0,56,25,na
2018,LTER_3,Backreef,2,S3,1,4,0,80,0,16,25,na
2018,LTER_3,Backreef,2,S3,2,0,0,100,0,0,25,na
2018,LTER_3,Backreef,2,S3,3,8,16,64,0,12,25,na
2018,LTER_3,Backreef,2,S3,4,32,12,16,0,40,25,na
2018,LTER_3,Backreef,2,S3,5,0,76,5,0,19,21,some sub squares omitted
2018,LTER_3,Backreef,2,S4,1,0,0,88,0,12,25,na
2018,LTER_3,Backreef,2,S4,2,0,4,96,0,0,25,na
2018,LTER_3,Backreef,2,S4,3,20,0,68,0,12,25,na
2018,LTER_3,Backreef,2,S4,4,52,0,4,0,44,25,na
2018,LTER_3,Backreef,2,S4,5,0,50,0,0,50,24,some sub squares omitted
2018,LTER_3,Backreef,2,S5,1,0,0,44,0,56,25,na
2018,LTER_3,Backreef,2,S5,2,28,12,8,0,52,25,na
2018,LTER_3,Backreef,2,S5,3,4,28,16,0,52,25,na
2018,LTER_3,Backreef,2,S5,4,0,0,100,0,0,25,na
2018,LTER_3,Backreef,2,S5,5,0,8,88,0,4,25,na
2018,LTER_3,Backreef,2,W16,1,64,4,0,0,32,25,na
2018,LTER_3,Backreef,2,W16,2,4,32,0,0,64,25,na
2018,LTER_3,Backreef,2,W16,3,12,0,32,0,56,25,na
2018,LTER_3,Backreef,2,W16,4,0,12,16,0,72,25,na
2018,LTER_3,Backreef,2,W16,5,8,24,44,0,24,25,na
2018,LTER_3,Backreef,2,W17,1,0,24,56,0,20,25,na
2018,LTER_3,Backreef,2,W17,2,0,60,0,0,40,25,na
2018,LTER_3,Backreef,2,W17,3,44,0,56,0,0,25,na
2018,LTER_3,Backreef,2,W17,4,0,36,24,0,40,25,na
2018,LTER_3,Backreef,2,W17,5,4,4,40,0,52,25,na
2018,LTER_3,Backreef,2,W18,1,0,0,100,0,0,25,na
2018,LTER_3,Backreef,2,W18,2,4,72,20,0,4,25,na
2018,LTER_3,Backreef,2,W18,3,0,0,96,0,4,25,na
2018,LTER_3,Backreef,2,W18,4,0,16,8,0,76,25,na
2018,LTER_3,Backreef,2,W18,5,4,24,12,0,60,25,na
2018,LTER_3,Backreef,2,W19,1,0,0,100,0,0,25,na
2018,LTER_3,Backreef,2,W19,2,0,0,92,0,8,25,na
2018,LTER_3,Backreef,2,W19,3,16,0,84,0,0,25,na
2018,LTER_3,Backreef,2,W19,4,4,0,56,0,40,25,na
2018,LTER_3,Backreef,2,W19,5,28,40,8,0,24,25,na
2018,LTER_3,Backreef,2,W20,1,20,4,68,0,8,25,na
2018,LTER_3,Backreef,2,W20,2,16,0,68,0,16,25,na
2018,LTER_3,Backreef,2,W20,3,0,0,100,0,0,25,na
2018,LTER_3,Backreef,2,W20,4,0,0,96,0,4,25,na
2018,LTER_3,Backreef,2,W20,5,8,0,24,0,68,25,na
2018,LTER_4,Backreef,2,S3,5,BW,BW,BW,BW,BW,0,too shallow for nadir photo; photo horizontal so not valid for cover percent
2018,LTER_4,Backreef,2,E11,1,32,40,0,0,28,25,na
2018,LTER_4,Backreef,2,E11,2,40,16,0,0,44,25,na
2018,LTER_4,Backreef,2,E11,3,64,12,0,0,24,25,na
2018,LTER_4,Backreef,2,E11,4,28,16,0,0,56,25,na
2018,LTER_4,Backreef,2,E11,5,8,84,0,0,8,25,na
2018,LTER_4,Backreef,2,E12,1,36,48,0,0,16,25,na
2018,LTER_4,Backreef,2,E12,2,36,8,0,0,56,25,na
2018,LTER_4,Backreef,2,E12,3,44,40,0,0,16,25,na
2018,LTER_4,Backreef,2,E12,4,20,20,0,0,60,25,na
2018,LTER_4,Backreef,2,E12,5,40,32,0,0,28,25,na
2018,LTER_4,Backreef,2,E13,1,44,28,0,0,28,25,na
2018,LTER_4,Backreef,2,E13,2,36,0,4,0,60,25,na
2018,LTER_4,Backreef,2,E13,3,40,16,24,0,20,25,na
2018,LTER_4,Backreef,2,E13,4,48,4,4,0,44,25,na
2018,LTER_4,Backreef,2,E13,5,28,4,0,0,68,25,na
2018,LTER_4,Backreef,2,E14,1,44,24,4,0,28,25,na
2018,LTER_4,Backreef,2,E14,2,24,0,64,0,12,25,na
2018,LTER_4,Backreef,2,E14,3,24,16,12,0,48,25,na
2018,LTER_4,Backreef,2,E14,4,8,0,92,0,0,25,na
2018,LTER_4,Backreef,2,E14,5,52,8,0,0,40,25,na
2018,LTER_4,Backreef,2,E15,1,12,0,68,0,20,25,na
2018,LTER_4,Backreef,2,E15,2,0,0,84,0,16,25,na
2018,LTER_4,Backreef,2,E15,3,24,4,8,0,64,25,na
2018,LTER_4,Backreef,2,E15,4,4,0,80,0,16,25,na
2018,LTER_4,Backreef,2,E15,5,72,28,0,0,0,25,na
2018,LTER_4,Backreef,2,N10,1,40,0,24,0,36,25,na
2018,LTER_4,Backreef,2,N10,2,56,8,0,0,36,25,na
2018,LTER_4,Backreef,2,N10,3,0,0,92,0,8,25,na
2018,LTER_4,Backreef,2,N10,4,80,8,0,0,12,25,na
2018,LTER_4,Backreef,2,N10,5,68,8,0,0,24,25,na
2018,LTER_4,Backreef,2,N6,1,24,8,0,0,68,25,na
2018,LTER_4,Backreef,2,N6,2,48,8,0,0,44,25,na
2018,LTER_4,Backreef,2,N6,3,60,4,8,0,28,25,na
2018,LTER_4,Backreef,2,N6,4,24,0,8,0,68,25,na
2018,LTER_4,Backreef,2,N6,5,24,8,0,0,68,25,na
2018,LTER_4,Backreef,2,N7,1,56,4,8,0,32,25,na
2018,LTER_4,Backreef,2,N7,2,76,4,0,0,20,25,na
2018,LTER_4,Backreef,2,N7,3,4,12,12,0,72,25,na
2018,LTER_4,Backreef,2,N7,4,16,36,4,0,44,25,na
2018,LTER_4,Backreef,2,N7,5,84,0,0,0,16,25,na
2018,LTER_4,Backreef,2,N8,1,68,8,4,0,20,25,na
2018,LTER_4,Backreef,2,N8,2,68,8,0,0,24,25,na
2018,LTER_4,Backreef,2,N8,3,24,0,48,0,28,25,na
2018,LTER_4,Backreef,2,N8,4,0,0,0,0,100,25,na
2018,LTER_4,Backreef,2,N8,5,84,12,0,0,4,25,na
2018,LTER_4,Backreef,2,N9,1,36,0,24,0,40,25,na
2018,LTER_4,Backreef,2,N9,2,40,40,0,0,20,25,na
2018,LTER_4,Backreef,2,N9,3,0,0,88,0,12,25,na
2018,LTER_4,Backreef,2,N9,4,16,4,0,0,80,25,na
2018,LTER_4,Backreef,2,N9,5,36,8,16,0,40,25,na
2018,LTER_4,Backreef,2,S1,1,52,8,24,0,16,25,na
2018,LTER_4,Backreef,2,S1,2,16,24,0,0,60,25,na
2018,LTER_4,Backreef,2,S1,3,28,36,4,0,32,25,na
2018,LTER_4,Backreef,2,S1,4,36,12,4,0,48,25,na
2018,LTER_4,Backreef,2,S1,5,32,48,0,0,20,25,na
2018,LTER_4,Backreef,2,S2,1,76,4,16,0,4,25,na
2018,LTER_4,Backreef,2,S2,2,12,24,20,0,44,25,na
2018,LTER_4,Backreef,2,S2,3,8,12,52,0,28,25,na
2018,LTER_4,Backreef,2,S2,4,16,0,48,0,36,25,na
2018,LTER_4,Backreef,2,S2,5,4,24,0,0,72,25,na
2018,LTER_4,Backreef,2,S3,1,68,12,0,0,20,25,na
2018,LTER_4,Backreef,2,S3,2,4,0,64,0,32,25,na
2018,LTER_4,Backreef,2,S3,3,0,8,0,0,92,25,na
2018,LTER_4,Backreef,2,S3,4,36,20,12,0,32,25,na
2018,LTER_4,Backreef,2,S4,1,40,16,4,0,40,25,na
2018,LTER_4,Backreef,2,S4,2,8,12,20,0,60,25,na
2018,LTER_4,Backreef,2,S4,3,0,12,4,0,84,25,na
2018,LTER_4,Backreef,2,S4,4,60,20,0,0,20,25,na
2018,LTER_4,Backreef,2,S4,5,0,4,0,88,8,25,na
2018,LTER_4,Backreef,2,S5,1,4,4,76,0,16,25,na
2018,LTER_4,Backreef,2,S5,2,0,0,84,0,16,25,na
2018,LTER_4,Backreef,2,S5,3,0,0,52,0,48,25,na
2018,LTER_4,Backreef,2,S5,4,32,28,0,0,40,25,na
2018,LTER_4,Backreef,2,S5,5,28,32,20,0,20,25,na
2018,LTER_4,Backreef,2,W16,1,28,32,24,0,16,25,na
2018,LTER_4,Backreef,2,W16,2,64,20,0,0,16,25,na
2018,LTER_4,Backreef,2,W16,3,48,8,12,0,32,25,na
2018,LTER_4,Backreef,2,W16,4,4,0,64,0,32,25,na
2018,LTER_4,Backreef,2,W16,5,8,76,0,0,16,25,na
2018,LTER_4,Backreef,2,W17,1,0,0,100,0,0,25,na
2018,LTER_4,Backreef,2,W17,2,24,4,36,0,36,25,na
2018,LTER_4,Backreef,2,W17,3,0,4,88,0,8,25,na
2018,LTER_4,Backreef,2,W17,4,68,12,0,0,20,25,na
2018,LTER_4,Backreef,2,W17,5,64,16,0,0,20,25,na
2018,LTER_4,Backreef,2,W18,1,4,0,64,0,32,25,na
2018,LTER_4,Backreef,2,W18,2,8,0,36,0,56,25,na
2018,LTER_4,Backreef,2,W18,3,28,4,40,0,28,25,na
2018,LTER_4,Backreef,2,W18,4,84,4,0,0,12,25,na
2018,LTER_4,Backreef,2,W18,5,36,12,16,0,36,25,na
2018,LTER_4,Backreef,2,W19,1,32,4,20,0,44,25,na
2018,LTER_4,Backreef,2,W19,2,0,0,16,0,84,25,na
2018,LTER_4,Backreef,2,W19,3,20,16,36,0,28,25,na
2018,LTER_4,Backreef,2,W19,4,0,0,16,0,84,25,na
2018,LTER_4,Backreef,2,W19,5,28,0,32,0,40,25,na
2018,LTER_4,Backreef,2,W20,1,4,0,40,0,56,25,na
2018,LTER_4,Backreef,2,W20,2,48,4,8,0,40,25,na
2018,LTER_4,Backreef,2,W20,3,64,0,24,0,12,25,na
2018,LTER_4,Backreef,2,W20,4,24,4,56,0,16,25,na
2018,LTER_4,Backreef,2,W20,5,68,16,0,0,16,25,na
2018,LTER_5,Backreef,2,E11,1,28,16,4,0,52,25,na
2018,LTER_5,Backreef,2,E11,2,20,4,8,0,68,25,na
2018,LTER_5,Backreef,2,E11,3,72,0,4,0,24,25,na
2018,LTER_5,Backreef,2,E11,4,36,12,4,20,28,25,na
2018,LTER_5,Backreef,2,E11,5,24,8,20,0,48,25,na
2018,LTER_5,Backreef,2,E12,1,4,4,52,0,40,25,na
2018,LTER_5,Backreef,2,E12,2,12,8,0,0,80,25,na
2018,LTER_5,Backreef,2,E12,3,4,0,12,0,84,25,na
2018,LTER_5,Backreef,2,E12,4,12,4,60,0,24,25,na
2018,LTER_5,Backreef,2,E12,5,12,8,32,0,48,25,na
2018,LTER_5,Backreef,2,E13,1,0,0,100,0,0,25,na
2018,LTER_5,Backreef,2,E13,2,36,20,0,0,44,25,na
2018,LTER_5,Backreef,2,E13,3,0,4,12,0,84,25,na
2018,LTER_5,Backreef,2,E13,4,16,4,24,0,56,25,na
2018,LTER_5,Backreef,2,E13,5,24,0,0,0,76,25,na
2018,LTER_5,Backreef,2,E14,1,0,0,100,0,0,25,na
2018,LTER_5,Backreef,2,E14,2,0,36,52,0,12,25,na
2018,LTER_5,Backreef,2,E14,3,4,0,64,0,32,25,na
2018,LTER_5,Backreef,2,E14,4,20,0,16,40,24,25,na
2018,LTER_5,Backreef,2,E14,5,32,16,12,0,40,25,na
2018,LTER_5,Backreef,2,E15,1,8,0,76,0,16,25,na
2018,LTER_5,Backreef,2,E15,2,8,0,72,0,20,25,na
2018,LTER_5,Backreef,2,E15,3,0,0,48,0,52,25,na
2018,LTER_5,Backreef,2,E15,4,12,12,40,0,36,25,na
2018,LTER_5,Backreef,2,E15,5,16,20,28,0,36,25,na
2018,LTER_5,Backreef,2,N10,1,52,0,0,0,48,25,na
2018,LTER_5,Backreef,2,N10,2,0,4,80,0,16,25,na
2018,LTER_5,Backreef,2,N10,3,36,4,28,0,32,25,na
2018,LTER_5,Backreef,2,N10,4,48,4,0,0,48,25,na
2018,LTER_5,Backreef,2,N10,5,28,4,0,0,68,25,na
2018,LTER_5,Backreef,2,N6,1,68,0,0,0,32,25,na
2018,LTER_5,Backreef,2,N6,2,32,0,8,0,60,25,na
2018,LTER_5,Backreef,2,N6,3,16,8,52,0,24,25,na
2018,LTER_5,Backreef,2,N6,4,44,4,8,4,40,25,na
2018,LTER_5,Backreef,2,N6,5,20,0,16,0,64,25,na
2018,LTER_5,Backreef,2,N7,1,40,24,4,0,32,25,na
2018,LTER_5,Backreef,2,N7,2,48,16,4,0,32,25,na
2018,LTER_5,Backreef,2,N7,3,96,0,0,0,4,25,na
2018,LTER_5,Backreef,2,N7,4,0,4,64,8,24,25,na
2018,LTER_5,Backreef,2,N7,5,4,0,28,0,68,25,na
2018,LTER_5,Backreef,2,N8,1,44,16,0,0,40,25,na
2018,LTER_5,Backreef,2,N8,2,28,8,4,0,60,25,na
2018,LTER_5,Backreef,2,N8,3,96,0,0,0,4,25,na
2018,LTER_5,Backreef,2,N8,4,20,16,0,0,64,25,na
2018,LTER_5,Backreef,2,N8,5,20,0,60,0,20,25,na
2018,LTER_5,Backreef,2,N9,1,92,0,0,0,8,25,na
2018,LTER_5,Backreef,2,N9,2,0,0,80,0,20,25,na
2018,LTER_5,Backreef,2,N9,3,32,0,56,0,12,25,na
2018,LTER_5,Backreef,2,N9,4,20,16,28,0,36,25,na
2018,LTER_5,Backreef,2,N9,5,0,28,20,0,52,25,na
2018,LTER_5,Backreef,2,S1,1,8,8,0,0,84,25,na
2018,LTER_5,Backreef,2,S1,2,60,4,24,0,12,25,na
2018,LTER_5,Backreef,2,S1,3,0,32,0,0,68,25,na
2018,LTER_5,Backreef,2,S1,4,20,12,16,0,52,25,na
2018,LTER_5,Backreef,2,S1,5,0,4,12,0,84,25,na
2018,LTER_5,Backreef,2,S2,1,32,28,0,0,40,25,na
2018,LTER_5,Backreef,2,S2,2,0,12,48,0,40,25,na
2018,LTER_5,Backreef,2,S2,3,12,8,12,0,68,25,na
2018,LTER_5,Backreef,2,S2,4,44,4,28,0,24,25,na
2018,LTER_5,Backreef,2,S2,5,8,0,48,0,44,25,na
2018,LTER_5,Backreef,2,S3,1,20,12,40,0,28,25,na
2018,LTER_5,Backreef,2,S3,2,44,28,24,0,4,25,na
2018,LTER_5,Backreef,2,S3,3,0,0,72,0,28,25,na
2018,LTER_5,Backreef,2,S3,4,0,52,0,0,48,25,na
2018,LTER_5,Backreef,2,S3,5,8,0,80,0,12,25,na
2018,LTER_5,Backreef,2,S4,1,12,8,76,0,4,25,na
2018,LTER_5,Backreef,2,S4,2,32,20,40,0,8,25,na
2018,LTER_5,Backreef,2,S4,3,8,0,68,0,24,25,na
2018,LTER_5,Backreef,2,S4,4,24,20,0,0,56,25,na
2018,LTER_5,Backreef,2,S4,5,0,0,96,0,4,25,na
2018,LTER_5,Backreef,2,S5,1,32,0,16,0,52,25,na
2018,LTER_5,Backreef,2,S5,2,0,0,100,0,0,25,na
2018,LTER_5,Backreef,2,S5,3,4,0,88,0,8,25,na
2018,LTER_5,Backreef,2,S5,4,76,0,20,0,4,25,na
2018,LTER_5,Backreef,2,S5,5,56,0,12,0,32,25,na
2018,LTER_5,Backreef,2,W16,1,28,0,0,0,72,25,na
2018,LTER_5,Backreef,2,W16,2,0,0,100,0,0,25,na
2018,LTER_5,Backreef,2,W16,3,76,4,8,0,12,25,na
2018,LTER_5,Backreef,2,W16,4,12,0,16,28,44,25,na
2018,LTER_5,Backreef,2,W16,5,4,0,68,0,28,25,na
2018,LTER_5,Backreef,2,W17,1,12,4,4,0,80,25,na
2018,LTER_5,Backreef,2,W17,2,8,0,92,0,0,25,na
2018,LTER_5,Backreef,2,W17,3,4,24,48,0,24,25,na
2018,LTER_5,Backreef,2,W17,4,8,0,8,0,84,25,na
2018,LTER_5,Backreef,2,W17,5,0,0,92,0,8,25,na
2018,LTER_5,Backreef,2,W18,1,12,16,28,0,44,25,na
2018,LTER_5,Backreef,2,W18,2,16,8,68,0,8,25,na
2018,LTER_5,Backreef,2,W18,3,24,16,12,0,48,25,na
2018,LTER_5,Backreef,2,W18,4,0,0,52,0,48,25,na
2018,LTER_5,Backreef,2,W18,5,8,0,68,0,24,25,na
2018,LTER_5,Backreef,2,W19,1,4,8,16,0,72,25,na
2018,LTER_5,Backreef,2,W19,2,8,8,68,0,16,25,na
2018,LTER_5,Backreef,2,W19,3,32,0,4,0,64,25,na
2018,LTER_5,Backreef,2,W19,4,0,0,100,0,0,25,na
2018,LTER_5,Backreef,2,W19,5,0,0,24,0,76,25,na
2018,LTER_5,Backreef,2,W20,1,0,44,0,0,56,25,na
2018,LTER_5,Backreef,2,W20,2,16,0,4,0,80,25,na
2018,LTER_5,Backreef,2,W20,3,0,12,48,0,40,25,na
2018,LTER_5,Backreef,2,W20,4,0,32,36,0,32,25,na
2018,LTER_5,Backreef,2,W20,5,0,0,12,0,88,25,na
2018,LTER_6,Backreef,2,E11,1,16,0,4,0,80,25,na
2018,LTER_6,Backreef,2,E11,2,24,4,12,0,60,25,na
2018,LTER_6,Backreef,2,E11,3,28,12,0,0,60,25,na
2018,LTER_6,Backreef,2,E11,4,12,0,24,0,64,25,na
2018,LTER_6,Backreef,2,E11,5,56,0,24,0,20,25,na
2018,LTER_6,Backreef,2,E12,1,0,4,12,0,84,25,na
2018,LTER_6,Backreef,2,E12,2,44,0,8,0,48,25,na
2018,LTER_6,Backreef,2,E12,3,4,4,0,0,92,25,na
2018,LTER_6,Backreef,2,E12,4,24,4,0,0,72,25,na
2018,LTER_6,Backreef,2,E12,5,100,0,0,0,0,25,na
2018,LTER_6,Backreef,2,E13,1,32,8,4,0,56,25,na
2018,LTER_6,Backreef,2,E13,2,72,8,0,0,20,25,na
2018,LTER_6,Backreef,2,E13,3,16,0,0,0,84,25,na
2018,LTER_6,Backreef,2,E13,4,12,8,4,4,72,25,na
2018,LTER_6,Backreef,2,E13,5,72,0,0,0,28,25,na
2018,LTER_6,Backreef,2,E14,1,80,0,8,0,12,25,na
2018,LTER_6,Backreef,2,E14,2,56,0,4,0,40,25,na
2018,LTER_6,Backreef,2,E14,3,0,4,0,0,96,25,na
2018,LTER_6,Backreef,2,E14,4,28,0,4,0,68,25,na
2018,LTER_6,Backreef,2,E14,5,32,0,16,0,52,25,na
2018,LTER_6,Backreef,2,E15,1,20,4,44,0,32,25,na
2018,LTER_6,Backreef,2,E15,2,88,0,4,0,8,25,na
2018,LTER_6,Backreef,2,E15,3,48,0,20,0,32,25,na
2018,LTER_6,Backreef,2,E15,4,44,16,0,0,40,25,na
2018,LTER_6,Backreef,2,E15,5,40,0,8,0,52,25,na
2018,LTER_6,Backreef,2,N10,1,36,0,0,0,64,25,na
2018,LTER_6,Backreef,2,N10,2,20,0,12,0,68,25,na
2018,LTER_6,Backreef,2,N10,3,12,16,12,0,60,25,na
2018,LTER_6,Backreef,2,N10,4,24,0,36,0,40,25,na
2018,LTER_6,Backreef,2,N10,5,32,0,24,24,20,25,na
2018,LTER_6,Backreef,2,N6,1,64,0,4,0,32,25,na
2018,LTER_6,Backreef,2,N6,2,32,4,36,0,28,25,na
2018,LTER_6,Backreef,2,N6,3,28,0,4,0,68,25,na
2018,LTER_6,Backreef,2,N6,4,16,0,16,0,68,25,na
2018,LTER_6,Backreef,2,N6,5,32,4,16,0,48,25,na
2018,LTER_6,Backreef,2,N7,1,0,0,4,0,96,25,na
2018,LTER_6,Backreef,2,N7,2,28,0,4,0,68,25,na
2018,LTER_6,Backreef,2,N7,3,12,0,28,0,60,25,na
2018,LTER_6,Backreef,2,N7,4,44,4,40,0,12,25,na
2018,LTER_6,Backreef,2,N7,5,0,0,32,0,68,25,na
2018,LTER_6,Backreef,2,N8,1,44,8,28,0,20,25,na
2018,LTER_6,Backreef,2,N8,2,12,4,0,0,84,25,na
2018,LTER_6,Backreef,2,N8,3,20,4,40,0,36,25,na
2018,LTER_6,Backreef,2,N8,4,20,0,40,0,40,25,na
2018,LTER_6,Backreef,2,N8,5,4,4,0,0,92,25,na
2018,LTER_6,Backreef,2,N9,1,36,4,0,0,60,25,na
2018,LTER_6,Backreef,2,N9,2,20,4,4,0,72,25,na
2018,LTER_6,Backreef,2,N9,3,8,12,28,0,52,25,na
2018,LTER_6,Backreef,2,N9,4,0,4,20,0,76,25,na
2018,LTER_6,Backreef,2,N9,5,4,4,4,24,64,25,na
2018,LTER_6,Backreef,2,S1,1,12,0,28,0,60,25,na
2018,LTER_6,Backreef,2,S1,2,8,16,8,0,68,25,na
2018,LTER_6,Backreef,2,S1,3,48,4,4,0,44,25,na
2018,LTER_6,Backreef,2,S1,4,16,20,0,0,64,25,na
2018,LTER_6,Backreef,2,S1,5,68,0,8,0,24,25,na
2018,LTER_6,Backreef,2,S2,1,28,0,36,0,36,25,na
2018,LTER_6,Backreef,2,S2,2,48,0,0,0,52,25,na
2018,LTER_6,Backreef,2,S2,3,56,8,0,0,36,25,na
2018,LTER_6,Backreef,2,S2,4,16,0,12,0,72,25,na
2018,LTER_6,Backreef,2,S2,5,64,0,0,0,36,25,na
2018,LTER_6,Backreef,2,S3,1,40,0,28,0,32,25,na
2018,LTER_6,Backreef,2,S3,2,8,20,0,0,72,25,na
2018,LTER_6,Backreef,2,S3,3,24,0,20,0,56,25,na
2018,LTER_6,Backreef,2,S3,4,8,0,0,0,92,25,na
2018,LTER_6,Backreef,2,S3,5,80,4,0,0,16,25,na
2018,LTER_6,Backreef,2,S4,1,16,0,8,0,76,25,na
2018,LTER_6,Backreef,2,S4,2,44,12,0,0,44,25,na
2018,LTER_6,Backreef,2,S4,3,12,4,56,0,28,25,na
2018,LTER_6,Backreef,2,S4,4,36,0,0,0,64,25,na
2018,LTER_6,Backreef,2,S4,5,52,0,0,0,48,25,na
2018,LTER_6,Backreef,2,S5,1,24,4,52,0,20,25,na
2018,LTER_6,Backreef,2,S5,2,32,4,0,0,64,25,na
2018,LTER_6,Backreef,2,S5,3,16,0,48,0,36,25,na
2018,LTER_6,Backreef,2,S5,4,8,12,4,0,76,25,na
2018,LTER_6,Backreef,2,S5,5,8,4,32,0,56,25,na
2018,LTER_6,Backreef,2,W16,1,20,0,16,0,64,25,na
2018,LTER_6,Backreef,2,W16,2,8,0,0,0,92,25,na
2018,LTER_6,Backreef,2,W16,3,36,8,0,0,56,25,na
2018,LTER_6,Backreef,2,W16,4,60,16,4,0,20,25,na
2018,LTER_6,Backreef,2,W16,5,40,0,0,0,60,25,na
2018,LTER_6,Backreef,2,W17,1,36,8,0,0,56,25,na
2018,LTER_6,Backreef,2,W17,2,28,0,20,0,52,25,na
2018,LTER_6,Backreef,2,W17,3,8,0,60,0,32,25,na
2018,LTER_6,Backreef,2,W17,4,36,16,0,0,48,25,na
2018,LTER_6,Backreef,2,W17,5,40,0,0,0,60,25,na
2018,LTER_6,Backreef,2,W18,1,52,0,20,0,28,25,na
2018,LTER_6,Backreef,2,W18,2,32,4,28,0,36,25,na
2018,LTER_6,Backreef,2,W18,3,8,0,92,0,0,25,na
2018,LTER_6,Backreef,2,W18,4,44,8,0,0,48,25,na
2018,LTER_6,Backreef,2,W18,5,28,0,0,0,72,25,na
2018,LTER_6,Backreef,2,W19,1,32,0,36,0,32,25,na
2018,LTER_6,Backreef,2,W19,2,40,4,36,0,20,25,na
2018,LTER_6,Backreef,2,W19,3,36,12,16,0,36,25,na
2018,LTER_6,Backreef,2,W19,4,20,12,0,0,68,25,na
2018,LTER_6,Backreef,2,W19,5,36,0,12,0,52,25,na
2018,LTER_6,Backreef,2,W20,1,32,4,24,0,40,25,na
2018,LTER_6,Backreef,2,W20,2,4,40,8,0,48,25,na
2018,LTER_6,Backreef,2,W20,3,32,4,0,0,64,25,na
2018,LTER_6,Backreef,2,W20,4,8,8,16,0,68,25,na
2018,LTER_6,Backreef,2,W20,5,0,0,100,0,0,25,na
2019,LTER_1,Backreef,2,E11,1,0,60,0,0,40,25,na
2019,LTER_1,Backreef,2,E11,2,12,0,0,0,88,25,na
2019,LTER_1,Backreef,2,E11,3,0,32,8,0,60,25,na
2019,LTER_1,Backreef,2,E11,4,8,12,12,0,68,25,na
2019,LTER_1,Backreef,2,E11,5,0,8,16,0,76,25,na
2019,LTER_1,Backreef,2,E12,1,8,60,0,0,32,25,na
2019,LTER_1,Backreef,2,E12,2,8,16,0,0,76,25,na
2019,LTER_1,Backreef,2,E12,3,0,40,28,0,32,25,na
2019,LTER_1,Backreef,2,E12,4,4,0,56,0,40,25,na
2019,LTER_1,Backreef,2,E12,5,4,16,16,0,64,25,na
2019,LTER_1,Backreef,2,E13,1,12,12,8,0,68,25,na
2019,LTER_1,Backreef,2,E13,2,16,36,0,0,48,25,na
2019,LTER_1,Backreef,2,E13,3,0,8,20,0,72,25,na
2019,LTER_1,Backreef,2,E13,4,4,4,36,0,56,25,na
2019,LTER_1,Backreef,2,E13,5,16,12,4,0,68,25,na
2019,LTER_1,Backreef,2,E14,1,16,16,0,0,68,25,na
2019,LTER_1,Backreef,2,E14,2,4,20,40,0,36,25,na
2019,LTER_1,Backreef,2,E14,3,0,0,0,0,100,25,na
2019,LTER_1,Backreef,2,E14,4,12,8,32,0,48,25,na
2019,LTER_1,Backreef,2,E14,5,4,4,32,0,60,25,na
2019,LTER_1,Backreef,2,E15,1,20,8,0,0,72,25,na
2019,LTER_1,Backreef,2,E15,2,8,16,56,0,20,25,na
2019,LTER_1,Backreef,2,E15,3,0,0,4,0,96,25,na
2019,LTER_1,Backreef,2,E15,4,4,20,0,0,76,25,na
2019,LTER_1,Backreef,2,E15,5,4,16,32,0,48,25,na
2019,LTER_1,Backreef,2,N10,1,0,44,0,0,56,25,na
2019,LTER_1,Backreef,2,N10,2,12,20,0,0,68,25,na
2019,LTER_1,Backreef,2,N10,3,0,0,0,0,100,25,na
2019,LTER_1,Backreef,2,N10,4,20,4,0,0,76,25,na
2019,LTER_1,Backreef,2,N10,5,4,12,24,0,60,25,na
2019,LTER_1,Backreef,2,N6,1,4,32,4,0,60,25,na
2019,LTER_1,Backreef,2,N6,2,16,56,0,0,28,25,na
2019,LTER_1,Backreef,2,N6,3,0,76,8,0,16,25,na
2019,LTER_1,Backreef,2,N6,4,4,24,20,0,52,25,na
2019,LTER_1,Backreef,2,N6,5,0,12,44,0,44,25,na
2019,LTER_1,Backreef,2,N7,1,12,16,0,0,72,25,na
2019,LTER_1,Backreef,2,N7,2,12,44,16,0,28,25,na
2019,LTER_1,Backreef,2,N7,3,8,72,0,0,20,25,na
2019,LTER_1,Backreef,2,N7,4,16,24,4,0,56,25,na
2019,LTER_1,Backreef,2,N7,5,16,8,24,0,52,25,na
2019,LTER_1,Backreef,2,N8,1,4,16,0,0,80,25,na
2019,LTER_1,Backreef,2,N8,2,0,44,4,0,52,25,na
2019,LTER_1,Backreef,2,N8,3,0,12,0,0,88,25,na
2019,LTER_1,Backreef,2,N8,4,12,8,32,0,48,25,na
2019,LTER_1,Backreef,2,N8,5,16,8,8,0,68,25,na
2019,LTER_1,Backreef,2,N9,1,8,8,0,0,84,25,na
2019,LTER_1,Backreef,2,N9,2,20,44,0,0,36,25,na
2019,LTER_1,Backreef,2,N9,3,0,0,32,0,68,25,na
2019,LTER_1,Backreef,2,N9,4,12,0,20,0,68,25,na
2019,LTER_1,Backreef,2,N9,5,8,0,64,0,28,25,na
2019,LTER_1,Backreef,2,S1,1,0,80,0,0,20,25,na
2019,LTER_1,Backreef,2,S1,2,20,4,0,0,76,25,na
2019,LTER_1,Backreef,2,S1,3,4,56,0,0,40,25,na
2019,LTER_1,Backreef,2,S1,4,0,20,12,0,68,25,na
2019,LTER_1,Backreef,2,S1,5,0,12,36,0,52,25,na
2019,LTER_1,Backreef,2,S2,1,0,4,48,0,48,25,na
2019,LTER_1,Backreef,2,S2,2,16,4,16,0,64,25,na
2019,LTER_1,Backreef,2,S2,3,0,80,0,0,20,25,na
2019,LTER_1,Backreef,2,S2,4,16,16,20,0,48,25,na
2019,LTER_1,Backreef,2,S2,5,0,4,68,0,28,25,na
2019,LTER_1,Backreef,2,S3,1,0,4,40,0,56,25,na
2019,LTER_1,Backreef,2,S3,2,8,4,0,0,88,25,na
2019,LTER_1,Backreef,2,S3,3,0,28,56,0,16,25,na
2019,LTER_1,Backreef,2,S3,4,12,24,24,0,40,25,na
2019,LTER_1,Backreef,2,S3,5,0,16,32,0,52,25,na
2019,LTER_1,Backreef,2,S4,1,0,4,20,0,76,25,na
2019,LTER_1,Backreef,2,S4,2,12,60,0,0,28,25,na
2019,LTER_1,Backreef,2,S4,3,4,8,48,0,40,25,na
2019,LTER_1,Backreef,2,S4,4,12,28,20,0,40,25,na
2019,LTER_1,Backreef,2,S4,5,4,4,84,0,8,25,na
2019,LTER_1,Backreef,2,S5,1,12,0,72,0,16,25,na
2019,LTER_1,Backreef,2,S5,2,12,8,36,0,44,25,na
2019,LTER_1,Backreef,2,S5,3,0,0,0,0,100,25,na
2019,LTER_1,Backreef,2,S5,4,16,12,0,0,72,25,na
2019,LTER_1,Backreef,2,S5,5,0,4,36,0,60,25,na
2019,LTER_1,Backreef,2,W16,1,4,56,0,0,40,25,na
2019,LTER_1,Backreef,2,W16,2,12,8,4,0,76,25,na
2019,LTER_1,Backreef,2,W16,3,0,32,0,0,68,25,na
2019,LTER_1,Backreef,2,W16,4,20,16,0,0,64,25,na
2019,LTER_1,Backreef,2,W16,5,4,4,48,0,44,25,na
2019,LTER_1,Backreef,2,W17,1,0,16,0,0,84,25,na
2019,LTER_1,Backreef,2,W17,2,8,64,20,0,8,25,na
2019,LTER_1,Backreef,2,W17,3,0,0,24,0,76,25,na
2019,LTER_1,Backreef,2,W17,4,4,40,12,0,44,25,na
2019,LTER_1,Backreef,2,W17,5,0,4,44,0,52,25,na
2019,LTER_1,Backreef,2,W18,1,0,32,4,0,64,25,na
2019,LTER_1,Backreef,2,W18,2,0,24,68,0,8,25,na
2019,LTER_1,Backreef,2,W18,3,0,0,8,0,92,25,na
2019,LTER_1,Backreef,2,W18,4,16,12,8,0,64,25,na
2019,LTER_1,Backreef,2,W18,5,0,8,0,0,92,25,na
2019,LTER_1,Backreef,2,W19,1,0,40,36,0,24,25,na
2019,LTER_1,Backreef,2,W19,2,0,12,84,0,4,25,na
2019,LTER_1,Backreef,2,W19,3,0,0,0,0,100,25,na
2019,LTER_1,Backreef,2,W19,4,12,12,44,0,32,25,na
2019,LTER_1,Backreef,2,W19,5,0,12,8,0,80,25,na
2019,LTER_1,Backreef,2,W20,1,16,44,12,0,28,25,na
2019,LTER_1,Backreef,2,W20,2,8,0,56,0,36,25,na
2019,LTER_1,Backreef,2,W20,3,0,0,0,0,100,25,na
2019,LTER_1,Backreef,2,W20,4,4,20,52,0,24,25,na
2019,LTER_2,Backreef,2,E11,1,0,72,8,0,20,25,na
2019,LTER_2,Backreef,2,E11,2,0,0,12,0,88,25,na
2019,LTER_2,Backreef,2,E11,3,0,52,0,0,48,25,na
2019,LTER_2,Backreef,2,E11,4,4,0,0,0,96,25,na
2019,LTER_2,Backreef,2,E11,5,0,64,20,0,16,25,na
2019,LTER_2,Backreef,2,E12,1,0,48,4,0,48,25,na
2019,LTER_2,Backreef,2,E12,2,4,16,8,0,72,25,na
2019,LTER_2,Backreef,2,E12,3,0,96,0,0,4,25,na
2019,LTER_2,Backreef,2,E12,4,28,0,0,0,72,25,na
2019,LTER_2,Backreef,2,E12,5,0,88,12,0,0,25,na
2019,LTER_2,Backreef,2,E13,1,0,24,40,0,36,25,na
2019,LTER_2,Backreef,2,E13,2,0,40,8,0,52,25,na
2019,LTER_2,Backreef,2,E13,3,0,60,0,0,40,25,na
2019,LTER_2,Backreef,2,E13,4,20,0,0,0,80,25,na
2019,LTER_2,Backreef,2,E13,5,0,96,0,0,4,25,na
2019,LTER_2,Backreef,2,E14,1,0,0,16,0,84,25,na
2019,LTER_2,Backreef,2,E14,2,0,60,16,0,24,25,na
2019,LTER_2,Backreef,2,E14,3,0,12,16,0,72,25,na
2019,LTER_2,Backreef,2,E14,4,12,4,0,0,84,25,na
2019,LTER_2,Backreef,2,E14,5,0,100,0,0,0,25,na
2019,LTER_2,Backreef,2,E15,1,0,16,52,0,32,25,na
2019,LTER_2,Backreef,2,E15,2,4,32,4,0,60,25,na
2019,LTER_2,Backreef,2,E15,3,0,0,0,0,100,25,na
2019,LTER_2,Backreef,2,E15,4,0,28,72,0,0,25,na
2019,LTER_2,Backreef,2,E15,5,0,100,0,0,0,25,na
2019,LTER_2,Backreef,2,N10,1,0,8,84,0,8,25,na
2019,LTER_2,Backreef,2,N10,2,0,24,4,0,72,25,na
2019,LTER_2,Backreef,2,N10,3,0,44,0,0,56,25,na
2019,LTER_2,Backreef,2,N10,4,24,16,8,0,52,25,na
2019,LTER_2,Backreef,2,N10,5,0,28,0,0,72,25,na
2019,LTER_2,Backreef,2,N6,1,0,12,80,0,8,25,na
2019,LTER_2,Backreef,2,N6,2,4,48,0,0,48,25,na
2019,LTER_2,Backreef,2,N6,3,0,12,0,0,88,25,na
2019,LTER_2,Backreef,2,N6,4,12,0,24,0,64,25,na
2019,LTER_2,Backreef,2,N6,5,0,0,100,0,0,25,na
2019,LTER_2,Backreef,2,N7,1,0,12,20,0,68,25,na
2019,LTER_2,Backreef,2,N7,2,4,24,20,0,52,25,na
2019,LTER_2,Backreef,2,N7,3,0,0,0,0,100,25,na
2019,LTER_2,Backreef,2,N7,4,0,68,16,0,16,25,na
2019,LTER_2,Backreef,2,N7,5,0,16,84,0,0,25,na
2019,LTER_2,Backreef,2,N8,1,0,32,44,0,24,25,na
2019,LTER_2,Backreef,2,N8,2,24,8,0,0,68,25,na
2019,LTER_2,Backreef,2,N8,3,0,20,0,0,80,25,na
2019,LTER_2,Backreef,2,N8,4,0,44,8,0,48,25,na
2019,LTER_2,Backreef,2,N8,5,0,4,96,0,0,25,na
2019,LTER_2,Backreef,2,N9,1,0,0,60,0,40,25,na
2019,LTER_2,Backreef,2,N9,2,0,44,0,0,56,25,na
2019,LTER_2,Backreef,2,N9,3,0,8,0,0,92,25,na
2019,LTER_2,Backreef,2,N9,4,24,52,4,0,20,25,na
2019,LTER_2,Backreef,2,N9,5,0,4,96,0,0,25,na
2019,LTER_2,Backreef,2,S1,1,0,48,20,0,32,25,na
2019,LTER_2,Backreef,2,S1,2,0,0,0,0,100,25,na
2019,LTER_2,Backreef,2,S1,3,0,68,0,0,32,25,na
2019,LTER_2,Backreef,2,S1,4,24,8,0,0,68,25,na
2019,LTER_2,Backreef,2,S1,5,0,36,56,0,8,25,na
2019,LTER_2,Backreef,2,S2,1,0,36,32,0,32,25,na
2019,LTER_2,Backreef,2,S2,2,0,0,100,0,0,25,na
2019,LTER_2,Backreef,2,S2,3,0,56,4,0,40,25,na
2019,LTER_2,Backreef,2,S2,4,24,24,0,0,52,25,na
2019,LTER_2,Backreef,2,S2,5,0,36,64,0,0,25,na
2019,LTER_2,Backreef,2,S3,1,0,8,56,0,36,25,na
2019,LTER_2,Backreef,2,S3,2,0,0,92,0,8,25,na
2019,LTER_2,Backreef,2,S3,3,0,36,12,0,52,25,na
2019,LTER_2,Backreef,2,S3,4,0,60,40,0,0,25,na
2019,LTER_2,Backreef,2,S3,5,0,0,100,0,0,25,na
2019,LTER_2,Backreef,2,S4,1,8,4,52,0,36,25,na
2019,LTER_2,Backreef,2,S4,2,8,0,72,0,20,25,na
2019,LTER_2,Backreef,2,S4,3,0,8,76,0,16,25,na
2019,LTER_2,Backreef,2,S4,4,0,24,72,0,4,25,na
2019,LTER_2,Backreef,2,S4,5,0,0,100,0,0,25,na
2019,LTER_2,Backreef,2,S5,1,24,0,16,0,60,25,na
2019,LTER_2,Backreef,2,S5,2,24,28,0,0,48,25,na
2019,LTER_2,Backreef,2,S5,3,0,56,0,0,44,25,na
2019,LTER_2,Backreef,2,S5,4,0,12,88,0,0,25,na
2019,LTER_2,Backreef,2,S5,5,0,0,100,0,0,25,na
2019,LTER_2,Backreef,2,W16,1,0,0,16,0,84,25,na
2019,LTER_2,Backreef,2,W16,2,4,0,0,0,96,25,na
2019,LTER_2,Backreef,2,W16,3,24,0,0,0,76,25,na
2019,LTER_2,Backreef,2,W16,4,28,0,12,0,60,25,na
2019,LTER_2,Backreef,2,W16,5,0,36,0,0,64,25,na
2019,LTER_2,Backreef,2,W17,1,0,84,0,0,16,25,na
2019,LTER_2,Backreef,2,W17,2,20,0,0,0,80,25,na
2019,LTER_2,Backreef,2,W17,3,8,72,4,0,16,25,na
2019,LTER_2,Backreef,2,W17,4,0,40,20,0,40,25,na
2019,LTER_2,Backreef,2,W17,5,0,80,20,0,0,25,na
2019,LTER_2,Backreef,2,W18,1,0,56,0,0,44,25,na
2019,LTER_2,Backreef,2,W18,2,8,0,8,0,84,25,na
2019,LTER_2,Backreef,2,W18,3,0,44,36,0,20,25,na
2019,LTER_2,Backreef,2,W18,4,0,36,56,0,8,25,na
2019,LTER_2,Backreef,2,W18,5,0,4,96,0,0,25,na
2019,LTER_2,Backreef,2,W19,1,0,44,8,0,48,25,na
2019,LTER_2,Backreef,2,W19,2,8,0,0,0,92,25,na
2019,LTER_2,Backreef,2,W19,3,0,16,40,0,44,25,na
2019,LTER_2,Backreef,2,W19,4,0,0,96,0,4,25,na
2019,LTER_2,Backreef,2,W19,5,0,0,100,0,0,25,na
2019,LTER_2,Backreef,2,W20,1,0,20,76,0,4,25,na
2019,LTER_2,Backreef,2,W20,2,0,88,4,0,8,25,na
2019,LTER_2,Backreef,2,W20,4,0,0,100,0,0,25,na
2019,LTER_2,Backreef,2,W20,5,0,0,20,0,80,25,na
2019,LTER_3,Backreef,2,E11,1,8,4,0,0,88,25,na
2019,LTER_3,Backreef,2,E11,2,0,0,4,0,96,25,na
2019,LTER_3,Backreef,2,E11,3,4,8,8,0,80,25,na
2019,LTER_3,Backreef,2,E11,4,4,0,0,0,96,25,na
2019,LTER_3,Backreef,2,E11,5,12,16,0,0,72,25,na
2019,LTER_3,Backreef,2,E12,1,0,0,0,0,100,25,na
2019,LTER_3,Backreef,2,E12,2,0,0,20,0,80,25,na
2019,LTER_3,Backreef,2,E12,3,36,28,16,0,20,25,na
2019,LTER_3,Backreef,2,E12,4,4,0,0,0,96,25,na
2019,LTER_3,Backreef,2,E12,5,12,12,0,0,76,25,na
2019,LTER_3,Backreef,2,E13,1,0,0,0,0,100,25,na
2019,LTER_3,Backreef,2,E13,2,12,12,72,0,4,25,na
2019,LTER_3,Backreef,2,E13,3,0,0,68,0,32,25,na
2019,LTER_3,Backreef,2,E13,4,4,0,40,0,56,25,na
2019,LTER_3,Backreef,2,E13,5,8,4,8,0,80,25,na
2019,LTER_3,Backreef,2,E14,1,16,12,0,0,72,25,na
2019,LTER_3,Backreef,2,E14,2,0,32,8,0,60,25,na
2019,LTER_3,Backreef,2,E14,3,40,0,32,0,28,25,na
2019,LTER_3,Backreef,2,E14,4,0,4,80,0,16,25,na
2019,LTER_3,Backreef,2,E14,5,0,32,0,0,68,25,na
2019,LTER_3,Backreef,2,E15,1,12,0,60,0,28,25,na
2019,LTER_3,Backreef,2,E15,2,4,24,0,0,72,25,na
2019,LTER_3,Backreef,2,E15,3,48,20,0,0,32,25,na
2019,LTER_3,Backreef,2,E15,4,20,28,0,0,52,25,na
2019,LTER_3,Backreef,2,E15,5,0,16,40,0,44,25,na
2019,LTER_3,Backreef,2,N10,1,0,0,76,0,24,25,na
2019,LTER_3,Backreef,2,N10,2,0,20,12,0,68,25,na
2019,LTER_3,Backreef,2,N10,3,0,0,12,0,88,25,na
2019,LTER_3,Backreef,2,N10,4,0,0,80,0,20,25,na
2019,LTER_3,Backreef,2,N10,5,0,0,76,0,24,25,na
2019,LTER_3,Backreef,2,N6,1,12,20,0,0,68,25,na
2019,LTER_3,Backreef,2,N6,2,4,0,4,0,92,25,na
2019,LTER_3,Backreef,2,N6,3,4,0,28,0,68,25,na
2019,LTER_3,Backreef,2,N6,4,0,0,0,0,100,25,na
2019,LTER_3,Backreef,2,N6,5,4,0,4,0,92,25,na
2019,LTER_3,Backreef,2,N7,1,32,4,40,0,24,25,na
2019,LTER_3,Backreef,2,N7,2,0,40,0,0,60,25,na
2019,LTER_3,Backreef,2,N7,3,0,0,16,0,84,25,na
2019,LTER_3,Backreef,2,N7,4,8,0,0,0,92,25,na
2019,LTER_3,Backreef,2,N7,5,12,4,0,0,84,25,na
2019,LTER_3,Backreef,2,N8,1,28,12,16,0,44,25,na
2019,LTER_3,Backreef,2,N8,2,0,60,0,0,40,25,na
2019,LTER_3,Backreef,2,N8,3,0,0,48,0,52,25,na
2019,LTER_3,Backreef,2,N8,4,36,0,32,0,32,25,na
2019,LTER_3,Backreef,2,N8,5,24,0,8,0,68,25,na
2019,LTER_3,Backreef,2,N9,1,16,0,72,0,12,25,na
2019,LTER_3,Backreef,2,N9,2,8,16,0,0,76,25,na
2019,LTER_3,Backreef,2,N9,3,12,0,36,0,52,25,na
2019,LTER_3,Backreef,2,N9,4,4,0,80,0,16,25,na
2019,LTER_3,Backreef,2,N9,5,0,0,72,0,28,25,na
2019,LTER_3,Backreef,2,S1,1,40,4,8,0,48,25,na
2019,LTER_3,Backreef,2,S1,2,0,4,4,0,92,25,na
2019,LTER_3,Backreef,2,S1,3,4,4,0,0,92,25,na
2019,LTER_3,Backreef,2,S1,4,16,0,4,0,80,25,na
2019,LTER_3,Backreef,2,S1,5,16,0,40,0,44,25,na
2019,LTER_3,Backreef,2,S2,1,4,0,24,0,72,25,na
2019,LTER_3,Backreef,2,S2,2,0,4,52,0,44,25,na
2019,LTER_3,Backreef,2,S2,3,8,0,0,0,92,25,na
2019,LTER_3,Backreef,2,S2,4,20,16,12,0,52,25,na
2019,LTER_3,Backreef,2,S2,5,0,4,0,0,96,25,na
2019,LTER_3,Backreef,2,S3,1,0,0,52,0,48,25,na
2019,LTER_3,Backreef,2,S3,2,4,0,56,0,40,25,na
2019,LTER_3,Backreef,2,S3,3,4,0,32,0,64,25,na
2019,LTER_3,Backreef,2,S3,4,4,0,52,0,44,25,na
2019,LTER_3,Backreef,2,S3,5,40,0,4,0,56,25,na
2019,LTER_3,Backreef,2,S4,1,0,4,80,0,16,25,na
2019,LTER_3,Backreef,2,S4,2,0,0,88,0,12,25,na
2019,LTER_3,Backreef,2,S4,3,16,0,16,0,68,25,na
2019,LTER_3,Backreef,2,S4,4,24,0,60,0,16,25,na
2019,LTER_3,Backreef,2,S4,5,20,4,28,0,48,25,na
2019,LTER_3,Backreef,2,S5,1,0,0,68,0,32,25,na
2019,LTER_3,Backreef,2,S5,2,0,0,92,0,8,25,na
2019,LTER_3,Backreef,2,S5,3,96,0,0,0,4,25,na
2019,LTER_3,Backreef,2,S5,4,0,0,76,0,24,25,na
2019,LTER_3,Backreef,2,S5,5,0,0,100,0,0,25,na
2019,LTER_3,Backreef,2,W16,1,40,4,0,0,56,25,na
2019,LTER_3,Backreef,2,W16,2,28,0,0,0,72,25,na
2019,LTER_3,Backreef,2,W16,3,64,12,8,0,16,25,na
2019,LTER_3,Backreef,2,W16,4,0,4,16,0,80,25,na
2019,LTER_3,Backreef,2,W16,5,80,0,0,0,20,25,na
2019,LTER_3,Backreef,2,W17,1,0,0,88,0,12,25,na
2019,LTER_3,Backreef,2,W17,2,44,0,16,0,40,25,na
2019,LTER_3,Backreef,2,W17,3,16,8,0,0,76,25,na
2019,LTER_3,Backreef,2,W17,4,0,4,24,0,72,25,na
2019,LTER_3,Backreef,2,W17,5,16,0,4,0,80,25,na
2019,LTER_3,Backreef,2,W18,1,8,0,92,0,0,25,na
2019,LTER_3,Backreef,2,W18,2,4,0,36,0,60,25,na
2019,LTER_3,Backreef,2,W18,3,28,0,0,0,72,25,na
2019,LTER_3,Backreef,2,W18,4,8,12,4,0,76,25,na
2019,LTER_3,Backreef,2,W18,5,16,0,16,0,68,25,na
2019,LTER_3,Backreef,2,W19,1,8,0,76,0,16,25,na
2019,LTER_3,Backreef,2,W19,2,12,4,60,0,24,25,na
2019,LTER_3,Backreef,2,W19,3,16,12,0,0,72,25,na
2019,LTER_3,Backreef,2,W19,4,0,0,32,0,68,25,na
2019,LTER_3,Backreef,2,W19,5,16,0,64,0,20,25,na
2019,LTER_3,Backreef,2,W20,1,4,0,32,0,64,25,na
2019,LTER_3,Backreef,2,W20,2,0,0,80,0,20,25,na
2019,LTER_3,Backreef,2,W20,3,16,12,16,0,56,25,na
2019,LTER_3,Backreef,2,W20,5,16,8,12,0,64,25,na
2019,LTER_4,Backreef,2,E11,1,20,40,0,0,40,25,na
2019,LTER_4,Backreef,2,E11,2,28,24,0,0,48,25,na
2019,LTER_4,Backreef,2,E11,3,76,12,0,0,12,25,na
2019,LTER_4,Backreef,2,E11,4,48,4,0,0,48,25,na
2019,LTER_4,Backreef,2,E11,5,12,56,0,0,32,25,na
2019,LTER_4,Backreef,2,E12,1,28,20,12,0,40,25,na
2019,LTER_4,Backreef,2,E12,2,28,16,8,0,48,25,na
2019,LTER_4,Backreef,2,E12,3,44,24,0,0,32,25,na
2019,LTER_4,Backreef,2,E12,4,32,8,4,0,56,25,na
2019,LTER_4,Backreef,2,E12,5,32,28,0,0,40,25,na
2019,LTER_4,Backreef,2,E13,1,16,16,4,0,64,25,na
2019,LTER_4,Backreef,2,E13,2,24,0,4,0,72,25,na
2019,LTER_4,Backreef,2,E13,3,20,20,28,0,32,25,na
2019,LTER_4,Backreef,2,E13,4,32,8,24,0,36,25,na
2019,LTER_4,Backreef,2,E13,5,36,24,0,0,40,25,na
2019,LTER_4,Backreef,2,E14,1,32,0,20,0,48,25,na
2019,LTER_4,Backreef,2,E14,2,32,4,52,0,12,25,na
2019,LTER_4,Backreef,2,E14,3,16,0,52,0,32,25,na
2019,LTER_4,Backreef,2,E14,4,4,0,84,0,12,25,na
2019,LTER_4,Backreef,2,E14,5,68,12,0,0,20,25,na
2019,LTER_4,Backreef,2,E15,1,40,20,20,0,20,25,na
2019,LTER_4,Backreef,2,E15,2,40,0,20,0,40,25,na
2019,LTER_4,Backreef,2,E15,3,72,0,0,0,28,25,na
2019,LTER_4,Backreef,2,E15,4,36,0,28,0,36,25,na
2019,LTER_4,Backreef,2,E15,5,84,4,12,0,0,25,na
2019,LTER_4,Backreef,2,N10,1,0,0,84,0,16,25,na
2019,LTER_4,Backreef,2,N10,2,56,0,32,0,12,25,na
2019,LTER_4,Backreef,2,N10,3,40,4,28,0,28,25,na
2019,LTER_4,Backreef,2,N10,4,12,0,4,0,84,25,na
2019,LTER_4,Backreef,2,N10,5,44,4,20,0,32,25,na
2019,LTER_4,Backreef,2,N6,1,60,12,0,0,28,25,na
2019,LTER_4,Backreef,2,N6,2,44,20,0,0,36,25,na
2019,LTER_4,Backreef,2,N6,3,84,4,8,0,4,25,na
2019,LTER_4,Backreef,2,N6,4,40,12,8,0,40,25,na
2019,LTER_4,Backreef,2,N6,5,16,0,0,0,84,25,na
2019,LTER_4,Backreef,2,N7,1,40,28,8,0,24,25,na
2019,LTER_4,Backreef,2,N7,2,76,16,0,0,8,25,na
2019,LTER_4,Backreef,2,N7,3,44,0,20,0,36,25,na
2019,LTER_4,Backreef,2,N7,4,20,20,4,0,56,25,na
2019,LTER_4,Backreef,2,N7,5,48,0,0,0,52,25,na
2019,LTER_4,Backreef,2,N8,1,8,0,80,0,12,25,na
2019,LTER_4,Backreef,2,N8,2,28,4,0,0,68,25,na
2019,LTER_4,Backreef,2,N8,3,36,0,36,0,28,25,na
2019,LTER_4,Backreef,2,N8,4,4,0,0,0,96,25,na
2019,LTER_4,Backreef,2,N8,5,96,4,0,0,0,25,na
2019,LTER_4,Backreef,2,N9,1,0,0,92,0,8,25,na
2019,LTER_4,Backreef,2,N9,2,48,8,0,0,44,25,na
2019,LTER_4,Backreef,2,N9,3,40,4,44,0,12,25,na
2019,LTER_4,Backreef,2,N9,4,20,0,0,0,80,25,na
2019,LTER_4,Backreef,2,N9,5,48,0,20,16,16,25,na
2019,LTER_4,Backreef,2,S1,1,52,16,24,0,8,25,na
2019,LTER_4,Backreef,2,S1,2,32,16,0,0,52,25,na
2019,LTER_4,Backreef,2,S1,3,8,32,16,0,44,25,na
2019,LTER_4,Backreef,2,S1,4,20,16,12,0,52,25,na
2019,LTER_4,Backreef,2,S1,5,40,28,0,0,32,25,na
2019,LTER_4,Backreef,2,S2,1,28,0,0,0,72,25,na
2019,LTER_4,Backreef,2,S2,2,20,24,16,0,40,25,na
2019,LTER_4,Backreef,2,S2,3,28,20,12,0,40,25,na
2019,LTER_4,Backreef,2,S2,4,24,12,16,0,48,25,na
2019,LTER_4,Backreef,2,S2,5,8,40,0,0,52,25,na
2019,LTER_4,Backreef,2,S3,1,28,12,0,0,60,25,na
2019,LTER_4,Backreef,2,S3,2,4,0,72,0,24,25,na
2019,LTER_4,Backreef,2,S3,3,12,40,8,0,40,25,na
2019,LTER_4,Backreef,2,S3,4,20,8,16,0,56,25,na
2019,LTER_4,Backreef,2,S4,1,24,0,0,0,76,25,na
2019,LTER_4,Backreef,2,S4,2,24,0,36,0,40,25,na
2019,LTER_4,Backreef,2,S4,3,8,20,20,0,52,25,na
2019,LTER_4,Backreef,2,S4,4,20,12,12,0,56,25,na
2019,LTER_4,Backreef,2,S4,5,0,32,0,60,8,25,na
2019,LTER_4,Backreef,2,S5,1,52,16,12,0,20,25,na
2019,LTER_4,Backreef,2,S5,2,20,0,32,0,48,25,na
2019,LTER_4,Backreef,2,S5,3,0,0,16,0,84,25,na
2019,LTER_4,Backreef,2,S5,4,20,16,0,0,64,25,na
2019,LTER_4,Backreef,2,S5,5,16,24,20,0,40,25,na
2019,LTER_4,Backreef,2,W16,1,44,28,4,0,24,25,na
2019,LTER_4,Backreef,2,W16,2,40,0,0,0,60,25,na
2019,LTER_4,Backreef,2,W16,3,36,24,0,0,40,25,na
2019,LTER_4,Backreef,2,W16,4,8,4,56,0,32,25,na
2019,LTER_4,Backreef,2,W16,5,24,32,0,0,44,25,na
2019,LTER_4,Backreef,2,W17,1,24,12,16,0,48,25,na
2019,LTER_4,Backreef,2,W17,2,40,4,48,0,8,25,na
2019,LTER_4,Backreef,2,W17,3,0,16,72,0,12,25,na
2019,LTER_4,Backreef,2,W17,4,24,20,28,0,28,25,na
2019,LTER_4,Backreef,2,W17,5,60,4,0,0,36,25,na
2019,LTER_4,Backreef,2,W18,1,20,12,40,0,28,25,na
2019,LTER_4,Backreef,2,W18,2,36,4,36,0,24,25,na
2019,LTER_4,Backreef,2,W18,3,0,4,76,0,20,25,na
2019,LTER_4,Backreef,2,W18,4,48,12,0,0,40,25,na
2019,LTER_4,Backreef,2,W18,5,48,4,0,0,48,25,na
2019,LTER_4,Backreef,2,W19,1,24,0,56,0,20,25,na
2019,LTER_4,Backreef,2,W19,2,48,4,0,0,48,25,na
2019,LTER_4,Backreef,2,W19,3,16,4,52,0,28,25,na
2019,LTER_4,Backreef,2,W19,4,4,8,60,0,28,25,na
2019,LTER_4,Backreef,2,W19,5,32,0,12,0,56,25,na
2019,LTER_4,Backreef,2,W20,1,20,20,24,0,36,25,na
2019,LTER_4,Backreef,2,W20,2,40,0,0,0,60,25,na
2019,LTER_4,Backreef,2,W20,4,36,0,44,0,20,25,na
2019,LTER_4,Backreef,2,W20,5,64,20,0,0,16,25,na
2019,LTER_5,Backreef,2,E11,1,20,16,0,0,64,25,na
2019,LTER_5,Backreef,2,E11,2,76,0,4,0,20,25,na
2019,LTER_5,Backreef,2,E11,3,56,20,12,0,12,25,na
2019,LTER_5,Backreef,2,E11,4,32,8,20,20,20,25,na
2019,LTER_5,Backreef,2,E11,5,32,16,20,0,32,25,na
2019,LTER_5,Backreef,2,E12,1,0,4,40,0,56,25,na
2019,LTER_5,Backreef,2,E12,2,36,0,32,0,32,25,na
2019,LTER_5,Backreef,2,E12,3,8,12,0,0,80,25,na
2019,LTER_5,Backreef,2,E12,4,4,0,80,4,12,25,na
2019,LTER_5,Backreef,2,E12,5,20,0,36,0,44,25,na
2019,LTER_5,Backreef,2,E13,1,0,0,100,0,0,25,na
2019,LTER_5,Backreef,2,E13,2,8,0,92,0,0,25,na
2019,LTER_5,Backreef,2,E13,3,4,16,0,0,80,25,na
2019,LTER_5,Backreef,2,E13,4,0,0,48,0,52,25,na
2019,LTER_5,Backreef,2,E13,5,12,0,0,0,88,25,na
2019,LTER_5,Backreef,2,E14,1,0,0,100,0,0,25,na
2019,LTER_5,Backreef,2,E14,2,0,0,44,0,56,25,na
2019,LTER_5,Backreef,2,E14,3,16,4,44,0,36,25,na
2019,LTER_5,Backreef,2,E14,4,36,8,4,36,16,25,na
2019,LTER_5,Backreef,2,E14,5,32,4,8,0,56,25,na
2019,LTER_5,Backreef,2,E15,1,0,0,100,0,0,25,na
2019,LTER_5,Backreef,2,E15,2,56,0,12,0,32,25,na
2019,LTER_5,Backreef,2,E15,3,0,4,4,0,92,25,na
2019,LTER_5,Backreef,2,E15,4,20,0,20,0,60,25,na
2019,LTER_5,Backreef,2,E15,5,4,0,60,0,36,25,na
2019,LTER_5,Backreef,2,N10,1,8,0,0,0,92,25,na
2019,LTER_5,Backreef,2,N10,2,44,0,20,0,36,25,na
2019,LTER_5,Backreef,2,N10,3,92,0,8,0,0,25,na
2019,LTER_5,Backreef,2,N10,4,28,8,36,0,28,25,na
2019,LTER_5,Backreef,2,N10,5,0,0,68,8,24,25,na
2019,LTER_5,Backreef,2,N6,1,40,0,0,0,60,25,na
2019,LTER_5,Backreef,2,N6,2,40,0,28,0,32,25,na
2019,LTER_5,Backreef,2,N6,3,20,8,48,0,24,25,na
2019,LTER_5,Backreef,2,N6,4,16,0,24,8,52,25,na
2019,LTER_5,Backreef,2,N6,5,12,0,36,0,52,25,na
2019,LTER_5,Backreef,2,N7,2,0,0,76,0,24,25,na
2019,LTER_5,Backreef,2,N7,3,4,0,80,0,16,25,na
2019,LTER_5,Backreef,2,N7,4,24,4,0,0,72,25,na
2019,LTER_5,Backreef,2,N7,5,20,0,16,0,64,25,na
2019,LTER_5,Backreef,2,N8,1,4,28,0,0,68,25,na
2019,LTER_5,Backreef,2,N8,2,0,0,88,0,12,25,na
2019,LTER_5,Backreef,2,N8,3,0,0,48,0,52,25,na
2019,LTER_5,Backreef,2,N8,4,12,16,0,0,72,25,na
2019,LTER_5,Backreef,2,N8,5,32,0,8,0,60,25,na
2019,LTER_5,Backreef,2,N9,1,0,0,0,0,100,25,na
2019,LTER_5,Backreef,2,N9,2,8,0,88,0,4,25,na
2019,LTER_5,Backreef,2,N9,3,8,0,76,0,16,25,na
2019,LTER_5,Backreef,2,N9,4,40,4,12,0,44,25,na
2019,LTER_5,Backreef,2,N9,5,24,4,40,12,20,25,na
2019,LTER_5,Backreef,2,S1,1,84,0,0,0,16,25,na
2019,LTER_5,Backreef,2,S1,2,76,0,8,0,16,25,na
2019,LTER_5,Backreef,2,S1,3,24,16,36,0,24,25,na
2019,LTER_5,Backreef,2,S1,4,44,4,0,4,48,25,na
2019,LTER_5,Backreef,2,S1,5,16,8,36,0,40,25,na
2019,LTER_5,Backreef,2,S2,1,8,28,0,0,64,25,na
2019,LTER_5,Backreef,2,S2,2,16,0,4,0,80,25,na
2019,LTER_5,Backreef,2,S2,3,8,16,68,0,8,25,na
2019,LTER_5,Backreef,2,S2,4,4,0,20,8,68,25,na
2019,LTER_5,Backreef,2,S2,5,32,8,36,0,24,25,na
2019,LTER_5,Backreef,2,S3,1,36,8,4,0,52,25,na
2019,LTER_5,Backreef,2,S3,2,0,0,64,0,36,25,na
2019,LTER_5,Backreef,2,S3,3,20,0,64,0,16,25,na
2019,LTER_5,Backreef,2,S3,4,48,0,28,0,24,25,na
2019,LTER_5,Backreef,2,S3,5,48,0,0,0,52,25,na
2019,LTER_5,Backreef,2,S4,1,4,20,76,0,0,25,na
2019,LTER_5,Backreef,2,S4,2,4,0,60,0,36,25,na
2019,LTER_5,Backreef,2,S4,3,0,0,48,0,52,25,na
2019,LTER_5,Backreef,2,S4,4,16,0,56,0,28,25,na
2019,LTER_5,Backreef,2,S4,5,60,0,4,0,36,25,na
2019,LTER_5,Backreef,2,S5,1,0,0,72,0,28,25,na
2019,LTER_5,Backreef,2,S5,2,4,0,76,0,20,25,na
2019,LTER_5,Backreef,2,S5,3,16,0,76,0,8,25,na
2019,LTER_5,Backreef,2,S5,4,4,0,36,0,60,25,na
2019,LTER_5,Backreef,2,S5,5,4,0,0,0,96,25,na
2019,LTER_5,Backreef,2,W16,1,24,24,12,0,40,25,na
2019,LTER_5,Backreef,2,W16,2,0,0,80,0,20,25,na
2019,LTER_5,Backreef,2,W16,3,84,4,4,0,8,25,na
2019,LTER_5,Backreef,2,W16,4,4,12,68,8,8,25,na
2019,LTER_5,Backreef,2,W16,5,4,4,60,0,32,25,na
2019,LTER_5,Backreef,2,W17,1,32,4,4,0,60,25,na
2019,LTER_5,Backreef,2,W17,2,0,0,52,0,48,25,na
2019,LTER_5,Backreef,2,W17,3,24,32,16,0,28,25,na
2019,LTER_5,Backreef,2,W17,4,20,12,40,4,24,25,na
2019,LTER_5,Backreef,2,W17,5,40,0,28,0,32,25,na
2019,LTER_5,Backreef,2,W18,1,36,0,32,0,32,25,na
2019,LTER_5,Backreef,2,W18,2,0,0,100,0,0,25,na
2019,LTER_5,Backreef,2,W18,3,12,8,0,0,80,25,na
2019,LTER_5,Backreef,2,W18,4,24,20,4,0,52,25,na
2019,LTER_5,Backreef,2,W18,5,16,0,36,0,48,25,na
2019,LTER_5,Backreef,2,W19,1,0,0,68,0,32,25,na
2019,LTER_5,Backreef,2,W19,2,36,0,56,0,8,25,na
2019,LTER_5,Backreef,2,W19,3,32,8,0,0,60,25,na
2019,LTER_5,Backreef,2,W19,4,16,12,4,0,68,25,na
2019,LTER_5,Backreef,2,W19,5,0,0,36,0,64,25,na
2019,LTER_5,Backreef,2,W20,1,4,16,4,0,76,25,na
2019,LTER_5,Backreef,2,W20,2,60,8,32,0,0,25,na
2019,LTER_5,Backreef,2,W20,4,24,24,0,0,52,25,na
2019,LTER_5,Backreef,2,W20,5,12,0,0,8,80,25,na
2019,LTER_6,Backreef,2,E11,1,32,4,8,0,56,25,na
2019,LTER_6,Backreef,2,E11,2,40,0,12,0,48,25,na
2019,LTER_6,Backreef,2,E11,3,36,20,0,0,44,25,na
2019,LTER_6,Backreef,2,E11,4,16,0,8,0,76,25,na
2019,LTER_6,Backreef,2,E11,5,52,0,28,0,20,25,na
2019,LTER_6,Backreef,2,E12,1,24,0,4,0,72,25,na
2019,LTER_6,Backreef,2,E12,2,40,0,12,0,48,25,na
2019,LTER_6,Backreef,2,E12,3,12,20,0,0,68,25,na
2019,LTER_6,Backreef,2,E12,4,20,0,0,0,80,25,na
2019,LTER_6,Backreef,2,E12,5,92,8,0,0,0,25,na
2019,LTER_6,Backreef,2,E13,1,32,8,4,0,56,25,na
2019,LTER_6,Backreef,2,E13,2,76,0,0,0,24,25,na
2019,LTER_6,Backreef,2,E13,3,8,0,0,0,92,25,na
2019,LTER_6,Backreef,2,E13,4,16,0,4,4,76,25,na
2019,LTER_6,Backreef,2,E13,5,72,0,0,0,28,25,na
2019,LTER_6,Backreef,2,E14,1,76,8,0,0,16,25,na
2019,LTER_6,Backreef,2,E14,2,56,4,0,0,40,25,na
2019,LTER_6,Backreef,2,E14,3,0,0,0,0,100,25,na
2019,LTER_6,Backreef,2,E14,4,44,0,8,0,48,25,na
2019,LTER_6,Backreef,2,E14,5,20,0,24,0,56,25,na
2019,LTER_6,Backreef,2,E15,1,48,0,40,0,12,25,na
2019,LTER_6,Backreef,2,E15,2,88,0,4,0,8,25,na
2019,LTER_6,Backreef,2,E15,3,16,0,40,0,44,25,na
2019,LTER_6,Backreef,2,E15,4,72,4,0,0,24,25,na
2019,LTER_6,Backreef,2,E15,5,28,0,44,0,28,25,na
2019,LTER_6,Backreef,2,N10,1,16,0,16,0,68,25,na
2019,LTER_6,Backreef,2,N10,2,0,0,76,0,24,25,na
2019,LTER_6,Backreef,2,N10,3,20,12,4,0,64,25,na
2019,LTER_6,Backreef,2,N10,4,8,4,56,0,32,25,na
2019,LTER_6,Backreef,2,N10,5,32,0,20,24,24,25,na
2019,LTER_6,Backreef,2,N6,1,60,12,4,0,24,25,na
2019,LTER_6,Backreef,2,N6,2,28,0,28,0,44,25,na
2019,LTER_6,Backreef,2,N6,3,24,24,0,0,52,25,na
2019,LTER_6,Backreef,2,N6,4,4,0,28,0,68,25,na
2019,LTER_6,Backreef,2,N6,5,36,16,16,0,32,25,na
2019,LTER_6,Backreef,2,N7,1,16,0,56,0,28,25,na
2019,LTER_6,Backreef,2,N7,2,28,0,12,0,60,25,na
2019,LTER_6,Backreef,2,N7,3,20,0,52,0,28,25,na
2019,LTER_6,Backreef,2,N7,4,44,4,44,0,8,25,na
2019,LTER_6,Backreef,2,N7,5,0,0,40,0,60,25,na
2019,LTER_6,Backreef,2,N8,1,4,4,24,0,68,25,na
2019,LTER_6,Backreef,2,N8,2,4,0,36,0,60,25,na
2019,LTER_6,Backreef,2,N8,3,20,0,12,0,68,25,na
2019,LTER_6,Backreef,2,N8,4,8,0,36,0,56,25,na
2019,LTER_6,Backreef,2,N8,5,4,0,12,0,84,25,na
2019,LTER_6,Backreef,2,N9,1,8,0,0,0,92,25,na
2019,LTER_6,Backreef,2,N9,2,16,8,48,0,28,25,na
2019,LTER_6,Backreef,2,N9,3,16,4,32,0,48,25,na
2019,LTER_6,Backreef,2,N9,4,0,0,40,0,60,25,na
2019,LTER_6,Backreef,2,N9,5,4,0,8,44,44,25,na
2019,LTER_6,Backreef,2,S1,1,28,0,24,0,48,25,na
2019,LTER_6,Backreef,2,S1,2,16,0,4,0,80,25,na
2019,LTER_6,Backreef,2,S1,3,28,24,0,0,48,25,na
2019,LTER_6,Backreef,2,S1,4,36,4,12,0,48,25,na
2019,LTER_6,Backreef,2,S1,5,60,0,0,0,40,25,na
2019,LTER_6,Backreef,2,S2,1,24,0,4,0,72,25,na
2019,LTER_6,Backreef,2,S2,2,28,0,0,0,72,25,na
2019,LTER_6,Backreef,2,S2,3,20,0,40,0,40,25,na
2019,LTER_6,Backreef,2,S2,4,20,8,12,0,60,25,na
2019,LTER_6,Backreef,2,S2,5,56,0,0,0,44,25,na
2019,LTER_6,Backreef,2,S3,1,20,0,0,0,80,25,na
2019,LTER_6,Backreef,2,S3,2,4,0,0,0,96,25,na
2019,LTER_6,Backreef,2,S3,3,16,0,72,0,12,25,na
2019,LTER_6,Backreef,2,S3,4,24,0,0,0,76,25,na
2019,LTER_6,Backreef,2,S3,5,60,0,0,0,40,25,na
2019,LTER_6,Backreef,2,S4,1,56,0,0,0,44,25,na
2019,LTER_6,Backreef,2,S4,2,32,12,0,0,56,25,na
2019,LTER_6,Backreef,2,S4,3,16,0,68,0,16,25,na
2019,LTER_6,Backreef,2,S4,4,44,0,0,0,56,25,na
2019,LTER_6,Backreef,2,S4,5,36,0,4,0,60,25,na
2019,LTER_6,Backreef,2,S5,1,44,0,40,0,16,25,na
2019,LTER_6,Backreef,2,S5,2,20,0,0,0,80,25,na
2019,LTER_6,Backreef,2,S5,3,4,0,48,0,48,25,na
2019,LTER_6,Backreef,2,S5,4,40,4,0,0,56,25,na
2019,LTER_6,Backreef,2,S5,5,16,8,24,0,52,25,na
2019,LTER_6,Backreef,2,W16,1,32,8,8,0,52,25,na
2019,LTER_6,Backreef,2,W16,2,0,0,8,0,92,25,na
2019,LTER_6,Backreef,2,W16,3,44,0,8,0,48,25,na
2019,LTER_6,Backreef,2,W16,4,64,28,0,0,8,25,na
2019,LTER_6,Backreef,2,W16,5,24,0,0,0,76,25,na
2019,LTER_6,Backreef,2,W17,1,40,0,4,0,56,25,na
2019,LTER_6,Backreef,2,W17,2,28,0,36,0,36,25,na
2019,LTER_6,Backreef,2,W17,3,0,0,92,0,8,25,na
2019,LTER_6,Backreef,2,W17,4,16,0,0,0,84,25,na
2019,LTER_6,Backreef,2,W17,5,36,0,0,0,64,25,na
2019,LTER_6,Backreef,2,W18,1,48,0,16,0,36,25,na
2019,LTER_6,Backreef,2,W18,2,32,4,36,0,28,25,na
2019,LTER_6,Backreef,2,W18,3,4,0,76,0,20,25,na
2019,LTER_6,Backreef,2,W18,4,24,0,0,0,76,25,na
2019,LTER_6,Backreef,2,W18,5,48,4,0,0,48,25,na
2019,LTER_6,Backreef,2,W19,1,8,0,52,0,40,25,na
2019,LTER_6,Backreef,2,W19,2,0,0,40,0,60,25,na
2019,LTER_6,Backreef,2,W19,3,40,0,28,0,32,25,na
2019,LTER_6,Backreef,2,W19,4,44,16,0,0,40,25,na
2019,LTER_6,Backreef,2,W19,5,48,0,20,0,32,25,na
2019,LTER_6,Backreef,2,W20,1,4,0,84,0,12,25,na
2019,LTER_6,Backreef,2,W20,2,8,4,64,0,24,25,na
2019,LTER_6,Backreef,2,W20,3,4,4,0,0,92,25,na
2019,LTER_6,Backreef,2,W20,4,64,4,4,0,28,25,na
2019,LTER_6,Backreef,2,W20,5,0,0,100,0,0,25,na
2020,LTER_1,Backreef,2,E11,1,0,48,0,0,52,25,na
2020,LTER_1,Backreef,2,E11,2,0,12,0,0,88,25,na
2020,LTER_1,Backreef,2,E11,3,0,64,0,0,36,25,na
2020,LTER_1,Backreef,2,E11,4,20,40,0,0,40,25,na
2020,LTER_1,Backreef,2,E11,5,0,4,8,0,88,25,na
2020,LTER_1,Backreef,2,E12,1,4,76,0,0,20,25,na
2020,LTER_1,Backreef,2,E12,2,4,32,0,0,64,25,na
2020,LTER_1,Backreef,2,E12,3,0,44,4,0,52,25,na
2020,LTER_1,Backreef,2,E12,4,4,48,8,0,40,25,na
2020,LTER_1,Backreef,2,E12,5,0,8,48,0,44,25,na
2020,LTER_1,Backreef,2,E13,1,20,68,0,0,12,25,na
2020,LTER_1,Backreef,2,E13,2,32,52,0,0,16,25,na
2020,LTER_1,Backreef,2,E13,3,0,8,8,0,84,25,na
2020,LTER_1,Backreef,2,E13,4,4,12,12,0,72,25,na
2020,LTER_1,Backreef,2,E13,5,12,8,0,0,80,25,na
2020,LTER_1,Backreef,2,E14,1,8,64,0,0,28,25,na
2020,LTER_1,Backreef,2,E14,2,24,36,0,0,40,25,na
2020,LTER_1,Backreef,2,E14,3,0,4,0,0,96,25,na
2020,LTER_1,Backreef,2,E14,4,8,4,0,0,88,25,na
2020,LTER_1,Backreef,2,E14,5,8,28,0,0,64,25,na
2020,LTER_1,Backreef,2,E15,1,4,68,0,0,28,25,na
2020,LTER_1,Backreef,2,E15,2,0,0,0,0,100,25,na
2020,LTER_1,Backreef,2,E15,3,0,0,0,0,100,25,na
2020,LTER_1,Backreef,2,E15,4,0,8,0,0,92,25,na
2020,LTER_1,Backreef,2,E15,5,8,8,12,0,72,25,na
2020,LTER_1,Backreef,2,N10,1,8,20,0,0,72,25,na
2020,LTER_1,Backreef,2,N10,2,4,32,0,0,64,25,na
2020,LTER_1,Backreef,2,N10,3,0,0,0,0,100,25,na
2020,LTER_1,Backreef,2,N10,4,28,32,0,0,40,25,na
2020,LTER_1,Backreef,2,N10,5,24,0,0,0,76,25,na
2020,LTER_1,Backreef,2,N6,1,4,36,0,0,60,25,na
2020,LTER_1,Backreef,2,N6,2,0,32,0,0,68,25,na
2020,LTER_1,Backreef,2,N6,3,0,88,0,0,12,25,na
2020,LTER_1,Backreef,2,N6,4,12,28,0,0,60,25,na
2020,LTER_1,Backreef,2,N6,5,4,4,0,0,92,25,na
2020,LTER_1,Backreef,2,N7,1,40,28,0,0,32,25,na
2020,LTER_1,Backreef,2,N7,2,8,32,0,0,60,25,na
2020,LTER_1,Backreef,2,N7,3,4,44,0,0,52,25,na
2020,LTER_1,Backreef,2,N7,4,12,4,28,0,56,25,na
2020,LTER_1,Backreef,2,N7,5,64,8,28,0,0,25,na
2020,LTER_1,Backreef,2,N8,1,16,36,0,0,48,25,na
2020,LTER_1,Backreef,2,N8,2,12,24,0,0,64,25,na
2020,LTER_1,Backreef,2,N8,3,0,0,0,0,100,25,na
2020,LTER_1,Backreef,2,N8,4,0,8,36,0,56,25,na
2020,LTER_1,Backreef,2,N8,5,24,12,12,0,52,25,na
2020,LTER_1,Backreef,2,N9,1,4,36,0,0,60,25,na
2020,LTER_1,Backreef,2,N9,2,0,92,0,0,8,25,na
2020,LTER_1,Backreef,2,N9,3,0,0,0,0,100,25,na
2020,LTER_1,Backreef,2,N9,4,20,24,8,0,48,25,na
2020,LTER_1,Backreef,2,N9,5,56,12,4,0,28,25,na
2020,LTER_1,Backreef,2,S1,1,0,100,0,0,0,25,na
2020,LTER_1,Backreef,2,S1,2,40,12,0,0,48,25,na
2020,LTER_1,Backreef,2,S1,3,0,88,0,0,12,25,na
2020,LTER_1,Backreef,2,S1,4,0,4,8,0,88,25,na
2020,LTER_1,Backreef,2,S1,5,8,0,0,0,92,25,na
2020,LTER_1,Backreef,2,S2,1,0,56,0,0,44,25,na
2020,LTER_1,Backreef,2,S2,2,16,4,4,0,76,25,na
2020,LTER_1,Backreef,2,S2,3,0,88,8,0,4,25,na
2020,LTER_1,Backreef,2,S2,4,4,0,8,0,88,25,na
2020,LTER_1,Backreef,2,S2,5,0,0,32,0,68,25,na
2020,LTER_1,Backreef,2,S3,1,0,16,28,0,56,25,na
2020,LTER_1,Backreef,2,S3,2,40,4,8,0,48,25,na
2020,LTER_1,Backreef,2,S3,3,0,44,32,0,24,25,na
2020,LTER_1,Backreef,2,S3,4,12,4,0,0,84,25,na
2020,LTER_1,Backreef,2,S3,5,0,0,100,0,0,25,na
2020,LTER_1,Backreef,2,S4,1,0,4,36,0,60,25,na
2020,LTER_1,Backreef,2,S4,2,8,80,0,0,12,25,na
2020,LTER_1,Backreef,2,S4,3,0,12,16,0,72,25,na
2020,LTER_1,Backreef,2,S4,4,0,20,0,0,80,25,na
2020,LTER_1,Backreef,2,S4,5,0,0,100,0,0,25,na
2020,LTER_1,Backreef,2,S5,1,0,8,60,0,32,25,na
2020,LTER_1,Backreef,2,S5,2,20,60,0,0,20,25,na
2020,LTER_1,Backreef,2,S5,3,0,0,16,0,84,25,na
2020,LTER_1,Backreef,2,S5,4,8,12,8,0,72,25,na
2020,LTER_1,Backreef,2,S5,5,0,0,96,0,4,25,na
2020,LTER_1,Backreef,2,W16,1,4,40,0,0,56,25,na
2020,LTER_1,Backreef,2,W16,2,32,44,0,0,24,25,na
2020,LTER_1,Backreef,2,W16,3,0,44,0,0,56,25,na
2020,LTER_1,Backreef,2,W16,4,28,32,0,0,40,25,na
2020,LTER_1,Backreef,2,W16,5,0,4,48,0,48,25,na
2020,LTER_1,Backreef,2,W17,1,20,20,4,0,56,25,na
2020,LTER_1,Backreef,2,W17,2,4,32,20,0,44,25,na
2020,LTER_1,Backreef,2,W17,3,0,8,12,0,80,25,na
2020,LTER_1,Backreef,2,W17,4,8,4,28,0,60,25,na
2020,LTER_1,Backreef,2,W17,5,0,4,24,0,72,25,na
2020,LTER_1,Backreef,2,W18,1,20,20,20,0,40,25,na
2020,LTER_1,Backreef,2,W18,2,0,0,44,0,56,25,na
2020,LTER_1,Backreef,2,W18,3,12,4,0,0,84,25,na
2020,LTER_1,Backreef,2,W18,4,12,8,8,0,72,25,na
2020,LTER_1,Backreef,2,W18,5,4,0,8,0,88,25,na
2020,LTER_1,Backreef,2,W19,1,8,12,24,0,56,25,na
2020,LTER_1,Backreef,2,W19,2,8,0,84,0,8,25,na
2020,LTER_1,Backreef,2,W19,3,0,0,0,0,100,25,na
2020,LTER_1,Backreef,2,W19,4,0,12,28,0,60,25,na
2020,LTER_1,Backreef,2,W19,5,4,8,0,0,88,25,na
2020,LTER_1,Backreef,2,W20,1,8,20,0,0,72,25,na
2020,LTER_1,Backreef,2,W20,2,8,8,8,0,76,25,na
2020,LTER_1,Backreef,2,W20,3,0,0,0,0,100,25,na
2020,LTER_1,Backreef,2,W20,4,56,8,4,0,32,25,na
2020,LTER_1,Backreef,2,W20,5,4,0,0,0,96,25,na
2020,LTER_2,Backreef,2,E11,1,0,60,0,0,40,25,na
2020,LTER_2,Backreef,2,E11,2,0,4,24,0,72,25,na
2020,LTER_2,Backreef,2,E11,3,0,28,0,0,72,25,na
2020,LTER_2,Backreef,2,E11,4,16,0,0,0,84,25,na
2020,LTER_2,Backreef,2,E11,5,0,24,4,0,72,25,na
2020,LTER_2,Backreef,2,E12,1,4,32,0,0,64,25,na
2020,LTER_2,Backreef,2,E12,2,20,4,8,0,68,25,na
2020,LTER_2,Backreef,2,E12,3,0,64,0,0,36,25,na
2020,LTER_2,Backreef,2,E12,4,28,0,0,0,72,25,na
2020,LTER_2,Backreef,2,E12,5,0,64,0,0,36,25,na
2020,LTER_2,Backreef,2,E13,1,4,8,40,0,48,25,na
2020,LTER_2,Backreef,2,E13,2,4,24,28,0,44,25,na
2020,LTER_2,Backreef,2,E13,3,0,32,0,0,68,25,na
2020,LTER_2,Backreef,2,E13,4,40,4,52,0,4,25,na
2020,LTER_2,Backreef,2,E13,5,0,100,0,0,0,25,na
2020,LTER_2,Backreef,2,E14,1,4,16,0,0,80,25,na
2020,LTER_2,Backreef,2,E14,2,0,48,0,0,52,25,na
2020,LTER_2,Backreef,2,E14,3,0,20,0,0,80,25,na
2020,LTER_2,Backreef,2,E14,4,24,0,4,0,72,25,na
2020,LTER_2,Backreef,2,E15,1,0,4,32,0,64,25,na
2020,LTER_2,Backreef,2,E15,2,0,80,4,0,16,25,na
2020,LTER_2,Backreef,2,E15,3,0,52,0,0,48,25,na
2020,LTER_2,Backreef,2,E15,4,0,0,92,0,8,25,na
2020,LTER_2,Backreef,2,N10,1,0,0,93,0,7,15,some sub squares omitted
2020,LTER_2,Backreef,2,N10,2,0,48,32,0,20,25,na
2020,LTER_2,Backreef,2,N10,3,0,0,0,0,100,25,na
2020,LTER_2,Backreef,2,N10,4,40,4,4,0,52,25,na
2020,LTER_2,Backreef,2,N10,5,0,52,0,0,48,25,na
2020,LTER_2,Backreef,2,N6,1,0,8,52,0,40,25,na
2020,LTER_2,Backreef,2,N6,2,8,24,20,0,48,25,na
2020,LTER_2,Backreef,2,N6,3,4,16,0,0,80,25,na
2020,LTER_2,Backreef,2,N6,4,16,0,16,0,68,25,na
2020,LTER_2,Backreef,2,N6,5,0,0,12,0,88,25,na
2020,LTER_2,Backreef,2,N7,1,4,8,44,0,44,25,na
2020,LTER_2,Backreef,2,N7,2,4,24,24,0,48,25,na
2020,LTER_2,Backreef,2,N7,3,0,12,0,0,88,25,na
2020,LTER_2,Backreef,2,N7,4,0,4,64,0,32,25,na
2020,LTER_2,Backreef,2,N7,5,0,0,28,0,72,25,na
2020,LTER_2,Backreef,2,N8,1,0,20,52,0,28,25,na
2020,LTER_2,Backreef,2,N8,2,28,28,0,0,44,25,na
2020,LTER_2,Backreef,2,N8,3,0,0,0,0,100,25,na
2020,LTER_2,Backreef,2,N8,4,0,12,20,0,68,25,na
2020,LTER_2,Backreef,2,N8,5,0,8,8,0,84,25,na
2020,LTER_2,Backreef,2,N9,1,0,4,32,0,64,25,na
2020,LTER_2,Backreef,2,N9,2,0,44,0,0,56,25,na
2020,LTER_2,Backreef,2,N9,3,0,12,0,0,88,25,na
2020,LTER_2,Backreef,2,N9,4,40,4,48,0,8,25,na
2020,LTER_2,Backreef,2,N9,5,0,16,16,0,68,25,na
2020,LTER_2,Backreef,2,S1,1,0,76,12,0,12,25,na
2020,LTER_2,Backreef,2,S1,2,0,32,4,0,64,25,na
2020,LTER_2,Backreef,2,S1,3,0,80,0,0,20,25,na
2020,LTER_2,Backreef,2,S1,4,32,0,0,0,68,25,na
2020,LTER_2,Backreef,2,S1,5,0,12,64,0,24,25,na
2020,LTER_2,Backreef,2,S2,1,0,25,25,0,50,24,some sub squares omitted
2020,LTER_2,Backreef,2,S2,2,0,8,88,0,4,25,na
2020,LTER_2,Backreef,2,S2,3,0,32,8,0,60,25,na
2020,LTER_2,Backreef,2,S2,4,32,0,32,0,36,25,na
2020,LTER_2,Backreef,2,S2,5,0,8,44,0,48,25,na
2020,LTER_2,Backreef,2,S3,1,0,20,12,0,68,25,na
2020,LTER_2,Backreef,2,S3,2,0,0,100,0,0,25,na
2020,LTER_2,Backreef,2,S3,3,8,56,0,0,36,25,na
2020,LTER_2,Backreef,2,S3,4,0,0,96,0,4,25,na
2020,LTER_2,Backreef,2,S3,5,0,0,88,0,12,25,na
2020,LTER_2,Backreef,2,S4,1,0,4,28,0,68,25,na
2020,LTER_2,Backreef,2,S4,2,16,0,68,0,16,25,na
2020,LTER_2,Backreef,2,S4,3,0,36,28,0,36,25,na
2020,LTER_2,Backreef,2,S4,4,0,0,96,0,4,25,na
2020,LTER_2,Backreef,2,S4,5,0,0,32,0,68,25,na
2020,LTER_2,Backreef,2,S5,1,4,0,44,0,52,25,na
2020,LTER_2,Backreef,2,S5,2,24,8,0,0,68,25,na
2020,LTER_2,Backreef,2,S5,3,0,32,16,0,52,25,na
2020,LTER_2,Backreef,2,S5,4,92,4,0,0,4,25,na
2020,LTER_2,Backreef,2,S5,5,0,0,48,0,52,25,na
2020,LTER_2,Backreef,2,W16,1,0,28,24,0,48,25,na
2020,LTER_2,Backreef,2,W16,2,12,12,0,0,76,25,na
2020,LTER_2,Backreef,2,W16,3,20,0,0,0,80,25,na
2020,LTER_2,Backreef,2,W16,4,48,4,4,0,44,25,na
2020,LTER_2,Backreef,2,W16,5,0,12,0,0,88,25,na
2020,LTER_2,Backreef,2,W17,1,0,96,0,0,4,25,na
2020,LTER_2,Backreef,2,W17,2,0,32,0,0,68,25,na
2020,LTER_2,Backreef,2,W17,3,0,60,8,0,32,25,na
2020,LTER_2,Backreef,2,W17,4,4,12,44,0,40,25,na
2020,LTER_2,Backreef,2,W17,5,0,8,32,0,60,25,na
2020,LTER_2,Backreef,2,W18,1,0,92,0,0,8,25,na
2020,LTER_2,Backreef,2,W18,2,4,12,0,0,84,25,na
2020,LTER_2,Backreef,2,W18,3,0,48,24,0,28,25,na
2020,LTER_2,Backreef,2,W18,4,0,8,72,0,20,25,na
2020,LTER_2,Backreef,2,W18,5,0,0,68,0,32,25,na
2020,LTER_2,Backreef,2,W19,1,0,40,8,0,52,25,na
2020,LTER_2,Backreef,2,W19,2,0,12,16,0,72,25,na
2020,LTER_2,Backreef,2,W19,3,0,12,52,0,36,25,na
2020,LTER_2,Backreef,2,W19,4,0,12,76,0,12,25,na
2020,LTER_2,Backreef,2,W19,5,0,0,76,0,24,25,na
2020,LTER_2,Backreef,2,W20,1,0,0,64,0,36,25,na
2020,LTER_2,Backreef,2,W20,2,0,24,48,0,28,25,na
2020,LTER_2,Backreef,2,W20,3,0,0,28,0,72,25,na
2020,LTER_2,Backreef,2,W20,4,0,0,100,0,0,25,na
2020,LTER_2,Backreef,2,W20,5,0,0,52,0,48,25,na
2020,LTER_3,Backreef,2,E11,1,16,12,8,0,64,25,na
2020,LTER_3,Backreef,2,E11,2,16,0,0,0,84,25,na
2020,LTER_3,Backreef,2,E11,3,16,0,0,0,84,25,na
2020,LTER_3,Backreef,2,E11,4,8,0,16,0,76,25,na
2020,LTER_3,Backreef,2,E12,1,20,8,0,0,72,25,na
2020,LTER_3,Backreef,2,E12,2,16,0,0,0,84,25,na
2020,LTER_3,Backreef,2,E12,3,40,0,16,0,44,25,na
2020,LTER_3,Backreef,2,E12,4,12,4,8,0,76,25,na
2020,LTER_3,Backreef,2,E13,1,4,12,0,0,84,25,na
2020,LTER_3,Backreef,2,E13,2,16,0,40,0,44,25,na
2020,LTER_3,Backreef,2,E13,3,12,0,76,0,12,25,na
2020,LTER_3,Backreef,2,E13,4,24,12,0,0,64,25,na
2020,LTER_3,Backreef,2,E13,5,0,28,0,0,72,25,na
2020,LTER_3,Backreef,2,E14,1,4,0,4,0,92,25,na
2020,LTER_3,Backreef,2,E14,2,0,0,64,0,36,25,na
2020,LTER_3,Backreef,2,E14,3,20,4,24,0,52,25,na
2020,LTER_3,Backreef,2,E14,4,28,0,60,0,12,25,na
2020,LTER_3,Backreef,2,E14,5,48,24,0,0,28,25,na
2020,LTER_3,Backreef,2,E15,1,4,4,32,0,60,25,na
2020,LTER_3,Backreef,2,E15,2,32,48,0,0,20,25,na
2020,LTER_3,Backreef,2,E15,3,32,0,64,0,4,25,na
2020,LTER_3,Backreef,2,E15,4,12,12,12,0,64,25,na
2020,LTER_3,Backreef,2,E15,5,8,16,52,0,24,25,na
2020,LTER_3,Backreef,2,N10,1,0,8,8,0,84,25,na
2020,LTER_3,Backreef,2,N10,2,96,0,0,0,4,25,na
2020,LTER_3,Backreef,2,N10,3,4,0,8,0,88,25,na
2020,LTER_3,Backreef,2,N10,4,8,52,0,0,40,25,na
2020,LTER_3,Backreef,2,N10,5,4,0,76,0,20,25,na
2020,LTER_3,Backreef,2,N6,1,20,4,0,0,76,25,na
2020,LTER_3,Backreef,2,N6,2,12,0,8,0,80,25,na
2020,LTER_3,Backreef,2,N6,3,4,0,0,0,96,25,na
2020,LTER_3,Backreef,2,N6,4,28,0,0,0,72,25,na
2020,LTER_3,Backreef,2,N6,5,16,44,0,0,40,25,na
2020,LTER_3,Backreef,2,N7,1,32,0,32,0,36,25,na
2020,LTER_3,Backreef,2,N7,2,20,0,16,0,64,25,na
2020,LTER_3,Backreef,2,N7,3,0,0,4,0,96,25,na
2020,LTER_3,Backreef,2,N7,4,16,0,4,0,80,25,na
2020,LTER_3,Backreef,2,N7,5,60,8,8,0,24,25,na
2020,LTER_3,Backreef,2,N8,1,12,0,60,0,28,25,na
2020,LTER_3,Backreef,2,N8,2,12,0,72,0,16,25,na
2020,LTER_3,Backreef,2,N8,3,24,0,12,0,64,25,na
2020,LTER_3,Backreef,2,N8,4,16,16,4,0,64,25,na
2020,LTER_3,Backreef,2,N8,5,12,68,0,0,20,25,na
2020,LTER_3,Backreef,2,N9,1,8,0,12,0,80,25,na
2020,LTER_3,Backreef,2,N9,2,32,4,40,0,24,25,na
2020,LTER_3,Backreef,2,N9,3,4,0,84,0,12,25,na
2020,LTER_3,Backreef,2,N9,4,4,32,4,0,60,25,na
2020,LTER_3,Backreef,2,N9,5,44,12,24,0,20,25,na
2020,LTER_3,Backreef,2,S1,1,64,0,28,0,8,25,na
2020,LTER_3,Backreef,2,S1,2,8,0,16,0,76,25,na
2020,LTER_3,Backreef,2,S1,3,8,16,12,0,64,25,na
2020,LTER_3,Backreef,2,S1,4,8,0,48,0,44,25,na
2020,LTER_3,Backreef,2,S1,5,24,0,36,0,40,25,na
2020,LTER_3,Backreef,2,S2,1,4,24,0,0,72,25,na
2020,LTER_3,Backreef,2,S2,2,24,0,48,0,28,25,na
2020,LTER_3,Backreef,2,S2,3,12,0,8,0,80,25,na
2020,LTER_3,Backreef,2,S2,4,32,0,0,0,68,25,na
2020,LTER_3,Backreef,2,S2,5,16,4,20,0,60,25,na
2020,LTER_3,Backreef,2,S3,1,19,5,0,0,76,21,some sub squares omitted
2020,LTER_3,Backreef,2,S3,2,8,8,44,0,40,25,na
2020,LTER_3,Backreef,2,S3,3,8,8,68,0,16,25,na
2020,LTER_3,Backreef,2,S3,4,0,20,64,0,16,25,na
2020,LTER_3,Backreef,2,S3,5,0,0,40,0,60,25,na
2020,LTER_3,Backreef,2,S4,1,5,10,5,0,81,21,some sub squares omitted
2020,LTER_3,Backreef,2,S4,2,32,8,12,0,48,25,na
2020,LTER_3,Backreef,2,S4,3,0,0,88,0,12,25,na
2020,LTER_3,Backreef,2,S4,4,8,0,80,0,12,25,na
2020,LTER_3,Backreef,2,S4,5,0,0,84,0,16,25,na
2020,LTER_3,Backreef,2,S5,1,0,20,36,0,44,25,na
2020,LTER_3,Backreef,2,S5,2,0,0,72,0,28,25,na
2020,LTER_3,Backreef,2,S5,3,48,0,0,0,52,25,na
2020,LTER_3,Backreef,2,S5,4,0,0,8,0,92,25,na
2020,LTER_3,Backreef,2,S5,5,0,0,84,0,16,25,na
2020,LTER_3,Backreef,2,W16,1,20,12,32,0,36,25,na
2020,LTER_3,Backreef,2,W16,2,4,0,8,0,88,25,na
2020,LTER_3,Backreef,2,W16,3,12,0,48,0,40,25,na
2020,LTER_3,Backreef,2,W16,4,4,0,4,0,92,25,na
2020,LTER_3,Backreef,2,W17,1,4,8,48,0,40,25,na
2020,LTER_3,Backreef,2,W17,2,4,4,32,0,60,25,na
2020,LTER_3,Backreef,2,W17,3,8,4,16,0,72,25,na
2020,LTER_3,Backreef,2,W17,4,0,80,0,0,20,25,na
2020,LTER_3,Backreef,2,W17,5,0,0,100,0,0,25,na
2020,LTER_3,Backreef,2,W18,1,4,0,76,0,20,25,na
2020,LTER_3,Backreef,2,W18,2,0,0,0,0,100,25,na
2020,LTER_3,Backreef,2,W18,3,0,32,12,0,56,25,na
2020,LTER_3,Backreef,2,W18,4,40,44,16,0,0,25,na
2020,LTER_3,Backreef,2,W18,5,0,0,100,0,0,25,na
2020,LTER_3,Backreef,2,W19,1,16,0,44,0,40,25,na
2020,LTER_3,Backreef,2,W19,2,4,0,16,0,80,25,na
2020,LTER_3,Backreef,2,W19,3,0,12,28,0,60,25,na
2020,LTER_3,Backreef,2,W19,4,20,28,20,0,32,25,na
2020,LTER_3,Backreef,2,W19,5,12,0,88,0,0,25,na
2020,LTER_3,Backreef,2,W20,1,4,0,36,0,60,25,na
2020,LTER_3,Backreef,2,W20,2,0,0,100,0,0,25,na
2020,LTER_3,Backreef,2,W20,3,12,8,0,0,80,25,na
2020,LTER_3,Backreef,2,W20,4,68,4,4,0,24,25,na
2020,LTER_3,Backreef,2,W20,5,0,0,60,0,40,25,na
2020,LTER_4,Backreef,2,E11,1,64,0,0,0,36,25,na
2020,LTER_4,Backreef,2,E11,2,36,20,0,0,44,25,na
2020,LTER_4,Backreef,2,E11,3,64,0,0,0,36,25,na
2020,LTER_4,Backreef,2,E11,4,48,4,0,0,48,25,na
2020,LTER_4,Backreef,2,E11,5,4,60,0,0,36,25,na
2020,LTER_4,Backreef,2,E12,1,60,4,0,0,36,25,na
2020,LTER_4,Backreef,2,E12,2,72,0,0,0,28,25,na
2020,LTER_4,Backreef,2,E12,3,56,16,0,0,28,25,na
2020,LTER_4,Backreef,2,E12,4,24,0,4,0,72,25,na
2020,LTER_4,Backreef,2,E12,5,52,4,0,0,44,25,na
2020,LTER_4,Backreef,2,E13,1,16,4,4,0,76,25,na
2020,LTER_4,Backreef,2,E13,2,40,4,4,0,52,25,na
2020,LTER_4,Backreef,2,E13,3,44,12,0,0,44,25,na
2020,LTER_4,Backreef,2,E13,4,44,0,24,0,32,25,na
2020,LTER_4,Backreef,2,E13,5,16,0,0,0,84,25,na
2020,LTER_4,Backreef,2,E14,1,48,0,20,0,32,25,na
2020,LTER_4,Backreef,2,E14,2,20,0,0,0,80,25,na
2020,LTER_4,Backreef,2,E14,3,84,0,0,0,16,25,na
2020,LTER_4,Backreef,2,E14,4,28,0,0,0,72,25,na
2020,LTER_4,Backreef,2,E14,5,28,4,0,0,68,25,na
2020,LTER_4,Backreef,2,E15,1,36,0,12,0,52,25,na
2020,LTER_4,Backreef,2,E15,2,56,0,24,0,20,25,na
2020,LTER_4,Backreef,2,E15,3,12,0,16,0,72,25,na
2020,LTER_4,Backreef,2,E15,4,28,0,20,0,52,25,na
2020,LTER_4,Backreef,2,E15,5,76,4,0,0,20,25,na
2020,LTER_4,Backreef,2,N10,1,28,4,8,0,60,25,na
2020,LTER_4,Backreef,2,N10,2,40,8,0,0,52,25,na
2020,LTER_4,Backreef,2,N10,3,0,0,60,0,40,25,na
2020,LTER_4,Backreef,2,N10,4,0,0,92,0,8,25,na
2020,LTER_4,Backreef,2,N10,5,8,16,12,0,64,25,na
2020,LTER_4,Backreef,2,N6,1,56,8,0,0,36,25,na
2020,LTER_4,Backreef,2,N6,2,28,8,0,0,64,25,na
2020,LTER_4,Backreef,2,N6,3,56,8,0,0,36,25,na
2020,LTER_4,Backreef,2,N6,4,24,4,12,0,60,25,na
2020,LTER_4,Backreef,2,N7,1,32,16,4,0,48,25,na
2020,LTER_4,Backreef,2,N7,2,80,4,4,0,12,25,na
2020,LTER_4,Backreef,2,N7,3,0,4,68,0,28,25,na
2020,LTER_4,Backreef,2,N7,4,48,12,0,0,40,25,na
2020,LTER_4,Backreef,2,N8,1,20,12,0,0,68,25,na
2020,LTER_4,Backreef,2,N8,2,64,4,0,0,32,25,na
2020,LTER_4,Backreef,2,N8,3,36,0,24,0,40,25,na
2020,LTER_4,Backreef,2,N8,4,68,0,12,0,20,25,na
2020,LTER_4,Backreef,2,N9,1,48,20,0,0,32,25,na
2020,LTER_4,Backreef,2,N9,3,20,0,36,0,44,25,na
2020,LTER_4,Backreef,2,N9,4,24,0,60,0,16,25,na
2020,LTER_4,Backreef,2,S1,1,16,28,8,0,48,25,na
2020,LTER_4,Backreef,2,S1,2,32,8,0,0,60,25,na
2020,LTER_4,Backreef,2,S1,3,4,0,36,0,60,25,na
2020,LTER_4,Backreef,2,S1,4,8,0,40,0,52,25,na
2020,LTER_4,Backreef,2,S1,5,28,16,0,0,56,25,na
2020,LTER_4,Backreef,2,S2,1,8,4,64,0,24,25,na
2020,LTER_4,Backreef,2,S2,2,28,0,12,0,60,25,na
2020,LTER_4,Backreef,2,S2,3,12,8,0,0,80,25,na
2020,LTER_4,Backreef,2,S2,4,28,8,60,0,4,25,na
2020,LTER_4,Backreef,2,S2,5,16,0,0,0,84,25,na
2020,LTER_4,Backreef,2,S3,1,56,12,12,0,20,25,na
2020,LTER_4,Backreef,2,S3,2,28,0,24,0,48,25,na
2020,LTER_4,Backreef,2,S3,3,8,12,4,0,76,25,na
2020,LTER_4,Backreef,2,S3,4,28,12,0,0,60,25,na
2020,LTER_4,Backreef,2,S3,5,0,0,16,0,84,25,na
2020,LTER_4,Backreef,2,S4,1,52,12,12,0,24,25,na
2020,LTER_4,Backreef,2,S4,2,0,0,88,0,12,25,na
2020,LTER_4,Backreef,2,S4,3,0,0,8,0,92,25,na
2020,LTER_4,Backreef,2,S4,4,32,20,0,0,48,25,na
2020,LTER_4,Backreef,2,S4,5,0,0,24,0,76,25,na
2020,LTER_4,Backreef,2,S5,1,60,12,0,0,28,25,na
2020,LTER_4,Backreef,2,S5,2,28,0,60,0,12,25,na
2020,LTER_4,Backreef,2,S5,3,4,4,8,0,84,25,na
2020,LTER_4,Backreef,2,S5,4,44,20,0,0,36,25,na
2020,LTER_4,Backreef,2,S5,5,8,0,0,0,92,25,na
2020,LTER_4,Backreef,2,W16,1,28,16,12,0,44,25,na
2020,LTER_4,Backreef,2,W16,2,84,0,0,0,16,25,na
2020,LTER_4,Backreef,2,W16,3,20,24,0,0,56,25,na
2020,LTER_4,Backreef,2,W16,4,4,0,32,0,64,25,na
2020,LTER_4,Backreef,2,W16,5,28,40,0,0,32,25,na
2020,LTER_4,Backreef,2,W17,1,0,0,72,0,28,25,na
2020,LTER_4,Backreef,2,W17,2,16,0,16,0,68,25,na
2020,LTER_4,Backreef,2,W17,3,28,16,0,0,56,25,na
2020,LTER_4,Backreef,2,W17,4,20,0,8,0,72,25,na
2020,LTER_4,Backreef,2,W17,5,12,0,32,0,56,25,na
2020,LTER_4,Backreef,2,W18,1,0,0,16,0,84,25,na
2020,LTER_4,Backreef,2,W18,2,8,0,16,0,76,25,na
2020,LTER_4,Backreef,2,W18,3,44,28,0,0,28,25,na
2020,LTER_4,Backreef,2,W18,4,32,12,0,0,56,25,na
2020,LTER_4,Backreef,2,W18,5,44,0,12,0,44,25,na
2020,LTER_4,Backreef,2,W19,1,8,0,0,0,92,25,na
2020,LTER_4,Backreef,2,W19,2,12,0,12,0,76,25,na
2020,LTER_4,Backreef,2,W19,3,12,16,0,0,72,25,na
2020,LTER_4,Backreef,2,W19,4,48,8,12,0,32,25,na
2020,LTER_4,Backreef,2,W19,5,28,4,4,0,64,25,na
2020,LTER_4,Backreef,2,W20,1,48,0,20,0,32,25,na
2020,LTER_4,Backreef,2,W20,2,56,4,4,0,36,25,na
2020,LTER_4,Backreef,2,W20,3,0,0,0,0,100,25,na
2020,LTER_4,Backreef,2,W20,4,28,0,0,0,72,25,na
2020,LTER_4,Backreef,2,W20,5,44,20,0,0,36,25,na
2020,LTER_5,Backreef,2,E11,1,36,8,28,0,28,25,na
2020,LTER_5,Backreef,2,E11,3,4,8,68,8,12,25,na
2020,LTER_5,Backreef,2,E11,4,36,8,0,0,56,25,na
2020,LTER_5,Backreef,2,E12,1,20,4,60,0,16,25,na
2020,LTER_5,Backreef,2,E12,3,20,8,12,8,52,25,na
2020,LTER_5,Backreef,2,E12,4,28,4,0,0,68,25,na
2020,LTER_5,Backreef,2,E13,1,16,8,56,0,20,25,na
2020,LTER_5,Backreef,2,E13,3,4,4,48,0,44,25,na
2020,LTER_5,Backreef,2,E13,4,28,0,52,0,20,25,na
2020,LTER_5,Backreef,2,E14,1,0,0,52,0,48,25,na
2020,LTER_5,Backreef,2,E14,4,8,0,32,0,60,25,na
2020,LTER_5,Backreef,2,E15,1,4,0,80,0,16,25,na
2020,LTER_5,Backreef,2,E15,4,0,0,0,0,100,25,na
2020,LTER_5,Backreef,2,N10,1,64,8,0,0,28,25,na
2020,LTER_5,Backreef,2,N10,4,0,0,16,0,84,25,na
2020,LTER_5,Backreef,2,N6,1,12,8,32,0,48,25,na
2020,LTER_5,Backreef,2,N6,3,8,4,68,4,16,25,na
2020,LTER_5,Backreef,2,N6,4,40,4,0,0,56,25,na
2020,LTER_5,Backreef,2,N7,1,24,0,0,0,76,25,na
2020,LTER_5,Backreef,2,N7,3,4,0,92,0,4,25,na
2020,LTER_5,Backreef,2,N7,4,64,4,0,0,32,25,na
2020,LTER_5,Backreef,2,N8,1,8,0,0,0,92,25,na
2020,LTER_5,Backreef,2,N8,3,8,4,52,0,36,25,na
2020,LTER_5,Backreef,2,N8,4,28,0,20,0,52,25,na
2020,LTER_5,Backreef,2,N9,1,24,16,16,0,44,25,na
2020,LTER_5,Backreef,2,N9,3,56,0,0,0,44,25,na
2020,LTER_5,Backreef,2,N9,4,8,0,12,0,80,25,na
2020,LTER_5,Backreef,2,S1,1,4,0,52,0,44,25,na
2020,LTER_5,Backreef,2,S1,3,16,4,16,8,56,25,na
2020,LTER_5,Backreef,2,S1,4,24,0,0,0,76,25,na
2020,LTER_5,Backreef,2,S2,1,4,0,0,0,96,25,na
2020,LTER_5,Backreef,2,S2,3,16,4,20,0,60,25,na
2020,LTER_5,Backreef,2,S2,4,16,0,0,0,84,25,na
2020,LTER_5,Backreef,2,S3,1,4,0,0,0,96,25,na
2020,LTER_5,Backreef,2,S3,3,20,0,20,0,60,25,na
2020,LTER_5,Backreef,2,S3,4,36,0,20,0,44,25,na
2020,LTER_5,Backreef,2,S4,1,0,0,0,0,100,25,na
2020,LTER_5,Backreef,2,S4,3,0,4,16,0,80,25,na
2020,LTER_5,Backreef,2,S4,4,40,0,24,0,36,25,na
2020,LTER_5,Backreef,2,S5,1,8,0,0,0,92,25,na
2020,LTER_5,Backreef,2,S5,3,0,0,16,0,84,25,na
2020,LTER_5,Backreef,2,S5,4,16,0,0,0,84,25,na
2020,LTER_5,Backreef,2,W16,1,12,32,0,0,56,25,na
2020,LTER_5,Backreef,2,W16,3,4,20,0,44,32,25,na
2020,LTER_5,Backreef,2,W16,4,32,0,12,0,56,25,na
2020,LTER_5,Backreef,2,W17,1,8,4,20,0,68,25,na
2020,LTER_5,Backreef,2,W17,3,32,12,4,0,52,25,na
2020,LTER_5,Backreef,2,W17,4,20,0,0,0,80,25,na
2020,LTER_5,Backreef,2,W18,1,32,24,12,0,32,25,na
2020,LTER_5,Backreef,2,W18,3,36,12,0,0,52,25,na
2020,LTER_5,Backreef,2,W18,4,8,0,52,0,40,25,na
2020,LTER_5,Backreef,2,W19,1,44,0,4,0,52,25,na
2020,LTER_5,Backreef,2,W19,3,4,8,8,0,80,25,na
2020,LTER_5,Backreef,2,W19,4,32,0,16,0,52,25,na
2020,LTER_5,Backreef,2,W20,1,12,0,0,0,88,25,na
2020,LTER_5,Backreef,2,W20,3,0,0,0,0,100,25,na
2020,LTER_5,Backreef,2,W20,4,36,4,0,0,60,25,na
2020,LTER_6,Backreef,2,E11,1,28,0,4,0,68,25,na
2020,LTER_6,Backreef,2,E11,2,40,0,4,0,56,25,na
2020,LTER_6,Backreef,2,E11,3,52,0,0,0,48,25,na
2020,LTER_6,Backreef,2,E11,4,12,0,12,0,76,25,na
2020,LTER_6,Backreef,2,E11,5,60,0,16,0,24,25,na
2020,LTER_6,Backreef,2,E12,1,16,0,12,0,72,25,na
2020,LTER_6,Backreef,2,E12,2,28,0,12,0,60,25,na
2020,LTER_6,Backreef,2,E12,3,40,0,12,0,48,25,na
2020,LTER_6,Backreef,2,E12,4,0,0,20,0,80,25,na
2020,LTER_6,Backreef,2,E12,5,100,0,0,0,0,25,na
2020,LTER_6,Backreef,2,E13,1,8,0,64,0,28,25,na
2020,LTER_6,Backreef,2,E13,2,76,0,0,0,24,25,na
2020,LTER_6,Backreef,2,E13,3,44,0,4,0,52,25,na
2020,LTER_6,Backreef,2,E13,4,24,0,8,0,68,25,na
2020,LTER_6,Backreef,2,E13,5,60,8,0,0,32,25,na
2020,LTER_6,Backreef,2,E14,1,72,0,0,0,28,25,na
2020,LTER_6,Backreef,2,E14,2,24,0,0,0,76,25,na
2020,LTER_6,Backreef,2,E14,3,0,0,0,0,100,25,na
2020,LTER_6,Backreef,2,E14,4,28,0,0,0,72,25,na
2020,LTER_6,Backreef,2,E14,5,36,0,4,0,60,25,na
2020,LTER_6,Backreef,2,E15,1,60,0,4,0,36,25,na
2020,LTER_6,Backreef,2,E15,2,68,0,20,0,12,25,na
2020,LTER_6,Backreef,2,E15,3,68,0,0,0,32,25,na
2020,LTER_6,Backreef,2,E15,4,16,0,0,0,84,25,na
2020,LTER_6,Backreef,2,E15,5,36,0,0,0,64,25,na
2020,LTER_6,Backreef,2,N10,1,72,0,0,0,28,25,na
2020,LTER_6,Backreef,2,N10,2,60,0,8,0,32,25,na
2020,LTER_6,Backreef,2,N10,3,32,4,4,0,60,25,na
2020,LTER_6,Backreef,2,N10,4,28,0,0,0,72,25,na
2020,LTER_6,Backreef,2,N10,5,32,0,4,0,64,25,na
2020,LTER_6,Backreef,2,N6,1,72,4,8,0,16,25,na
2020,LTER_6,Backreef,2,N6,2,12,0,8,0,80,25,na
2020,LTER_6,Backreef,2,N6,3,4,0,8,0,88,25,na
2020,LTER_6,Backreef,2,N6,4,20,0,12,0,68,25,na
2020,LTER_6,Backreef,2,N6,5,40,0,12,0,48,25,na
2020,LTER_6,Backreef,2,N7,1,8,4,8,0,80,25,na
2020,LTER_6,Backreef,2,N7,2,0,0,32,0,68,25,na
2020,LTER_6,Backreef,2,N7,3,48,0,0,0,52,25,na
2020,LTER_6,Backreef,2,N7,4,44,0,0,0,56,25,na
2020,LTER_6,Backreef,2,N7,5,0,0,72,0,28,25,na
2020,LTER_6,Backreef,2,N8,1,40,0,20,0,40,25,na
2020,LTER_6,Backreef,2,N8,2,0,0,36,0,64,25,na
2020,LTER_6,Backreef,2,N8,3,16,0,16,0,68,25,na
2020,LTER_6,Backreef,2,N8,4,64,4,0,0,32,25,na
2020,LTER_6,Backreef,2,N8,5,0,0,52,0,48,25,na
2020,LTER_6,Backreef,2,N9,1,40,0,12,0,48,25,na
2020,LTER_6,Backreef,2,N9,2,28,0,28,0,44,25,na
2020,LTER_6,Backreef,2,N9,3,40,0,8,0,52,25,na
2020,LTER_6,Backreef,2,N9,4,8,0,0,0,92,25,na
2020,LTER_6,Backreef,2,N9,5,0,8,8,0,84,25,na
2020,LTER_6,Backreef,2,S1,1,40,0,8,0,52,25,na
2020,LTER_6,Backreef,2,S1,2,44,0,0,0,56,25,na
2020,LTER_6,Backreef,2,S1,3,8,0,0,0,92,25,na
2020,LTER_6,Backreef,2,S1,4,36,0,0,0,64,25,na
2020,LTER_6,Backreef,2,S1,5,24,0,0,0,76,25,na
2020,LTER_6,Backreef,2,S2,1,16,0,52,0,32,25,na
2020,LTER_6,Backreef,2,S2,2,36,4,0,0,60,25,na
2020,LTER_6,Backreef,2,S2,3,12,0,36,0,52,25,na
2020,LTER_6,Backreef,2,S2,4,60,0,0,0,40,25,na
2020,LTER_6,Backreef,2,S2,5,20,0,4,0,76,25,na
2020,LTER_6,Backreef,2,S3,1,32,0,24,0,44,25,na
2020,LTER_6,Backreef,2,S3,2,44,0,0,0,56,25,na
2020,LTER_6,Backreef,2,S3,3,8,0,84,0,8,25,na
2020,LTER_6,Backreef,2,S3,4,40,0,4,0,56,25,na
2020,LTER_6,Backreef,2,S3,5,76,0,12,0,12,25,na
2020,LTER_6,Backreef,2,S4,1,20,0,56,0,24,25,na
2020,LTER_6,Backreef,2,S4,2,76,0,0,0,24,25,na
2020,LTER_6,Backreef,2,S4,3,24,0,44,0,32,25,na
2020,LTER_6,Backreef,2,S4,4,36,0,28,0,36,25,na
2020,LTER_6,Backreef,2,S4,5,68,0,12,0,20,25,na
2020,LTER_6,Backreef,2,S5,1,0,0,100,0,0,25,na
2020,LTER_6,Backreef,2,S5,2,20,0,24,0,56,25,na
2020,LTER_6,Backreef,2,S5,3,20,8,8,0,64,25,na
2020,LTER_6,Backreef,2,S5,4,8,0,68,0,24,25,na
2020,LTER_6,Backreef,2,S5,5,4,4,44,0,48,25,na
2020,LTER_6,Backreef,2,W16,1,32,0,16,0,52,25,na
2020,LTER_6,Backreef,2,W16,2,40,0,0,0,60,25,na
2020,LTER_6,Backreef,2,W16,3,36,0,0,0,64,25,na
2020,LTER_6,Backreef,2,W16,4,32,0,0,0,68,25,na
2020,LTER_6,Backreef,2,W16,5,20,0,0,0,80,25,na
2020,LTER_6,Backreef,2,W17,1,76,0,12,0,12,25,na
2020,LTER_6,Backreef,2,W17,2,32,0,0,0,68,25,na
2020,LTER_6,Backreef,2,W17,3,8,4,20,0,68,25,na
2020,LTER_6,Backreef,2,W17,4,52,12,0,0,36,25,na
2020,LTER_6,Backreef,2,W17,5,40,0,0,0,60,25,na
2020,LTER_6,Backreef,2,W18,1,40,0,8,0,52,25,na
2020,LTER_6,Backreef,2,W18,2,8,0,0,0,92,25,na
2020,LTER_6,Backreef,2,W18,3,20,0,4,0,76,25,na
2020,LTER_6,Backreef,2,W18,4,36,0,0,0,64,25,na
2020,LTER_6,Backreef,2,W18,5,44,0,0,0,56,25,na
2020,LTER_6,Backreef,2,W19,1,56,0,12,0,32,25,na
2020,LTER_6,Backreef,2,W19,2,12,0,0,0,88,25,na
2020,LTER_6,Backreef,2,W19,3,20,0,8,0,72,25,na
2020,LTER_6,Backreef,2,W19,5,44,0,0,0,56,25,na
2020,LTER_6,Backreef,2,W20,1,64,0,0,0,36,25,na
2020,LTER_6,Backreef,2,W20,2,0,0,24,0,76,25,na
2020,LTER_6,Backreef,2,W20,3,24,0,4,0,72,25,na
2020,LTER_6,Backreef,2,W20,4,12,4,0,0,84,25,na
2020,LTER_6,Backreef,2,W20,5,24,0,8,0,68,25,na
2021,LTER_1,Backreef,2,E1,1,0,36,0,0,64,25,na
2021,LTER_1,Backreef,2,E1,2,8,16,0,0,76,25,na
2021,LTER_1,Backreef,2,E1,3,0,80,0,0,20,25,na
2021,LTER_1,Backreef,2,E1,4,4,12,32,0,52,25,na
2021,LTER_1,Backreef,2,E2,1,0,44,0,0,56,25,na
2021,LTER_1,Backreef,2,E2,2,8,8,0,0,84,25,na
2021,LTER_1,Backreef,2,E2,3,0,96,0,0,4,25,na
2021,LTER_1,Backreef,2,E2,4,12,8,24,0,56,25,na
2021,LTER_1,Backreef,2,E2,5,20,4,12,0,64,25,na
2021,LTER_1,Backreef,2,E3,1,4,48,0,0,48,25,na
2021,LTER_1,Backreef,2,E3,2,48,28,0,0,24,25,na
2021,LTER_1,Backreef,2,E3,3,20,72,0,0,8,25,na
2021,LTER_1,Backreef,2,E3,4,8,8,20,0,64,25,na
2021,LTER_1,Backreef,2,E3,5,24,4,4,0,68,25,na
2021,LTER_1,Backreef,2,E4,1,12,36,0,0,52,25,na
2021,LTER_1,Backreef,2,E4,2,4,24,28,0,44,25,na
2021,LTER_1,Backreef,2,E4,3,4,36,44,0,16,25,na
2021,LTER_1,Backreef,2,E4,4,4,20,8,0,68,25,na
2021,LTER_1,Backreef,2,E4,5,12,16,20,0,52,25,na
2021,LTER_1,Backreef,2,E5,1,4,8,40,0,48,25,na
2021,LTER_1,Backreef,2,E5,2,24,16,52,0,8,25,na
2021,LTER_1,Backreef,2,E5,3,0,52,0,0,48,25,na
2021,LTER_1,Backreef,2,E5,5,8,16,48,0,28,25,na
2021,LTER_1,Backreef,2,N10,1,4,4,0,0,92,25,na
2021,LTER_1,Backreef,2,N10,2,12,4,0,0,84,25,na
2021,LTER_1,Backreef,2,N10,3,4,52,0,0,44,25,na
2021,LTER_1,Backreef,2,N10,4,0,8,4,0,88,25,na
2021,LTER_1,Backreef,2,N10,5,16,4,44,0,36,25,na
2021,LTER_1,Backreef,2,N6,1,4,44,0,0,52,25,na
2021,LTER_1,Backreef,2,N6,2,24,28,0,0,48,25,na
2021,LTER_1,Backreef,2,N6,3,8,8,0,0,84,25,na
2021,LTER_1,Backreef,2,N6,4,24,24,0,0,52,25,na
2021,LTER_1,Backreef,2,N6,5,0,8,56,0,36,25,na
2021,LTER_1,Backreef,2,N7,1,8,36,4,0,52,25,na
2021,LTER_1,Backreef,2,N7,2,16,20,12,0,52,25,na
2021,LTER_1,Backreef,2,N7,3,0,24,0,0,76,25,na
2021,LTER_1,Backreef,2,N7,4,12,32,20,0,36,25,na
2021,LTER_1,Backreef,2,N7,5,16,12,24,0,48,25,na
2021,LTER_1,Backreef,2,N8,1,4,16,0,0,80,25,na
2021,LTER_1,Backreef,2,N8,2,4,32,8,0,56,25,na
2021,LTER_1,Backreef,2,N8,3,4,32,0,0,64,25,na
2021,LTER_1,Backreef,2,N8,4,16,4,28,0,52,25,na
2021,LTER_1,Backreef,2,N8,5,24,20,8,0,48,25,na
2021,LTER_1,Backreef,2,N9,1,8,0,0,0,92,25,na
2021,LTER_1,Backreef,2,N9,2,40,16,0,0,44,25,na
2021,LTER_1,Backreef,2,N9,3,4,8,0,0,88,25,na
2021,LTER_1,Backreef,2,N9,4,12,8,48,0,32,25,na
2021,LTER_1,Backreef,2,N9,5,4,0,76,0,20,25,na
2021,LTER_1,Backreef,2,S11,1,0,56,0,0,44,25,na
2021,LTER_1,Backreef,2,S11,2,36,0,0,0,64,25,na
2021,LTER_1,Backreef,2,S11,3,0,48,4,0,48,25,na
2021,LTER_1,Backreef,2,S11,4,0,12,4,0,84,25,na
2021,LTER_1,Backreef,2,S11,5,0,8,24,0,68,25,na
2021,LTER_1,Backreef,2,S12,1,8,8,44,0,40,25,na
2021,LTER_1,Backreef,2,S12,2,20,20,0,0,60,25,na
2021,LTER_1,Backreef,2,S12,3,20,12,4,0,64,25,na
2021,LTER_1,Backreef,2,S12,4,0,4,12,0,84,25,na
2021,LTER_1,Backreef,2,S12,5,4,0,84,0,12,25,na
2021,LTER_1,Backreef,2,S13,1,4,20,16,0,60,25,na
2021,LTER_1,Backreef,2,S13,2,16,8,0,0,76,25,na
2021,LTER_1,Backreef,2,S13,3,0,32,0,0,68,25,na
2021,LTER_1,Backreef,2,S13,4,52,4,4,0,40,25,na
2021,LTER_1,Backreef,2,S13,5,0,8,40,0,52,25,na
2021,LTER_1,Backreef,2,S14,1,4,4,24,0,68,25,na
2021,LTER_1,Backreef,2,S14,2,28,24,0,0,48,25,na
2021,LTER_1,Backreef,2,S14,3,4,56,0,0,40,25,na
2021,LTER_1,Backreef,2,S14,4,32,12,4,0,52,25,na
2021,LTER_1,Backreef,2,S14,5,4,0,96,0,0,25,na
2021,LTER_1,Backreef,2,S15,1,8,4,16,0,72,25,na
2021,LTER_1,Backreef,2,S15,2,4,64,0,0,32,25,na
2021,LTER_1,Backreef,2,S15,3,4,20,0,0,76,25,na
2021,LTER_1,Backreef,2,S15,4,0,12,48,0,40,25,na
2021,LTER_1,Backreef,2,S15,5,16,16,48,0,20,25,na
2021,LTER_1,Backreef,2,W16,1,12,24,0,0,64,25,na
2021,LTER_1,Backreef,2,W16,2,12,16,12,0,60,25,na
2021,LTER_1,Backreef,2,W16,3,0,20,0,0,80,25,na
2021,LTER_1,Backreef,2,W16,4,8,24,8,0,60,25,na
2021,LTER_1,Backreef,2,W16,5,24,0,48,0,28,25,na
2021,LTER_1,Backreef,2,W17,1,44,12,0,0,44,25,na
2021,LTER_1,Backreef,2,W17,2,32,28,12,0,28,25,na
2021,LTER_1,Backreef,2,W17,3,0,64,0,0,36,25,na
2021,LTER_1,Backreef,2,W17,4,16,32,0,0,52,25,na
2021,LTER_1,Backreef,2,W17,5,0,4,60,0,36,25,na
2021,LTER_1,Backreef,2,W18,1,40,24,4,0,32,25,na
2021,LTER_1,Backreef,2,W18,2,12,16,28,0,44,25,na
2021,LTER_1,Backreef,2,W18,3,0,80,0,0,20,25,na
2021,LTER_1,Backreef,2,W18,4,20,36,0,0,44,25,na
2021,LTER_1,Backreef,2,W18,5,0,20,16,0,64,25,na
2021,LTER_1,Backreef,2,W19,1,8,4,12,0,76,25,na
2021,LTER_1,Backreef,2,W19,2,16,24,12,0,48,25,na
2021,LTER_1,Backreef,2,W19,3,0,4,0,0,96,25,na
2021,LTER_1,Backreef,2,W19,4,48,20,0,0,32,25,na
2021,LTER_1,Backreef,2,W19,5,8,48,0,0,44,25,na
2021,LTER_1,Backreef,2,W20,1,24,40,12,0,24,25,na
2021,LTER_1,Backreef,2,W20,2,24,36,12,0,28,25,na
2021,LTER_1,Backreef,2,W20,3,0,88,0,0,12,25,na
2021,LTER_1,Backreef,2,W20,4,16,12,44,0,28,25,na
2021,LTER_1,Backreef,2,W20,5,0,0,80,0,20,25,na
2021,LTER_2,Backreef,2,E1,1,0,48,4,0,48,25,na
2021,LTER_2,Backreef,2,E1,2,16,20,20,0,44,25,na
2021,LTER_2,Backreef,2,E1,3,0,24,0,0,76,25,na
2021,LTER_2,Backreef,2,E1,4,8,0,0,0,92,25,na
2021,LTER_2,Backreef,2,E2,1,0,56,8,0,36,25,na
2021,LTER_2,Backreef,2,E2,2,0,8,16,0,76,25,na
2021,LTER_2,Backreef,2,E2,3,0,88,0,0,12,25,na
2021,LTER_2,Backreef,2,E2,4,4,16,0,0,80,25,na
2021,LTER_2,Backreef,2,E2,5,0,42,8,0,50,24,some sub squares omitted
2021,LTER_2,Backreef,2,E3,1,0,44,24,0,32,25,na
2021,LTER_2,Backreef,2,E3,2,0,60,0,0,40,25,na
2021,LTER_2,Backreef,2,E3,3,0,0,0,0,100,25,na
2021,LTER_2,Backreef,2,E3,4,24,4,0,0,72,25,na
2021,LTER_2,Backreef,2,E3,5,0,72,12,0,16,25,na
2021,LTER_2,Backreef,2,E4,1,0,52,4,0,44,25,na
2021,LTER_2,Backreef,2,E4,2,0,24,40,0,36,25,na
2021,LTER_2,Backreef,2,E4,3,0,4,8,0,88,25,na
2021,LTER_2,Backreef,2,E4,4,32,12,20,0,36,25,na
2021,LTER_2,Backreef,2,E4,5,4,96,0,0,0,25,na
2021,LTER_2,Backreef,2,E5,1,4,16,4,0,76,25,na
2021,LTER_2,Backreef,2,E5,2,12,16,4,0,68,25,na
2021,LTER_2,Backreef,2,E5,3,0,0,32,0,68,25,na
2021,LTER_2,Backreef,2,E5,4,0,20,8,0,72,25,na
2021,LTER_2,Backreef,2,E5,5,0,96,0,0,4,25,na
2021,LTER_2,Backreef,2,N10,1,0,0,100,0,0,25,na
2021,LTER_2,Backreef,2,N10,2,0,56,0,0,44,25,na
2021,LTER_2,Backreef,2,N10,3,0,40,12,0,48,25,na
2021,LTER_2,Backreef,2,N10,4,0,20,56,0,24,25,na
2021,LTER_2,Backreef,2,N10,5,0,32,40,0,28,25,na
2021,LTER_2,Backreef,2,N6,1,0,8,60,0,32,25,na
2021,LTER_2,Backreef,2,N6,2,8,52,0,0,40,25,na
2021,LTER_2,Backreef,2,N6,3,0,52,8,0,40,25,na
2021,LTER_2,Backreef,2,N6,4,12,0,4,0,84,25,na
2021,LTER_2,Backreef,2,N6,5,0,0,80,0,20,25,na
2021,LTER_2,Backreef,2,N7,1,16,24,12,0,48,25,na
2021,LTER_2,Backreef,2,N7,2,4,68,8,0,20,25,na
2021,LTER_2,Backreef,2,N7,3,0,0,0,0,100,25,na
2021,LTER_2,Backreef,2,N7,4,8,48,4,0,40,25,na
2021,LTER_2,Backreef,2,N7,5,0,0,88,0,12,25,na
2021,LTER_2,Backreef,2,N8,1,0,36,36,0,28,25,na
2021,LTER_2,Backreef,2,N8,2,24,20,0,0,56,25,na
2021,LTER_2,Backreef,2,N8,3,0,32,0,0,68,25,na
2021,LTER_2,Backreef,2,N8,4,20,48,0,0,32,25,na
2021,LTER_2,Backreef,2,N8,5,0,8,48,0,44,25,na
2021,LTER_2,Backreef,2,N9,1,4,8,56,0,32,25,na
2021,LTER_2,Backreef,2,N9,2,0,40,8,0,52,25,na
2021,LTER_2,Backreef,2,N9,3,0,48,8,0,44,25,na
2021,LTER_2,Backreef,2,N9,4,4,68,12,0,16,25,na
2021,LTER_2,Backreef,2,N9,5,0,12,64,0,24,25,na
2021,LTER_2,Backreef,2,S11,1,0,36,24,0,40,25,na
2021,LTER_2,Backreef,2,S11,2,0,40,0,0,60,25,na
2021,LTER_2,Backreef,2,S11,3,0,84,4,0,12,25,na
2021,LTER_2,Backreef,2,S11,4,8,0,0,0,92,25,na
2021,LTER_2,Backreef,2,S11,5,0,8,64,0,28,25,na
2021,LTER_2,Backreef,2,S12,1,0,32,36,0,32,25,na
2021,LTER_2,Backreef,2,S12,2,0,52,24,0,24,25,na
2021,LTER_2,Backreef,2,S12,3,0,4,32,0,64,25,na
2021,LTER_2,Backreef,2,S12,4,4,12,24,0,60,25,na
2021,LTER_2,Backreef,2,S12,5,0,12,16,0,72,25,na
2021,LTER_2,Backreef,2,S13,1,0,12,40,0,48,25,na
2021,LTER_2,Backreef,2,S13,2,0,8,88,0,4,25,na
2021,LTER_2,Backreef,2,S13,3,8,24,8,0,60,25,na
2021,LTER_2,Backreef,2,S13,4,0,0,100,0,0,25,na
2021,LTER_2,Backreef,2,S13,5,0,20,76,0,4,25,na
2021,LTER_2,Backreef,2,S14,1,4,4,44,0,48,25,na
2021,LTER_2,Backreef,2,S14,2,0,0,80,0,20,25,na
2021,LTER_2,Backreef,2,S14,3,0,16,12,0,72,25,na
2021,LTER_2,Backreef,2,S14,4,0,0,100,0,0,25,na
2021,LTER_2,Backreef,2,S14,5,0,0,72,0,28,25,na
2021,LTER_2,Backreef,2,S15,1,28,0,36,0,36,25,na
2021,LTER_2,Backreef,2,S15,2,28,0,24,0,48,25,na
2021,LTER_2,Backreef,2,S15,3,0,24,20,0,56,25,na
2021,LTER_2,Backreef,2,S15,4,0,0,100,0,0,25,na
2021,LTER_2,Backreef,2,S15,5,0,0,80,0,20,25,na
2021,LTER_2,Backreef,2,W16,1,4,20,28,0,48,25,na
2021,LTER_2,Backreef,2,W16,2,0,36,0,0,64,25,na
2021,LTER_2,Backreef,2,W16,3,4,8,0,0,88,25,na
2021,LTER_2,Backreef,2,W16,4,4,28,28,0,40,25,na
2021,LTER_2,Backreef,2,W16,5,0,28,4,0,68,25,na
2021,LTER_2,Backreef,2,W17,1,0,68,0,0,32,25,na
2021,LTER_2,Backreef,2,W17,2,0,0,0,0,100,25,na
2021,LTER_2,Backreef,2,W17,3,0,32,12,0,56,25,na
2021,LTER_2,Backreef,2,W17,4,4,0,8,0,88,25,na
2021,LTER_2,Backreef,2,W17,5,0,32,44,0,24,25,na
2021,LTER_2,Backreef,2,W18,1,0,44,0,0,56,25,na
2021,LTER_2,Backreef,2,W18,2,4,0,0,0,96,25,na
2021,LTER_2,Backreef,2,W18,3,0,56,12,0,32,25,na
2021,LTER_2,Backreef,2,W18,4,12,0,4,0,84,25,na
2021,LTER_2,Backreef,2,W18,5,0,4,92,0,4,25,na
2021,LTER_2,Backreef,2,W19,1,0,24,0,0,76,25,na
2021,LTER_2,Backreef,2,W19,2,0,0,0,0,100,25,na
2021,LTER_2,Backreef,2,W19,3,0,56,0,0,44,25,na
2021,LTER_2,Backreef,2,W19,4,4,0,0,0,96,25,na
2021,LTER_2,Backreef,2,W19,5,4,4,88,0,4,25,na
2021,LTER_2,Backreef,2,W20,1,0,44,52,0,4,25,na
2021,LTER_2,Backreef,2,W20,2,4,28,16,0,52,25,na
2021,LTER_2,Backreef,2,W20,3,0,36,0,0,64,25,na
2021,LTER_2,Backreef,2,W20,4,8,0,0,0,92,25,na
2021,LTER_2,Backreef,2,W20,5,0,0,36,0,64,25,na
2021,LTER_3,Backreef,2,E1,3,4,12,0,0,84,25,na
2021,LTER_3,Backreef,2,E1,4,20,76,4,0,0,25,na
2021,LTER_3,Backreef,2,E1,5,8,12,60,0,20,25,na
2021,LTER_3,Backreef,2,E2,1,8,0,4,0,88,25,na
2021,LTER_3,Backreef,2,E2,3,24,8,16,0,52,25,na
2021,LTER_3,Backreef,2,E2,4,12,0,0,0,88,25,na
2021,LTER_3,Backreef,2,E2,5,8,4,0,0,88,25,na
2021,LTER_3,Backreef,2,E3,3,4,8,44,0,44,25,na
2021,LTER_3,Backreef,2,E3,4,24,4,4,0,68,25,na
2021,LTER_3,Backreef,2,E3,5,0,12,8,0,80,25,na
2021,LTER_3,Backreef,2,E4,1,4,20,0,0,76,25,na
2021,LTER_3,Backreef,2,E4,4,0,4,68,0,28,25,na
2021,LTER_3,Backreef,2,E4,5,8,0,16,0,76,25,na
2021,LTER_3,Backreef,2,E5,1,0,8,4,0,88,25,na
2021,LTER_3,Backreef,2,E5,3,32,0,56,0,12,25,na
2021,LTER_3,Backreef,2,E5,4,36,28,8,0,28,25,na
2021,LTER_3,Backreef,2,E5,5,20,12,20,0,48,25,na
2021,LTER_3,Backreef,2,N10,1,68,16,12,0,4,25,na
2021,LTER_3,Backreef,2,N10,2,28,8,0,0,64,25,na
2021,LTER_3,Backreef,2,N10,4,96,0,0,0,4,25,na
2021,LTER_3,Backreef,2,N10,5,32,0,4,0,64,25,na
2021,LTER_3,Backreef,2,N6,1,4,44,12,0,40,25,na
2021,LTER_3,Backreef,2,N6,2,24,0,0,0,76,25,na
2021,LTER_3,Backreef,2,N6,3,12,8,24,0,56,25,na
2021,LTER_3,Backreef,2,N6,4,12,0,4,0,84,25,na
2021,LTER_3,Backreef,2,N6,5,28,8,0,0,64,25,na
2021,LTER_3,Backreef,2,N7,1,58,33,0,0,8,24,some sub squares omitted
2021,LTER_3,Backreef,2,N7,2,32,0,0,0,68,25,na
2021,LTER_3,Backreef,2,N7,3,4,0,24,0,72,25,na
2021,LTER_3,Backreef,2,N7,4,20,4,0,0,76,25,na
2021,LTER_3,Backreef,2,N7,5,64,16,4,0,16,25,na
2021,LTER_3,Backreef,2,N8,2,32,12,4,0,52,25,na
2021,LTER_3,Backreef,2,N8,3,8,0,20,0,72,25,na
2021,LTER_3,Backreef,2,N8,4,28,4,24,0,44,25,na
2021,LTER_3,Backreef,2,N8,5,16,4,44,0,36,25,na
2021,LTER_3,Backreef,2,N9,1,84,16,0,0,0,25,na
2021,LTER_3,Backreef,2,N9,2,16,12,0,0,72,25,na
2021,LTER_3,Backreef,2,N9,3,12,0,88,0,0,25,na
2021,LTER_3,Backreef,2,N9,4,60,0,40,0,0,25,na
2021,LTER_3,Backreef,2,N9,5,12,0,64,0,24,25,na
2021,LTER_3,Backreef,2,S11,1,32,36,0,0,32,25,na
2021,LTER_3,Backreef,2,S11,2,12,0,12,0,76,25,na
2021,LTER_3,Backreef,2,S11,3,24,0,8,0,68,25,na
2021,LTER_3,Backreef,2,S11,4,21,0,8,0,71,24,some sub squares omitted
2021,LTER_3,Backreef,2,S11,5,72,0,0,0,28,25,na
2021,LTER_3,Backreef,2,S12,1,12,16,20,0,52,25,na
2021,LTER_3,Backreef,2,S12,2,12,0,16,0,72,25,na
2021,LTER_3,Backreef,2,S12,4,48,24,0,0,28,25,na
2021,LTER_3,Backreef,2,S12,5,17,17,21,0,46,24,some sub squares omitted
2021,LTER_3,Backreef,2,S13,1,0,8,20,0,72,25,na
2021,LTER_3,Backreef,2,S13,2,20,16,20,0,44,25,na
2021,LTER_3,Backreef,2,S13,4,56,12,12,0,20,25,na
2021,LTER_3,Backreef,2,S13,5,4,8,12,0,76,25,na
2021,LTER_3,Backreef,2,S14,1,0,0,100,0,0,25,na
2021,LTER_3,Backreef,2,S14,2,24,4,60,0,12,25,na
2021,LTER_3,Backreef,2,S14,3,40,12,16,0,32,25,na
2021,LTER_3,Backreef,2,S14,4,52,0,4,0,44,25,na
2021,LTER_3,Backreef,2,S14,5,8,4,28,0,60,25,na
2021,LTER_3,Backreef,2,S15,1,12,4,64,0,20,25,na
2021,LTER_3,Backreef,2,S15,2,8,12,8,0,72,25,na
2021,LTER_3,Backreef,2,S15,3,96,0,0,0,4,25,na
2021,LTER_3,Backreef,2,S15,4,0,0,84,0,16,25,na
2021,LTER_3,Backreef,2,S15,5,0,0,100,0,0,25,na
2021,LTER_3,Backreef,2,W16,1,16,16,0,0,68,25,na
2021,LTER_3,Backreef,2,W16,2,32,4,0,0,64,25,na
2021,LTER_3,Backreef,2,W16,3,52,24,4,0,20,25,na
2021,LTER_3,Backreef,2,W16,4,12,4,28,0,56,25,na
2021,LTER_3,Backreef,2,W16,5,83,0,4,0,13,23,some sub squares omitted
2021,LTER_3,Backreef,2,W17,1,4,28,52,0,16,25,na
2021,LTER_3,Backreef,2,W17,2,12,4,0,0,84,25,na
2021,LTER_3,Backreef,2,W17,3,32,0,0,0,68,25,na
2021,LTER_3,Backreef,2,W17,4,16,0,72,0,12,25,na
2021,LTER_3,Backreef,2,W17,5,12,20,12,0,56,25,na
2021,LTER_3,Backreef,2,W18,1,0,0,100,0,0,25,na
2021,LTER_3,Backreef,2,W18,2,12,56,4,0,28,25,na
2021,LTER_3,Backreef,2,W18,4,0,12,0,0,88,25,na
2021,LTER_3,Backreef,2,W18,5,32,24,0,0,44,25,na
2021,LTER_3,Backreef,2,W19,1,0,0,100,0,0,25,na
2021,LTER_3,Backreef,2,W19,2,0,0,80,0,20,25,na
2021,LTER_3,Backreef,2,W19,3,36,20,0,0,44,25,na
2021,LTER_3,Backreef,2,W19,4,20,0,44,0,36,25,na
2021,LTER_3,Backreef,2,W19,5,52,16,16,0,16,25,na
2021,LTER_3,Backreef,2,W20,1,16,0,40,0,44,25,na
2021,LTER_3,Backreef,2,W20,2,52,4,28,0,16,25,na
2021,LTER_3,Backreef,2,W20,3,36,12,16,0,36,25,na
2021,LTER_3,Backreef,2,W20,4,24,0,48,0,28,25,na
2021,LTER_3,Backreef,2,W20,5,16,0,24,0,60,25,na
2021,LTER_4,Backreef,2,E1,1,80,4,0,0,16,25,na
2021,LTER_4,Backreef,2,E1,3,60,8,0,0,32,25,na
2021,LTER_4,Backreef,2,E1,4,68,16,0,0,16,25,na
2021,LTER_4,Backreef,2,E1,5,28,44,0,0,28,25,na
2021,LTER_4,Backreef,2,E11,2,52,0,0,0,48,25,na
2021,LTER_4,Backreef,2,E12,2,56,12,8,0,24,25,na
2021,LTER_4,Backreef,2,E13,2,16,8,28,0,48,25,na
2021,LTER_4,Backreef,2,E14,2,52,0,40,0,8,25,na
2021,LTER_4,Backreef,2,E15,2,80,0,12,0,8,25,na
2021,LTER_4,Backreef,2,E2,1,64,8,4,0,24,25,na
2021,LTER_4,Backreef,2,E2,3,36,0,0,0,64,25,na
2021,LTER_4,Backreef,2,E2,4,44,16,4,0,36,25,na
2021,LTER_4,Backreef,2,E3,1,36,12,0,0,52,25,na
2021,LTER_4,Backreef,2,E3,3,48,8,0,0,44,25,na
2021,LTER_4,Backreef,2,E3,4,52,16,4,0,28,25,na
2021,LTER_4,Backreef,2,E3,5,60,36,0,0,4,25,na
2021,LTER_4,Backreef,2,E4,1,48,0,12,0,40,25,na
2021,LTER_4,Backreef,2,E4,3,40,4,8,0,48,25,na
2021,LTER_4,Backreef,2,E4,4,28,12,8,0,52,25,na
2021,LTER_4,Backreef,2,E4,5,56,20,0,0,24,25,na
2021,LTER_4,Backreef,2,E5,1,44,4,20,0,32,25,na
2021,LTER_4,Backreef,2,E5,3,16,4,32,0,48,25,na
2021,LTER_4,Backreef,2,E5,4,56,0,4,0,40,25,na
2021,LTER_4,Backreef,2,E5,5,44,4,8,0,44,25,na
2021,LTER_4,Backreef,2,N10,1,0,0,72,0,28,25,na
2021,LTER_4,Backreef,2,N10,2,32,16,0,0,52,25,na
2021,LTER_4,Backreef,2,N10,3,4,0,24,0,72,25,na
2021,LTER_4,Backreef,2,N10,4,60,0,8,0,32,25,na
2021,LTER_4,Backreef,2,N10,5,36,0,24,0,40,25,na
2021,LTER_4,Backreef,2,N6,1,36,24,0,0,40,25,na
2021,LTER_4,Backreef,2,N6,2,36,8,0,0,56,25,na
2021,LTER_4,Backreef,2,N6,3,48,4,4,0,44,25,na
2021,LTER_4,Backreef,2,N6,4,56,8,0,0,36,25,na
2021,LTER_4,Backreef,2,N6,5,24,0,0,0,76,25,na
2021,LTER_4,Backreef,2,N7,1,16,4,72,0,8,25,na
2021,LTER_4,Backreef,2,N7,2,76,4,0,0,20,25,na
2021,LTER_4,Backreef,2,N7,3,0,0,100,0,0,25,na
2021,LTER_4,Backreef,2,N7,4,32,4,0,0,64,25,na
2021,LTER_4,Backreef,2,N7,5,60,4,0,0,36,25,na
2021,LTER_4,Backreef,2,N8,1,0,0,100,0,0,25,na
2021,LTER_4,Backreef,2,N8,2,28,8,0,0,64,25,na
2021,LTER_4,Backreef,2,N8,3,32,8,12,0,48,25,na
2021,LTER_4,Backreef,2,N8,4,8,0,0,0,92,25,na
2021,LTER_4,Backreef,2,N8,5,88,4,0,0,8,25,na
2021,LTER_4,Backreef,2,N9,1,0,0,80,0,20,25,na
2021,LTER_4,Backreef,2,N9,2,44,16,0,0,40,25,na
2021,LTER_4,Backreef,2,N9,3,40,4,20,0,36,25,na
2021,LTER_4,Backreef,2,N9,4,24,0,0,0,76,25,na
2021,LTER_4,Backreef,2,N9,5,64,0,4,0,32,25,na
2021,LTER_4,Backreef,2,S1,2,40,20,0,0,40,25,na
2021,LTER_4,Backreef,2,S11,1,56,16,0,0,28,25,na
2021,LTER_4,Backreef,2,S11,3,32,0,12,0,56,25,na
2021,LTER_4,Backreef,2,S11,4,20,20,12,0,48,25,na
2021,LTER_4,Backreef,2,S11,5,24,60,0,0,16,25,na
2021,LTER_4,Backreef,2,S12,1,92,4,0,0,4,25,na
2021,LTER_4,Backreef,2,S12,3,44,0,0,0,56,25,na
2021,LTER_4,Backreef,2,S12,4,28,12,20,0,40,25,na
2021,LTER_4,Backreef,2,S12,5,0,40,0,0,60,25,na
2021,LTER_4,Backreef,2,S13,1,32,0,0,0,68,25,na
2021,LTER_4,Backreef,2,S13,3,0,0,16,0,84,25,na
2021,LTER_4,Backreef,2,S13,4,36,4,0,0,60,25,na
2021,LTER_4,Backreef,2,S13,5,0,36,0,0,64,25,na
2021,LTER_4,Backreef,2,S14,1,60,4,0,0,36,25,na
2021,LTER_4,Backreef,2,S14,3,0,0,0,0,100,25,na
2021,LTER_4,Backreef,2,S14,4,54,13,8,0,25,24,some sub squares omitted
2021,LTER_4,Backreef,2,S14,5,8,16,0,0,76,25,na
2021,LTER_4,Backreef,2,S15,1,68,0,0,0,32,25,na
2021,LTER_4,Backreef,2,S15,4,36,4,8,0,52,25,na
2021,LTER_4,Backreef,2,S15,5,20,0,0,0,80,25,na
2021,LTER_4,Backreef,2,S2,2,64,12,4,0,20,25,na
2021,LTER_4,Backreef,2,S3,2,36,0,12,0,52,25,na
2021,LTER_4,Backreef,2,S4,2,68,4,4,0,24,25,na
2021,LTER_4,Backreef,2,S5,2,48,8,44,0,0,25,na
2021,LTER_4,Backreef,2,W16,1,28,24,12,0,36,25,na
2021,LTER_4,Backreef,2,W16,2,52,4,0,0,44,25,na
2021,LTER_4,Backreef,2,W16,3,64,8,0,0,28,25,na
2021,LTER_4,Backreef,2,W16,4,12,12,36,0,40,25,na
2021,LTER_4,Backreef,2,W16,5,36,60,0,0,4,25,na
2021,LTER_4,Backreef,2,W17,1,64,0,4,0,32,25,na
2021,LTER_4,Backreef,2,W17,2,17,0,0,0,83,12,some sub squares omitted
2021,LTER_4,Backreef,2,W17,3,84,8,0,0,8,25,na
2021,LTER_4,Backreef,2,W17,4,88,0,4,0,8,25,na
2021,LTER_4,Backreef,2,W17,5,88,0,0,0,12,25,na
2021,LTER_4,Backreef,2,W18,1,8,8,28,0,56,25,na
2021,LTER_4,Backreef,2,W18,2,64,12,8,0,16,25,na
2021,LTER_4,Backreef,2,W18,3,28,4,4,0,64,25,na
2021,LTER_4,Backreef,2,W18,4,44,4,12,0,40,25,na
2021,LTER_4,Backreef,2,W18,5,56,8,4,0,32,25,na
2021,LTER_4,Backreef,2,W19,1,48,0,8,0,44,25,na
2021,LTER_4,Backreef,2,W19,2,36,12,8,0,44,25,na
2021,LTER_4,Backreef,2,W19,4,4,0,52,0,44,25,na
2021,LTER_4,Backreef,2,W20,1,16,0,16,0,68,25,na
2021,LTER_4,Backreef,2,W20,2,72,16,12,0,0,25,na
2021,LTER_4,Backreef,2,W20,3,0,0,92,0,8,25,na
2021,LTER_4,Backreef,2,W20,4,40,0,52,0,8,25,na
2021,LTER_4,Backreef,2,W20,5,72,8,0,0,20,25,na
2021,LTER_5,Backreef,2,E1,1,12,12,0,0,76,25,na
2021,LTER_5,Backreef,2,E1,2,64,16,12,0,8,25,na
2021,LTER_5,Backreef,2,E1,3,72,4,12,0,12,25,na
2021,LTER_5,Backreef,2,E1,5,48,24,8,0,20,25,na
2021,LTER_5,Backreef,2,E2,1,24,4,8,0,64,25,na
2021,LTER_5,Backreef,2,E2,2,24,20,40,0,16,25,na
2021,LTER_5,Backreef,2,E2,3,20,4,16,0,60,25,na
2021,LTER_5,Backreef,2,E2,4,0,4,88,0,8,25,na
2021,LTER_5,Backreef,2,E2,5,72,28,0,0,0,25,na
2021,LTER_5,Backreef,2,E3,1,4,8,68,0,20,25,na
2021,LTER_5,Backreef,2,E3,2,12,16,44,0,28,25,na
2021,LTER_5,Backreef,2,E3,3,32,4,0,0,64,25,na
2021,LTER_5,Backreef,2,E3,4,0,0,100,0,0,25,na
2021,LTER_5,Backreef,2,E4,1,24,60,16,0,0,25,na
2021,LTER_5,Backreef,2,E4,2,0,0,100,0,0,25,na
2021,LTER_5,Backreef,2,E4,3,4,20,12,0,64,25,na
2021,LTER_5,Backreef,2,E4,4,80,4,12,0,4,25,na
2021,LTER_5,Backreef,2,E4,5,0,0,72,0,28,25,na
2021,LTER_5,Backreef,2,E5,1,8,0,32,0,60,25,na
2021,LTER_5,Backreef,2,E5,2,8,0,88,0,4,25,na
2021,LTER_5,Backreef,2,E5,3,36,12,48,0,4,25,na
2021,LTER_5,Backreef,2,E5,4,84,4,8,0,4,25,na
2021,LTER_5,Backreef,2,E5,5,4,0,36,0,60,25,na
2021,LTER_5,Backreef,2,N10,1,0,0,100,0,0,25,na
2021,LTER_5,Backreef,2,N10,2,36,12,8,0,44,25,na
2021,LTER_5,Backreef,2,N10,3,16,0,64,0,20,25,na
2021,LTER_5,Backreef,2,N10,4,4,4,72,8,12,25,na
2021,LTER_5,Backreef,2,N10,5,32,48,8,0,12,25,na
2021,LTER_5,Backreef,2,N6,1,24,4,8,0,64,25,na
2021,LTER_5,Backreef,2,N6,2,20,4,48,0,28,25,na
2021,LTER_5,Backreef,2,N6,3,28,0,12,0,60,25,na
2021,LTER_5,Backreef,2,N6,4,44,0,24,20,12,25,na
2021,LTER_5,Backreef,2,N6,5,40,44,0,0,16,25,na
2021,LTER_5,Backreef,2,N7,1,40,12,24,0,24,25,na
2021,LTER_5,Backreef,2,N7,2,52,0,0,0,48,25,na
2021,LTER_5,Backreef,2,N7,3,12,0,80,0,8,25,na
2021,LTER_5,Backreef,2,N7,4,0,0,80,4,16,25,na
2021,LTER_5,Backreef,2,N7,5,4,8,44,0,44,25,na
2021,LTER_5,Backreef,2,N8,1,52,8,16,0,24,25,na
2021,LTER_5,Backreef,2,N8,2,52,0,12,0,36,25,na
2021,LTER_5,Backreef,2,N8,3,20,4,64,0,12,25,na
2021,LTER_5,Backreef,2,N8,4,16,0,24,12,48,25,na
2021,LTER_5,Backreef,2,N8,5,8,0,84,0,8,25,na
2021,LTER_5,Backreef,2,N9,1,52,0,40,0,8,25,na
2021,LTER_5,Backreef,2,N9,2,64,8,0,0,28,25,na
2021,LTER_5,Backreef,2,N9,3,0,0,100,0,0,25,na
2021,LTER_5,Backreef,2,N9,4,0,8,32,4,56,25,na
2021,LTER_5,Backreef,2,N9,5,16,8,32,0,44,25,na
2021,LTER_5,Backreef,2,S11,1,28,12,0,0,60,25,na
2021,LTER_5,Backreef,2,S11,2,0,0,76,0,24,25,na
2021,LTER_5,Backreef,2,S11,3,48,24,4,0,24,25,na
2021,LTER_5,Backreef,2,S11,4,8,44,16,24,8,25,na
2021,LTER_5,Backreef,2,S12,1,32,0,0,0,68,25,na
2021,LTER_5,Backreef,2,S12,2,40,8,48,0,4,25,na
2021,LTER_5,Backreef,2,S12,3,16,20,40,0,24,25,na
2021,LTER_5,Backreef,2,S12,4,32,28,0,16,24,25,na
2021,LTER_5,Backreef,2,S12,5,0,8,12,0,80,25,na
2021,LTER_5,Backreef,2,S13,1,36,0,0,0,64,25,na
2021,LTER_5,Backreef,2,S13,2,0,0,72,0,28,25,na
2021,LTER_5,Backreef,2,S13,3,52,8,12,0,28,25,na
2021,LTER_5,Backreef,2,S13,4,20,12,28,0,40,25,na
2021,LTER_5,Backreef,2,S13,5,68,0,4,0,28,25,na
2021,LTER_5,Backreef,2,S14,1,28,0,0,0,72,25,na
2021,LTER_5,Backreef,2,S14,2,0,0,76,0,24,25,na
2021,LTER_5,Backreef,2,S14,3,44,0,20,0,36,25,na
2021,LTER_5,Backreef,2,S14,4,0,20,12,32,36,25,na
2021,LTER_5,Backreef,2,S14,5,48,8,4,0,40,25,na
2021,LTER_5,Backreef,2,S15,1,68,12,0,0,20,25,na
2021,LTER_5,Backreef,2,S15,2,8,0,20,0,72,25,na
2021,LTER_5,Backreef,2,S15,3,0,0,76,0,24,25,na
2021,LTER_5,Backreef,2,S15,4,0,12,0,40,48,25,na
2021,LTER_5,Backreef,2,S15,5,52,0,4,0,44,25,na
2021,LTER_5,Backreef,2,W16,1,52,8,16,0,24,25,na
2021,LTER_5,Backreef,2,W16,2,4,4,84,0,8,25,na
2021,LTER_5,Backreef,2,W16,3,76,4,8,0,12,25,na
2021,LTER_5,Backreef,2,W16,4,100,0,0,0,0,25,na
2021,LTER_5,Backreef,2,W16,5,68,32,0,0,0,25,na
2021,LTER_5,Backreef,2,W17,1,36,0,12,0,52,25,na
2021,LTER_5,Backreef,2,W17,2,4,0,88,0,8,25,na
2021,LTER_5,Backreef,2,W17,3,32,20,28,0,20,25,na
2021,LTER_5,Backreef,2,W17,4,24,12,0,0,64,25,na
2021,LTER_5,Backreef,2,W17,5,24,0,12,0,64,25,na
2021,LTER_5,Backreef,2,W18,1,76,0,0,0,24,25,na
2021,LTER_5,Backreef,2,W18,2,48,0,24,0,28,25,na
2021,LTER_5,Backreef,2,W18,3,40,0,12,0,48,25,na
2021,LTER_5,Backreef,2,W18,4,4,60,0,0,36,25,na
2021,LTER_5,Backreef,2,W19,1,76,0,24,0,0,25,na
2021,LTER_5,Backreef,2,W19,2,60,0,36,0,4,25,na
2021,LTER_5,Backreef,2,W19,3,32,4,0,0,64,25,na
2021,LTER_5,Backreef,2,W19,4,48,0,0,0,52,25,na
2021,LTER_5,Backreef,2,W19,5,8,0,4,0,88,25,na
2021,LTER_5,Backreef,2,W20,1,12,0,60,0,28,25,na
2021,LTER_5,Backreef,2,W20,2,28,24,24,0,24,25,na
2021,LTER_5,Backreef,2,W20,3,48,24,0,0,28,25,na
2021,LTER_5,Backreef,2,W20,4,29,25,33,0,13,24,some sub squares omitted
2021,LTER_5,Backreef,2,W20,5,60,20,4,0,16,25,na
2021,LTER_6,Backreef,2,E1,1,24,4,4,0,68,25,na
2021,LTER_6,Backreef,2,E1,2,36,0,8,0,56,25,na
2021,LTER_6,Backreef,2,E1,3,44,0,0,0,56,25,na
2021,LTER_6,Backreef,2,E1,4,8,0,0,0,92,24,some sub squares omitted
2021,LTER_6,Backreef,2,E1,5,28,4,12,0,56,25,na
2021,LTER_6,Backreef,2,E2,1,44,0,0,0,56,25,na
2021,LTER_6,Backreef,2,E2,2,76,0,4,0,20,25,na
2021,LTER_6,Backreef,2,E2,3,20,0,4,0,76,25,na
2021,LTER_6,Backreef,2,E2,4,28,0,0,0,72,25,na
2021,LTER_6,Backreef,2,E2,5,64,0,20,0,16,25,na
2021,LTER_6,Backreef,2,E3,1,56,4,20,0,20,25,na
2021,LTER_6,Backreef,2,E3,2,84,0,0,0,16,25,na
2021,LTER_6,Backreef,2,E3,3,16,0,0,0,84,25,na
2021,LTER_6,Backreef,2,E3,4,32,0,4,0,64,25,na
2021,LTER_6,Backreef,2,E3,5,92,4,4,0,0,25,na
2021,LTER_6,Backreef,2,E4,1,36,0,0,0,64,25,na
2021,LTER_6,Backreef,2,E4,2,64,12,0,0,24,25,na
2021,LTER_6,Backreef,2,E4,3,0,0,0,0,100,25,na
2021,LTER_6,Backreef,2,E4,4,40,4,0,0,56,25,na
2021,LTER_6,Backreef,2,E4,5,100,0,0,0,0,25,na
2021,LTER_6,Backreef,2,E5,1,24,24,16,0,36,25,na
2021,LTER_6,Backreef,2,E5,2,84,0,0,0,16,25,na
2021,LTER_6,Backreef,2,E5,3,48,4,28,0,20,25,na
2021,LTER_6,Backreef,2,E5,4,36,4,24,0,36,25,na
2021,LTER_6,Backreef,2,E5,5,64,0,8,0,28,25,na
2021,LTER_6,Backreef,2,N10,1,24,0,24,0,52,25,na
2021,LTER_6,Backreef,2,N10,2,0,0,36,0,64,25,na
2021,LTER_6,Backreef,2,N10,3,36,0,0,0,64,25,na
2021,LTER_6,Backreef,2,N10,4,12,0,76,0,12,25,na
2021,LTER_6,Backreef,2,N10,5,16,0,8,0,76,25,na
2021,LTER_6,Backreef,2,N6,1,56,12,4,0,28,25,na
2021,LTER_6,Backreef,2,N6,2,36,0,28,0,36,25,na
2021,LTER_6,Backreef,2,N6,3,12,0,4,0,84,25,na
2021,LTER_6,Backreef,2,N6,4,4,8,28,0,60,25,na
2021,LTER_6,Backreef,2,N6,5,48,20,8,0,24,25,na
2021,LTER_6,Backreef,2,N7,1,0,0,64,0,36,25,na
2021,LTER_6,Backreef,2,N7,2,28,12,16,0,44,25,na
2021,LTER_6,Backreef,2,N7,3,28,0,28,0,44,25,na
2021,LTER_6,Backreef,2,N7,4,4,4,92,0,0,25,na
2021,LTER_6,Backreef,2,N7,5,0,0,52,0,48,25,na
2021,LTER_6,Backreef,2,N8,2,12,0,16,0,72,25,na
2021,LTER_6,Backreef,2,N8,3,36,0,4,0,60,25,na
2021,LTER_6,Backreef,2,N8,4,4,4,68,0,24,25,na
2021,LTER_6,Backreef,2,N8,5,4,0,24,0,72,25,na
2021,LTER_6,Backreef,2,N9,1,12,0,0,0,88,25,na
2021,LTER_6,Backreef,2,N9,2,8,0,4,0,88,25,na
2021,LTER_6,Backreef,2,N9,3,32,12,24,0,32,25,na
2021,LTER_6,Backreef,2,N9,4,0,0,92,0,8,25,na
2021,LTER_6,Backreef,2,N9,5,12,20,0,0,68,25,na
2021,LTER_6,Backreef,2,S11,1,28,4,16,0,52,25,na
2021,LTER_6,Backreef,2,S11,2,44,0,4,0,52,25,na
2021,LTER_6,Backreef,2,S11,3,48,0,4,0,48,25,na
2021,LTER_6,Backreef,2,S11,4,36,16,0,0,48,25,na
2021,LTER_6,Backreef,2,S11,5,52,0,0,0,48,25,na
2021,LTER_6,Backreef,2,S12,1,48,0,4,0,48,25,na
2021,LTER_6,Backreef,2,S12,2,24,4,0,0,72,25,na
2021,LTER_6,Backreef,2,S12,3,48,0,12,0,40,25,na
2021,LTER_6,Backreef,2,S12,4,16,8,12,0,64,25,na
2021,LTER_6,Backreef,2,S12,5,44,0,0,0,56,25,na
2021,LTER_6,Backreef,2,S13,1,32,0,4,0,64,25,na
2021,LTER_6,Backreef,2,S13,2,20,0,0,0,80,25,na
2021,LTER_6,Backreef,2,S13,3,28,0,28,0,44,25,na
2021,LTER_6,Backreef,2,S13,4,44,4,4,0,48,25,na
2021,LTER_6,Backreef,2,S13,5,44,0,0,0,56,25,na
2021,LTER_6,Backreef,2,S14,1,28,0,28,0,44,25,na
2021,LTER_6,Backreef,2,S14,2,8,0,0,0,92,25,na
2021,LTER_6,Backreef,2,S14,3,36,0,64,0,0,25,na
2021,LTER_6,Backreef,2,S14,4,24,8,0,0,68,25,na
2021,LTER_6,Backreef,2,S14,5,64,0,0,0,36,25,na
2021,LTER_6,Backreef,2,S15,1,0,0,92,0,8,25,na
2021,LTER_6,Backreef,2,S15,2,36,28,0,0,36,25,na
2021,LTER_6,Backreef,2,S15,3,36,0,48,0,16,25,na
2021,LTER_6,Backreef,2,S15,4,60,0,4,0,36,25,na
2021,LTER_6,Backreef,2,S15,5,40,0,16,0,44,25,na
2021,LTER_6,Backreef,2,W16,1,20,0,0,0,80,25,na
2021,LTER_6,Backreef,2,W16,2,4,0,0,0,96,25,na
2021,LTER_6,Backreef,2,W16,3,40,0,8,0,52,25,na
2021,LTER_6,Backreef,2,W16,4,76,4,0,0,20,25,na
2021,LTER_6,Backreef,2,W16,5,32,0,0,0,68,25,na
2021,LTER_6,Backreef,2,W17,1,36,0,4,0,60,25,na
2021,LTER_6,Backreef,2,W17,2,56,0,12,0,32,25,na
2021,LTER_6,Backreef,2,W17,3,4,0,64,0,32,25,na
2021,LTER_6,Backreef,2,W17,4,60,12,0,0,28,25,na
2021,LTER_6,Backreef,2,W17,5,32,4,36,0,28,25,na
2021,LTER_6,Backreef,2,W18,1,32,4,12,0,52,25,na
2021,LTER_6,Backreef,2,W18,2,42,0,0,0,58,26,overcount
2021,LTER_6,Backreef,2,W18,3,4,0,72,0,24,25,na
2021,LTER_6,Backreef,2,W18,4,20,0,0,0,80,25,na
2021,LTER_6,Backreef,2,W19,1,32,8,16,0,44,25,na
2021,LTER_6,Backreef,2,W19,2,28,0,44,0,28,25,na
2021,LTER_6,Backreef,2,W19,3,28,4,36,0,32,25,na
2021,LTER_6,Backreef,2,W19,4,72,0,0,0,28,25,na
2021,LTER_6,Backreef,2,W19,5,4,8,64,0,24,25,na
2021,LTER_6,Backreef,2,W20,1,24,0,68,0,8,25,na
2021,LTER_6,Backreef,2,W20,2,24,4,24,0,48,25,na
2021,LTER_6,Backreef,2,W20,3,12,16,0,0,72,25,na
2021,LTER_6,Backreef,2,W20,4,36,16,4,0,44,25,na
2021,LTER_6,Backreef,2,W20,5,0,0,80,0,20,25,na
2022,LTER_1,Backreef,2,E1,1,0,32,0,0,68,25,na
2022,LTER_1,Backreef,2,E1,2,24,4,0,0,72,25,na
2022,LTER_1,Backreef,2,E1,3,0,20,0,0,80,25,na
2022,LTER_1,Backreef,2,E1,4,8,0,20,0,72,25,na
2022,LTER_1,Backreef,2,E1,5,16,24,8,0,52,25,na
2022,LTER_1,Backreef,2,E2,1,0,28,0,0,72,25,na
2022,LTER_1,Backreef,2,E2,2,8,12,0,0,80,25,na
2022,LTER_1,Backreef,2,E2,3,4,16,0,0,80,25,na
2022,LTER_1,Backreef,2,E2,4,20,16,8,0,56,25,na
2022,LTER_1,Backreef,2,E2,5,8,16,12,0,64,25,na
2022,LTER_1,Backreef,2,E3,1,12,40,4,0,44,25,na
2022,LTER_1,Backreef,2,E3,2,36,52,4,0,8,25,na
2022,LTER_1,Backreef,2,E3,3,0,28,4,0,68,25,na
2022,LTER_1,Backreef,2,E3,4,12,4,0,0,84,25,na
2022,LTER_1,Backreef,2,E3,5,24,8,32,0,36,25,na
2022,LTER_1,Backreef,2,E4,1,0,32,0,0,68,25,na
2022,LTER_1,Backreef,2,E4,2,8,12,36,0,44,25,na
2022,LTER_1,Backreef,2,E4,3,0,0,0,0,100,25,na
2022,LTER_1,Backreef,2,E4,4,4,20,32,0,44,25,na
2022,LTER_1,Backreef,2,E4,5,4,32,8,0,56,25,na
2022,LTER_1,Backreef,2,E5,1,24,20,20,0,36,25,na
2022,LTER_1,Backreef,2,E5,2,4,16,24,0,56,25,na
2022,LTER_1,Backreef,2,E5,3,0,0,0,0,100,25,na
2022,LTER_1,Backreef,2,E5,4,0,0,100,0,0,25,na
2022,LTER_1,Backreef,2,E5,5,4,8,32,0,56,25,na
2022,LTER_1,Backreef,2,N10,1,4,4,0,0,92,25,na
2022,LTER_1,Backreef,2,N10,2,28,32,0,0,40,25,na
2022,LTER_1,Backreef,2,N10,3,0,0,16,0,84,25,na
2022,LTER_1,Backreef,2,N10,4,16,8,36,0,40,25,na
2022,LTER_1,Backreef,2,N10,5,40,0,0,0,60,25,na
2022,LTER_1,Backreef,2,N6,1,4,20,0,0,76,25,na
2022,LTER_1,Backreef,2,N6,2,20,20,0,0,60,25,na
2022,LTER_1,Backreef,2,N6,3,0,48,4,0,48,25,na
2022,LTER_1,Backreef,2,N6,4,0,0,84,0,16,25,na
2022,LTER_1,Backreef,2,N6,5,20,20,16,0,44,25,na
2022,LTER_1,Backreef,2,N7,1,12,40,4,0,44,25,na
2022,LTER_1,Backreef,2,N7,2,36,20,4,0,40,25,na
2022,LTER_1,Backreef,2,N7,3,4,40,0,0,56,25,na
2022,LTER_1,Backreef,2,N7,4,24,0,52,0,24,25,na
2022,LTER_1,Backreef,2,N7,5,28,32,16,0,24,25,na
2022,LTER_1,Backreef,2,N8,1,4,20,0,0,76,25,na
2022,LTER_1,Backreef,2,N8,2,4,20,16,0,60,25,na
2022,LTER_1,Backreef,2,N8,3,0,8,0,0,92,25,na
2022,LTER_1,Backreef,2,N8,4,28,12,40,0,20,25,na
2022,LTER_1,Backreef,2,N8,5,8,8,40,0,44,25,na
2022,LTER_1,Backreef,2,N9,1,8,0,0,0,92,25,na
2022,LTER_1,Backreef,2,N9,2,16,52,4,0,28,25,na
2022,LTER_1,Backreef,2,N9,3,0,0,0,0,100,25,na
2022,LTER_1,Backreef,2,N9,4,20,8,32,0,40,25,na
2022,LTER_1,Backreef,2,N9,5,24,0,28,0,48,25,na
2022,LTER_1,Backreef,2,S11,1,0,72,0,0,28,25,na
2022,LTER_1,Backreef,2,S11,2,24,0,0,0,76,25,na
2022,LTER_1,Backreef,2,S11,3,4,48,0,0,48,25,na
2022,LTER_1,Backreef,2,S11,4,0,40,24,0,36,25,na
2022,LTER_1,Backreef,2,S11,5,0,24,0,0,76,25,na
2022,LTER_1,Backreef,2,S12,1,0,28,44,0,28,25,na
2022,LTER_1,Backreef,2,S12,2,16,32,4,0,48,25,na
2022,LTER_1,Backreef,2,S12,3,0,72,0,0,28,25,na
2022,LTER_1,Backreef,2,S12,4,12,16,40,0,32,25,na
2022,LTER_1,Backreef,2,S12,5,8,16,0,0,76,25,na
2022,LTER_1,Backreef,2,S13,1,0,0,100,0,0,25,na
2022,LTER_1,Backreef,2,S13,2,12,20,0,0,68,25,na
2022,LTER_1,Backreef,2,S13,3,0,52,0,0,48,25,na
2022,LTER_1,Backreef,2,S13,4,0,12,60,0,28,25,na
2022,LTER_1,Backreef,2,S13,5,48,16,0,0,36,25,na
2022,LTER_1,Backreef,2,S14,1,4,16,60,0,20,25,na
2022,LTER_1,Backreef,2,S14,2,4,64,0,0,32,25,na
2022,LTER_1,Backreef,2,S14,3,0,12,0,0,88,25,na
2022,LTER_1,Backreef,2,S14,4,0,0,96,0,4,25,na
2022,LTER_1,Backreef,2,S14,5,12,44,4,0,40,25,na
2022,LTER_1,Backreef,2,S15,1,8,12,32,0,48,25,na
2022,LTER_1,Backreef,2,S15,2,36,16,20,0,28,25,na
2022,LTER_1,Backreef,2,S15,3,0,0,0,0,100,25,na
2022,LTER_1,Backreef,2,S15,4,4,0,64,0,32,25,na
2022,LTER_1,Backreef,2,S15,5,28,40,4,0,28,25,na
2022,LTER_1,Backreef,2,W16,1,0,24,0,0,76,25,na
2022,LTER_1,Backreef,2,W16,2,44,16,0,0,40,25,na
2022,LTER_1,Backreef,2,W16,3,0,84,0,0,16,25,na
2022,LTER_1,Backreef,2,W16,4,12,4,48,0,36,25,na
2022,LTER_1,Backreef,2,W16,5,16,24,0,0,60,25,na
2022,LTER_1,Backreef,2,W17,1,48,12,8,0,32,25,na
2022,LTER_1,Backreef,2,W17,2,8,36,12,0,44,25,na
2022,LTER_1,Backreef,2,W17,3,4,8,0,0,88,25,na
2022,LTER_1,Backreef,2,W17,4,0,8,56,0,36,25,na
2022,LTER_1,Backreef,2,W17,5,20,36,4,0,40,25,na
2022,LTER_1,Backreef,2,W18,1,12,40,4,0,44,25,na
2022,LTER_1,Backreef,2,W18,2,0,0,72,0,28,25,na
2022,LTER_1,Backreef,2,W18,3,0,0,0,0,100,25,na
2022,LTER_1,Backreef,2,W18,4,0,0,16,0,84,25,na
2022,LTER_1,Backreef,2,W18,5,32,4,16,0,48,25,na
2022,LTER_1,Backreef,2,W19,1,12,8,16,0,64,25,na
2022,LTER_1,Backreef,2,W19,2,0,0,92,0,8,25,na
2022,LTER_1,Backreef,2,W19,3,0,0,0,0,100,25,na
2022,LTER_1,Backreef,2,W19,4,8,16,8,0,68,25,na
2022,LTER_1,Backreef,2,W19,5,28,4,32,0,36,25,na
2022,LTER_1,Backreef,2,W20,1,28,20,28,0,24,25,na
2022,LTER_1,Backreef,2,W20,2,24,4,56,0,16,25,na
2022,LTER_1,Backreef,2,W20,3,0,0,0,0,100,25,na
2022,LTER_1,Backreef,2,W20,4,4,24,24,0,48,25,na
2022,LTER_1,Backreef,2,W20,5,0,4,84,0,12,25,na
2022,LTER_2,Backreef,2,E1,1,0,28,28,0,44,25,na
2022,LTER_2,Backreef,2,E1,2,0,8,16,0,76,25,na
2022,LTER_2,Backreef,2,E1,3,12,0,0,0,88,25,na
2022,LTER_2,Backreef,2,E1,4,0,8,16,0,76,25,na
2022,LTER_2,Backreef,2,E1,5,0,72,0,0,28,25,na
2022,LTER_2,Backreef,2,E2,1,4,24,12,0,60,25,na
2022,LTER_2,Backreef,2,E2,2,4,24,8,0,64,25,na
2022,LTER_2,Backreef,2,E2,3,8,12,0,0,80,25,na
2022,LTER_2,Backreef,2,E2,4,0,28,8,0,64,25,na
2022,LTER_2,Backreef,2,E2,5,8,68,0,0,24,25,na
2022,LTER_2,Backreef,2,E3,1,12,8,24,0,56,25,na
2022,LTER_2,Backreef,2,E3,2,12,52,8,0,28,25,na
2022,LTER_2,Backreef,2,E3,3,24,0,0,0,76,25,na
2022,LTER_2,Backreef,2,E3,4,0,28,52,0,20,25,na
2022,LTER_2,Backreef,2,E3,5,0,44,4,0,52,25,na
2022,LTER_2,Backreef,2,E4,1,0,16,28,0,56,25,na
2022,LTER_2,Backreef,2,E4,2,0,16,40,0,44,25,na
2022,LTER_2,Backreef,2,E4,3,44,8,48,0,0,25,na
2022,LTER_2,Backreef,2,E4,4,0,60,36,0,4,25,na
2022,LTER_2,Backreef,2,E4,5,0,12,24,0,64,25,na
2022,LTER_2,Backreef,2,E5,1,0,0,56,0,44,25,na
2022,LTER_2,Backreef,2,E5,2,8,20,36,0,36,25,na
2022,LTER_2,Backreef,2,E5,3,0,52,0,0,48,25,na
2022,LTER_2,Backreef,2,E5,4,0,48,44,0,8,25,na
2022,LTER_2,Backreef,2,E5,5,0,0,52,0,48,25,na
2022,LTER_2,Backreef,2,N10,1,0,4,84,0,12,25,na
2022,LTER_2,Backreef,2,N10,2,0,76,0,0,24,25,na
2022,LTER_2,Backreef,2,N10,3,32,4,36,0,28,25,na
2022,LTER_2,Backreef,2,N10,4,0,4,84,0,12,25,na
2022,LTER_2,Backreef,2,N10,5,0,88,4,0,8,25,na
2022,LTER_2,Backreef,2,N6,1,0,4,48,0,48,25,na
2022,LTER_2,Backreef,2,N6,2,8,44,24,0,24,25,na
2022,LTER_2,Backreef,2,N6,3,4,12,0,0,84,25,na
2022,LTER_2,Backreef,2,N6,4,0,0,56,0,44,25,na
2022,LTER_2,Backreef,2,N6,5,4,56,0,0,40,25,na
2022,LTER_2,Backreef,2,N7,1,12,0,84,0,4,25,na
2022,LTER_2,Backreef,2,N7,2,0,56,12,0,32,25,na
2022,LTER_2,Backreef,2,N7,3,0,36,24,0,40,25,na
2022,LTER_2,Backreef,2,N7,4,0,0,44,0,56,25,na
2022,LTER_2,Backreef,2,N7,5,0,4,0,0,96,25,na
2022,LTER_2,Backreef,2,N8,1,4,0,88,0,8,25,na
2022,LTER_2,Backreef,2,N8,2,8,32,8,0,52,25,na
2022,LTER_2,Backreef,2,N8,3,0,16,4,0,80,25,na
2022,LTER_2,Backreef,2,N8,4,0,4,68,0,28,25,na
2022,LTER_2,Backreef,2,N8,5,0,28,0,0,72,25,na
2022,LTER_2,Backreef,2,N9,1,0,0,40,0,60,25,na
2022,LTER_2,Backreef,2,N9,2,0,60,0,0,40,25,na
2022,LTER_2,Backreef,2,N9,3,0,52,40,0,8,25,na
2022,LTER_2,Backreef,2,N9,4,0,0,72,0,28,25,na
2022,LTER_2,Backreef,2,N9,5,0,84,0,0,16,25,na
2022,LTER_2,Backreef,2,S11,1,0,76,20,0,4,25,na
2022,LTER_2,Backreef,2,S11,2,0,40,12,0,48,25,na
2022,LTER_2,Backreef,2,S11,3,16,8,0,0,76,25,na
2022,LTER_2,Backreef,2,S11,4,0,12,44,0,44,25,na
2022,LTER_2,Backreef,2,S11,5,0,80,0,0,20,25,na
2022,LTER_2,Backreef,2,S12,1,0,44,16,0,40,25,na
2022,LTER_2,Backreef,2,S12,2,0,36,48,0,16,25,na
2022,LTER_2,Backreef,2,S12,3,32,0,20,0,48,25,na
2022,LTER_2,Backreef,2,S12,4,0,36,32,0,32,25,na
2022,LTER_2,Backreef,2,S12,5,0,68,20,0,12,25,na
2022,LTER_2,Backreef,2,S13,1,0,52,24,0,24,25,na
2022,LTER_2,Backreef,2,S13,2,0,4,96,0,0,25,na
2022,LTER_2,Backreef,2,S13,3,12,0,72,0,16,25,na
2022,LTER_2,Backreef,2,S13,4,0,0,68,0,32,25,na
2022,LTER_2,Backreef,2,S13,5,0,32,12,0,56,25,na
2022,LTER_2,Backreef,2,S14,1,0,20,44,0,36,25,na
2022,LTER_2,Backreef,2,S14,2,12,0,76,0,12,25,na
2022,LTER_2,Backreef,2,S14,3,28,4,64,0,4,25,na
2022,LTER_2,Backreef,2,S14,4,0,0,44,0,56,25,na
2022,LTER_2,Backreef,2,S14,5,0,8,48,0,44,25,na
2022,LTER_2,Backreef,2,S15,1,0,0,40,0,60,25,na
2022,LTER_2,Backreef,2,S15,2,16,4,44,0,36,25,na
2022,LTER_2,Backreef,2,S15,3,0,4,60,0,36,25,na
2022,LTER_2,Backreef,2,S15,4,0,0,56,0,44,25,na
2022,LTER_2,Backreef,2,S15,5,0,48,12,0,40,25,na
2022,LTER_2,Backreef,2,W16,1,0,28,36,0,36,25,na
2022,LTER_2,Backreef,2,W16,2,4,32,0,0,64,25,na
2022,LTER_2,Backreef,2,W16,3,4,16,44,0,36,25,na
2022,LTER_2,Backreef,2,W16,4,0,32,8,0,60,25,na
2022,LTER_2,Backreef,2,W16,5,16,8,0,0,76,25,na
2022,LTER_2,Backreef,2,W17,1,0,72,4,0,24,25,na
2022,LTER_2,Backreef,2,W17,2,0,4,0,0,96,25,na
2022,LTER_2,Backreef,2,W17,3,8,0,8,0,84,25,na
2022,LTER_2,Backreef,2,W17,4,0,56,32,0,12,25,na
2022,LTER_2,Backreef,2,W17,5,4,4,12,0,80,25,na
2022,LTER_2,Backreef,2,W18,1,0,84,0,0,16,25,na
2022,LTER_2,Backreef,2,W18,2,0,0,0,0,100,25,na
2022,LTER_2,Backreef,2,W18,3,16,0,4,0,80,25,na
2022,LTER_2,Backreef,2,W18,4,0,0,100,0,0,25,na
2022,LTER_2,Backreef,2,W18,5,0,4,20,0,76,25,na
2022,LTER_2,Backreef,2,W19,1,0,64,0,0,36,25,na
2022,LTER_2,Backreef,2,W19,2,4,0,0,0,96,25,na
2022,LTER_2,Backreef,2,W19,3,8,4,0,0,88,25,na
2022,LTER_2,Backreef,2,W19,4,0,12,52,0,36,25,na
2022,LTER_2,Backreef,2,W19,5,0,12,28,0,60,25,na
2022,LTER_2,Backreef,2,W20,1,0,32,16,0,52,25,na
2022,LTER_2,Backreef,2,W20,2,0,24,48,0,28,25,na
2022,LTER_2,Backreef,2,W20,3,12,4,8,0,76,25,na
2022,LTER_2,Backreef,2,W20,4,0,0,4,0,96,25,na
2022,LTER_2,Backreef,2,W20,5,0,68,8,0,24,25,na
2022,LTER_3,Backreef,2,E1,1,32,24,0,0,44,25,na
2022,LTER_3,Backreef,2,E1,2,20,36,0,0,44,25,na
2022,LTER_3,Backreef,2,E1,3,8,0,0,0,92,25,na
2022,LTER_3,Backreef,2,E1,4,24,12,8,0,56,25,na
2022,LTER_3,Backreef,2,E1,5,4,0,4,0,92,25,na
2022,LTER_3,Backreef,2,E2,1,12,8,0,0,80,25,na
2022,LTER_3,Backreef,2,E2,2,32,36,8,0,24,25,na
2022,LTER_3,Backreef,2,E2,3,12,0,0,0,88,25,na
2022,LTER_3,Backreef,2,E2,4,8,4,0,0,88,25,na
2022,LTER_3,Backreef,2,E2,5,24,12,20,0,44,25,na
2022,LTER_3,Backreef,2,E3,1,4,24,4,0,68,25,na
2022,LTER_3,Backreef,2,E3,2,28,32,4,0,36,25,na
2022,LTER_3,Backreef,2,E3,3,16,12,16,0,56,25,na
2022,LTER_3,Backreef,2,E3,4,8,8,8,0,76,25,na
2022,LTER_3,Backreef,2,E3,5,20,0,52,0,28,25,na
2022,LTER_3,Backreef,2,E4,1,16,12,40,0,32,25,na
2022,LTER_3,Backreef,2,E4,2,12,8,24,0,56,25,na
2022,LTER_3,Backreef,2,E4,3,0,0,68,0,32,25,na
2022,LTER_3,Backreef,2,E4,4,24,44,0,0,32,25,na
2022,LTER_3,Backreef,2,E4,5,44,0,40,0,16,25,na
2022,LTER_3,Backreef,2,E5,1,0,0,80,0,20,25,na
2022,LTER_3,Backreef,2,E5,2,8,4,28,0,60,25,na
2022,LTER_3,Backreef,2,E5,3,8,0,52,0,40,25,na
2022,LTER_3,Backreef,2,E5,4,0,8,4,0,88,25,na
2022,LTER_3,Backreef,2,E5,5,0,64,0,0,36,25,na
2022,LTER_3,Backreef,2,N10,1,28,20,36,0,16,25,na
2022,LTER_3,Backreef,2,N10,2,36,20,20,0,24,25,na
2022,LTER_3,Backreef,2,N10,3,0,0,80,0,20,25,na
2022,LTER_3,Backreef,2,N10,4,24,0,68,0,8,25,na
2022,LTER_3,Backreef,2,N10,5,8,0,60,0,32,25,na
2022,LTER_3,Backreef,2,N6,1,16,12,16,0,56,25,na
2022,LTER_3,Backreef,2,N6,2,8,36,0,0,56,25,na
2022,LTER_3,Backreef,2,N6,3,0,0,0,0,100,25,na
2022,LTER_3,Backreef,2,N6,4,4,16,0,0,80,25,na
2022,LTER_3,Backreef,2,N6,5,12,4,44,0,40,25,na
2022,LTER_3,Backreef,2,N7,1,32,56,0,0,12,25,na
2022,LTER_3,Backreef,2,N7,2,8,20,48,0,24,25,na
2022,LTER_3,Backreef,2,N7,3,12,0,4,0,84,25,na
2022,LTER_3,Backreef,2,N7,4,24,12,16,0,48,25,na
2022,LTER_3,Backreef,2,N7,5,68,0,16,0,16,25,na
2022,LTER_3,Backreef,2,N8,1,0,56,0,0,44,25,na
2022,LTER_3,Backreef,2,N8,2,0,52,36,0,12,25,na
2022,LTER_3,Backreef,2,N8,3,36,4,28,0,32,25,na
2022,LTER_3,Backreef,2,N8,4,60,8,16,0,16,25,na
2022,LTER_3,Backreef,2,N8,5,16,0,48,0,36,25,na
2022,LTER_3,Backreef,2,N9,1,32,44,0,0,24,25,na
2022,LTER_3,Backreef,2,N9,2,24,20,4,0,52,25,na
2022,LTER_3,Backreef,2,N9,3,0,0,88,0,12,25,na
2022,LTER_3,Backreef,2,N9,4,24,4,52,0,20,25,na
2022,LTER_3,Backreef,2,N9,5,4,4,40,0,52,25,na
2022,LTER_3,Backreef,2,S11,1,24,8,4,0,64,25,na
2022,LTER_3,Backreef,2,S11,2,28,4,60,0,8,25,na
2022,LTER_3,Backreef,2,S11,3,28,0,0,0,72,25,na
2022,LTER_3,Backreef,2,S11,4,48,4,12,0,36,25,na
2022,LTER_3,Backreef,2,S11,5,8,8,28,0,56,25,na
2022,LTER_3,Backreef,2,S12,1,60,0,32,0,8,25,na
2022,LTER_3,Backreef,2,S12,2,4,24,64,0,8,25,na
2022,LTER_3,Backreef,2,S12,3,12,0,0,0,88,25,na
2022,LTER_3,Backreef,2,S12,4,56,16,4,0,24,25,na
2022,LTER_3,Backreef,2,S12,5,44,12,0,0,44,25,na
2022,LTER_3,Backreef,2,S13,1,0,0,92,0,8,25,na
2022,LTER_3,Backreef,2,S13,2,16,36,40,0,8,25,na
2022,LTER_3,Backreef,2,S13,3,0,24,4,0,72,25,na
2022,LTER_3,Backreef,2,S13,4,20,24,0,0,56,25,na
2022,LTER_3,Backreef,2,S13,5,32,0,24,0,44,25,na
2022,LTER_3,Backreef,2,S14,1,24,0,64,0,12,25,na
2022,LTER_3,Backreef,2,S14,2,8,32,44,0,16,25,na
2022,LTER_3,Backreef,2,S14,3,8,20,20,0,52,25,na
2022,LTER_3,Backreef,2,S14,4,16,12,36,0,36,25,na
2022,LTER_3,Backreef,2,S14,5,12,0,64,0,24,25,na
2022,LTER_3,Backreef,2,S15,1,4,0,72,0,24,25,na
2022,LTER_3,Backreef,2,S15,2,32,4,40,0,24,25,na
2022,LTER_3,Backreef,2,S15,3,4,4,64,0,28,25,na
2022,LTER_3,Backreef,2,S15,4,52,0,32,0,16,25,na
2022,LTER_3,Backreef,2,S15,5,20,4,0,0,76,25,na
2022,LTER_3,Backreef,2,W16,1,4,16,4,0,76,25,na
2022,LTER_3,Backreef,2,W16,2,0,16,28,0,56,25,na
2022,LTER_3,Backreef,2,W16,3,4,8,16,0,72,25,na
2022,LTER_3,Backreef,2,W16,4,52,0,0,0,48,25,na
2022,LTER_3,Backreef,2,W16,5,60,16,0,0,24,25,na
2022,LTER_3,Backreef,2,W17,1,0,0,96,0,4,25,na
2022,LTER_3,Backreef,2,W17,2,60,12,8,0,20,25,na
2022,LTER_3,Backreef,2,W17,3,4,0,84,0,12,25,na
2022,LTER_3,Backreef,2,W17,4,52,4,12,0,32,25,na
2022,LTER_3,Backreef,2,W17,5,12,4,8,0,76,25,na
2022,LTER_3,Backreef,2,W18,1,0,0,72,0,28,25,na
2022,LTER_3,Backreef,2,W18,2,48,12,0,0,40,25,na
2022,LTER_3,Backreef,2,W18,3,12,0,68,0,20,25,na
2022,LTER_3,Backreef,2,W18,4,36,0,8,0,56,25,na
2022,LTER_3,Backreef,2,W18,5,24,0,4,0,72,25,na
2022,LTER_3,Backreef,2,W19,1,16,0,44,0,40,25,na
2022,LTER_3,Backreef,2,W19,2,12,20,48,0,20,25,na
2022,LTER_3,Backreef,2,W19,3,0,0,72,0,28,25,na
2022,LTER_3,Backreef,2,W19,4,20,4,24,0,52,25,na
2022,LTER_3,Backreef,2,W19,5,4,40,4,0,52,25,na
2022,LTER_3,Backreef,2,W20,1,24,0,68,0,8,25,na
2022,LTER_3,Backreef,2,W20,3,12,0,68,0,20,25,na
2022,LTER_3,Backreef,2,W20,4,0,0,100,0,0,25,na
2022,LTER_3,Backreef,2,W20,5,4,4,28,0,64,25,na
2022,LTER_4,Backreef,2,E1,1,84,4,0,0,12,25,na
2022,LTER_4,Backreef,2,E1,3,52,16,0,0,32,25,na
2022,LTER_4,Backreef,2,E1,4,52,16,8,0,24,25,na
2022,LTER_4,Backreef,2,E1,5,20,72,0,0,8,25,na
2022,LTER_4,Backreef,2,E11,2,32,48,0,0,20,25,na
2022,LTER_4,Backreef,2,E12,2,36,20,0,0,44,25,na
2022,LTER_4,Backreef,2,E13,2,12,4,40,0,44,25,na
2022,LTER_4,Backreef,2,E14,2,28,4,36,0,32,25,na
2022,LTER_4,Backreef,2,E15,2,28,4,60,0,8,25,na
2022,LTER_4,Backreef,2,E2,1,64,0,0,0,36,25,na
2022,LTER_4,Backreef,2,E2,3,56,8,0,0,36,25,na
2022,LTER_4,Backreef,2,E2,4,20,52,0,0,28,25,na
2022,LTER_4,Backreef,2,E2,5,52,28,0,0,20,25,na
2022,LTER_4,Backreef,2,E3,1,76,4,4,0,16,25,na
2022,LTER_4,Backreef,2,E3,3,20,12,8,0,60,25,na
2022,LTER_4,Backreef,2,E3,4,72,20,0,0,8,25,na
2022,LTER_4,Backreef,2,E3,5,48,36,0,0,16,25,na
2022,LTER_4,Backreef,2,E4,1,32,24,8,0,36,25,na
2022,LTER_4,Backreef,2,E4,3,56,16,16,0,12,25,na
2022,LTER_4,Backreef,2,E4,4,44,8,32,0,16,25,na
2022,LTER_4,Backreef,2,E4,5,32,36,0,0,32,25,na
2022,LTER_4,Backreef,2,E5,1,32,20,32,0,16,25,na
2022,LTER_4,Backreef,2,E5,3,32,28,0,0,40,25,na
2022,LTER_4,Backreef,2,E5,4,32,4,44,0,20,25,na
2022,LTER_4,Backreef,2,E5,5,36,20,40,0,4,25,na
2022,LTER_4,Backreef,2,N10,1,4,0,76,0,20,25,na
2022,LTER_4,Backreef,2,N10,2,36,24,4,0,36,25,na
2022,LTER_4,Backreef,2,N10,3,24,0,52,0,24,25,na
2022,LTER_4,Backreef,2,N10,4,44,8,4,0,44,25,na
2022,LTER_4,Backreef,2,N10,5,36,28,0,0,36,25,na
2022,LTER_4,Backreef,2,N6,1,76,12,0,0,12,25,na
2022,LTER_4,Backreef,2,N6,2,24,32,0,0,44,25,na
2022,LTER_4,Backreef,2,N6,3,36,24,0,0,40,25,na
2022,LTER_4,Backreef,2,N6,4,52,4,12,0,32,25,na
2022,LTER_4,Backreef,2,N6,5,24,4,0,0,72,25,na
2022,LTER_4,Backreef,2,N7,1,8,4,60,0,28,25,na
2022,LTER_4,Backreef,2,N7,2,68,12,0,0,20,25,na
2022,LTER_4,Backreef,2,N7,3,8,0,76,0,16,25,na
2022,LTER_4,Backreef,2,N7,4,24,20,4,0,52,25,na
2022,LTER_4,Backreef,2,N7,5,36,52,0,0,12,25,na
2022,LTER_4,Backreef,2,N8,1,0,0,96,0,4,25,na
2022,LTER_4,Backreef,2,N8,2,52,20,4,0,24,25,na
2022,LTER_4,Backreef,2,N8,3,0,8,56,0,36,25,na
2022,LTER_4,Backreef,2,N8,4,16,40,0,0,44,25,na
2022,LTER_4,Backreef,2,N8,5,32,68,0,0,0,25,na
2022,LTER_4,Backreef,2,N9,1,0,0,100,0,0,25,na
2022,LTER_4,Backreef,2,N9,2,32,16,4,0,48,25,na
2022,LTER_4,Backreef,2,N9,3,44,8,20,0,28,25,na
2022,LTER_4,Backreef,2,N9,4,20,20,4,0,56,25,na
2022,LTER_4,Backreef,2,N9,5,80,20,0,0,0,25,na
2022,LTER_4,Backreef,2,S1,2,36,28,0,0,36,25,na
2022,LTER_4,Backreef,2,S11,1,52,20,16,0,12,25,na
2022,LTER_4,Backreef,2,S11,3,24,24,8,0,44,25,na
2022,LTER_4,Backreef,2,S11,4,60,16,8,0,16,25,na
2022,LTER_4,Backreef,2,S11,5,40,36,8,0,16,25,na
2022,LTER_4,Backreef,2,S12,1,64,0,20,0,16,25,na
2022,LTER_4,Backreef,2,S12,3,64,8,0,0,28,25,na
2022,LTER_4,Backreef,2,S12,4,20,0,72,0,8,25,na
2022,LTER_4,Backreef,2,S12,5,0,88,0,0,12,25,na
2022,LTER_4,Backreef,2,S13,1,68,16,0,0,16,25,na
2022,LTER_4,Backreef,2,S13,3,8,0,12,0,80,25,na
2022,LTER_4,Backreef,2,S13,4,36,16,12,0,36,25,na
2022,LTER_4,Backreef,2,S13,5,0,84,0,0,16,25,na
2022,LTER_4,Backreef,2,S14,1,56,36,0,0,8,25,na
2022,LTER_4,Backreef,2,S14,3,0,0,8,0,92,25,na
2022,LTER_4,Backreef,2,S14,4,40,36,0,0,24,25,na
2022,LTER_4,Backreef,2,S14,5,4,68,0,0,28,25,na
2022,LTER_4,Backreef,2,S15,1,76,16,4,0,4,25,na
2022,LTER_4,Backreef,2,S15,3,0,0,4,0,96,25,na
2022,LTER_4,Backreef,2,S15,4,24,16,4,0,56,25,na
2022,LTER_4,Backreef,2,S15,5,52,16,0,0,32,25,na
2022,LTER_4,Backreef,2,S2,2,60,28,4,0,8,25,na
2022,LTER_4,Backreef,2,S3,2,24,24,16,0,36,25,na
2022,LTER_4,Backreef,2,S4,2,52,4,24,0,20,25,na
2022,LTER_4,Backreef,2,S5,2,72,4,16,0,8,25,na
2022,LTER_4,Backreef,2,W16,1,28,44,8,0,20,25,na
2022,LTER_4,Backreef,2,W16,2,52,0,4,0,44,25,na
2022,LTER_4,Backreef,2,W16,3,56,20,0,0,24,25,na
2022,LTER_4,Backreef,2,W16,4,8,12,44,0,36,25,na
2022,LTER_4,Backreef,2,W16,5,32,44,0,0,24,25,na
2022,LTER_4,Backreef,2,W17,1,76,16,4,0,4,25,na
2022,LTER_4,Backreef,2,W17,2,28,4,32,0,36,25,na
2022,LTER_4,Backreef,2,W17,3,80,16,0,0,4,25,na
2022,LTER_4,Backreef,2,W17,4,76,20,0,0,4,25,na
2022,LTER_4,Backreef,2,W17,5,28,4,28,0,40,25,na
2022,LTER_4,Backreef,2,W18,1,60,16,0,0,24,25,na
2022,LTER_4,Backreef,2,W18,2,12,12,68,0,8,25,na
2022,LTER_4,Backreef,2,W18,3,64,20,0,0,16,25,na
2022,LTER_4,Backreef,2,W18,4,24,28,24,0,24,25,na
2022,LTER_4,Backreef,2,W18,5,52,0,24,0,24,25,na
2022,LTER_4,Backreef,2,W19,1,40,8,16,0,36,25,na
2022,LTER_4,Backreef,2,W19,2,16,4,48,0,32,25,na
2022,LTER_4,Backreef,2,W19,3,24,36,20,0,20,25,na
2022,LTER_4,Backreef,2,W19,4,4,4,72,0,20,25,na
2022,LTER_4,Backreef,2,W19,5,52,12,4,0,32,25,na
2022,LTER_4,Backreef,2,W20,1,28,44,8,0,20,25,na
2022,LTER_4,Backreef,2,W20,2,56,0,12,0,32,25,na
2022,LTER_4,Backreef,2,W20,3,0,0,8,0,92,25,na
2022,LTER_4,Backreef,2,W20,4,52,0,8,0,40,25,na
2022,LTER_4,Backreef,2,W20,5,48,12,0,0,40,25,na
2022,LTER_5,Backreef,2,E1,1,16,8,0,0,76,25,na
2022,LTER_5,Backreef,2,E1,2,40,12,28,0,20,25,na
2022,LTER_5,Backreef,2,E1,3,44,8,36,0,12,25,na
2022,LTER_5,Backreef,2,E1,4,40,4,24,8,24,25,na
2022,LTER_5,Backreef,2,E1,5,12,12,0,0,76,25,na
2022,LTER_5,Backreef,2,E2,1,48,0,16,0,36,25,na
2022,LTER_5,Backreef,2,E2,2,32,4,56,0,8,25,na
2022,LTER_5,Backreef,2,E2,3,16,24,12,0,48,25,na
2022,LTER_5,Backreef,2,E2,4,0,0,92,0,8,25,na
2022,LTER_5,Backreef,2,E2,5,48,12,36,0,4,25,na
2022,LTER_5,Backreef,2,E3,1,12,0,64,0,24,25,na
2022,LTER_5,Backreef,2,E3,2,8,8,72,0,12,25,na
2022,LTER_5,Backreef,2,E3,3,0,32,4,0,64,25,na
2022,LTER_5,Backreef,2,E3,4,16,0,80,0,4,25,na
2022,LTER_5,Backreef,2,E3,5,16,0,52,0,32,25,na
2022,LTER_5,Backreef,2,E4,1,48,0,12,0,40,25,na
2022,LTER_5,Backreef,2,E4,2,0,8,84,0,8,25,na
2022,LTER_5,Backreef,2,E4,3,32,20,24,0,24,25,na
2022,LTER_5,Backreef,2,E4,4,20,0,76,0,4,25,na
2022,LTER_5,Backreef,2,E4,5,4,0,84,0,12,25,na
2022,LTER_5,Backreef,2,E5,1,20,0,76,0,4,25,na
2022,LTER_5,Backreef,2,E5,2,0,0,84,0,16,25,na
2022,LTER_5,Backreef,2,E5,3,0,80,0,0,20,25,na
2022,LTER_5,Backreef,2,E5,4,0,0,92,0,8,25,na
2022,LTER_5,Backreef,2,E5,5,8,4,76,0,12,25,na
2022,LTER_5,Backreef,2,N10,1,0,0,100,0,0,25,na
2022,LTER_5,Backreef,2,N10,2,8,0,88,0,4,25,na
2022,LTER_5,Backreef,2,N10,3,0,0,88,0,12,25,na
2022,LTER_5,Backreef,2,N10,4,24,8,48,0,20,25,na
2022,LTER_5,Backreef,2,N10,5,32,4,40,0,24,25,na
2022,LTER_5,Backreef,2,N6,1,36,4,20,0,40,25,na
2022,LTER_5,Backreef,2,N6,2,20,0,60,0,20,25,na
2022,LTER_5,Backreef,2,N6,3,20,12,36,0,32,25,na
2022,LTER_5,Backreef,2,N6,4,36,0,44,0,20,25,na
2022,LTER_5,Backreef,2,N6,5,56,28,0,0,16,25,na
2022,LTER_5,Backreef,2,N7,1,52,4,8,0,36,25,na
2022,LTER_5,Backreef,2,N7,2,36,8,24,0,32,25,na
2022,LTER_5,Backreef,2,N7,3,24,0,20,0,56,25,na
2022,LTER_5,Backreef,2,N7,4,68,16,12,0,4,25,na
2022,LTER_5,Backreef,2,N7,5,36,0,12,0,52,25,na
2022,LTER_5,Backreef,2,N8,1,60,0,4,0,36,25,na
2022,LTER_5,Backreef,2,N8,2,52,0,0,0,48,25,na
2022,LTER_5,Backreef,2,N8,3,32,0,56,0,12,25,na
2022,LTER_5,Backreef,2,N8,4,36,12,12,4,36,25,na
2022,LTER_5,Backreef,2,N8,5,16,0,44,0,40,25,na
2022,LTER_5,Backreef,2,N9,1,16,0,80,0,4,25,na
2022,LTER_5,Backreef,2,N9,2,16,0,60,0,24,25,na
2022,LTER_5,Backreef,2,N9,3,0,0,80,0,20,25,na
2022,LTER_5,Backreef,2,N9,4,28,4,16,0,52,25,na
2022,LTER_5,Backreef,2,N9,5,24,12,24,0,40,25,na
2022,LTER_5,Backreef,2,S11,1,28,12,4,0,56,25,na
2022,LTER_5,Backreef,2,S11,2,40,4,48,0,8,25,na
2022,LTER_5,Backreef,2,S11,3,20,12,0,0,68,25,na
2022,LTER_5,Backreef,2,S11,4,0,8,24,12,56,25,na
2022,LTER_5,Backreef,2,S11,5,68,20,8,0,4,25,na
2022,LTER_5,Backreef,2,S12,1,4,0,0,0,96,25,na
2022,LTER_5,Backreef,2,S12,2,0,0,92,0,8,25,na
2022,LTER_5,Backreef,2,S12,3,32,4,24,0,40,25,na
2022,LTER_5,Backreef,2,S12,4,0,12,40,0,48,25,na
2022,LTER_5,Backreef,2,S12,5,12,12,4,0,72,25,na
2022,LTER_5,Backreef,2,S13,1,12,68,0,0,20,25,na
2022,LTER_5,Backreef,2,S13,2,0,0,88,0,12,25,na
2022,LTER_5,Backreef,2,S13,3,28,8,44,0,20,25,na
2022,LTER_5,Backreef,2,S13,4,36,28,4,8,24,25,na
2022,LTER_5,Backreef,2,S13,5,8,0,36,0,56,25,na
2022,LTER_5,Backreef,2,S14,1,56,8,0,0,36,25,na
2022,LTER_5,Backreef,2,S14,2,0,0,80,0,20,25,na
2022,LTER_5,Backreef,2,S14,3,12,0,56,0,32,25,na
2022,LTER_5,Backreef,2,S14,4,24,0,36,28,12,25,na
2022,LTER_5,Backreef,2,S14,5,0,0,12,0,88,25,na
2022,LTER_5,Backreef,2,S15,1,92,0,0,0,8,25,na
2022,LTER_5,Backreef,2,S15,2,20,0,12,0,68,25,na
2022,LTER_5,Backreef,2,S15,3,0,0,52,0,48,25,na
2022,LTER_5,Backreef,2,S15,4,24,24,0,32,20,25,na
2022,LTER_5,Backreef,2,S15,5,12,0,76,0,12,25,na
2022,LTER_5,Backreef,2,W16,1,20,0,24,0,56,25,na
2022,LTER_5,Backreef,2,W16,2,32,0,44,0,24,25,na
2022,LTER_5,Backreef,2,W16,3,64,0,16,0,20,25,na
2022,LTER_5,Backreef,2,W16,4,32,4,16,0,48,25,na
2022,LTER_5,Backreef,2,W16,5,72,20,0,0,8,25,na
2022,LTER_5,Backreef,2,W17,1,72,8,20,0,0,25,na
2022,LTER_5,Backreef,2,W17,2,0,0,92,0,8,25,na
2022,LTER_5,Backreef,2,W17,3,56,4,28,0,12,25,na
2022,LTER_5,Backreef,2,W17,4,28,4,20,0,48,25,na
2022,LTER_5,Backreef,2,W17,5,52,4,4,0,40,25,na
2022,LTER_5,Backreef,2,W18,1,60,0,12,0,28,25,na
2022,LTER_5,Backreef,2,W18,2,16,0,84,0,0,25,na
2022,LTER_5,Backreef,2,W18,3,68,0,16,0,16,25,na
2022,LTER_5,Backreef,2,W18,4,40,4,20,0,36,25,na
2022,LTER_5,Backreef,2,W18,5,28,8,12,0,52,25,na
2022,LTER_5,Backreef,2,W19,1,52,0,44,0,4,25,na
2022,LTER_5,Backreef,2,W19,2,32,0,68,0,0,25,na
2022,LTER_5,Backreef,2,W19,3,72,0,4,0,24,25,na
2022,LTER_5,Backreef,2,W19,4,32,8,32,0,28,25,na
2022,LTER_5,Backreef,2,W19,5,20,4,0,0,76,25,na
2022,LTER_5,Backreef,2,W20,1,4,0,92,0,4,25,na
2022,LTER_5,Backreef,2,W20,2,0,0,8,0,92,25,na
2022,LTER_5,Backreef,2,W20,3,24,44,0,0,32,25,na
2022,LTER_5,Backreef,2,W20,4,28,4,24,0,44,25,na
2022,LTER_5,Backreef,2,W20,5,20,28,16,0,36,25,na
2022,LTER_6,Backreef,2,E1,1,48,4,4,0,44,25,na
2022,LTER_6,Backreef,2,E1,2,44,0,12,0,44,25,na
2022,LTER_6,Backreef,2,E1,3,56,0,0,0,44,25,na
2022,LTER_6,Backreef,2,E1,4,4,0,20,0,76,25,na
2022,LTER_6,Backreef,2,E1,5,72,8,4,0,16,25,na
2022,LTER_6,Backreef,2,E2,1,40,0,0,0,60,25,na
2022,LTER_6,Backreef,2,E2,2,76,0,4,0,20,25,na
2022,LTER_6,Backreef,2,E2,3,8,0,0,0,92,25,na
2022,LTER_6,Backreef,2,E2,4,40,0,0,0,60,25,na
2022,LTER_6,Backreef,2,E2,5,76,0,12,0,12,25,na
2022,LTER_6,Backreef,2,E3,1,52,8,4,0,36,25,na
2022,LTER_6,Backreef,2,E3,2,92,0,0,0,8,25,na
2022,LTER_6,Backreef,2,E3,3,40,0,0,0,60,25,na
2022,LTER_6,Backreef,2,E3,4,48,16,0,0,36,25,na
2022,LTER_6,Backreef,2,E3,5,36,12,44,0,8,25,na
2022,LTER_6,Backreef,2,E4,1,50,8,0,0,42,24,some sub squares omitted
2022,LTER_6,Backreef,2,E4,2,80,0,4,0,16,25,na
2022,LTER_6,Backreef,2,E4,3,12,0,0,0,88,25,na
2022,LTER_6,Backreef,2,E4,4,33,0,0,0,67,27,overcount
2022,LTER_6,Backreef,2,E4,5,52,0,32,0,16,25,na
2022,LTER_6,Backreef,2,E5,1,68,0,28,0,4,25,na
2022,LTER_6,Backreef,2,E5,2,80,0,0,0,20,25,na
2022,LTER_6,Backreef,2,E5,3,24,0,24,0,52,25,na
2022,LTER_6,Backreef,2,E5,4,84,0,0,0,16,25,na
2022,LTER_6,Backreef,2,E5,5,56,0,24,0,20,25,na
2022,LTER_6,Backreef,2,N10,1,32,4,24,0,40,25,na
2022,LTER_6,Backreef,2,N10,2,24,0,24,0,52,25,na
2022,LTER_6,Backreef,2,N10,3,56,0,44,0,0,25,na
2022,LTER_6,Backreef,2,N10,4,56,0,24,0,20,25,na
2022,LTER_6,Backreef,2,N10,5,16,0,44,0,40,25,na
2022,LTER_6,Backreef,2,N6,1,60,8,0,0,32,25,na
2022,LTER_6,Backreef,2,N6,2,32,4,44,0,20,25,na
2022,LTER_6,Backreef,2,N6,3,60,0,0,0,40,25,na
2022,LTER_6,Backreef,2,N6,4,8,16,32,0,44,25,na
2022,LTER_6,Backreef,2,N6,5,36,20,16,0,28,25,na
2022,LTER_6,Backreef,2,N7,1,16,0,56,0,28,25,na
2022,LTER_6,Backreef,2,N7,2,60,0,4,0,36,25,na
2022,LTER_6,Backreef,2,N7,3,44,0,20,0,36,25,na
2022,LTER_6,Backreef,2,N7,4,48,12,24,0,16,25,na
2022,LTER_6,Backreef,2,N7,5,28,16,16,0,40,25,na
2022,LTER_6,Backreef,2,N8,1,20,4,48,0,28,25,na
2022,LTER_6,Backreef,2,N8,2,8,0,64,0,28,25,na
2022,LTER_6,Backreef,2,N8,3,56,0,12,0,32,25,na
2022,LTER_6,Backreef,2,N8,4,20,8,32,0,40,25,na
2022,LTER_6,Backreef,2,N8,5,72,0,4,0,24,25,na
2022,LTER_6,Backreef,2,N9,1,20,0,0,0,80,25,na
2022,LTER_6,Backreef,2,N9,2,48,4,20,0,28,25,na
2022,LTER_6,Backreef,2,N9,3,20,0,20,0,60,25,na
2022,LTER_6,Backreef,2,N9,4,8,0,76,0,16,25,na
2022,LTER_6,Backreef,2,N9,5,20,4,48,0,28,25,na
2022,LTER_6,Backreef,2,S11,1,52,0,12,0,36,25,na
2022,LTER_6,Backreef,2,S11,2,52,4,0,0,44,25,na
2022,LTER_6,Backreef,2,S11,3,60,0,4,0,36,25,na
2022,LTER_6,Backreef,2,S11,4,24,4,0,0,72,25,na
2022,LTER_6,Backreef,2,S11,5,100,0,0,0,0,25,na
2022,LTER_6,Backreef,2,S12,1,68,0,16,0,16,25,na
2022,LTER_6,Backreef,2,S12,2,40,0,0,0,60,25,na
2022,LTER_6,Backreef,2,S12,3,92,0,0,0,8,25,na
2022,LTER_6,Backreef,2,S12,4,76,0,4,0,20,25,na
2022,LTER_6,Backreef,2,S12,5,100,0,0,0,0,25,na
2022,LTER_6,Backreef,2,S13,1,52,0,20,0,28,25,na
2022,LTER_6,Backreef,2,S13,2,20,0,0,0,80,25,na
2022,LTER_6,Backreef,2,S13,3,52,0,0,0,48,25,na
2022,LTER_6,Backreef,2,S13,4,48,0,0,0,52,25,na
2022,LTER_6,Backreef,2,S13,5,100,0,0,0,0,25,na
2022,LTER_6,Backreef,2,S14,1,24,0,40,0,36,25,na
2022,LTER_6,Backreef,2,S14,2,16,0,4,0,80,25,na
2022,LTER_6,Backreef,2,S14,3,40,4,20,0,36,25,na
2022,LTER_6,Backreef,2,S14,4,48,0,4,0,48,25,na
2022,LTER_6,Backreef,2,S14,5,100,0,0,0,0,25,na
2022,LTER_6,Backreef,2,S15,1,4,0,76,0,20,25,na
2022,LTER_6,Backreef,2,S15,2,36,0,0,0,64,25,na
2022,LTER_6,Backreef,2,S15,3,12,0,24,0,64,25,na
2022,LTER_6,Backreef,2,S15,4,48,4,8,0,40,25,na
2022,LTER_6,Backreef,2,S15,5,84,0,0,0,16,25,na
2022,LTER_6,Backreef,2,W16,1,24,0,4,0,72,25,na
2022,LTER_6,Backreef,2,W16,2,12,0,20,32,36,25,na
2022,LTER_6,Backreef,2,W16,3,56,4,0,0,40,25,na
2022,LTER_6,Backreef,2,W16,4,60,12,0,0,28,25,na
2022,LTER_6,Backreef,2,W16,5,32,4,8,0,56,25,na
2022,LTER_6,Backreef,2,W17,1,52,0,4,0,44,25,na
2022,LTER_6,Backreef,2,W17,2,36,0,20,0,44,25,na
2022,LTER_6,Backreef,2,W17,3,28,0,48,0,24,25,na
2022,LTER_6,Backreef,2,W17,4,20,0,0,0,80,25,na
2022,LTER_6,Backreef,2,W17,5,28,8,52,0,12,25,na
2022,LTER_6,Backreef,2,W18,1,32,0,40,0,28,25,na
2022,LTER_6,Backreef,2,W18,2,48,0,28,0,24,25,na
2022,LTER_6,Backreef,2,W18,3,16,0,76,0,8,25,na
2022,LTER_6,Backreef,2,W18,4,24,4,0,0,72,25,na
2022,LTER_6,Backreef,2,W18,5,8,0,60,0,32,25,na
2022,LTER_6,Backreef,2,W19,1,44,0,36,0,20,25,na
2022,LTER_6,Backreef,2,W19,2,4,0,56,0,40,25,na
2022,LTER_6,Backreef,2,W19,3,28,0,20,0,52,25,na
2022,LTER_6,Backreef,2,W19,4,20,0,0,0,80,25,na
2022,LTER_6,Backreef,2,W19,5,4,0,60,0,36,25,na
2022,LTER_6,Backreef,2,W20,1,48,0,36,0,16,25,na
2022,LTER_6,Backreef,2,W20,2,76,4,4,0,16,25,na
2022,LTER_6,Backreef,2,W20,3,36,16,4,0,44,25,na
2022,LTER_6,Backreef,2,W20,4,56,0,12,0,32,25,na
2022,LTER_6,Backreef,2,W20,5,0,0,88,0,12,25,na
2023,LTER_1,Backreef,2,E1,1,0,48,0,0,52,25,na
2023,LTER_1,Backreef,2,E1,2,44,8,0,0,48,25,na
2023,LTER_1,Backreef,2,E1,3,8,24,4,0,64,25,na
2023,LTER_1,Backreef,2,E1,4,36,12,8,0,44,25,na
2023,LTER_1,Backreef,2,E1,5,4,0,32,0,64,25,na
2023,LTER_1,Backreef,2,E2,1,0,40,0,0,60,25,na
2023,LTER_1,Backreef,2,E2,2,24,20,0,0,56,25,na
2023,LTER_1,Backreef,2,E2,3,8,16,4,0,72,25,na
2023,LTER_1,Backreef,2,E2,4,12,16,16,0,56,25,na
2023,LTER_1,Backreef,2,E2,5,36,4,16,0,44,25,na
2023,LTER_1,Backreef,2,E3,1,32,20,0,0,48,25,na
2023,LTER_1,Backreef,2,E3,2,36,48,12,0,4,25,na
2023,LTER_1,Backreef,2,E3,3,0,4,0,0,96,25,na
2023,LTER_1,Backreef,2,E3,4,16,24,16,0,44,25,na
2023,LTER_1,Backreef,2,E3,5,16,28,0,0,56,25,na
2023,LTER_1,Backreef,2,E4,1,20,12,4,0,64,25,na
2023,LTER_1,Backreef,2,E4,2,8,16,36,0,40,25,na
2023,LTER_1,Backreef,2,E4,3,0,0,0,0,100,25,na
2023,LTER_1,Backreef,2,E4,4,8,40,12,0,40,25,na
2023,LTER_1,Backreef,2,E4,5,16,12,28,0,44,25,na
2023,LTER_1,Backreef,2,E5,1,12,8,0,0,80,25,na
2023,LTER_1,Backreef,2,E5,2,16,8,44,0,32,25,na
2023,LTER_1,Backreef,2,E5,3,0,0,0,0,100,25,na
2023,LTER_1,Backreef,2,E5,4,0,12,12,0,76,25,na
2023,LTER_1,Backreef,2,E5,5,8,4,72,0,16,25,na
2023,LTER_1,Backreef,2,N10,1,0,0,0,0,100,25,na
2023,LTER_1,Backreef,2,N10,2,20,36,0,0,44,25,na
2023,LTER_1,Backreef,2,N10,3,0,0,0,0,100,25,na
2023,LTER_1,Backreef,2,N10,4,28,0,0,0,72,25,na
2023,LTER_1,Backreef,2,N10,5,24,12,20,0,44,25,na
2023,LTER_1,Backreef,2,N6,1,12,20,4,0,64,25,na
2023,LTER_1,Backreef,2,N6,2,20,8,0,0,72,25,na
2023,LTER_1,Backreef,2,N6,3,0,68,0,0,32,25,na
2023,LTER_1,Backreef,2,N6,4,24,28,4,0,44,25,na
2023,LTER_1,Backreef,2,N6,5,4,0,64,0,32,25,na
2023,LTER_1,Backreef,2,N7,1,16,12,8,0,64,25,na
2023,LTER_1,Backreef,2,N7,2,32,32,0,0,36,25,na
2023,LTER_1,Backreef,2,N7,3,8,40,0,0,52,25,na
2023,LTER_1,Backreef,2,N7,4,44,24,12,0,20,25,na
2023,LTER_1,Backreef,2,N7,5,16,12,32,0,40,25,na
2023,LTER_1,Backreef,2,N8,1,4,16,0,0,80,25,na
2023,LTER_1,Backreef,2,N8,2,8,0,12,0,80,25,na
2023,LTER_1,Backreef,2,N8,3,0,0,0,0,100,25,na
2023,LTER_1,Backreef,2,N8,4,24,16,24,0,36,25,na
2023,LTER_1,Backreef,2,N8,5,44,4,32,0,20,25,na
2023,LTER_1,Backreef,2,N9,1,4,0,0,0,96,25,na
2023,LTER_1,Backreef,2,N9,2,4,60,4,0,32,25,na
2023,LTER_1,Backreef,2,N9,3,0,0,0,0,100,25,na
2023,LTER_1,Backreef,2,N9,4,16,0,20,0,64,25,na
2023,LTER_1,Backreef,2,N9,5,24,8,56,0,12,25,na
2023,LTER_1,Backreef,2,S11,1,0,80,0,0,20,25,na
2023,LTER_1,Backreef,2,S11,2,60,0,0,0,40,25,na
2023,LTER_1,Backreef,2,S11,3,8,40,4,0,48,25,na
2023,LTER_1,Backreef,2,S11,4,4,20,8,0,68,25,na
2023,LTER_1,Backreef,2,S11,5,0,8,52,0,40,25,na
2023,LTER_1,Backreef,2,S12,1,0,20,80,0,0,25,na
2023,LTER_1,Backreef,2,S12,2,48,8,0,0,44,25,na
2023,LTER_1,Backreef,2,S12,3,12,44,4,0,40,25,na
2023,LTER_1,Backreef,2,S12,4,16,24,16,0,44,25,na
2023,LTER_1,Backreef,2,S12,5,12,4,68,0,16,25,na
2023,LTER_1,Backreef,2,S13,1,0,4,68,0,28,25,na
2023,LTER_1,Backreef,2,S13,2,28,4,0,0,68,25,na
2023,LTER_1,Backreef,2,S13,3,0,24,44,0,32,25,na
2023,LTER_1,Backreef,2,S13,4,36,36,0,0,28,25,na
2023,LTER_1,Backreef,2,S13,5,0,36,36,0,28,25,na
2023,LTER_1,Backreef,2,S14,1,0,12,60,0,28,25,na
2023,LTER_1,Backreef,2,S14,2,12,20,4,0,64,25,na
2023,LTER_1,Backreef,2,S14,3,0,0,76,0,24,25,na
2023,LTER_1,Backreef,2,S14,4,28,24,0,0,48,25,na
2023,LTER_1,Backreef,2,S14,5,4,0,88,0,8,25,na
2023,LTER_1,Backreef,2,S15,1,24,12,24,0,40,25,na
2023,LTER_1,Backreef,2,S15,2,36,8,36,0,20,25,na
2023,LTER_1,Backreef,2,S15,3,0,0,0,0,100,25,na
2023,LTER_1,Backreef,2,S15,4,32,20,4,0,44,25,na
2023,LTER_1,Backreef,2,S15,5,16,12,8,0,64,25,na
2023,LTER_1,Backreef,2,W16,1,4,28,0,0,68,25,na
2023,LTER_1,Backreef,2,W16,2,36,24,0,0,40,25,na
2023,LTER_1,Backreef,2,W16,3,0,32,0,0,68,25,na
2023,LTER_1,Backreef,2,W16,4,24,16,0,0,60,25,na
2023,LTER_1,Backreef,2,W16,5,8,0,56,0,36,25,na
2023,LTER_1,Backreef,2,W17,1,44,24,0,0,32,25,na
2023,LTER_1,Backreef,2,W17,2,4,24,20,0,52,25,na
2023,LTER_1,Backreef,2,W17,3,0,4,0,0,96,25,na
2023,LTER_1,Backreef,2,W17,4,36,32,0,0,32,25,na
2023,LTER_1,Backreef,2,W17,5,12,20,20,0,48,25,na
2023,LTER_1,Backreef,2,W18,1,48,4,0,0,48,25,na
2023,LTER_1,Backreef,2,W18,2,0,4,44,0,52,25,na
2023,LTER_1,Backreef,2,W18,3,20,12,0,0,68,25,na
2023,LTER_1,Backreef,2,W18,4,28,0,0,0,72,25,na
2023,LTER_1,Backreef,2,W18,5,20,24,4,0,52,25,na
2023,LTER_1,Backreef,2,W19,1,8,4,0,0,88,25,na
2023,LTER_1,Backreef,2,W19,2,8,4,60,0,28,25,na
2023,LTER_1,Backreef,2,W19,3,0,0,0,0,100,25,na
2023,LTER_1,Backreef,2,W19,4,28,12,12,0,48,25,na
2023,LTER_1,Backreef,2,W19,5,8,20,20,0,52,25,na
2023,LTER_1,Backreef,2,W20,1,24,8,4,0,64,25,na
2023,LTER_1,Backreef,2,W20,2,36,0,12,0,52,25,na
2023,LTER_1,Backreef,2,W20,3,0,0,0,0,100,25,na
2023,LTER_1,Backreef,2,W20,4,4,0,96,0,0,25,na
2023,LTER_1,Backreef,2,W20,5,52,12,4,0,32,25,na
2023,LTER_2,Backreef,2,E1,1,0,40,16,0,44,25,na
2023,LTER_2,Backreef,2,E1,2,0,12,16,0,72,25,na
2023,LTER_2,Backreef,2,E1,3,4,72,4,0,20,25,na
2023,LTER_2,Backreef,2,E1,4,4,0,0,0,96,25,na
2023,LTER_2,Backreef,2,E1,5,0,36,12,0,52,25,na
2023,LTER_2,Backreef,2,E2,1,0,44,8,0,48,25,na
2023,LTER_2,Backreef,2,E2,2,8,44,0,0,48,25,na
2023,LTER_2,Backreef,2,E2,3,0,80,8,0,12,25,na
2023,LTER_2,Backreef,2,E2,4,8,0,0,0,92,25,na
2023,LTER_2,Backreef,2,E2,5,0,72,8,0,20,25,na
2023,LTER_2,Backreef,2,E3,1,20,4,8,0,68,25,na
2023,LTER_2,Backreef,2,E3,2,20,40,0,0,40,25,na
2023,LTER_2,Backreef,2,E3,3,0,16,0,0,84,25,na
2023,LTER_2,Backreef,2,E3,4,8,8,0,0,84,25,na
2023,LTER_2,Backreef,2,E3,5,0,44,52,0,4,25,na
2023,LTER_2,Backreef,2,E4,1,0,0,8,0,92,25,na
2023,LTER_2,Backreef,2,E4,2,4,16,32,0,48,25,na
2023,LTER_2,Backreef,2,E4,3,0,20,24,0,56,25,na
2023,LTER_2,Backreef,2,E4,4,32,20,20,0,28,25,na
2023,LTER_2,Backreef,2,E4,5,8,80,12,0,0,25,na
2023,LTER_2,Backreef,2,E5,1,0,8,44,0,48,25,na
2023,LTER_2,Backreef,2,E5,2,0,0,60,0,40,25,na
2023,LTER_2,Backreef,2,E5,3,0,0,44,0,56,25,na
2023,LTER_2,Backreef,2,E5,4,8,60,24,0,8,25,na
2023,LTER_2,Backreef,2,E5,5,0,64,36,0,0,25,na
2023,LTER_2,Backreef,2,N10,1,0,8,84,0,8,25,na
2023,LTER_2,Backreef,2,N10,2,0,92,0,0,8,25,na
2023,LTER_2,Backreef,2,N10,3,0,8,84,0,8,25,na
2023,LTER_2,Backreef,2,N10,4,0,92,4,0,4,25,na
2023,LTER_2,Backreef,2,N10,5,0,8,44,0,48,25,na
2023,LTER_2,Backreef,2,N6,1,0,20,28,0,52,25,na
2023,LTER_2,Backreef,2,N6,2,4,60,24,0,12,25,na
2023,LTER_2,Backreef,2,N6,3,0,72,0,0,28,25,na
2023,LTER_2,Backreef,2,N6,4,16,16,8,0,60,25,na
2023,LTER_2,Backreef,2,N6,5,0,12,36,0,52,25,na
2023,LTER_2,Backreef,2,N7,1,4,16,60,0,20,25,na
2023,LTER_2,Backreef,2,N7,2,0,32,28,0,40,25,na
2023,LTER_2,Backreef,2,N7,3,0,44,0,0,56,25,na
2023,LTER_2,Backreef,2,N7,4,0,16,60,0,24,25,na
2023,LTER_2,Backreef,2,N7,5,0,32,36,0,32,25,na
2023,LTER_2,Backreef,2,N8,1,8,16,56,0,20,25,na
2023,LTER_2,Backreef,2,N8,2,16,56,12,0,16,25,na
2023,LTER_2,Backreef,2,N8,3,0,80,4,0,16,25,na
2023,LTER_2,Backreef,2,N8,4,0,56,4,0,40,25,na
2023,LTER_2,Backreef,2,N8,5,0,12,44,0,44,25,na
2023,LTER_2,Backreef,2,N9,1,8,0,12,0,80,25,na
2023,LTER_2,Backreef,2,N9,2,0,60,0,0,40,25,na
2023,LTER_2,Backreef,2,N9,3,0,40,24,0,36,25,na
2023,LTER_2,Backreef,2,N9,4,0,76,0,0,24,25,na
2023,LTER_2,Backreef,2,N9,5,0,0,44,0,56,25,na
2023,LTER_2,Backreef,2,S11,1,0,80,16,0,4,25,na
2023,LTER_2,Backreef,2,S11,2,0,64,0,0,36,25,na
2023,LTER_2,Backreef,2,S11,3,0,88,8,0,4,25,na
2023,LTER_2,Backreef,2,S11,4,20,0,0,0,80,25,na
2023,LTER_2,Backreef,2,S11,5,0,32,36,0,32,25,na
2023,LTER_2,Backreef,2,S12,1,0,32,16,0,52,25,na
2023,LTER_2,Backreef,2,S12,2,0,12,76,0,12,25,na
2023,LTER_2,Backreef,2,S12,3,4,48,8,0,40,25,na
2023,LTER_2,Backreef,2,S12,4,32,0,12,0,56,25,na
2023,LTER_2,Backreef,2,S12,5,0,28,56,0,16,25,na
2023,LTER_2,Backreef,2,S13,1,0,24,28,0,48,25,na
2023,LTER_2,Backreef,2,S13,2,0,0,100,0,0,25,na
2023,LTER_2,Backreef,2,S13,3,16,16,60,0,8,25,na
2023,LTER_2,Backreef,2,S13,4,8,0,16,0,76,25,na
2023,LTER_2,Backreef,2,S13,5,0,0,44,0,56,25,na
2023,LTER_2,Backreef,2,S14,1,0,16,60,0,24,25,na
2023,LTER_2,Backreef,2,S14,2,28,0,52,0,20,25,na
2023,LTER_2,Backreef,2,S14,3,0,0,92,0,8,25,na
2023,LTER_2,Backreef,2,S14,4,4,0,40,0,56,25,na
2023,LTER_2,Backreef,2,S14,5,0,0,20,0,80,25,na
2023,LTER_2,Backreef,2,S15,1,0,8,40,0,52,25,na
2023,LTER_2,Backreef,2,S15,2,20,12,4,0,64,25,na
2023,LTER_2,Backreef,2,S15,3,0,48,0,0,52,25,na
2023,LTER_2,Backreef,2,S15,4,0,0,100,0,0,25,na
2023,LTER_2,Backreef,2,S15,5,0,0,28,0,72,25,na
2023,LTER_2,Backreef,2,W16,1,8,56,4,0,32,25,na
2023,LTER_2,Backreef,2,W16,2,12,72,0,0,16,25,na
2023,LTER_2,Backreef,2,W16,3,12,0,0,0,88,25,na
2023,LTER_2,Backreef,2,W16,4,32,4,20,0,44,25,na
2023,LTER_2,Backreef,2,W16,5,0,64,8,0,28,25,na
2023,LTER_2,Backreef,2,W17,1,4,92,0,0,4,25,na
2023,LTER_2,Backreef,2,W17,2,0,0,0,0,100,25,na
2023,LTER_2,Backreef,2,W17,3,0,52,8,0,40,25,na
2023,LTER_2,Backreef,2,W17,4,4,0,4,0,92,25,na
2023,LTER_2,Backreef,2,W17,5,0,52,28,0,20,25,na
2023,LTER_2,Backreef,2,W18,1,0,76,4,0,20,25,na
2023,LTER_2,Backreef,2,W18,2,8,4,0,0,88,25,na
2023,LTER_2,Backreef,2,W18,3,0,40,20,0,40,25,na
2023,LTER_2,Backreef,2,W18,4,4,0,0,0,96,25,na
2023,LTER_2,Backreef,2,W18,5,0,0,84,0,16,25,na
2023,LTER_2,Backreef,2,W19,1,0,32,8,0,60,25,na
2023,LTER_2,Backreef,2,W19,2,12,0,4,0,84,25,na
2023,LTER_2,Backreef,2,W19,3,0,52,24,0,24,25,na
2023,LTER_2,Backreef,2,W19,4,16,8,8,0,68,25,na
2023,LTER_2,Backreef,2,W19,5,0,8,44,0,48,25,na
2023,LTER_2,Backreef,2,W20,1,0,0,24,0,76,25,na
2023,LTER_2,Backreef,2,W20,2,0,60,16,0,24,25,na
2023,LTER_2,Backreef,2,W20,3,0,76,0,0,24,25,na
2023,LTER_2,Backreef,2,W20,4,20,8,4,0,68,25,na
2023,LTER_2,Backreef,2,W20,5,0,12,0,0,88,25,na
2023,LTER_3,Backreef,2,E1,1,36,36,0,0,28,25,na
2023,LTER_3,Backreef,2,E1,2,24,20,32,0,24,25,na
2023,LTER_3,Backreef,2,E1,3,40,0,0,0,60,25,na
2023,LTER_3,Backreef,2,E1,4,20,0,0,0,80,25,na
2023,LTER_3,Backreef,2,E1,5,12,32,0,0,56,25,na
2023,LTER_3,Backreef,2,E2,1,24,0,0,0,76,25,na
2023,LTER_3,Backreef,2,E2,2,4,8,84,0,4,25,na
2023,LTER_3,Backreef,2,E2,3,36,0,4,0,60,25,na
2023,LTER_3,Backreef,2,E2,4,8,0,0,0,92,25,na
2023,LTER_3,Backreef,2,E2,5,48,4,0,0,48,25,na
2023,LTER_3,Backreef,2,E3,1,12,16,12,0,60,25,na
2023,LTER_3,Backreef,2,E3,2,8,0,64,0,28,25,na
2023,LTER_3,Backreef,2,E3,3,24,12,40,0,24,25,na
2023,LTER_3,Backreef,2,E3,4,24,0,20,0,56,25,na
2023,LTER_3,Backreef,2,E3,5,36,12,8,0,44,25,na
2023,LTER_3,Backreef,2,E4,1,12,28,8,0,52,25,na
2023,LTER_3,Backreef,2,E4,2,52,4,36,0,8,25,na
2023,LTER_3,Backreef,2,E4,3,12,32,28,0,28,25,na
2023,LTER_3,Backreef,2,E4,4,0,0,88,0,12,25,na
2023,LTER_3,Backreef,2,E4,5,12,24,4,0,60,25,na
2023,LTER_3,Backreef,2,E5,1,24,8,8,0,60,25,na
2023,LTER_3,Backreef,2,E5,2,16,0,84,0,0,25,na
2023,LTER_3,Backreef,2,E5,3,52,8,0,0,40,25,na
2023,LTER_3,Backreef,2,E5,4,4,12,36,0,48,25,na
2023,LTER_3,Backreef,2,E5,5,32,32,4,0,32,25,na
2023,LTER_3,Backreef,2,N10,1,8,8,72,0,12,25,na
2023,LTER_3,Backreef,2,N10,2,20,12,44,0,24,25,na
2023,LTER_3,Backreef,2,N10,3,16,0,52,0,32,25,na
2023,LTER_3,Backreef,2,N10,4,28,4,64,0,4,25,na
2023,LTER_3,Backreef,2,N10,5,64,4,4,0,28,25,na
2023,LTER_3,Backreef,2,N6,1,4,64,4,0,28,25,na
2023,LTER_3,Backreef,2,N6,2,8,0,48,0,44,25,na
2023,LTER_3,Backreef,2,N6,3,32,12,0,0,56,25,na
2023,LTER_3,Backreef,2,N6,4,8,0,8,0,84,25,na
2023,LTER_3,Backreef,2,N6,5,32,60,4,0,4,25,na
2023,LTER_3,Backreef,2,N7,1,24,20,8,0,48,25,na
2023,LTER_3,Backreef,2,N7,2,4,0,68,0,28,25,na
2023,LTER_3,Backreef,2,N7,3,0,32,12,0,56,25,na
2023,LTER_3,Backreef,2,N7,4,36,0,4,0,60,25,na
2023,LTER_3,Backreef,2,N7,5,16,8,76,0,0,25,na
2023,LTER_3,Backreef,2,N8,1,8,52,0,0,40,25,na
2023,LTER_3,Backreef,2,N8,2,0,0,68,0,32,25,na
2023,LTER_3,Backreef,2,N8,3,8,0,8,0,84,25,na
2023,LTER_3,Backreef,2,N8,4,16,0,32,0,52,25,na
2023,LTER_3,Backreef,2,N8,5,0,0,96,0,4,25,na
2023,LTER_3,Backreef,2,N9,1,56,8,16,0,20,25,na
2023,LTER_3,Backreef,2,N9,2,0,0,100,0,0,25,na
2023,LTER_3,Backreef,2,N9,3,8,4,36,0,52,25,na
2023,LTER_3,Backreef,2,N9,4,4,4,72,0,20,25,na
2023,LTER_3,Backreef,2,N9,5,20,8,36,0,36,25,na
2023,LTER_3,Backreef,2,S11,1,24,44,12,0,20,25,na
2023,LTER_3,Backreef,2,S11,2,4,4,32,0,60,25,na
2023,LTER_3,Backreef,2,S11,3,24,4,24,0,48,25,na
2023,LTER_3,Backreef,2,S11,4,20,0,4,0,76,25,na
2023,LTER_3,Backreef,2,S11,5,4,4,0,0,92,25,na
2023,LTER_3,Backreef,2,S12,1,24,8,28,0,40,25,na
2023,LTER_3,Backreef,2,S12,2,16,16,40,0,28,25,na
2023,LTER_3,Backreef,2,S12,3,48,4,0,0,48,25,na
2023,LTER_3,Backreef,2,S12,4,12,4,40,0,44,25,na
2023,LTER_3,Backreef,2,S12,5,8,0,56,0,36,25,na
2023,LTER_3,Backreef,2,S13,1,0,8,72,0,20,25,na
2023,LTER_3,Backreef,2,S13,2,12,0,12,0,76,25,na
2023,LTER_3,Backreef,2,S13,3,80,4,0,0,16,25,na
2023,LTER_3,Backreef,2,S13,4,20,12,52,0,16,25,na
2023,LTER_3,Backreef,2,S13,5,28,0,20,4,48,25,na
2023,LTER_3,Backreef,2,S14,1,16,4,76,0,4,25,na
2023,LTER_3,Backreef,2,S14,2,0,4,96,0,0,25,na
2023,LTER_3,Backreef,2,S14,3,44,16,16,0,24,25,na
2023,LTER_3,Backreef,2,S14,4,40,8,24,0,28,25,na
2023,LTER_3,Backreef,2,S14,5,4,36,0,0,60,25,na
2023,LTER_3,Backreef,2,S15,2,24,8,44,0,24,25,na
2023,LTER_3,Backreef,2,S15,3,8,16,28,0,48,25,na
2023,LTER_3,Backreef,2,S15,4,0,0,80,0,20,25,na
2023,LTER_3,Backreef,2,S15,5,16,44,4,0,36,25,na
2023,LTER_3,Backreef,2,W16,1,28,12,0,0,60,25,na
2023,LTER_3,Backreef,2,W16,2,0,8,56,0,36,25,na
2023,LTER_3,Backreef,2,W16,3,40,16,4,0,40,25,na
2023,LTER_3,Backreef,2,W16,4,16,8,16,0,60,25,na
2023,LTER_3,Backreef,2,W16,5,16,8,32,0,44,25,na
2023,LTER_3,Backreef,2,W17,1,0,0,100,0,0,25,na
2023,LTER_3,Backreef,2,W17,2,20,24,8,0,48,25,na
2023,LTER_3,Backreef,2,W17,3,20,16,52,0,12,25,na
2023,LTER_3,Backreef,2,W17,4,0,12,60,0,28,25,na
2023,LTER_3,Backreef,2,W17,5,32,8,0,0,60,25,na
2023,LTER_3,Backreef,2,W18,1,0,0,100,0,0,25,na
2023,LTER_3,Backreef,2,W18,2,16,16,16,0,52,25,na
2023,LTER_3,Backreef,2,W18,3,24,12,40,0,24,25,na
2023,LTER_3,Backreef,2,W18,4,0,24,52,0,24,25,na
2023,LTER_3,Backreef,2,W18,5,28,20,4,0,48,25,na
2023,LTER_3,Backreef,2,W19,1,0,12,72,0,16,25,na
2023,LTER_3,Backreef,2,W19,2,4,8,56,0,32,25,na
2023,LTER_3,Backreef,2,W19,3,20,16,24,0,40,25,na
2023,LTER_3,Backreef,2,W19,4,8,8,68,0,16,25,na
2023,LTER_3,Backreef,2,W19,5,24,0,60,0,16,25,na
2023,LTER_3,Backreef,2,W20,1,8,12,48,0,32,25,na
2023,LTER_3,Backreef,2,W20,2,68,8,24,0,0,25,na
2023,LTER_3,Backreef,2,W20,3,12,44,0,0,44,25,na
2023,LTER_3,Backreef,2,W20,4,0,0,68,0,32,25,na
2023,LTER_3,Backreef,2,W20,5,68,8,16,0,8,25,na
2023,LTER_4,Backreef,2,E1,1,88,0,0,0,12,25,na
2023,LTER_4,Backreef,2,E1,3,60,0,4,0,36,25,na
2023,LTER_4,Backreef,2,E1,4,56,0,16,0,28,25,na
2023,LTER_4,Backreef,2,E1,5,28,28,0,0,44,25,na
2023,LTER_4,Backreef,2,E11,2,64,0,0,0,36,25,na
2023,LTER_4,Backreef,2,E12,2,48,0,8,0,44,25,na
2023,LTER_4,Backreef,2,E13,2,52,4,20,0,24,25,na
2023,LTER_4,Backreef,2,E14,2,64,0,36,0,0,25,na
2023,LTER_4,Backreef,2,E15,2,44,0,52,0,4,25,na
2023,LTER_4,Backreef,2,E2,1,60,4,4,0,32,25,na
2023,LTER_4,Backreef,2,E2,3,64,8,0,0,28,25,na
2023,LTER_4,Backreef,2,E2,4,40,0,0,0,60,25,na
2023,LTER_4,Backreef,2,E2,5,48,16,0,0,36,25,na
2023,LTER_4,Backreef,2,E3,1,48,4,40,0,8,25,na
2023,LTER_4,Backreef,2,E3,3,8,16,8,0,68,25,na
2023,LTER_4,Backreef,2,E3,4,44,4,8,0,44,25,na
2023,LTER_4,Backreef,2,E3,5,60,12,0,0,28,25,na
2023,LTER_4,Backreef,2,E4,1,64,4,4,0,28,25,na
2023,LTER_4,Backreef,2,E4,3,64,4,12,0,20,25,na
2023,LTER_4,Backreef,2,E4,4,20,0,72,0,8,25,na
2023,LTER_4,Backreef,2,E4,5,44,16,0,0,40,25,na
2023,LTER_4,Backreef,2,E5,1,80,0,0,0,20,25,na
2023,LTER_4,Backreef,2,E5,3,40,4,0,0,56,25,na
2023,LTER_4,Backreef,2,E5,4,0,0,100,0,0,25,na
2023,LTER_4,Backreef,2,E5,5,92,8,0,0,0,25,na
2023,LTER_4,Backreef,2,N10,1,16,8,0,0,76,25,na
2023,LTER_4,Backreef,2,N10,2,32,8,0,0,60,25,na
2023,LTER_4,Backreef,2,N10,3,68,0,12,0,20,25,na
2023,LTER_4,Backreef,2,N10,4,8,0,0,0,92,25,na
2023,LTER_4,Backreef,2,N10,5,60,0,8,0,32,25,na
2023,LTER_4,Backreef,2,N6,1,72,4,4,0,20,25,na
2023,LTER_4,Backreef,2,N6,2,24,4,4,0,68,25,na
2023,LTER_4,Backreef,2,N6,3,44,12,0,0,44,25,na
2023,LTER_4,Backreef,2,N6,4,60,0,16,0,24,25,na
2023,LTER_4,Backreef,2,N6,5,24,8,0,0,68,25,na
2023,LTER_4,Backreef,2,N7,1,44,8,24,0,24,25,na
2023,LTER_4,Backreef,2,N7,2,80,0,0,0,20,25,na
2023,LTER_4,Backreef,2,N7,3,32,0,68,0,0,25,na
2023,LTER_4,Backreef,2,N7,4,64,0,4,0,32,25,na
2023,LTER_4,Backreef,2,N7,5,36,0,0,0,64,25,na
2023,LTER_4,Backreef,2,N8,1,44,0,44,0,12,25,na
2023,LTER_4,Backreef,2,N8,2,40,0,0,0,60,25,na
2023,LTER_4,Backreef,2,N8,3,4,0,96,0,0,25,na
2023,LTER_4,Backreef,2,N8,4,40,0,8,0,52,25,na
2023,LTER_4,Backreef,2,N8,5,72,8,0,0,20,25,na
2023,LTER_4,Backreef,2,N9,1,64,4,20,0,12,25,na
2023,LTER_4,Backreef,2,N9,2,64,8,0,0,28,25,na
2023,LTER_4,Backreef,2,N9,3,40,0,20,0,40,25,na
2023,LTER_4,Backreef,2,N9,4,16,0,0,0,84,25,na
2023,LTER_4,Backreef,2,N9,5,48,4,4,0,44,25,na
2023,LTER_4,Backreef,2,S1,2,12,12,4,0,72,25,na
2023,LTER_4,Backreef,2,S11,1,80,0,4,0,16,25,na
2023,LTER_4,Backreef,2,S11,3,28,4,48,0,20,25,na
2023,LTER_4,Backreef,2,S11,4,40,12,0,0,48,25,na
2023,LTER_4,Backreef,2,S11,5,36,44,0,0,20,25,na
2023,LTER_4,Backreef,2,S12,1,80,0,8,0,12,25,na
2023,LTER_4,Backreef,2,S12,3,60,0,40,0,0,25,na
2023,LTER_4,Backreef,2,S12,4,44,8,40,0,8,25,na
2023,LTER_4,Backreef,2,S12,5,0,44,0,0,56,25,na
2023,LTER_4,Backreef,2,S13,1,72,0,16,0,12,25,na
2023,LTER_4,Backreef,2,S13,3,4,0,68,0,28,25,na
2023,LTER_4,Backreef,2,S13,4,64,0,36,0,0,25,na
2023,LTER_4,Backreef,2,S13,5,8,76,0,0,16,25,na
2023,LTER_4,Backreef,2,S14,1,40,0,12,0,48,25,na
2023,LTER_4,Backreef,2,S14,3,40,0,40,0,20,25,na
2023,LTER_4,Backreef,2,S14,4,64,4,8,0,24,25,na
2023,LTER_4,Backreef,2,S14,5,4,80,0,0,16,25,na
2023,LTER_4,Backreef,2,S15,1,72,0,0,0,28,25,na
2023,LTER_4,Backreef,2,S15,4,16,4,0,0,80,25,na
2023,LTER_4,Backreef,2,S15,5,32,8,0,0,60,25,na
2023,LTER_4,Backreef,2,S2,2,72,4,0,0,24,25,na
2023,LTER_4,Backreef,2,S3,2,44,0,28,0,28,25,na
2023,LTER_4,Backreef,2,S4,2,56,0,32,0,12,25,na
2023,LTER_4,Backreef,2,S5,2,52,0,36,0,12,25,na
2023,LTER_4,Backreef,2,W16,1,68,4,8,0,20,25,na
2023,LTER_4,Backreef,2,W16,2,44,4,4,0,48,25,na
2023,LTER_4,Backreef,2,W16,3,56,8,0,0,36,25,na
2023,LTER_4,Backreef,2,W16,4,20,0,40,0,40,25,na
2023,LTER_4,Backreef,2,W16,5,24,36,0,0,40,25,na
2023,LTER_4,Backreef,2,W17,1,0,0,96,0,4,25,na
2023,LTER_4,Backreef,2,W17,2,16,0,56,0,28,25,na
2023,LTER_4,Backreef,2,W17,3,96,0,0,0,4,25,na
2023,LTER_4,Backreef,2,W17,4,80,0,8,0,12,25,na
2023,LTER_4,Backreef,2,W17,5,64,0,0,0,36,25,na
2023,LTER_4,Backreef,2,W18,1,0,0,92,0,8,25,na
2023,LTER_4,Backreef,2,W18,2,24,0,48,0,28,25,na
2023,LTER_4,Backreef,2,W18,3,88,0,0,0,12,25,na
2023,LTER_4,Backreef,2,W18,4,24,0,48,0,28,25,na
2023,LTER_4,Backreef,2,W18,5,64,0,4,0,32,25,na
2023,LTER_4,Backreef,2,W19,1,16,0,84,0,0,25,na
2023,LTER_4,Backreef,2,W19,2,8,0,68,0,24,25,na
2023,LTER_4,Backreef,2,W19,3,60,4,4,0,32,25,na
2023,LTER_4,Backreef,2,W19,4,16,0,56,0,28,25,na
2023,LTER_4,Backreef,2,W19,5,56,4,0,0,40,25,na
2023,LTER_4,Backreef,2,W20,1,60,0,8,0,32,25,na
2023,LTER_4,Backreef,2,W20,2,40,12,32,0,16,25,na
2023,LTER_4,Backreef,2,W20,3,0,0,100,0,0,25,na
2023,LTER_4,Backreef,2,W20,4,76,0,8,0,16,25,na
2023,LTER_4,Backreef,2,W20,5,52,8,0,0,40,25,na
2023,LTER_5,Backreef,2,E1,1,16,8,0,0,76,25,na
2023,LTER_5,Backreef,2,E1,2,32,4,28,0,36,25,na
2023,LTER_5,Backreef,2,E1,3,72,12,12,0,4,25,na
2023,LTER_5,Backreef,2,E1,4,16,0,72,8,4,25,na
2023,LTER_5,Backreef,2,E1,5,0,12,0,0,88,25,na
2023,LTER_5,Backreef,2,E2,1,48,0,24,0,28,25,na
2023,LTER_5,Backreef,2,E2,2,8,4,28,0,60,25,na
2023,LTER_5,Backreef,2,E2,3,16,8,28,0,48,25,na
2023,LTER_5,Backreef,2,E2,4,0,4,92,0,4,25,na
2023,LTER_5,Backreef,2,E2,5,64,4,12,0,20,25,na
2023,LTER_5,Backreef,2,E3,1,8,0,60,0,32,25,na
2023,LTER_5,Backreef,2,E3,2,16,8,32,0,44,25,na
2023,LTER_5,Backreef,2,E3,3,16,0,0,0,84,25,na
2023,LTER_5,Backreef,2,E3,4,4,0,84,0,12,25,na
2023,LTER_5,Backreef,2,E3,5,12,8,64,0,16,25,na
2023,LTER_5,Backreef,2,E4,1,60,0,16,0,24,25,na
2023,LTER_5,Backreef,2,E4,2,0,4,92,0,4,25,na
2023,LTER_5,Backreef,2,E4,3,8,28,16,0,48,25,na
2023,LTER_5,Backreef,2,E4,4,36,0,52,0,12,25,na
2023,LTER_5,Backreef,2,E4,5,0,0,76,0,24,25,na
2023,LTER_5,Backreef,2,E5,1,20,0,68,0,12,25,na
2023,LTER_5,Backreef,2,E5,2,0,0,100,0,0,25,na
2023,LTER_5,Backreef,2,E5,3,4,0,84,0,12,25,na
2023,LTER_5,Backreef,2,E5,4,32,8,28,0,32,25,na
2023,LTER_5,Backreef,2,E5,5,0,0,52,0,48,25,na
2023,LTER_5,Backreef,2,N10,1,0,0,100,0,0,25,na
2023,LTER_5,Backreef,2,N10,2,8,0,76,0,16,25,na
2023,LTER_5,Backreef,2,N10,3,4,0,92,0,4,25,na
2023,LTER_5,Backreef,2,N10,4,4,0,84,8,4,25,na
2023,LTER_5,Backreef,2,N10,5,8,0,60,0,32,25,na
2023,LTER_5,Backreef,2,N6,1,40,16,16,0,28,25,na
2023,LTER_5,Backreef,2,N6,2,20,8,44,0,28,25,na
2023,LTER_5,Backreef,2,N6,3,40,8,36,0,16,25,na
2023,LTER_5,Backreef,2,N6,4,8,4,60,12,16,25,na
2023,LTER_5,Backreef,2,N6,5,52,16,0,0,32,25,na
2023,LTER_5,Backreef,2,N7,1,36,0,40,0,24,25,na
2023,LTER_5,Backreef,2,N7,2,16,0,24,0,60,25,na
2023,LTER_5,Backreef,2,N7,3,16,0,60,0,24,25,na
2023,LTER_5,Backreef,2,N7,4,0,0,100,0,0,25,na
2023,LTER_5,Backreef,2,N7,5,36,12,8,0,44,25,na
2023,LTER_5,Backreef,2,N8,1,12,0,36,0,52,25,na
2023,LTER_5,Backreef,2,N8,2,52,4,4,0,40,25,na
2023,LTER_5,Backreef,2,N8,3,48,0,24,0,28,25,na
2023,LTER_5,Backreef,2,N8,4,20,0,36,4,40,25,na
2023,LTER_5,Backreef,2,N8,5,16,0,64,0,20,25,na
2023,LTER_5,Backreef,2,N9,1,8,0,88,0,4,25,na
2023,LTER_5,Backreef,2,N9,2,8,0,52,0,40,25,na
2023,LTER_5,Backreef,2,N9,3,4,0,92,0,4,25,na
2023,LTER_5,Backreef,2,N9,4,0,0,76,0,24,25,na
2023,LTER_5,Backreef,2,N9,5,20,0,52,0,28,25,na
2023,LTER_5,Backreef,2,S11,1,8,0,4,0,88,25,na
2023,LTER_5,Backreef,2,S11,2,48,0,44,0,8,25,na
2023,LTER_5,Backreef,2,S11,3,44,4,0,0,52,25,na
2023,LTER_5,Backreef,2,S11,4,44,20,24,0,12,25,na
2023,LTER_5,Backreef,2,S11,5,28,32,28,0,12,25,na
2023,LTER_5,Backreef,2,S12,1,12,0,0,0,88,25,na
2023,LTER_5,Backreef,2,S12,2,0,0,100,0,0,25,na
2023,LTER_5,Backreef,2,S12,3,12,0,76,0,12,25,na
2023,LTER_5,Backreef,2,S12,4,28,12,4,16,40,25,na
2023,LTER_5,Backreef,2,S12,5,0,0,56,0,44,25,na
2023,LTER_5,Backreef,2,S13,1,16,24,0,0,60,25,na
2023,LTER_5,Backreef,2,S13,2,8,0,36,0,56,25,na
2023,LTER_5,Backreef,2,S13,3,48,4,44,0,4,25,na
2023,LTER_5,Backreef,2,S13,4,4,4,20,0,72,25,na
2023,LTER_5,Backreef,2,S13,5,12,0,68,0,20,25,na
2023,LTER_5,Backreef,2,S14,1,16,0,0,0,84,25,na
2023,LTER_5,Backreef,2,S14,2,0,0,0,0,100,25,na
2023,LTER_5,Backreef,2,S14,3,16,0,68,0,16,25,na
2023,LTER_5,Backreef,2,S14,4,0,12,0,36,52,25,na
2023,LTER_5,Backreef,2,S14,5,8,0,92,0,0,25,na
2023,LTER_5,Backreef,2,S15,1,60,4,4,0,32,25,na
2023,LTER_5,Backreef,2,S15,2,0,0,88,0,12,25,na
2023,LTER_5,Backreef,2,S15,3,0,0,88,0,12,25,na
2023,LTER_5,Backreef,2,S15,5,24,0,76,0,0,25,na
2023,LTER_5,Backreef,2,W16,1,28,0,40,0,32,25,na
2023,LTER_5,Backreef,2,W16,2,12,4,60,0,24,25,na
2023,LTER_5,Backreef,2,W16,3,68,0,16,0,16,25,na
2023,LTER_5,Backreef,2,W16,4,68,0,28,4,0,25,na
2023,LTER_5,Backreef,2,W16,5,44,36,0,0,20,25,na
2023,LTER_5,Backreef,2,W17,1,48,0,8,0,44,25,na
2023,LTER_5,Backreef,2,W17,2,0,0,96,0,4,25,na
2023,LTER_5,Backreef,2,W17,3,56,4,40,0,0,25,na
2023,LTER_5,Backreef,2,W17,4,0,52,0,0,48,25,na
2023,LTER_5,Backreef,2,W17,5,68,28,0,0,4,25,na
2023,LTER_5,Backreef,2,W18,1,36,0,24,0,40,25,na
2023,LTER_5,Backreef,2,W18,2,20,0,72,0,8,25,na
2023,LTER_5,Backreef,2,W18,3,52,0,4,0,44,25,na
2023,LTER_5,Backreef,2,W18,4,0,36,0,0,64,25,na
2023,LTER_5,Backreef,2,W18,5,24,0,28,0,48,25,na
2023,LTER_5,Backreef,2,W19,1,40,0,60,0,0,25,na
2023,LTER_5,Backreef,2,W19,2,56,0,4,0,40,25,na
2023,LTER_5,Backreef,2,W19,3,40,4,8,0,48,25,na
2023,LTER_5,Backreef,2,W19,4,0,16,28,0,56,25,na
2023,LTER_5,Backreef,2,W19,5,16,0,56,0,28,25,na
2023,LTER_5,Backreef,2,W20,1,0,0,100,0,0,25,na
2023,LTER_5,Backreef,2,W20,2,12,0,80,0,8,25,na
2023,LTER_5,Backreef,2,W20,3,12,24,0,0,64,25,na
2023,LTER_5,Backreef,2,W20,4,36,16,20,0,28,25,na
2023,LTER_5,Backreef,2,W20,5,0,0,100,0,0,25,na
2023,LTER_6,Backreef,2,E1,1,60,0,0,0,40,25,na
2023,LTER_6,Backreef,2,E1,2,40,8,20,0,32,25,na
2023,LTER_6,Backreef,2,E1,3,40,0,0,0,60,25,na
2023,LTER_6,Backreef,2,E1,4,8,0,12,0,80,25,na
2023,LTER_6,Backreef,2,E1,5,64,12,8,0,16,25,na
2023,LTER_6,Backreef,2,E2,1,28,12,8,0,52,25,na
2023,LTER_6,Backreef,2,E2,2,80,0,4,0,16,25,na
2023,LTER_6,Backreef,2,E2,3,24,0,28,0,48,25,na
2023,LTER_6,Backreef,2,E2,4,52,0,12,0,36,25,na
2023,LTER_6,Backreef,2,E2,5,68,0,20,0,12,25,na
2023,LTER_6,Backreef,2,E3,1,60,0,12,0,28,25,na
2023,LTER_6,Backreef,2,E3,2,60,0,0,0,40,25,na
2023,LTER_6,Backreef,2,E3,3,28,0,4,0,68,25,na
2023,LTER_6,Backreef,2,E3,4,16,0,12,16,56,25,na
2023,LTER_6,Backreef,2,E3,5,60,4,12,0,24,25,na
2023,LTER_6,Backreef,2,E4,1,88,0,4,0,8,25,na
2023,LTER_6,Backreef,2,E4,2,68,4,16,0,12,25,na
2023,LTER_6,Backreef,2,E4,3,32,0,4,0,64,25,na
2023,LTER_6,Backreef,2,E4,4,80,0,4,0,16,25,na
2023,LTER_6,Backreef,2,E4,5,44,8,12,0,36,25,na
2023,LTER_6,Backreef,2,E5,1,68,0,28,0,4,25,na
2023,LTER_6,Backreef,2,E5,2,36,4,52,0,8,25,na
2023,LTER_6,Backreef,2,E5,3,36,4,60,0,0,25,na
2023,LTER_6,Backreef,2,E5,4,56,12,8,0,24,25,na
2023,LTER_6,Backreef,2,E5,5,88,0,8,0,4,25,na
2023,LTER_6,Backreef,2,N10,1,12,0,20,0,68,25,na
2023,LTER_6,Backreef,2,N10,2,0,4,64,0,32,25,na
2023,LTER_6,Backreef,2,N10,3,56,0,12,0,32,25,na
2023,LTER_6,Backreef,2,N10,4,12,0,76,0,12,25,na
2023,LTER_6,Backreef,2,N10,5,36,0,28,8,28,25,na
2023,LTER_6,Backreef,2,N6,1,72,0,4,0,24,25,na
2023,LTER_6,Backreef,2,N6,2,40,4,48,0,8,25,na
2023,LTER_6,Backreef,2,N6,3,28,0,8,0,64,25,na
2023,LTER_6,Backreef,2,N6,4,36,0,52,0,12,25,na
2023,LTER_6,Backreef,2,N6,5,40,24,8,0,28,25,na
2023,LTER_6,Backreef,2,N7,1,16,4,60,0,20,25,na
2023,LTER_6,Backreef,2,N7,2,48,8,8,0,36,25,na
2023,LTER_6,Backreef,2,N7,3,20,4,72,0,4,25,na
2023,LTER_6,Backreef,2,N7,4,24,0,72,0,4,25,na
2023,LTER_6,Backreef,2,N7,5,20,0,28,0,52,25,na
2023,LTER_6,Backreef,2,N8,1,20,12,36,0,32,25,na
2023,LTER_6,Backreef,2,N8,2,8,4,36,0,52,25,na
2023,LTER_6,Backreef,2,N8,3,48,0,12,0,40,25,na
2023,LTER_6,Backreef,2,N8,4,0,0,68,0,32,25,na
2023,LTER_6,Backreef,2,N8,5,24,0,8,0,68,25,na
2023,LTER_6,Backreef,2,N9,1,8,0,0,0,92,25,na
2023,LTER_6,Backreef,2,N9,2,8,16,20,0,56,25,na
2023,LTER_6,Backreef,2,N9,3,52,4,20,0,24,25,na
2023,LTER_6,Backreef,2,N9,4,16,0,60,0,24,25,na
2023,LTER_6,Backreef,2,N9,5,4,0,24,24,48,25,na
2023,LTER_6,Backreef,2,S11,1,52,0,16,0,32,25,na
2023,LTER_6,Backreef,2,S11,2,20,4,4,0,72,25,na
2023,LTER_6,Backreef,2,S11,3,48,0,0,0,52,25,na
2023,LTER_6,Backreef,2,S11,4,36,12,12,0,40,25,na
2023,LTER_6,Backreef,2,S11,5,36,0,4,0,60,25,na
2023,LTER_6,Backreef,2,S12,1,48,0,8,0,44,25,na
2023,LTER_6,Backreef,2,S12,2,28,12,8,0,52,25,na
2023,LTER_6,Backreef,2,S12,3,52,0,12,0,36,25,na
2023,LTER_6,Backreef,2,S12,4,36,0,24,0,40,25,na
2023,LTER_6,Backreef,2,S12,5,56,0,0,0,44,25,na
2023,LTER_6,Backreef,2,S13,1,24,0,12,0,64,25,na
2023,LTER_6,Backreef,2,S13,2,4,4,0,0,92,25,na
2023,LTER_6,Backreef,2,S13,3,32,0,32,0,36,25,na
2023,LTER_6,Backreef,2,S13,4,40,0,0,0,60,25,na
2023,LTER_6,Backreef,2,S13,5,44,8,28,0,20,25,na
2023,LTER_6,Backreef,2,S14,1,24,0,48,0,28,25,na
2023,LTER_6,Backreef,2,S14,2,16,0,0,0,84,25,na
2023,LTER_6,Backreef,2,S14,3,28,0,60,0,12,25,na
2023,LTER_6,Backreef,2,S14,4,52,0,0,0,48,25,na
2023,LTER_6,Backreef,2,S14,5,64,0,20,0,16,25,na
2023,LTER_6,Backreef,2,S15,1,0,0,92,0,8,25,na
2023,LTER_6,Backreef,2,S15,2,64,0,0,0,36,25,na
2023,LTER_6,Backreef,2,S15,3,4,4,76,0,16,25,na
2023,LTER_6,Backreef,2,S15,5,36,0,20,0,44,25,na
2023,LTER_6,Backreef,2,W16,1,40,0,4,0,56,25,na
2023,LTER_6,Backreef,2,W16,2,24,8,0,0,68,25,na
2023,LTER_6,Backreef,2,W16,3,80,0,4,0,16,25,na
2023,LTER_6,Backreef,2,W16,4,88,0,0,0,12,25,na
2023,LTER_6,Backreef,2,W16,5,48,0,0,0,52,25,na
2023,LTER_6,Backreef,2,W17,1,44,0,0,4,52,25,na
2023,LTER_6,Backreef,2,W17,2,48,4,4,0,44,25,na
2023,LTER_6,Backreef,2,W17,3,20,12,64,0,4,25,na
2023,LTER_6,Backreef,2,W17,4,0,0,0,0,100,25,na
2023,LTER_6,Backreef,2,W17,5,56,0,32,0,12,25,na
2023,LTER_6,Backreef,2,W18,1,36,0,20,0,44,25,na
2023,LTER_6,Backreef,2,W18,2,48,4,12,0,36,25,na
2023,LTER_6,Backreef,2,W18,3,4,0,68,0,28,25,na
2023,LTER_6,Backreef,2,W18,4,28,4,0,0,68,25,na
2023,LTER_6,Backreef,2,W18,5,20,0,28,0,52,25,na
2023,LTER_6,Backreef,2,W19,1,32,4,28,0,36,25,na
2023,LTER_6,Backreef,2,W19,2,32,0,4,0,64,25,na
2023,LTER_6,Backreef,2,W19,3,52,0,32,0,16,25,na
2023,LTER_6,Backreef,2,W19,4,68,0,0,0,32,25,na
2023,LTER_6,Backreef,2,W19,5,12,0,56,0,32,25,na
2023,LTER_6,Backreef,2,W20,1,8,0,76,0,16,25,na
2023,LTER_6,Backreef,2,W20,2,32,8,0,0,60,25,na
2023,LTER_6,Backreef,2,W20,3,20,8,20,0,52,25,na
2023,LTER_6,Backreef,2,W20,4,75,4,13,0,8,24,some sub squares omitted
2023,LTER_6,Backreef,2,W20,5,0,0,100,0,0,25,na
2024,LTER_1,Backreef,2,E1,1,8,32,0,0,60,25,na
2024,LTER_1,Backreef,2,E1,2,0,64,0,0,36,25,na
2024,LTER_1,Backreef,2,E1,3,4,20,0,0,76,25,na
2024,LTER_1,Backreef,2,E1,4,32,20,28,0,20,25,na
2024,LTER_1,Backreef,2,E1,5,4,0,20,0,76,25,na
2024,LTER_1,Backreef,2,E2,1,4,32,0,0,64,25,na
2024,LTER_1,Backreef,2,E2,2,0,48,0,0,52,25,na
2024,LTER_1,Backreef,2,E2,3,12,36,0,0,52,25,na
2024,LTER_1,Backreef,2,E2,4,20,24,16,0,40,25,na
2024,LTER_1,Backreef,2,E2,5,12,4,76,0,8,25,na
2024,LTER_1,Backreef,2,E3,1,0,4,0,0,96,25,na
2024,LTER_1,Backreef,2,E3,2,4,60,0,0,36,25,na
2024,LTER_1,Backreef,2,E3,3,0,16,24,0,60,25,na
2024,LTER_1,Backreef,2,E3,4,16,12,12,0,60,25,na
2024,LTER_1,Backreef,2,E3,5,12,28,28,0,32,25,na
2024,LTER_1,Backreef,2,E4,1,16,4,0,0,80,25,na
2024,LTER_1,Backreef,2,E4,2,0,16,0,0,84,25,na
2024,LTER_1,Backreef,2,E4,3,0,4,0,0,96,25,na
2024,LTER_1,Backreef,2,E4,4,12,24,16,0,48,25,na
2024,LTER_1,Backreef,2,E4,5,40,0,12,0,48,25,na
2024,LTER_1,Backreef,2,E5,1,0,8,36,0,56,25,na
2024,LTER_1,Backreef,2,E5,2,0,24,60,0,16,25,na
2024,LTER_1,Backreef,2,E5,3,0,0,0,0,100,25,na
2024,LTER_1,Backreef,2,E5,4,0,20,48,0,32,25,na
2024,LTER_1,Backreef,2,E5,5,20,8,12,0,60,25,na
2024,LTER_1,Backreef,2,N10,1,0,0,0,0,100,25,na
2024,LTER_1,Backreef,2,N10,2,12,28,0,0,60,25,na
2024,LTER_1,Backreef,2,N10,3,24,0,0,0,76,25,na
2024,LTER_1,Backreef,2,N10,4,8,0,0,0,92,25,na
2024,LTER_1,Backreef,2,N10,5,24,8,20,0,48,25,na
2024,LTER_1,Backreef,2,N6,1,12,24,0,0,64,25,na
2024,LTER_1,Backreef,2,N6,2,12,32,0,0,56,25,na
2024,LTER_1,Backreef,2,N6,3,0,48,24,0,28,25,na
2024,LTER_1,Backreef,2,N6,4,32,12,16,0,40,25,na
2024,LTER_1,Backreef,2,N6,5,0,4,52,0,44,25,na
2024,LTER_1,Backreef,2,N7,1,0,12,0,0,88,25,na
2024,LTER_1,Backreef,2,N7,2,4,60,0,0,36,25,na
2024,LTER_1,Backreef,2,N7,3,12,44,4,0,40,25,na
2024,LTER_1,Backreef,2,N7,4,20,16,44,0,20,25,na
2024,LTER_1,Backreef,2,N7,5,4,16,52,0,28,25,na
2024,LTER_1,Backreef,2,N8,1,0,20,0,0,80,25,na
2024,LTER_1,Backreef,2,N8,2,4,28,4,0,64,25,na
2024,LTER_1,Backreef,2,N8,3,0,0,0,0,100,25,na
2024,LTER_1,Backreef,2,N8,4,0,4,0,0,96,25,na
2024,LTER_1,Backreef,2,N8,5,36,4,36,0,24,25,na
2024,LTER_1,Backreef,2,N9,1,8,0,0,0,92,25,na
2024,LTER_1,Backreef,2,N9,2,20,12,4,0,64,25,na
2024,LTER_1,Backreef,2,N9,3,0,0,0,0,100,25,na
2024,LTER_1,Backreef,2,N9,4,20,4,0,0,76,25,na
2024,LTER_1,Backreef,2,N9,5,28,8,52,0,12,25,na
2024,LTER_1,Backreef,2,S11,1,4,40,0,0,56,25,na
2024,LTER_1,Backreef,2,S11,2,12,24,0,0,64,25,na
2024,LTER_1,Backreef,2,S11,3,4,44,0,0,52,25,na
2024,LTER_1,Backreef,2,S11,4,0,16,0,0,84,25,na
2024,LTER_1,Backreef,2,S11,5,0,24,44,0,32,25,na
2024,LTER_1,Backreef,2,S12,1,4,20,72,0,4,25,na
2024,LTER_1,Backreef,2,S12,2,0,12,36,0,52,25,na
2024,LTER_1,Backreef,2,S12,3,8,52,0,0,40,25,na
2024,LTER_1,Backreef,2,S12,4,20,12,20,0,48,25,na
2024,LTER_1,Backreef,2,S12,5,16,0,64,0,20,25,na
2024,LTER_1,Backreef,2,S13,1,0,28,48,0,24,25,na
2024,LTER_1,Backreef,2,S13,2,0,68,8,0,24,25,na
2024,LTER_1,Backreef,2,S13,3,0,60,24,0,16,25,na
2024,LTER_1,Backreef,2,S13,4,4,40,28,0,28,25,na
2024,LTER_1,Backreef,2,S13,5,0,32,44,0,24,25,na
2024,LTER_1,Backreef,2,S14,1,8,8,48,0,36,25,na
2024,LTER_1,Backreef,2,S14,2,12,48,0,0,40,25,na
2024,LTER_1,Backreef,2,S14,3,4,44,44,0,8,25,na
2024,LTER_1,Backreef,2,S14,4,28,24,40,0,8,25,na
2024,LTER_1,Backreef,2,S14,5,0,12,84,0,4,25,na
2024,LTER_1,Backreef,2,S15,1,32,0,24,0,44,25,na
2024,LTER_1,Backreef,2,S15,2,16,12,56,0,16,25,na
2024,LTER_1,Backreef,2,S15,3,0,0,100,0,0,25,na
2024,LTER_1,Backreef,2,S15,4,0,12,64,0,24,25,na
2024,LTER_1,Backreef,2,S15,5,0,8,76,0,16,25,na
2024,LTER_1,Backreef,2,W16,1,0,12,0,0,88,25,na
2024,LTER_1,Backreef,2,W16,2,16,32,0,0,52,25,na
2024,LTER_1,Backreef,2,W16,3,0,92,0,0,8,25,na
2024,LTER_1,Backreef,2,W16,4,12,40,8,0,40,25,na
2024,LTER_1,Backreef,2,W16,5,0,16,72,0,12,25,na
2024,LTER_1,Backreef,2,W17,1,32,0,0,0,68,25,na
2024,LTER_1,Backreef,2,W17,2,0,60,0,0,40,25,na
2024,LTER_1,Backreef,2,W17,3,12,8,0,0,80,25,na
2024,LTER_1,Backreef,2,W17,4,8,20,0,0,72,25,na
2024,LTER_1,Backreef,2,W17,5,12,16,32,0,40,25,na
2024,LTER_1,Backreef,2,W18,1,12,0,0,0,88,25,na
2024,LTER_1,Backreef,2,W18,2,8,80,0,0,12,25,na
2024,LTER_1,Backreef,2,W18,3,0,0,0,0,100,25,na
2024,LTER_1,Backreef,2,W18,4,40,20,8,0,32,25,na
2024,LTER_1,Backreef,2,W18,5,12,8,44,0,36,25,na
2024,LTER_1,Backreef,2,W19,1,24,8,0,0,68,25,na
2024,LTER_1,Backreef,2,W19,2,4,16,0,0,80,25,na
2024,LTER_1,Backreef,2,W19,3,0,0,0,0,100,25,na
2024,LTER_1,Backreef,2,W19,4,80,4,0,0,16,25,na
2024,LTER_1,Backreef,2,W19,5,0,0,52,0,48,25,na
2024,LTER_1,Backreef,2,W20,1,28,28,0,0,44,25,na
2024,LTER_1,Backreef,2,W20,2,0,88,0,0,12,25,na
2024,LTER_1,Backreef,2,W20,3,0,0,0,0,100,25,na
2024,LTER_1,Backreef,2,W20,4,20,24,12,0,44,25,na
2024,LTER_1,Backreef,2,W20,5,16,32,16,0,36,25,na
2024,LTER_2,Backreef,2,E1,1,0,44,12,0,44,25,na
2024,LTER_2,Backreef,2,E1,2,0,4,20,0,76,25,na
2024,LTER_2,Backreef,2,E1,3,8,28,0,0,64,25,na
2024,LTER_2,Backreef,2,E1,4,16,0,0,0,84,25,na
2024,LTER_2,Backreef,2,E1,5,0,12,24,0,64,25,na
2024,LTER_2,Backreef,2,E2,1,0,32,16,0,52,25,na
2024,LTER_2,Backreef,2,E2,2,20,32,8,0,40,25,na
2024,LTER_2,Backreef,2,E2,3,0,36,12,0,52,25,na
2024,LTER_2,Backreef,2,E2,4,12,0,0,0,88,25,na
2024,LTER_2,Backreef,2,E2,5,0,20,52,0,28,25,na
2024,LTER_2,Backreef,2,E3,1,0,12,80,0,8,25,na
2024,LTER_2,Backreef,2,E3,2,16,56,0,0,28,25,na
2024,LTER_2,Backreef,2,E3,3,0,20,8,0,72,25,na
2024,LTER_2,Backreef,2,E3,4,16,0,0,0,84,25,na
2024,LTER_2,Backreef,2,E3,5,0,40,44,0,16,25,na
2024,LTER_2,Backreef,2,E4,1,8,24,16,0,52,25,na
2024,LTER_2,Backreef,2,E4,2,4,16,60,0,20,25,na
2024,LTER_2,Backreef,2,E4,3,0,0,64,0,36,25,na
2024,LTER_2,Backreef,2,E4,4,0,20,32,0,48,25,na
2024,LTER_2,Backreef,2,E4,5,16,84,0,0,0,25,na
2024,LTER_2,Backreef,2,E5,1,0,4,72,0,24,25,na
2024,LTER_2,Backreef,2,E5,2,0,4,64,0,32,25,na
2024,LTER_2,Backreef,2,E5,3,0,0,88,0,12,25,na
2024,LTER_2,Backreef,2,E5,4,32,4,12,0,52,25,na
2024,LTER_2,Backreef,2,E5,5,0,76,24,0,0,25,na
2024,LTER_2,Backreef,2,N10,1,0,8,92,0,0,25,na
2024,LTER_2,Backreef,2,N10,2,0,40,44,0,16,25,na
2024,LTER_2,Backreef,2,N10,3,12,0,0,0,88,25,na
2024,LTER_2,Backreef,2,N10,4,0,60,0,0,40,25,na
2024,LTER_2,Backreef,2,N10,5,0,12,76,0,12,25,na
2024,LTER_2,Backreef,2,N6,1,4,4,60,0,32,25,na
2024,LTER_2,Backreef,2,N6,2,8,16,40,0,36,25,na
2024,LTER_2,Backreef,2,N6,3,4,72,0,0,24,25,na
2024,LTER_2,Backreef,2,N6,4,16,48,0,0,36,25,na
2024,LTER_2,Backreef,2,N6,5,0,0,100,0,0,25,na
2024,LTER_2,Backreef,2,N7,1,0,0,100,0,0,25,na
2024,LTER_2,Backreef,2,N7,2,8,12,64,0,16,25,na
2024,LTER_2,Backreef,2,N7,3,4,20,0,0,76,25,na
2024,LTER_2,Backreef,2,N7,4,0,12,64,0,24,25,na
2024,LTER_2,Backreef,2,N7,5,0,48,44,0,8,25,na
2024,LTER_2,Backreef,2,N8,1,0,0,88,0,12,25,na
2024,LTER_2,Backreef,2,N8,2,0,28,16,0,56,25,na
2024,LTER_2,Backreef,2,N8,3,0,64,0,0,36,25,na
2024,LTER_2,Backreef,2,N8,4,0,64,16,0,20,25,na
2024,LTER_2,Backreef,2,N8,5,0,8,48,0,44,25,na
2024,LTER_2,Backreef,2,N9,1,4,0,76,0,20,25,na
2024,LTER_2,Backreef,2,N9,2,0,60,40,0,0,25,na
2024,LTER_2,Backreef,2,N9,3,16,20,24,0,40,25,na
2024,LTER_2,Backreef,2,N9,4,0,44,56,0,0,25,na
2024,LTER_2,Backreef,2,N9,5,0,12,64,0,24,25,na
2024,LTER_2,Backreef,2,S11,1,0,52,36,0,12,25,na
2024,LTER_2,Backreef,2,S11,2,8,68,8,0,16,25,na
2024,LTER_2,Backreef,2,S11,3,8,32,28,0,32,25,na
2024,LTER_2,Backreef,2,S11,4,16,4,0,0,80,25,na
2024,LTER_2,Backreef,2,S11,5,0,32,16,0,52,25,na
2024,LTER_2,Backreef,2,S12,1,4,4,76,0,16,25,na
2024,LTER_2,Backreef,2,S12,2,0,36,64,0,0,25,na
2024,LTER_2,Backreef,2,S12,3,4,24,24,0,48,25,na
2024,LTER_2,Backreef,2,S12,4,36,0,44,0,20,25,na
2024,LTER_2,Backreef,2,S12,5,0,24,52,24,0,25,na
2024,LTER_2,Backreef,2,S13,1,4,4,40,0,52,25,na
2024,LTER_2,Backreef,2,S13,2,4,12,84,0,0,25,na
2024,LTER_2,Backreef,2,S13,3,0,4,88,0,8,25,na
2024,LTER_2,Backreef,2,S13,4,20,4,56,0,20,25,na
2024,LTER_2,Backreef,2,S13,5,0,0,44,0,56,25,na
2024,LTER_2,Backreef,2,S14,1,0,0,100,0,0,25,na
2024,LTER_2,Backreef,2,S14,2,0,16,64,0,20,25,na
2024,LTER_2,Backreef,2,S14,3,0,0,92,0,8,25,na
2024,LTER_2,Backreef,2,S14,4,24,0,76,0,0,25,na
2024,LTER_2,Backreef,2,S15,1,20,0,80,0,0,25,na
2024,LTER_2,Backreef,2,S15,2,8,0,92,0,0,25,na
2024,LTER_2,Backreef,2,S15,3,0,8,0,0,92,25,na
2024,LTER_2,Backreef,2,S15,4,0,4,68,0,28,25,na
2024,LTER_2,Backreef,2,S15,5,0,0,0,0,100,25,na
2024,LTER_2,Backreef,2,W16,1,4,32,16,0,48,25,na
2024,LTER_2,Backreef,2,W16,2,0,48,12,0,40,25,na
2024,LTER_2,Backreef,2,W16,3,4,8,0,0,88,25,na
2024,LTER_2,Backreef,2,W16,4,4,48,24,0,24,25,na
2024,LTER_2,Backreef,2,W16,5,0,60,0,0,40,25,na
2024,LTER_2,Backreef,2,W17,1,0,96,0,0,4,25,na
2024,LTER_2,Backreef,2,W17,2,0,12,0,0,88,25,na
2024,LTER_2,Backreef,2,W17,3,0,24,0,0,76,25,na
2024,LTER_2,Backreef,2,W17,4,16,0,0,0,84,25,na
2024,LTER_2,Backreef,2,W17,5,0,36,64,0,0,25,na
2024,LTER_2,Backreef,2,W18,1,0,92,0,0,8,25,na
2024,LTER_2,Backreef,2,W18,2,4,12,12,0,72,25,na
2024,LTER_2,Backreef,2,W18,3,0,20,44,0,36,25,na
2024,LTER_2,Backreef,2,W18,4,12,0,0,0,88,25,na
2024,LTER_2,Backreef,2,W18,5,0,20,80,0,0,25,na
2024,LTER_2,Backreef,2,W19,1,8,92,0,0,0,25,na
2024,LTER_2,Backreef,2,W19,2,24,16,24,0,36,25,na
2024,LTER_2,Backreef,2,W19,3,0,52,12,0,36,25,na
2024,LTER_2,Backreef,2,W19,4,36,0,0,0,64,25,na
2024,LTER_2,Backreef,2,W19,5,8,0,68,0,24,25,na
2024,LTER_2,Backreef,2,W20,1,0,8,84,0,8,25,na
2024,LTER_2,Backreef,2,W20,2,0,0,12,0,88,25,na
2024,LTER_2,Backreef,2,W20,3,4,16,16,0,64,25,na
2024,LTER_2,Backreef,2,W20,4,12,4,0,0,84,25,na
2024,LTER_2,Backreef,2,W20,5,0,0,80,0,20,25,na
2024,LTER_3,Backreef,2,E1,1,24,28,0,0,48,25,na
2024,LTER_3,Backreef,2,E1,2,8,4,4,0,84,25,na
2024,LTER_3,Backreef,2,E1,3,4,12,8,0,76,25,na
2024,LTER_3,Backreef,2,E1,4,20,0,8,0,72,25,na
2024,LTER_3,Backreef,2,E1,5,56,0,0,0,44,25,na
2024,LTER_3,Backreef,2,E2,1,4,0,12,0,84,25,na
2024,LTER_3,Backreef,2,E2,2,4,0,76,0,20,25,na
2024,LTER_3,Backreef,2,E2,3,12,8,24,0,56,25,na
2024,LTER_3,Backreef,2,E2,4,28,0,0,0,72,25,na
2024,LTER_3,Backreef,2,E2,5,8,4,0,0,88,25,na
2024,LTER_3,Backreef,2,E3,1,8,24,40,0,28,25,na
2024,LTER_3,Backreef,2,E3,2,36,48,0,0,16,25,na
2024,LTER_3,Backreef,2,E3,3,12,20,12,0,56,25,na
2024,LTER_3,Backreef,2,E3,4,16,0,32,0,52,25,na
2024,LTER_3,Backreef,2,E3,5,16,12,4,0,68,25,na
2024,LTER_3,Backreef,2,E4,1,12,0,4,0,84,25,na
2024,LTER_3,Backreef,2,E4,2,0,96,0,0,4,25,na
2024,LTER_3,Backreef,2,E4,3,52,0,4,0,44,25,na
2024,LTER_3,Backreef,2,E4,4,0,0,96,0,4,25,na
2024,LTER_3,Backreef,2,E4,5,8,0,8,0,84,25,na
2024,LTER_3,Backreef,2,E5,1,0,20,64,0,16,25,na
2024,LTER_3,Backreef,2,E5,2,16,0,12,0,72,25,na
2024,LTER_3,Backreef,2,E5,3,12,20,44,0,24,25,na
2024,LTER_3,Backreef,2,E5,4,24,48,8,0,20,25,na
2024,LTER_3,Backreef,2,E5,5,48,0,12,0,40,25,na
2024,LTER_3,Backreef,2,N10,1,68,16,0,0,16,25,na
2024,LTER_3,Backreef,2,N10,2,0,0,84,0,16,25,na
2024,LTER_3,Backreef,2,N10,3,48,8,44,0,0,25,na
2024,LTER_3,Backreef,2,N10,4,100,0,0,0,0,25,na
2024,LTER_3,Backreef,2,N10,5,4,0,56,0,40,25,na
2024,LTER_3,Backreef,2,N6,1,12,8,24,0,56,25,na
2024,LTER_3,Backreef,2,N6,2,8,8,16,0,68,25,na
2024,LTER_3,Backreef,2,N6,3,12,24,0,0,64,25,na
2024,LTER_3,Backreef,2,N6,4,0,0,8,0,92,25,na
2024,LTER_3,Backreef,2,N6,5,8,16,4,0,72,25,na
2024,LTER_3,Backreef,2,N7,1,12,76,0,0,12,25,na
2024,LTER_3,Backreef,2,N7,2,4,36,24,0,36,25,na
2024,LTER_3,Backreef,2,N7,3,0,16,0,0,84,25,na
2024,LTER_3,Backreef,2,N7,4,20,0,4,0,76,25,na
2024,LTER_3,Backreef,2,N7,5,16,12,68,0,4,25,na
2024,LTER_3,Backreef,2,N8,1,60,8,0,0,32,25,na
2024,LTER_3,Backreef,2,N8,2,8,44,0,0,48,25,na
2024,LTER_3,Backreef,2,N8,3,12,0,36,0,52,25,na
2024,LTER_3,Backreef,2,N8,4,20,0,64,0,16,25,na
2024,LTER_3,Backreef,2,N8,5,28,4,60,0,8,25,na
2024,LTER_3,Backreef,2,N9,1,56,24,0,0,20,25,na
2024,LTER_3,Backreef,2,N9,2,4,16,16,0,64,25,na
2024,LTER_3,Backreef,2,N9,3,4,0,80,0,16,25,na
2024,LTER_3,Backreef,2,N9,4,32,0,32,0,36,25,na
2024,LTER_3,Backreef,2,N9,5,12,12,44,0,32,25,na
2024,LTER_3,Backreef,2,S11,1,24,24,4,0,48,25,na
2024,LTER_3,Backreef,2,S11,2,0,4,8,0,88,25,na
2024,LTER_3,Backreef,2,S11,3,20,0,36,0,44,25,na
2024,LTER_3,Backreef,2,S11,4,32,0,0,0,68,25,na
2024,LTER_3,Backreef,2,S11,5,24,0,12,0,64,25,na
2024,LTER_3,Backreef,2,S12,1,24,0,40,0,36,25,na
2024,LTER_3,Backreef,2,S12,2,0,8,44,0,48,25,na
2024,LTER_3,Backreef,2,S12,3,40,0,48,0,12,25,na
2024,LTER_3,Backreef,2,S12,4,20,0,4,0,76,25,na
2024,LTER_3,Backreef,2,S12,5,8,0,88,0,4,25,na
2024,LTER_3,Backreef,2,S13,1,4,0,92,0,4,25,na
2024,LTER_3,Backreef,2,S13,2,0,0,32,0,68,25,na
2024,LTER_3,Backreef,2,S13,3,64,4,0,0,32,25,na
2024,LTER_3,Backreef,2,S13,4,8,4,48,0,40,25,na
2024,LTER_3,Backreef,2,S13,5,0,8,32,0,60,25,na
2024,LTER_3,Backreef,2,S14,1,0,0,100,0,0,25,na
2024,LTER_3,Backreef,2,S14,2,4,0,76,0,20,25,na
2024,LTER_3,Backreef,2,S14,3,24,16,40,0,20,25,na
2024,LTER_3,Backreef,2,S14,4,0,0,88,0,12,26,overcount
2024,LTER_3,Backreef,2,S14,5,4,36,12,0,48,25,na
2024,LTER_3,Backreef,2,S15,1,4,12,84,0,0,25,na
2024,LTER_3,Backreef,2,S15,2,40,4,56,0,0,25,na
2024,LTER_3,Backreef,2,S15,3,8,20,8,0,64,25,na
2024,LTER_3,Backreef,2,S15,4,32,4,36,0,28,25,na
2024,LTER_3,Backreef,2,S15,5,0,16,0,0,84,25,na
2024,LTER_3,Backreef,2,W16,1,8,12,0,0,80,25,na
2024,LTER_3,Backreef,2,W16,2,16,12,0,0,72,25,na
2024,LTER_3,Backreef,2,W16,3,12,12,36,0,40,25,na
2024,LTER_3,Backreef,2,W16,4,20,24,20,0,36,25,na
2024,LTER_3,Backreef,2,W16,5,52,0,36,0,12,25,na
2024,LTER_3,Backreef,2,W17,1,0,0,76,0,24,25,na
2024,LTER_3,Backreef,2,W17,2,12,40,0,0,48,25,na
2024,LTER_3,Backreef,2,W17,3,28,20,8,0,44,25,na
2024,LTER_3,Backreef,2,W17,4,0,0,100,0,0,25,na
2024,LTER_3,Backreef,2,W17,5,32,4,12,0,52,25,na
2024,LTER_3,Backreef,2,W18,1,0,0,56,0,44,25,na
2024,LTER_3,Backreef,2,W18,2,20,8,24,0,48,25,na
2024,LTER_3,Backreef,2,W18,3,0,32,4,0,64,25,na
2024,LTER_3,Backreef,2,W18,4,0,0,84,0,16,25,na
2024,LTER_3,Backreef,2,W18,5,28,0,48,0,24,25,na
2024,LTER_3,Backreef,2,W19,1,8,0,48,0,44,25,na
2024,LTER_3,Backreef,2,W19,2,16,4,40,0,40,25,na
2024,LTER_3,Backreef,2,W19,3,0,52,40,0,8,25,na
2024,LTER_3,Backreef,2,W19,4,0,0,80,0,20,25,na
2024,LTER_3,Backreef,2,W19,5,52,0,16,0,32,25,na
2024,LTER_3,Backreef,2,W20,1,32,12,44,0,12,25,na
2024,LTER_3,Backreef,2,W20,2,8,0,92,0,0,25,na
2024,LTER_3,Backreef,2,W20,3,16,0,0,0,84,25,na
2024,LTER_3,Backreef,2,W20,4,0,0,96,0,4,25,na
2024,LTER_3,Backreef,2,W20,5,20,0,32,0,48,25,na
2024,LTER_4,Backreef,2,E1,1,80,8,0,0,12,25,na
2024,LTER_4,Backreef,2,E1,3,60,0,4,4,32,25,na
2024,LTER_4,Backreef,2,E1,4,60,16,0,0,24,25,na
2024,LTER_4,Backreef,2,E1,5,24,44,12,0,20,25,na
2024,LTER_4,Backreef,2,E11,2,64,8,8,0,20,25,na
2024,LTER_4,Backreef,2,E12,2,32,4,28,0,36,25,na
2024,LTER_4,Backreef,2,E13,2,36,4,28,0,32,25,na
2024,LTER_4,Backreef,2,E14,2,52,0,40,0,8,25,na
2024,LTER_4,Backreef,2,E15,2,44,0,56,0,0,25,na
2024,LTER_4,Backreef,2,E2,1,64,16,12,0,8,25,na
2024,LTER_4,Backreef,2,E2,3,48,0,4,0,48,25,na
2024,LTER_4,Backreef,2,E2,4,44,20,4,0,32,25,na
2024,LTER_4,Backreef,2,E2,5,40,8,0,0,52,25,na
2024,LTER_4,Backreef,2,E3,1,28,8,60,0,4,25,na
2024,LTER_4,Backreef,2,E3,3,12,36,20,0,32,25,na
2024,LTER_4,Backreef,2,E3,4,64,0,16,0,20,25,na
2024,LTER_4,Backreef,2,E3,5,56,16,0,0,28,25,na
2024,LTER_4,Backreef,2,E4,1,52,28,8,0,12,25,na
2024,LTER_4,Backreef,2,E4,3,48,20,4,0,28,25,na
2024,LTER_4,Backreef,2,E4,4,0,4,96,0,0,25,na
2024,LTER_4,Backreef,2,E4,5,36,52,0,0,12,25,na
2024,LTER_4,Backreef,2,E5,1,64,28,0,0,8,25,na
2024,LTER_4,Backreef,2,E5,3,72,0,24,0,4,25,na
2024,LTER_4,Backreef,2,E5,4,16,0,68,0,16,25,na
2024,LTER_4,Backreef,2,E5,5,64,20,4,0,12,25,na
2024,LTER_4,Backreef,2,N10,1,36,16,8,0,40,25,na
2024,LTER_4,Backreef,2,N10,2,60,16,0,0,24,25,na
2024,LTER_4,Backreef,2,N10,3,72,4,8,0,16,25,na
2024,LTER_4,Backreef,2,N10,4,32,12,16,0,40,25,na
2024,LTER_4,Backreef,2,N10,5,48,16,20,0,16,25,na
2024,LTER_4,Backreef,2,N6,1,44,16,4,0,36,25,na
2024,LTER_4,Backreef,2,N6,2,68,8,8,0,16,25,na
2024,LTER_4,Backreef,2,N6,3,48,16,4,0,32,25,na
2024,LTER_4,Backreef,2,N6,4,68,12,12,0,8,25,na
2024,LTER_4,Backreef,2,N6,5,20,0,0,0,80,25,na
2024,LTER_4,Backreef,2,N7,1,44,24,12,0,20,25,na
2024,LTER_4,Backreef,2,N7,2,32,8,0,0,60,25,na
2024,LTER_4,Backreef,2,N7,3,8,4,88,0,0,25,na
2024,LTER_4,Backreef,2,N7,4,48,8,8,0,36,25,na
2024,LTER_4,Backreef,2,N7,5,36,28,0,0,36,25,na
2024,LTER_4,Backreef,2,N8,1,52,8,24,0,16,25,na
2024,LTER_4,Backreef,2,N8,2,20,64,0,0,16,25,na
2024,LTER_4,Backreef,2,N8,3,16,0,84,0,0,25,na
2024,LTER_4,Backreef,2,N8,4,21,17,0,0,63,24,some sub squares omitted
2024,LTER_4,Backreef,2,N8,5,80,20,0,0,0,25,na
2024,LTER_4,Backreef,2,N9,1,68,4,4,0,24,25,na
2024,LTER_4,Backreef,2,N9,2,56,32,0,0,12,25,na
2024,LTER_4,Backreef,2,N9,3,60,0,8,0,32,25,na
2024,LTER_4,Backreef,2,N9,4,28,0,0,0,72,25,na
2024,LTER_4,Backreef,2,N9,5,60,0,12,0,28,25,na
2024,LTER_4,Backreef,2,S1,2,28,20,0,0,52,25,na
2024,LTER_4,Backreef,2,S11,1,60,16,8,0,16,25,na
2024,LTER_4,Backreef,2,S11,3,44,12,44,0,0,25,na
2024,LTER_4,Backreef,2,S11,4,32,20,16,0,32,25,na
2024,LTER_4,Backreef,2,S11,5,20,76,4,0,0,25,na
2024,LTER_4,Backreef,2,S12,1,72,0,4,0,24,25,na
2024,LTER_4,Backreef,2,S12,3,48,8,40,0,4,25,na
2024,LTER_4,Backreef,2,S12,4,29,33,17,0,21,24,some sub squares omitted
2024,LTER_4,Backreef,2,S12,5,0,52,0,4,44,25,na
2024,LTER_4,Backreef,2,S13,1,76,4,0,0,20,25,na
2024,LTER_4,Backreef,2,S13,3,0,0,100,0,0,25,na
2024,LTER_4,Backreef,2,S13,4,24,36,0,0,40,25,na
2024,LTER_4,Backreef,2,S13,5,8,60,0,16,16,25,na
2024,LTER_4,Backreef,2,S14,1,56,0,20,0,24,25,na
2024,LTER_4,Backreef,2,S14,3,0,0,100,0,0,25,na
2024,LTER_4,Backreef,2,S14,4,16,24,0,0,60,25,na
2024,LTER_4,Backreef,2,S14,5,8,28,36,0,28,25,na
2024,LTER_4,Backreef,2,S15,1,68,20,0,0,12,25,na
2024,LTER_4,Backreef,2,S15,3,0,0,100,0,0,25,na
2024,LTER_4,Backreef,2,S15,4,20,28,20,0,32,25,na
2024,LTER_4,Backreef,2,S15,5,4,0,60,0,36,25,na
2024,LTER_4,Backreef,2,S2,2,60,12,8,0,20,25,na
2024,LTER_4,Backreef,2,S3,2,44,4,32,0,20,25,na
2024,LTER_4,Backreef,2,S4,2,64,8,20,0,8,25,na
2024,LTER_4,Backreef,2,S5,2,72,4,16,0,8,25,na
2024,LTER_4,Backreef,2,W16,1,52,4,24,0,20,25,na
2024,LTER_4,Backreef,2,W16,2,16,12,12,0,60,25,na
2024,LTER_4,Backreef,2,W16,3,76,24,0,0,0,25,na
2024,LTER_4,Backreef,2,W16,4,4,0,64,0,32,25,na
2024,LTER_4,Backreef,2,W16,5,56,24,8,0,12,25,na
2024,LTER_4,Backreef,2,W17,1,12,0,68,0,20,25,na
2024,LTER_4,Backreef,2,W17,2,48,0,36,0,16,25,na
2024,LTER_4,Backreef,2,W17,3,56,16,8,0,20,25,na
2024,LTER_4,Backreef,2,W17,4,64,8,0,0,28,25,na
2024,LTER_4,Backreef,2,W17,5,4,0,92,0,4,25,na
2024,LTER_4,Backreef,2,W18,1,44,4,12,0,40,25,na
2024,LTER_4,Backreef,2,W18,2,20,4,72,0,4,25,na
2024,LTER_4,Backreef,2,W18,3,20,4,32,0,44,25,na
2024,LTER_4,Backreef,2,W18,4,28,20,40,0,12,25,na
2024,LTER_4,Backreef,2,W18,5,28,0,56,0,16,25,na
2024,LTER_4,Backreef,2,W19,1,8,0,56,0,36,25,na
2024,LTER_4,Backreef,2,W19,2,28,0,72,0,0,25,na
2024,LTER_4,Backreef,2,W19,3,44,8,20,0,28,25,na
2024,LTER_4,Backreef,2,W19,4,24,0,72,0,4,25,na
2024,LTER_4,Backreef,2,W19,5,28,0,64,0,8,25,na
2024,LTER_4,Backreef,2,W20,1,44,0,36,0,20,25,na
2024,LTER_4,Backreef,2,W20,2,60,12,4,0,24,25,na
2024,LTER_4,Backreef,2,W20,3,0,0,100,0,0,25,na
2024,LTER_4,Backreef,2,W20,4,68,0,12,0,20,25,na
2024,LTER_4,Backreef,2,W20,5,44,4,48,0,4,25,na
2024,LTER_5,Backreef,2,E1,1,4,20,0,0,76,25,na
2024,LTER_5,Backreef,2,E1,2,16,8,28,0,48,25,na
2024,LTER_5,Backreef,2,E1,3,52,28,20,0,0,25,na
2024,LTER_5,Backreef,2,E1,4,24,4,56,0,16,25,na
2024,LTER_5,Backreef,2,E1,5,8,24,0,0,68,25,na
2024,LTER_5,Backreef,2,E2,1,20,16,16,0,48,25,na
2024,LTER_5,Backreef,2,E2,2,0,8,12,0,80,25,na
2024,LTER_5,Backreef,2,E2,3,8,32,16,0,44,25,na
2024,LTER_5,Backreef,2,E2,4,0,4,52,28,16,25,na
2024,LTER_5,Backreef,2,E2,5,52,28,0,0,20,25,na
2024,LTER_5,Backreef,2,E3,1,72,8,16,0,4,25,na
2024,LTER_5,Backreef,2,E3,2,36,12,8,0,44,25,na
2024,LTER_5,Backreef,2,E3,3,8,0,0,0,92,25,na
2024,LTER_5,Backreef,2,E3,4,20,0,36,0,44,25,na
2024,LTER_5,Backreef,2,E3,5,12,24,36,0,28,25,na
2024,LTER_5,Backreef,2,E4,1,20,0,44,0,36,25,na
2024,LTER_5,Backreef,2,E4,2,32,8,52,0,8,25,na
2024,LTER_5,Backreef,2,E4,3,4,28,16,0,52,25,na
2024,LTER_5,Backreef,2,E4,4,48,0,52,0,0,25,na
2024,LTER_5,Backreef,2,E4,5,0,0,100,0,0,25,na
2024,LTER_5,Backreef,2,E5,1,8,0,92,0,0,25,na
2024,LTER_5,Backreef,2,E5,2,48,0,40,0,12,25,na
2024,LTER_5,Backreef,2,E5,3,0,0,100,0,0,25,na
2024,LTER_5,Backreef,2,E5,4,12,12,20,0,56,25,na
2024,LTER_5,Backreef,2,E5,5,4,4,80,0,12,25,na
2024,LTER_5,Backreef,2,N10,1,0,0,0,0,100,25,na
2024,LTER_5,Backreef,2,N10,2,36,16,0,0,48,25,na
2024,LTER_5,Backreef,2,N10,3,8,0,88,0,4,25,na
2024,LTER_5,Backreef,2,N10,4,40,0,40,12,8,25,na
2024,LTER_5,Backreef,2,N10,5,32,0,28,0,40,25,na
2024,LTER_5,Backreef,2,N6,1,36,16,4,0,44,25,na
2024,LTER_5,Backreef,2,N6,2,8,4,68,0,20,25,na
2024,LTER_5,Backreef,2,N6,3,28,4,32,0,36,25,na
2024,LTER_5,Backreef,2,N6,4,8,0,88,4,0,25,na
2024,LTER_5,Backreef,2,N6,5,60,24,0,0,16,25,na
2024,LTER_5,Backreef,2,N7,1,64,4,16,0,16,25,na
2024,LTER_5,Backreef,2,N7,2,0,8,0,0,92,25,na
2024,LTER_5,Backreef,2,N7,3,12,0,60,0,28,25,na
2024,LTER_5,Backreef,2,N7,4,8,8,72,4,8,25,na
2024,LTER_5,Backreef,2,N7,5,40,16,8,0,36,25,na
2024,LTER_5,Backreef,2,N8,1,48,0,44,0,8,25,na
2024,LTER_5,Backreef,2,N8,2,52,12,0,0,36,25,na
2024,LTER_5,Backreef,2,N8,3,40,0,4,0,56,25,na
2024,LTER_5,Backreef,2,N8,4,8,0,12,4,76,25,na
2024,LTER_5,Backreef,2,N8,5,24,0,68,0,8,25,na
2024,LTER_5,Backreef,2,N9,1,28,0,44,0,28,25,na
2024,LTER_5,Backreef,2,N9,2,48,16,4,0,32,25,na
2024,LTER_5,Backreef,2,N9,3,8,0,92,0,0,25,na
2024,LTER_5,Backreef,2,N9,4,0,0,52,16,32,25,na
2024,LTER_5,Backreef,2,N9,5,68,0,12,0,20,25,na
2024,LTER_5,Backreef,2,S11,1,44,8,12,0,36,25,na
2024,LTER_5,Backreef,2,S11,2,56,0,44,0,0,25,na
2024,LTER_5,Backreef,2,S11,3,36,8,0,0,56,25,na
2024,LTER_5,Backreef,2,S11,4,8,36,28,24,4,25,na
2024,LTER_5,Backreef,2,S11,5,28,40,32,0,0,25,na
2024,LTER_5,Backreef,2,S12,1,48,0,20,0,32,25,na
2024,LTER_5,Backreef,2,S12,2,0,0,92,0,8,25,na
2024,LTER_5,Backreef,2,S12,3,16,0,72,0,12,25,na
2024,LTER_5,Backreef,2,S12,4,16,40,20,0,24,25,na
2024,LTER_5,Backreef,2,S12,5,16,8,12,0,64,25,na
2024,LTER_5,Backreef,2,S13,1,28,8,48,0,16,25,na
2024,LTER_5,Backreef,2,S13,2,20,0,44,0,36,25,na
2024,LTER_5,Backreef,2,S13,3,44,4,52,0,0,25,na
2024,LTER_5,Backreef,2,S13,4,36,4,44,0,16,25,na
2024,LTER_5,Backreef,2,S13,5,24,12,0,0,64,25,na
2024,LTER_5,Backreef,2,S14,1,0,0,92,0,8,25,na
2024,LTER_5,Backreef,2,S14,2,12,0,36,0,52,25,na
2024,LTER_5,Backreef,2,S14,3,8,0,64,0,28,25,na
2024,LTER_5,Backreef,2,S14,4,28,4,36,0,32,25,na
2024,LTER_5,Backreef,2,S14,5,28,0,68,0,4,25,na
2024,LTER_5,Backreef,2,S15,1,8,0,4,0,88,25,na
2024,LTER_5,Backreef,2,S15,2,0,0,100,0,0,25,na
2024,LTER_5,Backreef,2,S15,3,0,0,80,0,20,25,na
2024,LTER_5,Backreef,2,S15,4,0,0,84,0,16,25,na
2024,LTER_5,Backreef,2,S15,5,32,0,68,0,0,25,na
2024,LTER_5,Backreef,2,W16,1,4,0,0,0,96,25,na
2024,LTER_5,Backreef,2,W16,2,16,16,64,0,4,25,na
2024,LTER_5,Backreef,2,W16,3,68,4,12,0,16,25,na
2024,LTER_5,Backreef,2,W16,4,100,0,0,0,0,25,na
2024,LTER_5,Backreef,2,W16,5,20,28,0,0,52,25,na
2024,LTER_5,Backreef,2,W17,1,0,0,0,0,100,25,na
2024,LTER_5,Backreef,2,W17,2,4,0,84,0,12,25,na
2024,LTER_5,Backreef,2,W17,3,32,8,28,0,32,25,na
2024,LTER_5,Backreef,2,W17,4,12,12,0,0,76,25,na
2024,LTER_5,Backreef,2,W17,5,52,0,32,0,16,25,na
2024,LTER_5,Backreef,2,W18,1,28,0,0,0,72,25,na
2024,LTER_5,Backreef,2,W18,2,40,0,40,0,20,25,na
2024,LTER_5,Backreef,2,W18,3,4,12,0,0,84,25,na
2024,LTER_5,Backreef,2,W18,4,8,72,12,0,8,25,na
2024,LTER_5,Backreef,2,W18,5,24,0,16,0,60,25,na
2024,LTER_5,Backreef,2,W19,1,12,0,0,0,88,25,na
2024,LTER_5,Backreef,2,W19,2,52,0,48,0,0,25,na
2024,LTER_5,Backreef,2,W19,3,12,8,4,0,76,25,na
2024,LTER_5,Backreef,2,W19,4,4,84,8,0,4,25,na
2024,LTER_5,Backreef,2,W19,5,36,4,40,0,20,25,na
2024,LTER_5,Backreef,2,W20,1,20,0,0,0,80,25,na
2024,LTER_5,Backreef,2,W20,2,56,8,8,0,28,25,na
2024,LTER_5,Backreef,2,W20,3,24,48,0,0,28,25,na
2024,LTER_5,Backreef,2,W20,4,20,32,0,0,48,25,na
2024,LTER_5,Backreef,2,W20,5,24,12,52,0,12,25,na
2024,LTER_6,Backreef,2,E1,1,36,0,0,0,64,25,na
2024,LTER_6,Backreef,2,E1,2,32,0,8,0,60,25,na
2024,LTER_6,Backreef,2,E1,3,32,0,4,0,64,25,na
2024,LTER_6,Backreef,2,E1,4,0,12,0,0,88,25,na
2024,LTER_6,Backreef,2,E1,5,28,8,8,0,56,25,na
2024,LTER_6,Backreef,2,E2,1,40,8,0,0,52,25,na
2024,LTER_6,Backreef,2,E2,2,48,0,4,0,48,25,na
2024,LTER_6,Backreef,2,E2,3,24,0,12,0,64,25,na
2024,LTER_6,Backreef,2,E2,4,28,4,0,0,68,25,na
2024,LTER_6,Backreef,2,E2,5,88,12,0,0,0,25,na
2024,LTER_6,Backreef,2,E3,1,40,16,0,0,44,25,na
2024,LTER_6,Backreef,2,E3,2,68,0,0,0,32,25,na
2024,LTER_6,Backreef,2,E3,3,20,0,0,0,80,25,na
2024,LTER_6,Backreef,2,E3,4,48,0,4,16,32,25,na
2024,LTER_6,Backreef,2,E3,5,84,4,0,0,12,25,na
2024,LTER_6,Backreef,2,E4,1,100,0,0,0,0,25,na
2024,LTER_6,Backreef,2,E4,2,64,0,0,0,36,25,na
2024,LTER_6,Backreef,2,E4,3,16,0,0,0,84,25,na
2024,LTER_6,Backreef,2,E4,4,48,8,4,0,40,25,na
2024,LTER_6,Backreef,2,E4,5,24,0,8,0,68,25,na
2024,LTER_6,Backreef,2,E5,1,72,0,28,0,0,25,na
2024,LTER_6,Backreef,2,E5,2,100,0,0,0,0,25,na
2024,LTER_6,Backreef,2,E5,3,48,0,20,0,32,25,na
2024,LTER_6,Backreef,2,E5,4,52,28,8,0,12,25,na
2024,LTER_6,Backreef,2,E5,5,40,4,32,0,24,25,na
2024,LTER_6,Backreef,2,N10,1,40,0,0,0,60,25,na
2024,LTER_6,Backreef,2,N10,2,52,12,8,0,28,25,na
2024,LTER_6,Backreef,2,N10,3,32,0,4,0,64,25,na
2024,LTER_6,Backreef,2,N10,4,24,0,68,0,8,25,na
2024,LTER_6,Backreef,2,N10,5,4,12,24,0,60,25,na
2024,LTER_6,Backreef,2,N6,1,36,4,8,0,52,25,na
2024,LTER_6,Backreef,2,N6,2,44,4,36,0,16,25,na
2024,LTER_6,Backreef,2,N6,3,20,8,24,0,48,25,na
2024,LTER_6,Backreef,2,N6,4,44,12,28,0,16,25,na
2024,LTER_6,Backreef,2,N6,5,52,32,8,0,8,25,na
2024,LTER_6,Backreef,2,N7,1,68,4,4,0,24,25,na
2024,LTER_6,Backreef,2,N7,2,64,12,8,0,16,25,na
2024,LTER_6,Backreef,2,N7,3,28,4,48,0,20,25,na
2024,LTER_6,Backreef,2,N7,4,8,0,92,0,0,25,na
2024,LTER_6,Backreef,2,N7,5,20,16,12,0,52,25,na
2024,LTER_6,Backreef,2,N8,1,52,8,12,0,28,25,na
2024,LTER_6,Backreef,2,N8,2,28,20,40,0,12,25,na
2024,LTER_6,Backreef,2,N8,3,44,0,8,0,48,25,na
2024,LTER_6,Backreef,2,N8,4,4,0,56,0,40,25,na
2024,LTER_6,Backreef,2,N8,5,44,16,0,0,40,25,na
2024,LTER_6,Backreef,2,N9,1,28,0,4,0,68,25,na
2024,LTER_6,Backreef,2,N9,2,16,0,0,0,84,25,na
2024,LTER_6,Backreef,2,N9,3,52,0,36,0,12,25,na
2024,LTER_6,Backreef,2,N9,4,0,0,96,0,4,25,na
2024,LTER_6,Backreef,2,N9,5,24,0,36,0,40,25,na
2024,LTER_6,Backreef,2,S11,1,36,0,8,0,56,25,na
2024,LTER_6,Backreef,2,S11,2,32,0,0,0,68,25,na
2024,LTER_6,Backreef,2,S11,3,40,4,0,0,56,25,na
2024,LTER_6,Backreef,2,S11,4,36,12,4,0,48,25,na
2024,LTER_6,Backreef,2,S11,5,24,0,0,0,76,25,na
2024,LTER_6,Backreef,2,S12,1,32,0,48,0,20,25,na
2024,LTER_6,Backreef,2,S12,2,60,0,0,0,40,25,na
2024,LTER_6,Backreef,2,S12,3,40,4,44,0,12,25,na
2024,LTER_6,Backreef,2,S12,4,44,20,0,0,36,25,na
2024,LTER_6,Backreef,2,S12,5,36,0,0,0,64,25,na
2024,LTER_6,Backreef,2,S13,1,29,4,54,0,13,24,some sub squares omitted
2024,LTER_6,Backreef,2,S13,2,24,0,0,0,76,25,na
2024,LTER_6,Backreef,2,S13,3,12,0,88,0,0,25,na
2024,LTER_6,Backreef,2,S13,4,32,8,0,0,60,25,na
2024,LTER_6,Backreef,2,S13,5,36,0,0,0,64,25,na
2024,LTER_6,Backreef,2,S14,1,4,16,60,0,20,25,na
2024,LTER_6,Backreef,2,S14,2,16,0,0,0,84,25,na
2024,LTER_6,Backreef,2,S14,3,16,0,72,0,12,25,na
2024,LTER_6,Backreef,2,S14,4,36,0,0,0,64,25,na
2024,LTER_6,Backreef,2,S14,5,60,0,0,0,40,25,na
2024,LTER_6,Backreef,2,S15,1,0,0,100,0,0,25,na
2024,LTER_6,Backreef,2,S15,2,48,4,0,0,48,25,na
2024,LTER_6,Backreef,2,S15,3,36,4,60,0,0,25,na
2024,LTER_6,Backreef,2,S15,4,56,20,4,0,20,25,na
2024,LTER_6,Backreef,2,S15,5,20,12,20,0,48,25,na
2024,LTER_6,Backreef,2,W16,1,36,0,4,0,60,25,na
2024,LTER_6,Backreef,2,W16,2,12,0,4,0,84,25,na
2024,LTER_6,Backreef,2,W16,3,52,0,8,0,40,25,na
2024,LTER_6,Backreef,2,W16,4,84,8,4,0,4,25,na
2024,LTER_6,Backreef,2,W16,5,48,0,0,0,52,25,na
2024,LTER_6,Backreef,2,W17,1,28,4,0,0,68,25,na
2024,LTER_6,Backreef,2,W17,2,64,0,4,0,32,25,na
2024,LTER_6,Backreef,2,W17,3,4,8,88,0,0,25,na
2024,LTER_6,Backreef,2,W17,4,44,8,0,0,48,25,na
2024,LTER_6,Backreef,2,W17,5,72,4,12,0,12,25,na
2024,LTER_6,Backreef,2,W18,1,28,24,8,0,40,25,na
2024,LTER_6,Backreef,2,W18,2,48,0,24,0,28,25,na
2024,LTER_6,Backreef,2,W18,3,8,0,92,0,0,25,na
2024,LTER_6,Backreef,2,W18,4,36,4,0,0,60,25,na
2024,LTER_6,Backreef,2,W18,5,20,0,4,0,76,25,na
2024,LTER_6,Backreef,2,W19,1,44,4,52,0,0,25,na
2024,LTER_6,Backreef,2,W19,2,28,8,32,0,32,25,na
2024,LTER_6,Backreef,2,W19,3,52,0,44,0,4,25,na
2024,LTER_6,Backreef,2,W19,4,92,4,0,0,4,25,na
2024,LTER_6,Backreef,2,W19,5,16,4,20,0,60,25,na
2024,LTER_6,Backreef,2,W20,1,24,4,48,0,24,25,na
2024,LTER_6,Backreef,2,W20,2,68,0,0,0,32,25,na
2024,LTER_6,Backreef,2,W20,3,16,36,12,0,36,25,na
2024,LTER_6,Backreef,2,W20,4,84,8,0,0,8,25,na
2024,LTER_6,Backreef,2,W20,5,4,0,88,0,8,25,na
