Year,Date,Start,End,Location,Site,Habitat,Depth,Transect,Swath,Taxonomy,Family,Count,Total_Length,Length_Anomaly,Biomass,Comment,Coarse_Trophic,Fine_Trophic,Cloud_Cover,Wind_Velocity,Sea_State,Swell,Visibility,Surge,Diver
2015,2015-08-02,8:55,10:00,LTER 0.5 Forereef Fish Transect 1 Swath 1 m,LTER_0.5,Forereef,10,1,1,Canthigaster solandri,Tetraodontidae,1,40,0,1.86,NA,Primary Consumer,Omnivore,85,1,0,0.25,30.6,0.5,GB
2015,2015-08-02,8:55,10:00,LTER 0.5 Forereef Fish Transect 1 Swath 1 m,LTER_0.5,Forereef,10,1,1,Caracanthus maculatus,Scorpaenidae,3,20,0,0.48,NA,Secondary Consumer,Benthic Invertebrate Consumer,85,1,0,0.25,30.6,0.5,GB
2015,2015-08-02,8:55,10:00,LTER 0.5 Forereef Fish Transect 1 Swath 1 m,LTER_0.5,Forereef,10,1,1,Caracanthus maculatus,Scorpaenidae,27,25,0,8.49,NA,Secondary Consumer,Benthic Invertebrate Consumer,85,1,0,0.25,30.6,0.5,GB
2015,2015-08-02,8:55,10:00,LTER 0.5 Forereef Fish Transect 1 Swath 1 m,LTER_0.5,Forereef,10,1,1,Nemateleotris magnifica,Microdesmidae,1,25,0,0.07,NA,Planktivore,Planktivore_exclusively,85,1,0,0.25,30.6,0.5,GB
2015,2015-08-02,8:55,10:00,LTER 0.5 Forereef Fish Transect 1 Swath 1 m,LTER_0.5,Forereef,10,1,1,Nemateleotris magnifica,Microdesmidae,1,60,0,1.04,NA,Planktivore,Planktivore_exclusively,85,1,0,0.25,30.6,0.5,GB
2015,2015-08-02,8:55,10:00,LTER 0.5 Forereef Fish Transect 1 Swath 1 m,LTER_0.5,Forereef,10,1,1,Neocirrhites armatus,Cirrhitidae,1,25,0,0.19,NA,Secondary Consumer,Benthic Invertebrate Consumer,85,1,0,0.25,30.6,0.5,GB
2015,2015-08-02,8:55,10:00,LTER 0.5 Forereef Fish Transect 1 Swath 1 m,LTER_0.5,Forereef,10,1,1,Neocirrhites armatus,Cirrhitidae,9,30,0,3.03,NA,Secondary Consumer,Benthic Invertebrate Consumer,85,1,0,0.25,30.6,0.5,GB
2015,2015-08-02,8:55,10:00,LTER 0.5 Forereef Fish Transect 1 Swath 1 m,LTER_0.5,Forereef,10,1,1,Neocirrhites armatus,Cirrhitidae,10,35,0,5.58,NA,Secondary Consumer,Benthic Invertebrate Consumer,85,1,0,0.25,30.6,0.5,GB
2015,2015-08-02,8:55,10:00,LTER 0.5 Forereef Fish Transect 1 Swath 1 m,LTER_0.5,Forereef,10,1,1,Neocirrhites armatus,Cirrhitidae,2,40,0,1.73,NA,Secondary Consumer,Benthic Invertebrate Consumer,85,1,0,0.25,30.6,0.5,GB
2015,2015-08-02,8:55,10:00,LTER 0.5 Forereef Fish Transect 1 Swath 1 m,LTER_0.5,Forereef,10,1,1,Paracirrhites arcatus,Cirrhitidae,5,25,0,0.93,NA,Secondary Consumer,Benthic Invertebrate Consumer,85,1,0,0.25,30.6,0.5,GB
2015,2015-08-02,8:55,10:00,LTER 0.5 Forereef Fish Transect 1 Swath 1 m,LTER_0.5,Forereef,10,1,1,Paracirrhites arcatus,Cirrhitidae,4,35,0,2.23,NA,Secondary Consumer,Benthic Invertebrate Consumer,85,1,0,0.25,30.6,0.5,GB
2015,2015-08-02,8:55,10:00,LTER 0.5 Forereef Fish Transect 1 Swath 1 m,LTER_0.5,Forereef,10,1,1,Paracirrhites arcatus,Cirrhitidae,5,40,0,4.32,NA,Secondary Consumer,Benthic Invertebrate Consumer,85,1,0,0.25,30.6,0.5,GB
2015,2015-08-02,8:55,10:00,LTER 0.5 Forereef Fish Transect 1 Swath 1 m,LTER_0.5,Forereef,10,1,1,Paracirrhites arcatus,Cirrhitidae,4,50,0,7.16,NA,Secondary Consumer,Benthic Invertebrate Consumer,85,1,0,0.25,30.6,0.5,GB
2015,2015-08-02,8:55,10:00,LTER 0.5 Forereef Fish Transect 1 Swath 1 m,LTER_0.5,Forereef,10,1,1,Paracirrhites arcatus,Cirrhitidae,1,55,0,2.44,NA,Secondary Consumer,Benthic Invertebrate Consumer,85,1,0,0.25,30.6,0.5,GB
2015,2015-08-02,8:55,10:00,LTER 0.5 Forereef Fish Transect 1 Swath 1 m,LTER_0.5,Forereef,10,1,1,Paracirrhites arcatus,Cirrhitidae,2,60,0,6.49,NA,Secondary Consumer,Benthic Invertebrate Consumer,85,1,0,0.25,30.6,0.5,GB
2015,2015-08-02,8:55,10:00,LTER 0.5 Forereef Fish Transect 1 Swath 1 m,LTER_0.5,Forereef,10,1,1,Paracirrhites arcatus,Cirrhitidae,2,65,0,8.44,NA,Secondary Consumer,Benthic Invertebrate Consumer,85,1,0,0.25,30.6,0.5,GB
2015,2015-08-02,8:55,10:00,LTER 0.5 Forereef Fish Transect 1 Swath 1 m,LTER_0.5,Forereef,10,1,1,Paracirrhites forsteri,Cirrhitidae,1,45,0,1.27,NA,Piscivore_primarily,Piscivore,85,1,0,0.25,30.6,0.5,GB
2015,2015-08-02,8:55,10:00,LTER 0.5 Forereef Fish Transect 1 Swath 1 m,LTER_0.5,Forereef,10,1,1,Paracirrhites forsteri,Cirrhitidae,1,60,0,3.25,NA,Piscivore_primarily,Piscivore,85,1,0,0.25,30.6,0.5,GB
2015,2015-08-02,8:55,10:00,LTER 0.5 Forereef Fish Transect 1 Swath 1 m,LTER_0.5,Forereef,10,1,1,Plagiotremus tapeinosoma,Blenniidae,1,60,0,0.97,NA,Secondary Consumer,Fish Scale Consumer,85,1,0,0.25,30.6,0.5,GB
2015,2015-08-02,8:55,10:00,LTER 0.5 Forereef Fish Transect 1 Swath 1 m,LTER_0.5,Forereef,10,1,1,Plectroglyphidodon johnstonianus,Pomacentridae,7,25,0,4.79,NA,Secondary Consumer,Omnivore,85,1,0,0.25,30.6,0.5,GB
2015,2015-08-02,8:55,10:00,LTER 0.5 Forereef Fish Transect 1 Swath 1 m,LTER_0.5,Forereef,10,1,1,Plectroglyphidodon johnstonianus,Pomacentridae,4,35,0,6.64,NA,Secondary Consumer,Omnivore,85,1,0,0.25,30.6,0.5,GB
2015,2015-08-02,8:55,10:00,LTER 0.5 Forereef Fish Transect 1 Swath 1 m,LTER_0.5,Forereef,10,1,1,Plectroglyphidodon johnstonianus,Pomacentridae,6,40,0,14.17,NA,Secondary Consumer,Omnivore,85,1,0,0.25,30.6,0.5,GB
2015,2015-08-02,8:55,10:00,LTER 0.5 Forereef Fish Transect 1 Swath 1 m,LTER_0.5,Forereef,10,1,1,Plectroglyphidodon johnstonianus,Pomacentridae,2,45,0,6.44,NA,Secondary Consumer,Omnivore,85,1,0,0.25,30.6,0.5,GB
2015,2015-08-02,8:55,10:00,LTER 0.5 Forereef Fish Transect 1 Swath 1 m,LTER_0.5,Forereef,10,1,1,Plectroglyphidodon lacrymatus,Pomacentridae,2,30,0,0.91,NA,Primary Consumer,Omnivore,85,1,0,0.25,30.6,0.5,GB
2015,2015-08-02,8:55,10:00,LTER 0.5 Forereef Fish Transect 1 Swath 1 m,LTER_0.5,Forereef,10,1,1,Plectroglyphidodon lacrymatus,Pomacentridae,1,35,0,0.74,NA,Primary Consumer,Omnivore,85,1,0,0.25,30.6,0.5,GB
2015,2015-08-02,8:55,10:00,LTER 0.5 Forereef Fish Transect 1 Swath 1 m,LTER_0.5,Forereef,10,1,1,Pseudocheilinus hexataenia,Labridae,2,20,0,0.24,NA,Secondary Consumer,Benthic Invertebrate Consumer,85,1,0,0.25,30.6,0.5,GB
2015,2015-08-02,8:55,10:00,LTER 0.5 Forereef Fish Transect 1 Swath 1 m,LTER_0.5,Forereef,10,1,1,Pseudocheilinus hexataenia,Labridae,2,25,0,0.47,NA,Secondary Consumer,Benthic Invertebrate Consumer,85,1,0,0.25,30.6,0.5,GB
2015,2015-08-02,8:55,10:00,LTER 0.5 Forereef Fish Transect 1 Swath 1 m,LTER_0.5,Forereef,10,1,1,Pseudocheilinus hexataenia,Labridae,1,30,0,0.4,NA,Secondary Consumer,Benthic Invertebrate Consumer,85,1,0,0.25,30.6,0.5,GB
2015,2015-08-02,8:55,10:00,LTER 0.5 Forereef Fish Transect 1 Swath 1 m,LTER_0.5,Forereef,10,1,1,Pseudocheilinus hexataenia,Labridae,1,35,0,0.63,NA,Secondary Consumer,Benthic Invertebrate Consumer,85,1,0,0.25,30.6,0.5,GB
2015,2015-08-02,8:55,10:00,LTER 0.5 Forereef Fish Transect 1 Swath 1 m,LTER_0.5,Forereef,10,1,1,Pseudocheilinus tetrataenia,Labridae,2,25,0,0.47,NA,Secondary Consumer,Benthic Invertebrate Consumer,85,1,0,0.25,30.6,0.5,GB
2015,2015-08-02,8:55,10:00,LTER 0.5 Forereef Fish Transect 1 Swath 1 m,LTER_0.5,Forereef,10,1,1,Stegastes fasciolatus,Pomacentridae,2,25,0,0.85,NA,Primary Consumer,Herbivore/Detritivore,85,1,0,0.25,30.6,0.5,GB
2015,2015-08-02,8:55,10:00,LTER 0.5 Forereef Fish Transect 1 Swath 1 m,LTER_0.5,Forereef,10,1,1,Stegastes fasciolatus,Pomacentridae,1,30,0,0.73,NA,Primary Consumer,Herbivore/Detritivore,85,1,0,0.25,30.6,0.5,GB
2015,2015-08-02,8:55,10:00,LTER 0.5 Forereef Fish Transect 1 Swath 1 m,LTER_0.5,Forereef,10,1,1,Stegastes fasciolatus,Pomacentridae,1,35,0,1.16,NA,Primary Consumer,Herbivore/Detritivore,85,1,0,0.25,30.6,0.5,GB
2015,2015-08-02,8:55,10:00,LTER 0.5 Forereef Fish Transect 1 Swath 5 m,LTER_0.5,Forereef,10,1,5,Acanthurus nigricauda,Acanthuridae,1,190,0,100.2,NA,Primary Consumer,Sediment Sucker,85,1,0,0.25,30.6,0.5,GB
2015,2015-08-02,8:55,10:00,LTER 0.5 Forereef Fish Transect 1 Swath 5 m,LTER_0.5,Forereef,10,1,5,Acanthurus olivaceus,Acanthuridae,1,40,0,1.25,NA,Primary Consumer,Sediment Sucker,85,1,0,0.25,30.6,0.5,GB
2015,2015-08-02,8:55,10:00,LTER 0.5 Forereef Fish Transect 1 Swath 5 m,LTER_0.5,Forereef,10,1,5,Acanthurus olivaceus,Acanthuridae,2,190,0,261.1,NA,Primary Consumer,Sediment Sucker,85,1,0,0.25,30.6,0.5,GB
2015,2015-08-02,8:55,10:00,LTER 0.5 Forereef Fish Transect 1 Swath 5 m,LTER_0.5,Forereef,10,1,5,Acanthurus olivaceus,Acanthuridae,1,220,0,202.2,NA,Primary Consumer,Sediment Sucker,85,1,0,0.25,30.6,0.5,GB
2015,2015-08-02,8:55,10:00,LTER 0.5 Forereef Fish Transect 1 Swath 5 m,LTER_0.5,Forereef,10,1,5,Acanthurus pyroferus,Acanthuridae,1,180,0,124.8,NA,Primary Consumer,Sediment Sucker,85,1,0,0.25,30.6,0.5,GB
2015,2015-08-02,8:55,10:00,LTER 0.5 Forereef Fish Transect 1 Swath 5 m,LTER_0.5,Forereef,10,1,5,Balistapus undulatus,Balistidae,1,180,0,103.5,NA,Secondary Consumer,Omnivore,85,1,0,0.25,30.6,0.5,GB
2015,2015-08-02,8:55,10:00,LTER 0.5 Forereef Fish Transect 1 Swath 5 m,LTER_0.5,Forereef,10,1,5,Centropyge bispinosa,Pomacanthidae,3,30,0,4.71,NA,Primary Consumer,Omnivore,85,1,0,0.25,30.6,0.5,GB
2015,2015-08-02,8:55,10:00,LTER 0.5 Forereef Fish Transect 1 Swath 5 m,LTER_0.5,Forereef,10,1,5,Centropyge flavissima,Pomacanthidae,5,30,0,6.32,NA,Primary Consumer,Omnivore,85,1,0,0.25,30.6,0.5,GB
2015,2015-08-02,8:55,10:00,LTER 0.5 Forereef Fish Transect 1 Swath 5 m,LTER_0.5,Forereef,10,1,5,Centropyge flavissima,Pomacanthidae,4,40,0,10.61,NA,Primary Consumer,Omnivore,85,1,0,0.25,30.6,0.5,GB
2015,2015-08-02,8:55,10:00,LTER 0.5 Forereef Fish Transect 1 Swath 5 m,LTER_0.5,Forereef,10,1,5,Centropyge flavissima,Pomacanthidae,3,50,0,14.14,NA,Primary Consumer,Omnivore,85,1,0,0.25,30.6,0.5,GB
2015,2015-08-02,8:55,10:00,LTER 0.5 Forereef Fish Transect 1 Swath 5 m,LTER_0.5,Forereef,10,1,5,Centropyge loriculus,Pomacanthidae,2,35,0,2.31,NA,Primary Consumer,Omnivore,85,1,0,0.25,30.6,0.5,GB
2015,2015-08-02,8:55,10:00,LTER 0.5 Forereef Fish Transect 1 Swath 5 m,LTER_0.5,Forereef,10,1,5,Cephalopholis argus,Serranidae,2,180,0,183,NA,Piscivore_primarily,Piscivore,85,1,0,0.25,30.6,0.5,GB
2015,2015-08-02,8:55,10:00,LTER 0.5 Forereef Fish Transect 1 Swath 5 m,LTER_0.5,Forereef,10,1,5,Cephalopholis argus,Serranidae,2,240,0,457.1,NA,Piscivore_primarily,Piscivore,85,1,0,0.25,30.6,0.5,GB
2015,2015-08-02,8:55,10:00,LTER 0.5 Forereef Fish Transect 1 Swath 5 m,LTER_0.5,Forereef,10,1,5,Cephalopholis argus,Serranidae,1,250,0,260.2,NA,Piscivore_primarily,Piscivore,85,1,0,0.25,30.6,0.5,GB
2015,2015-08-02,8:55,10:00,LTER 0.5 Forereef Fish Transect 1 Swath 5 m,LTER_0.5,Forereef,10,1,5,Cephalopholis urodeta,Serranidae,1,190,0,113.2,NA,Piscivore_primarily,Piscivore,85,1,0,0.25,30.6,0.5,GB
2015,2015-08-02,8:55,10:00,LTER 0.5 Forereef Fish Transect 1 Swath 5 m,LTER_0.5,Forereef,10,1,5,Chaetodon ornatissimus,Chaetodontidae,2,160,0,220.1,NA,Secondary Consumer,Corallivore,85,1,0,0.25,30.6,0.5,GB
2015,2015-08-02,8:55,10:00,LTER 0.5 Forereef Fish Transect 1 Swath 5 m,LTER_0.5,Forereef,10,1,5,Chaetodon pelewensis,Chaetodontidae,12,50,0,37.01,NA,Secondary Consumer,Corallivore,85,1,0,0.25,30.6,0.5,GB
2015,2015-08-02,8:55,10:00,LTER 0.5 Forereef Fish Transect 1 Swath 5 m,LTER_0.5,Forereef,10,1,5,Chaetodon quadrimaculatus,Chaetodontidae,8,120,0,391.8,NA,Secondary Consumer,Corallivore,85,1,0,0.25,30.6,0.5,GB
2015,2015-08-02,8:55,10:00,LTER 0.5 Forereef Fish Transect 1 Swath 5 m,LTER_0.5,Forereef,10,1,5,Chlorurus spilurus,Scaridae,3,170,0,328,IP,Primary Consumer,Excavator,85,1,0,0.25,30.6,0.5,GB
2015,2015-08-02,8:55,10:00,LTER 0.5 Forereef Fish Transect 1 Swath 5 m,LTER_0.5,Forereef,10,1,5,Chlorurus spilurus,Scaridae,7,180,0,907,IP,Primary Consumer,Excavator,85,1,0,0.25,30.6,0.5,GB
2015,2015-08-02,8:55,10:00,LTER 0.5 Forereef Fish Transect 1 Swath 5 m,LTER_0.5,Forereef,10,1,5,Chlorurus spilurus,Scaridae,4,190,0,608.5,IP,Primary Consumer,Excavator,85,1,0,0.25,30.6,0.5,GB
2015,2015-08-02,8:55,10:00,LTER 0.5 Forereef Fish Transect 1 Swath 5 m,LTER_0.5,Forereef,10,1,5,Chlorurus spilurus,Scaridae,2,200,0,354.3,TP,Primary Consumer,Excavator,85,1,0,0.25,30.6,0.5,GB
2015,2015-08-02,8:55,10:00,LTER 0.5 Forereef Fish Transect 1 Swath 5 m,LTER_0.5,Forereef,10,1,5,Cirrhilabrus exquisitus,Labridae,1,30,0,0.33,NA,Planktivore,Planktivore_exclusively,85,1,0,0.25,30.6,0.5,GB
2015,2015-08-02,8:55,10:00,LTER 0.5 Forereef Fish Transect 1 Swath 5 m,LTER_0.5,Forereef,10,1,5,Cirrhilabrus scottorum,Labridae,5,30,0,1.76,NA,Secondary Consumer,Benthic Invertebrate Consumer,85,1,0,0.25,30.6,0.5,GB
2015,2015-08-02,8:55,10:00,LTER 0.5 Forereef Fish Transect 1 Swath 5 m,LTER_0.5,Forereef,10,1,5,Cirrhilabrus scottorum,Labridae,20,45,0,25.49,NA,Secondary Consumer,Benthic Invertebrate Consumer,85,1,0,0.25,30.6,0.5,GB
2015,2015-08-02,8:55,10:00,LTER 0.5 Forereef Fish Transect 1 Swath 5 m,LTER_0.5,Forereef,10,1,5,Ctenochaetus flavicauda,Acanthuridae,6,40,0,8.11,NA,Primary Consumer,Brusher,85,1,0,0.25,30.6,0.5,GB
2015,2015-08-02,8:55,10:00,LTER 0.5 Forereef Fish Transect 1 Swath 5 m,LTER_0.5,Forereef,10,1,5,Ctenochaetus striatus,Acanthuridae,8,50,0,17.19,NA,Primary Consumer,Brusher,85,1,0,0.25,30.6,0.5,GB
2015,2015-08-02,8:55,10:00,LTER 0.5 Forereef Fish Transect 1 Swath 5 m,LTER_0.5,Forereef,10,1,5,Ctenochaetus striatus,Acanthuridae,1,70,0,6.02,NA,Primary Consumer,Brusher,85,1,0,0.25,30.6,0.5,GB
2015,2015-08-02,8:55,10:00,LTER 0.5 Forereef Fish Transect 1 Swath 5 m,LTER_0.5,Forereef,10,1,5,Ctenochaetus striatus,Acanthuridae,2,130,0,80.2,NA,Primary Consumer,Brusher,85,1,0,0.25,30.6,0.5,GB
2015,2015-08-02,8:55,10:00,LTER 0.5 Forereef Fish Transect 1 Swath 5 m,LTER_0.5,Forereef,10,1,5,Ctenochaetus striatus,Acanthuridae,5,170,0,456,NA,Primary Consumer,Brusher,85,1,0,0.25,30.6,0.5,GB
2015,2015-08-02,8:55,10:00,LTER 0.5 Forereef Fish Transect 1 Swath 5 m,LTER_0.5,Forereef,10,1,5,Forcipiger flavissimus,Chaetodontidae,1,170,0,134.1,NA,Secondary Consumer,Benthic Invertebrate Consumer,85,1,0,0.25,30.6,0.5,GB
2015,2015-08-02,8:55,10:00,LTER 0.5 Forereef Fish Transect 1 Swath 5 m,LTER_0.5,Forereef,10,1,5,Gomphosus varius,Labridae,1,130,0,18.9,NA,Secondary Consumer,Benthic Invertebrate Consumer,85,1,0,0.25,30.6,0.5,GB
2015,2015-08-02,8:55,10:00,LTER 0.5 Forereef Fish Transect 1 Swath 5 m,LTER_0.5,Forereef,10,1,5,Halichoeres claudia,Labridae,2,60,0,6.75,NA,Secondary Consumer,Benthic Invertebrate Consumer,85,1,0,0.25,30.6,0.5,GB
2015,2015-08-02,8:55,10:00,LTER 0.5 Forereef Fish Transect 1 Swath 5 m,LTER_0.5,Forereef,10,1,5,Halichoeres claudia,Labridae,1,100,0,15.5,NA,Secondary Consumer,Benthic Invertebrate Consumer,85,1,0,0.25,30.6,0.5,GB
2015,2015-08-02,8:55,10:00,LTER 0.5 Forereef Fish Transect 1 Swath 5 m,LTER_0.5,Forereef,10,1,5,Halichoeres claudia,Labridae,1,120,0,26.8,NA,Secondary Consumer,Benthic Invertebrate Consumer,85,1,0,0.25,30.6,0.5,GB
2015,2015-08-02,8:55,10:00,LTER 0.5 Forereef Fish Transect 1 Swath 5 m,LTER_0.5,Forereef,10,1,5,Halichoeres claudia,Labridae,1,130,0,34,NA,Secondary Consumer,Benthic Invertebrate Consumer,85,1,0,0.25,30.6,0.5,GB
2015,2015-08-02,8:55,10:00,LTER 0.5 Forereef Fish Transect 1 Swath 5 m,LTER_0.5,Forereef,10,1,5,Halichoeres hortulanus,Labridae,2,200,0,246.2,NA,Secondary Consumer,Benthic Invertebrate Consumer,85,1,0,0.25,30.6,0.5,GB
2015,2015-08-02,8:55,10:00,LTER 0.5 Forereef Fish Transect 1 Swath 5 m,LTER_0.5,Forereef,10,1,5,Labroides bicolor,Labridae,1,120,0,18.1,NA,Secondary Consumer,Benthic Invertebrate Consumer,85,1,0,0.25,30.6,0.5,GB
2015,2015-08-02,8:55,10:00,LTER 0.5 Forereef Fish Transect 1 Swath 5 m,LTER_0.5,Forereef,10,1,5,Labroides dimidiatus,Labridae,1,60,0,1.93,NA,Secondary Consumer,Benthic Invertebrate Consumer,85,1,0,0.25,30.6,0.5,GB
2015,2015-08-02,8:55,10:00,LTER 0.5 Forereef Fish Transect 1 Swath 5 m,LTER_0.5,Forereef,10,1,5,Labroides rubrolabiatus,Labridae,1,50,0,1.07,NA,Secondary Consumer,Benthic Invertebrate Consumer,85,1,0,0.25,30.6,0.5,GB
2015,2015-08-02,8:55,10:00,LTER 0.5 Forereef Fish Transect 1 Swath 5 m,LTER_0.5,Forereef,10,1,5,Labroides rubrolabiatus,Labridae,1,60,0,1.93,NA,Secondary Consumer,Benthic Invertebrate Consumer,85,1,0,0.25,30.6,0.5,GB
2015,2015-08-02,8:55,10:00,LTER 0.5 Forereef Fish Transect 1 Swath 5 m,LTER_0.5,Forereef,10,1,5,Macropharyngodon meleagris,Labridae,2,50,0,2.73,NA,Secondary Consumer,Benthic Invertebrate Consumer,85,1,0,0.25,30.6,0.5,GB
2015,2015-08-02,8:55,10:00,LTER 0.5 Forereef Fish Transect 1 Swath 5 m,LTER_0.5,Forereef,10,1,5,Melichthys vidua,Balistidae,1,190,0,124.4,NA,Primary Consumer,Omnivore,85,1,0,0.25,30.6,0.5,GB
2015,2015-08-02,8:55,10:00,LTER 0.5 Forereef Fish Transect 1 Swath 5 m,LTER_0.5,Forereef,10,1,5,Odonus niger,Balistidae,1,180,0,79.2,NA,Planktivore,Planktivore_exclusively,85,1,0,0.25,30.6,0.5,GB
2015,2015-08-02,8:55,10:00,LTER 0.5 Forereef Fish Transect 1 Swath 5 m,LTER_0.5,Forereef,10,1,5,Ostracion meleagris,Ostraciidae,1,80,0,24.25,NA,Secondary Consumer,Omnivore,85,1,0,0.25,30.6,0.5,GB
2015,2015-08-02,8:55,10:00,LTER 0.5 Forereef Fish Transect 1 Swath 5 m,LTER_0.5,Forereef,10,1,5,Parupeneus multifasciatus,Mullidae,2,130,0,135.1,NA,Secondary Consumer,Benthic Invertebrate Consumer,85,1,0,0.25,30.6,0.5,GB
2015,2015-08-02,8:55,10:00,LTER 0.5 Forereef Fish Transect 1 Swath 5 m,LTER_0.5,Forereef,10,1,5,Pomachromis fuscidorsalis,Pomacentridae,7,30,0,2.8,NA,Planktivore,Planktivore_exclusively,85,1,0,0.25,30.6,0.5,GB
2015,2015-08-02,8:55,10:00,LTER 0.5 Forereef Fish Transect 1 Swath 5 m,LTER_0.5,Forereef,10,1,5,Pycnochromis acares,Pomacentridae,50,25,0,13.07,NA,Planktivore,Planktivore_exclusively,85,1,0,0.25,30.6,0.5,GB
2015,2015-08-02,8:55,10:00,LTER 0.5 Forereef Fish Transect 1 Swath 5 m,LTER_0.5,Forereef,10,1,5,Pycnochromis iomelas,Pomacentridae,3,30,0,0.83,NA,Planktivore,Omnivore,85,1,0,0.25,30.6,0.5,GB
2015,2015-08-02,8:55,10:00,LTER 0.5 Forereef Fish Transect 1 Swath 5 m,LTER_0.5,Forereef,10,1,5,Pycnochromis margaritifer,Pomacentridae,9,30,0,2.76,NA,Planktivore,Omnivore,85,1,0,0.25,30.6,0.5,GB
2015,2015-08-02,8:55,10:00,LTER 0.5 Forereef Fish Transect 1 Swath 5 m,LTER_0.5,Forereef,10,1,5,Pycnochromis vanderbilti,Pomacentridae,25,30,0,11.63,NA,Planktivore,Planktivore_exclusively,85,1,0,0.25,30.6,0.5,GB
2015,2015-08-02,8:55,10:00,LTER 0.5 Forereef Fish Transect 1 Swath 5 m,LTER_0.5,Forereef,10,1,5,Scarus forsteni,Scaridae,1,200,0,139.7,TP,Primary Consumer,Scraper,85,1,0,0.25,30.6,0.5,GB
2015,2015-08-02,8:55,10:00,LTER 0.5 Forereef Fish Transect 1 Swath 5 m,LTER_0.5,Forereef,10,1,5,Scarus globiceps,Scaridae,1,190,0,144.8,IP,Primary Consumer,Scraper,85,1,0,0.25,30.6,0.5,GB
2015,2015-08-02,8:55,10:00,LTER 0.5 Forereef Fish Transect 1 Swath 5 m,LTER_0.5,Forereef,10,1,5,Scarus oviceps,Scaridae,1,200,0,174.2,TP,Primary Consumer,Scraper,85,1,0,0.25,30.6,0.5,GB
2015,2015-08-02,8:55,10:00,LTER 0.5 Forereef Fish Transect 1 Swath 5 m,LTER_0.5,Forereef,10,1,5,Scarus psittacus,Scaridae,15,160,0,1277.2,IP,Primary Consumer,Scraper,85,1,0,0.25,30.6,0.5,GB
2015,2015-08-02,8:55,10:00,LTER 0.5 Forereef Fish Transect 1 Swath 5 m,LTER_0.5,Forereef,10,1,5,Scarus psittacus,Scaridae,28,180,0,3450.9,IP,Primary Consumer,Scraper,85,1,0,0.25,30.6,0.5,GB
2015,2015-08-02,8:55,10:00,LTER 0.5 Forereef Fish Transect 1 Swath 5 m,LTER_0.5,Forereef,10,1,5,Sufflamen bursa,Balistidae,7,170,0,911.2,NA,Secondary Consumer,Omnivore,85,1,0,0.25,30.6,0.5,GB
2015,2015-08-02,8:55,10:00,LTER 0.5 Forereef Fish Transect 1 Swath 5 m,LTER_0.5,Forereef,10,1,5,Thalassoma quinquevittatum,Labridae,1,60,0,2.39,NA,Secondary Consumer,Benthic Invertebrate Consumer,85,1,0,0.25,30.6,0.5,GB
2015,2015-08-02,8:55,10:00,LTER 0.5 Forereef Fish Transect 1 Swath 5 m,LTER_0.5,Forereef,10,1,5,Thalassoma quinquevittatum,Labridae,7,100,0,80,NA,Secondary Consumer,Benthic Invertebrate Consumer,85,1,0,0.25,30.6,0.5,GB
2015,2015-08-02,8:55,10:00,LTER 0.5 Forereef Fish Transect 1 Swath 5 m,LTER_0.5,Forereef,10,1,5,Thalassoma quinquevittatum,Labridae,5,150,0,197.5,NA,Secondary Consumer,Benthic Invertebrate Consumer,85,1,0,0.25,30.6,0.5,GB
2015,2015-08-02,8:55,10:00,LTER 0.5 Forereef Fish Transect 1 Swath 5 m,LTER_0.5,Forereef,10,1,5,Thalassoma quinquevittatum,Labridae,2,160,0,96.3,NA,Secondary Consumer,Benthic Invertebrate Consumer,85,1,0,0.25,30.6,0.5,GB
2015,2015-08-02,8:55,10:00,LTER 0.5 Forereef Fish Transect 1 Swath 5 m,LTER_0.5,Forereef,10,1,5,Zebrasoma scopas,Acanthuridae,14,170,0,1962.3,NA,Primary Consumer,Concealed Cropper,85,1,0,0.25,30.6,0.5,GB
2015,2015-08-02,8:55,10:00,LTER 0.5 Forereef Fish Transect 1 Swath 5 m,LTER_0.5,Forereef,10,1,5,Zebrasoma velifer,Acanthuridae,3,200,0,551,NA,Primary Consumer,Concealed Cropper,85,1,0,0.25,30.6,0.5,GB
2015,2015-08-02,8:55,10:00,LTER 0.5 Forereef Fish Transect 2 Swath 1 m,LTER_0.5,Forereef,10,2,1,Canthigaster solandri,Tetraodontidae,1,40,0,1.86,NA,Primary Consumer,Omnivore,85,1,0,0.25,30.6,0.5,AB
2015,2015-08-02,8:55,10:00,LTER 0.5 Forereef Fish Transect 2 Swath 1 m,LTER_0.5,Forereef,10,2,1,Caracanthus maculatus,Scorpaenidae,4,30,0,2.18,NA,Secondary Consumer,Benthic Invertebrate Consumer,85,1,0,0.25,30.6,0.5,AB
2015,2015-08-02,8:55,10:00,LTER 0.5 Forereef Fish Transect 2 Swath 1 m,LTER_0.5,Forereef,10,2,1,Caracanthus maculatus,Scorpaenidae,14,35,0,12.13,NA,Secondary Consumer,Benthic Invertebrate Consumer,85,1,0,0.25,30.6,0.5,AB
2015,2015-08-02,8:55,10:00,LTER 0.5 Forereef Fish Transect 2 Swath 1 m,LTER_0.5,Forereef,10,2,1,Nemateleotris magnifica,Microdesmidae,1,55,0,0.79,NA,Planktivore,Planktivore_exclusively,85,1,0,0.25,30.6,0.5,AB
2015,2015-08-02,8:55,10:00,LTER 0.5 Forereef Fish Transect 2 Swath 1 m,LTER_0.5,Forereef,10,2,1,Neocirrhites armatus,Cirrhitidae,10,40,0,8.63,NA,Secondary Consumer,Benthic Invertebrate Consumer,85,1,0,0.25,30.6,0.5,AB
2015,2015-08-02,8:55,10:00,LTER 0.5 Forereef Fish Transect 2 Swath 1 m,LTER_0.5,Forereef,10,2,1,Neocirrhites armatus,Cirrhitidae,8,45,0,10.15,NA,Secondary Consumer,Benthic Invertebrate Consumer,85,1,0,0.25,30.6,0.5,AB
2015,2015-08-02,8:55,10:00,LTER 0.5 Forereef Fish Transect 2 Swath 1 m,LTER_0.5,Forereef,10,2,1,Paracirrhites arcatus,Cirrhitidae,4,30,0,1.35,NA,Secondary Consumer,Benthic Invertebrate Consumer,85,1,0,0.25,30.6,0.5,AB
2015,2015-08-02,8:55,10:00,LTER 0.5 Forereef Fish Transect 2 Swath 1 m,LTER_0.5,Forereef,10,2,1,Paracirrhites arcatus,Cirrhitidae,4,50,0,7.16,NA,Secondary Consumer,Benthic Invertebrate Consumer,85,1,0,0.25,30.6,0.5,AB
2015,2015-08-02,8:55,10:00,LTER 0.5 Forereef Fish Transect 2 Swath 1 m,LTER_0.5,Forereef,10,2,1,Paracirrhites arcatus,Cirrhitidae,12,60,0,38.96,NA,Secondary Consumer,Benthic Invertebrate Consumer,85,1,0,0.25,30.6,0.5,AB
2015,2015-08-02,8:55,10:00,LTER 0.5 Forereef Fish Transect 2 Swath 1 m,LTER_0.5,Forereef,10,2,1,Paracirrhites arcatus,Cirrhitidae,11,70,0,59.11,NA,Secondary Consumer,Benthic Invertebrate Consumer,85,1,0,0.25,30.6,0.5,AB
2015,2015-08-02,8:55,10:00,LTER 0.5 Forereef Fish Transect 2 Swath 1 m,LTER_0.5,Forereef,10,2,1,Paracirrhites arcatus,Cirrhitidae,4,80,0,33.25,NA,Secondary Consumer,Benthic Invertebrate Consumer,85,1,0,0.25,30.6,0.5,AB
2015,2015-08-02,8:55,10:00,LTER 0.5 Forereef Fish Transect 2 Swath 1 m,LTER_0.5,Forereef,10,2,1,Plagiotremus tapeinosoma,Blenniidae,2,50,0,1.14,NA,Secondary Consumer,Fish Scale Consumer,85,1,0,0.25,30.6,0.5,AB
2015,2015-08-02,8:55,10:00,LTER 0.5 Forereef Fish Transect 2 Swath 1 m,LTER_0.5,Forereef,10,2,1,Plectroglyphidodon johnstonianus,Pomacentridae,3,40,0,7.08,NA,Secondary Consumer,Omnivore,85,1,0,0.25,30.6,0.5,AB
2015,2015-08-02,8:55,10:00,LTER 0.5 Forereef Fish Transect 2 Swath 1 m,LTER_0.5,Forereef,10,2,1,Plectroglyphidodon johnstonianus,Pomacentridae,8,50,0,34.01,NA,Secondary Consumer,Omnivore,85,1,0,0.25,30.6,0.5,AB
2015,2015-08-02,8:55,10:00,LTER 0.5 Forereef Fish Transect 2 Swath 1 m,LTER_0.5,Forereef,10,2,1,Plectroglyphidodon johnstonianus,Pomacentridae,6,60,0,41.24,NA,Secondary Consumer,Omnivore,85,1,0,0.25,30.6,0.5,AB
2015,2015-08-02,8:55,10:00,LTER 0.5 Forereef Fish Transect 2 Swath 1 m,LTER_0.5,Forereef,10,2,1,Plectroglyphidodon lacrymatus,Pomacentridae,1,45,0,1.65,NA,Primary Consumer,Omnivore,85,1,0,0.25,30.6,0.5,AB
2015,2015-08-02,8:55,10:00,LTER 0.5 Forereef Fish Transect 2 Swath 1 m,LTER_0.5,Forereef,10,2,1,Plectroglyphidodon lacrymatus,Pomacentridae,2,50,0,4.62,NA,Primary Consumer,Omnivore,85,1,0,0.25,30.6,0.5,AB
2015,2015-08-02,8:55,10:00,LTER 0.5 Forereef Fish Transect 2 Swath 1 m,LTER_0.5,Forereef,10,2,1,Plectroglyphidodon lacrymatus,Pomacentridae,1,55,0,3.13,NA,Primary Consumer,Omnivore,85,1,0,0.25,30.6,0.5,AB
2015,2015-08-02,8:55,10:00,LTER 0.5 Forereef Fish Transect 2 Swath 1 m,LTER_0.5,Forereef,10,2,1,Pseudocheilinus hexataenia,Labridae,1,25,0,0.23,NA,Secondary Consumer,Benthic Invertebrate Consumer,85,1,0,0.25,30.6,0.5,AB
2015,2015-08-02,8:55,10:00,LTER 0.5 Forereef Fish Transect 2 Swath 1 m,LTER_0.5,Forereef,10,2,1,Pseudocheilinus hexataenia,Labridae,6,35,0,3.79,NA,Secondary Consumer,Benthic Invertebrate Consumer,85,1,0,0.25,30.6,0.5,AB
2015,2015-08-02,8:55,10:00,LTER 0.5 Forereef Fish Transect 2 Swath 1 m,LTER_0.5,Forereef,10,2,1,Pseudocheilinus hexataenia,Labridae,2,40,0,1.88,NA,Secondary Consumer,Benthic Invertebrate Consumer,85,1,0,0.25,30.6,0.5,AB
2015,2015-08-02,8:55,10:00,LTER 0.5 Forereef Fish Transect 2 Swath 1 m,LTER_0.5,Forereef,10,2,1,Pseudocheilinus octotaenia,Labridae,1,60,0,3.13,NA,Secondary Consumer,Benthic Invertebrate Consumer,85,1,0,0.25,30.6,0.5,AB
2015,2015-08-02,8:55,10:00,LTER 0.5 Forereef Fish Transect 2 Swath 1 m,LTER_0.5,Forereef,10,2,1,Pseudocheilinus tetrataenia,Labridae,2,40,0,1.89,NA,Secondary Consumer,Benthic Invertebrate Consumer,85,1,0,0.25,30.6,0.5,AB
2015,2015-08-02,8:55,10:00,LTER 0.5 Forereef Fish Transect 2 Swath 1 m,LTER_0.5,Forereef,10,2,1,Stegastes fasciolatus,Pomacentridae,8,70,0,73.39,NA,Primary Consumer,Herbivore/Detritivore,85,1,0,0.25,30.6,0.5,AB
2015,2015-08-02,8:55,10:00,LTER 0.5 Forereef Fish Transect 2 Swath 5 m,LTER_0.5,Forereef,10,2,5,Acanthurus nigricauda,Acanthuridae,1,220,0,159.4,NA,Primary Consumer,Sediment Sucker,85,1,0,0.25,30.6,0.5,AB
2015,2015-08-02,8:55,10:00,LTER 0.5 Forereef Fish Transect 2 Swath 5 m,LTER_0.5,Forereef,10,2,5,Acanthurus nigrofuscus,Acanthuridae,18,60,0,74.12,NA,Primary Consumer,Cropper,85,1,0,0.25,30.6,0.5,AB
2015,2015-08-02,8:55,10:00,LTER 0.5 Forereef Fish Transect 2 Swath 5 m,LTER_0.5,Forereef,10,2,5,Acanthurus nigrofuscus,Acanthuridae,16,70,0,105.07,NA,Primary Consumer,Cropper,85,1,0,0.25,30.6,0.5,AB
2015,2015-08-02,8:55,10:00,LTER 0.5 Forereef Fish Transect 2 Swath 5 m,LTER_0.5,Forereef,10,2,5,Acanthurus nigroris,Acanthuridae,1,130,0,44.8,NA,Primary Consumer,Cropper,85,1,0,0.25,30.6,0.5,AB
2015,2015-08-02,8:55,10:00,LTER 0.5 Forereef Fish Transect 2 Swath 5 m,LTER_0.5,Forereef,10,2,5,Acanthurus olivaceus,Acanthuridae,1,190,0,130.6,NA,Primary Consumer,Sediment Sucker,85,1,0,0.25,30.6,0.5,AB
2015,2015-08-02,8:55,10:00,LTER 0.5 Forereef Fish Transect 2 Swath 5 m,LTER_0.5,Forereef,10,2,5,Acanthurus olivaceus,Acanthuridae,2,200,0,304.3,NA,Primary Consumer,Sediment Sucker,85,1,0,0.25,30.6,0.5,AB
2015,2015-08-02,8:55,10:00,LTER 0.5 Forereef Fish Transect 2 Swath 5 m,LTER_0.5,Forereef,10,2,5,Balistapus undulatus,Balistidae,1,110,0,19.5,NA,Secondary Consumer,Omnivore,85,1,0,0.25,30.6,0.5,AB
2015,2015-08-02,8:55,10:00,LTER 0.5 Forereef Fish Transect 2 Swath 5 m,LTER_0.5,Forereef,10,2,5,Balistapus undulatus,Balistidae,1,130,0,34.3,NA,Secondary Consumer,Omnivore,85,1,0,0.25,30.6,0.5,AB
2015,2015-08-02,8:55,10:00,LTER 0.5 Forereef Fish Transect 2 Swath 5 m,LTER_0.5,Forereef,10,2,5,Cantherhines sandwichiensis,Monacanthidae,2,120,0,46.4,NA,Primary Consumer,Omnivore,85,1,0,0.25,30.6,0.5,AB
2015,2015-08-02,8:55,10:00,LTER 0.5 Forereef Fish Transect 2 Swath 5 m,LTER_0.5,Forereef,10,2,5,Cantherhines sandwichiensis,Monacanthidae,1,130,0,30.1,NA,Primary Consumer,Omnivore,85,1,0,0.25,30.6,0.5,AB
2015,2015-08-02,8:55,10:00,LTER 0.5 Forereef Fish Transect 2 Swath 5 m,LTER_0.5,Forereef,10,2,5,Centropyge bispinosa,Pomacanthidae,1,40,0,3.01,NA,Primary Consumer,Omnivore,85,1,0,0.25,30.6,0.5,AB
2015,2015-08-02,8:55,10:00,LTER 0.5 Forereef Fish Transect 2 Swath 5 m,LTER_0.5,Forereef,10,2,5,Centropyge bispinosa,Pomacanthidae,4,50,0,19.91,NA,Primary Consumer,Omnivore,85,1,0,0.25,30.6,0.5,AB
2015,2015-08-02,8:55,10:00,LTER 0.5 Forereef Fish Transect 2 Swath 5 m,LTER_0.5,Forereef,10,2,5,Centropyge flavissima,Pomacanthidae,1,25,0,0.79,NA,Primary Consumer,Omnivore,85,1,0,0.25,30.6,0.5,AB
2015,2015-08-02,8:55,10:00,LTER 0.5 Forereef Fish Transect 2 Swath 5 m,LTER_0.5,Forereef,10,2,5,Centropyge flavissima,Pomacanthidae,2,30,0,2.53,NA,Primary Consumer,Omnivore,85,1,0,0.25,30.6,0.5,AB
2015,2015-08-02,8:55,10:00,LTER 0.5 Forereef Fish Transect 2 Swath 5 m,LTER_0.5,Forereef,10,2,5,Centropyge flavissima,Pomacanthidae,1,35,0,1.88,NA,Primary Consumer,Omnivore,85,1,0,0.25,30.6,0.5,AB
2015,2015-08-02,8:55,10:00,LTER 0.5 Forereef Fish Transect 2 Swath 5 m,LTER_0.5,Forereef,10,2,5,Centropyge flavissima,Pomacanthidae,2,40,0,5.31,NA,Primary Consumer,Omnivore,85,1,0,0.25,30.6,0.5,AB
2015,2015-08-02,8:55,10:00,LTER 0.5 Forereef Fish Transect 2 Swath 5 m,LTER_0.5,Forereef,10,2,5,Centropyge flavissima,Pomacanthidae,5,45,0,17.97,NA,Primary Consumer,Omnivore,85,1,0,0.25,30.6,0.5,AB
2015,2015-08-02,8:55,10:00,LTER 0.5 Forereef Fish Transect 2 Swath 5 m,LTER_0.5,Forereef,10,2,5,Centropyge flavissima,Pomacanthidae,2,50,0,9.43,NA,Primary Consumer,Omnivore,85,1,0,0.25,30.6,0.5,AB
2015,2015-08-02,8:55,10:00,LTER 0.5 Forereef Fish Transect 2 Swath 5 m,LTER_0.5,Forereef,10,2,5,Centropyge loriculus,Pomacanthidae,1,35,0,1.15,NA,Primary Consumer,Omnivore,85,1,0,0.25,30.6,0.5,AB
2015,2015-08-02,8:55,10:00,LTER 0.5 Forereef Fish Transect 2 Swath 5 m,LTER_0.5,Forereef,10,2,5,Cephalopholis argus,Serranidae,1,180,0,91.5,NA,Piscivore_primarily,Piscivore,85,1,0,0.25,30.6,0.5,AB
2015,2015-08-02,8:55,10:00,LTER 0.5 Forereef Fish Transect 2 Swath 5 m,LTER_0.5,Forereef,10,2,5,Cephalopholis urodeta,Serranidae,1,120,0,31,NA,Piscivore_primarily,Piscivore,85,1,0,0.25,30.6,0.5,AB
2015,2015-08-02,8:55,10:00,LTER 0.5 Forereef Fish Transect 2 Swath 5 m,LTER_0.5,Forereef,10,2,5,Cephalopholis urodeta,Serranidae,3,140,0,143.6,NA,Piscivore_primarily,Piscivore,85,1,0,0.25,30.6,0.5,AB
2015,2015-08-02,8:55,10:00,LTER 0.5 Forereef Fish Transect 2 Swath 5 m,LTER_0.5,Forereef,10,2,5,Cephalopholis urodeta,Serranidae,1,160,0,69.7,NA,Piscivore_primarily,Piscivore,85,1,0,0.25,30.6,0.5,AB
2015,2015-08-02,8:55,10:00,LTER 0.5 Forereef Fish Transect 2 Swath 5 m,LTER_0.5,Forereef,10,2,5,Chaetodon pelewensis,Chaetodontidae,1,50,0,3.08,NA,Secondary Consumer,Corallivore,85,1,0,0.25,30.6,0.5,AB
2015,2015-08-02,8:55,10:00,LTER 0.5 Forereef Fish Transect 2 Swath 5 m,LTER_0.5,Forereef,10,2,5,Chaetodon pelewensis,Chaetodontidae,3,60,0,16.88,NA,Secondary Consumer,Corallivore,85,1,0,0.25,30.6,0.5,AB
2015,2015-08-02,8:55,10:00,LTER 0.5 Forereef Fish Transect 2 Swath 5 m,LTER_0.5,Forereef,10,2,5,Chaetodon pelewensis,Chaetodontidae,2,90,0,42.84,NA,Secondary Consumer,Corallivore,85,1,0,0.25,30.6,0.5,AB
2015,2015-08-02,8:55,10:00,LTER 0.5 Forereef Fish Transect 2 Swath 5 m,LTER_0.5,Forereef,10,2,5,Chaetodon quadrimaculatus,Chaetodontidae,2,90,0,43.6,NA,Secondary Consumer,Corallivore,85,1,0,0.25,30.6,0.5,AB
2015,2015-08-02,8:55,10:00,LTER 0.5 Forereef Fish Transect 2 Swath 5 m,LTER_0.5,Forereef,10,2,5,Chaetodon quadrimaculatus,Chaetodontidae,7,100,0,205.3,NA,Secondary Consumer,Corallivore,85,1,0,0.25,30.6,0.5,AB
2015,2015-08-02,8:55,10:00,LTER 0.5 Forereef Fish Transect 2 Swath 5 m,LTER_0.5,Forereef,10,2,5,Cheilinus oxycephalus,Labridae,2,60,0,7.43,NA,Secondary Consumer,Benthic Invertebrate Consumer,85,1,0,0.25,30.6,0.5,AB
2015,2015-08-02,8:55,10:00,LTER 0.5 Forereef Fish Transect 2 Swath 5 m,LTER_0.5,Forereef,10,2,5,Cheilio inermis,Labridae,1,110,0,5.5,NA,Secondary Consumer,Benthic Invertebrate Consumer,85,1,0,0.25,30.6,0.5,AB
2015,2015-08-02,8:55,10:00,LTER 0.5 Forereef Fish Transect 2 Swath 5 m,LTER_0.5,Forereef,10,2,5,Chlorurus spilurus,Scaridae,1,90,0,16.55,IP,Primary Consumer,Excavator,85,1,0,0.25,30.6,0.5,AB
2015,2015-08-02,8:55,10:00,LTER 0.5 Forereef Fish Transect 2 Swath 5 m,LTER_0.5,Forereef,10,2,5,Chlorurus spilurus,Scaridae,41,120,0,1594,IP,Primary Consumer,Excavator,85,1,0,0.25,30.6,0.5,AB
2015,2015-08-02,8:55,10:00,LTER 0.5 Forereef Fish Transect 2 Swath 5 m,LTER_0.5,Forereef,10,2,5,Chlorurus spilurus,Scaridae,37,140,0,2273.3,IP,Primary Consumer,Excavator,85,1,0,0.25,30.6,0.5,AB
2015,2015-08-02,8:55,10:00,LTER 0.5 Forereef Fish Transect 2 Swath 5 m,LTER_0.5,Forereef,10,2,5,Chlorurus spilurus,Scaridae,6,190,0,912.8,TP,Primary Consumer,Excavator,85,1,0,0.25,30.6,0.5,AB
2015,2015-08-02,8:55,10:00,LTER 0.5 Forereef Fish Transect 2 Swath 5 m,LTER_0.5,Forereef,10,2,5,Chlorurus spilurus,Scaridae,1,210,0,204.8,TP,Primary Consumer,Excavator,85,1,0,0.25,30.6,0.5,AB
2015,2015-08-02,8:55,10:00,LTER 0.5 Forereef Fish Transect 2 Swath 5 m,LTER_0.5,Forereef,10,2,5,Cirrhilabrus exquisitus,Labridae,1,30,0,0.33,NA,Planktivore,Planktivore_exclusively,85,1,0,0.25,30.6,0.5,AB
2015,2015-08-02,8:55,10:00,LTER 0.5 Forereef Fish Transect 2 Swath 5 m,LTER_0.5,Forereef,10,2,5,Cirrhilabrus exquisitus,Labridae,1,60,0,2.97,NA,Planktivore,Planktivore_exclusively,85,1,0,0.25,30.6,0.5,AB
2015,2015-08-02,8:55,10:00,LTER 0.5 Forereef Fish Transect 2 Swath 5 m,LTER_0.5,Forereef,10,2,5,Cirrhilabrus scottorum,Labridae,3,50,0,5.34,NA,Secondary Consumer,Benthic Invertebrate Consumer,85,1,0,0.25,30.6,0.5,AB
2015,2015-08-02,8:55,10:00,LTER 0.5 Forereef Fish Transect 2 Swath 5 m,LTER_0.5,Forereef,10,2,5,Cirrhilabrus scottorum,Labridae,8,60,0,25.44,NA,Secondary Consumer,Benthic Invertebrate Consumer,85,1,0,0.25,30.6,0.5,AB
2015,2015-08-02,8:55,10:00,LTER 0.5 Forereef Fish Transect 2 Swath 5 m,LTER_0.5,Forereef,10,2,5,Ctenochaetus striatus,Acanthuridae,2,130,0,80.2,NA,Primary Consumer,Brusher,85,1,0,0.25,30.6,0.5,AB
2015,2015-08-02,8:55,10:00,LTER 0.5 Forereef Fish Transect 2 Swath 5 m,LTER_0.5,Forereef,10,2,5,Ctenochaetus striatus,Acanthuridae,2,150,0,124.3,NA,Primary Consumer,Brusher,85,1,0,0.25,30.6,0.5,AB
2015,2015-08-02,8:55,10:00,LTER 0.5 Forereef Fish Transect 2 Swath 5 m,LTER_0.5,Forereef,10,2,5,Epibulus insidiator,Labridae,1,160,0,71.9,NA,Piscivore_primarily,Piscivore,85,1,0,0.25,30.6,0.5,AB
2015,2015-08-02,8:55,10:00,LTER 0.5 Forereef Fish Transect 2 Swath 5 m,LTER_0.5,Forereef,10,2,5,Epibulus insidiator,Labridae,1,190,0,122,NA,Piscivore_primarily,Piscivore,85,1,0,0.25,30.6,0.5,AB
2015,2015-08-02,8:55,10:00,LTER 0.5 Forereef Fish Transect 2 Swath 5 m,LTER_0.5,Forereef,10,2,5,Gomphosus varius,Labridae,2,30,0,0.72,NA,Secondary Consumer,Benthic Invertebrate Consumer,85,1,0,0.25,30.6,0.5,AB
2015,2015-08-02,8:55,10:00,LTER 0.5 Forereef Fish Transect 2 Swath 5 m,LTER_0.5,Forereef,10,2,5,Gomphosus varius,Labridae,3,40,0,2.34,NA,Secondary Consumer,Benthic Invertebrate Consumer,85,1,0,0.25,30.6,0.5,AB
2015,2015-08-02,8:55,10:00,LTER 0.5 Forereef Fish Transect 2 Swath 5 m,LTER_0.5,Forereef,10,2,5,Gomphosus varius,Labridae,3,50,0,4.28,NA,Secondary Consumer,Benthic Invertebrate Consumer,85,1,0,0.25,30.6,0.5,AB
2015,2015-08-02,8:55,10:00,LTER 0.5 Forereef Fish Transect 2 Swath 5 m,LTER_0.5,Forereef,10,2,5,Gomphosus varius,Labridae,2,60,0,4.67,NA,Secondary Consumer,Benthic Invertebrate Consumer,85,1,0,0.25,30.6,0.5,AB
2015,2015-08-02,8:55,10:00,LTER 0.5 Forereef Fish Transect 2 Swath 5 m,LTER_0.5,Forereef,10,2,5,Gomphosus varius,Labridae,1,80,0,5.08,NA,Secondary Consumer,Benthic Invertebrate Consumer,85,1,0,0.25,30.6,0.5,AB
2015,2015-08-02,8:55,10:00,LTER 0.5 Forereef Fish Transect 2 Swath 5 m,LTER_0.5,Forereef,10,2,5,Gomphosus varius,Labridae,1,130,0,18.9,NA,Secondary Consumer,Benthic Invertebrate Consumer,85,1,0,0.25,30.6,0.5,AB
2015,2015-08-02,8:55,10:00,LTER 0.5 Forereef Fish Transect 2 Swath 5 m,LTER_0.5,Forereef,10,2,5,Halichoeres claudia,Labridae,1,45,0,1.43,NA,Secondary Consumer,Benthic Invertebrate Consumer,85,1,0,0.25,30.6,0.5,AB
2015,2015-08-02,8:55,10:00,LTER 0.5 Forereef Fish Transect 2 Swath 5 m,LTER_0.5,Forereef,10,2,5,Halichoeres claudia,Labridae,4,50,0,7.83,NA,Secondary Consumer,Benthic Invertebrate Consumer,85,1,0,0.25,30.6,0.5,AB
2015,2015-08-02,8:55,10:00,LTER 0.5 Forereef Fish Transect 2 Swath 5 m,LTER_0.5,Forereef,10,2,5,Labroides dimidiatus,Labridae,1,50,0,1.07,NA,Secondary Consumer,Benthic Invertebrate Consumer,85,1,0,0.25,30.6,0.5,AB
2015,2015-08-02,8:55,10:00,LTER 0.5 Forereef Fish Transect 2 Swath 5 m,LTER_0.5,Forereef,10,2,5,Labroides rubrolabiatus,Labridae,1,45,0,0.76,NA,Secondary Consumer,Benthic Invertebrate Consumer,85,1,0,0.25,30.6,0.5,AB
2015,2015-08-02,8:55,10:00,LTER 0.5 Forereef Fish Transect 2 Swath 5 m,LTER_0.5,Forereef,10,2,5,Melichthys vidua,Balistidae,5,150,0,278.8,NA,Primary Consumer,Omnivore,85,1,0,0.25,30.6,0.5,AB
2015,2015-08-02,8:55,10:00,LTER 0.5 Forereef Fish Transect 2 Swath 5 m,LTER_0.5,Forereef,10,2,5,Naso lituratus,Acanthuridae,2,190,0,137.1,NA,Primary Consumer,Browser,85,1,0,0.25,30.6,0.5,AB
2015,2015-08-02,8:55,10:00,LTER 0.5 Forereef Fish Transect 2 Swath 5 m,LTER_0.5,Forereef,10,2,5,Naso lituratus,Acanthuridae,3,210,0,284.8,NA,Primary Consumer,Browser,85,1,0,0.25,30.6,0.5,AB
2015,2015-08-02,8:55,10:00,LTER 0.5 Forereef Fish Transect 2 Swath 5 m,LTER_0.5,Forereef,10,2,5,Parupeneus multifasciatus,Mullidae,2,70,0,19.53,NA,Secondary Consumer,Benthic Invertebrate Consumer,85,1,0,0.25,30.6,0.5,AB
2015,2015-08-02,8:55,10:00,LTER 0.5 Forereef Fish Transect 2 Swath 5 m,LTER_0.5,Forereef,10,2,5,Pomachromis fuscidorsalis,Pomacentridae,2,40,0,1.89,NA,Planktivore,Planktivore_exclusively,85,1,0,0.25,30.6,0.5,AB
2015,2015-08-02,8:55,10:00,LTER 0.5 Forereef Fish Transect 2 Swath 5 m,LTER_0.5,Forereef,10,2,5,Pycnochromis acares,Pomacentridae,125,20,0,16.09,NA,Planktivore,Planktivore_exclusively,85,1,0,0.25,30.6,0.5,AB
2015,2015-08-02,8:55,10:00,LTER 0.5 Forereef Fish Transect 2 Swath 5 m,LTER_0.5,Forereef,10,2,5,Pycnochromis acares,Pomacentridae,10,25,0,2.61,NA,Planktivore,Planktivore_exclusively,85,1,0,0.25,30.6,0.5,AB
2015,2015-08-02,8:55,10:00,LTER 0.5 Forereef Fish Transect 2 Swath 5 m,LTER_0.5,Forereef,10,2,5,Pycnochromis iomelas,Pomacentridae,5,20,0,0.35,NA,Planktivore,Omnivore,85,1,0,0.25,30.6,0.5,AB
2015,2015-08-02,8:55,10:00,LTER 0.5 Forereef Fish Transect 2 Swath 5 m,LTER_0.5,Forereef,10,2,5,Pycnochromis iomelas,Pomacentridae,12,30,0,3.3,NA,Planktivore,Omnivore,85,1,0,0.25,30.6,0.5,AB
2015,2015-08-02,8:55,10:00,LTER 0.5 Forereef Fish Transect 2 Swath 5 m,LTER_0.5,Forereef,10,2,5,Pycnochromis margaritifer,Pomacentridae,40,15,0,1.36,NA,Planktivore,Omnivore,85,1,0,0.25,30.6,0.5,AB
2015,2015-08-02,8:55,10:00,LTER 0.5 Forereef Fish Transect 2 Swath 5 m,LTER_0.5,Forereef,10,2,5,Pycnochromis margaritifer,Pomacentridae,17,25,0,2.92,NA,Planktivore,Omnivore,85,1,0,0.25,30.6,0.5,AB
2015,2015-08-02,8:55,10:00,LTER 0.5 Forereef Fish Transect 2 Swath 5 m,LTER_0.5,Forereef,10,2,5,Pycnochromis margaritifer,Pomacentridae,6,30,0,1.84,NA,Planktivore,Omnivore,85,1,0,0.25,30.6,0.5,AB
2015,2015-08-02,8:55,10:00,LTER 0.5 Forereef Fish Transect 2 Swath 5 m,LTER_0.5,Forereef,10,2,5,Pycnochromis vanderbilti,Pomacentridae,150,30,0,69.79,NA,Planktivore,Planktivore_exclusively,85,1,0,0.25,30.6,0.5,AB
2015,2015-08-02,8:55,10:00,LTER 0.5 Forereef Fish Transect 2 Swath 5 m,LTER_0.5,Forereef,10,2,5,Scarus frenatus,Scaridae,2,150,0,141.8,IP,Primary Consumer,Scraper,85,1,0,0.25,30.6,0.5,AB
2015,2015-08-02,8:55,10:00,LTER 0.5 Forereef Fish Transect 2 Swath 5 m,LTER_0.5,Forereef,10,2,5,Scarus globiceps,Scaridae,4,130,0,179.3,IP,Primary Consumer,Scraper,85,1,0,0.25,30.6,0.5,AB
2015,2015-08-02,8:55,10:00,LTER 0.5 Forereef Fish Transect 2 Swath 5 m,LTER_0.5,Forereef,10,2,5,Scarus oviceps,Scaridae,1,140,0,56,IP,Primary Consumer,Scraper,85,1,0,0.25,30.6,0.5,AB
2015,2015-08-02,8:55,10:00,LTER 0.5 Forereef Fish Transect 2 Swath 5 m,LTER_0.5,Forereef,10,2,5,Scarus oviceps,Scaridae,1,180,0,124.6,TP,Primary Consumer,Scraper,85,1,0,0.25,30.6,0.5,AB
2015,2015-08-02,8:55,10:00,LTER 0.5 Forereef Fish Transect 2 Swath 5 m,LTER_0.5,Forereef,10,2,5,Scarus oviceps,Scaridae,1,190,0,148,TP,Primary Consumer,Scraper,85,1,0,0.25,30.6,0.5,AB
2015,2015-08-02,8:55,10:00,LTER 0.5 Forereef Fish Transect 2 Swath 5 m,LTER_0.5,Forereef,10,2,5,Scarus psittacus,Scaridae,1,150,0,69.5,TP,Primary Consumer,Scraper,85,1,0,0.25,30.6,0.5,AB
2015,2015-08-02,8:55,10:00,LTER 0.5 Forereef Fish Transect 2 Swath 5 m,LTER_0.5,Forereef,10,2,5,Sufflamen bursa,Balistidae,8,80,0,114.49,NA,Secondary Consumer,Omnivore,85,1,0,0.25,30.6,0.5,AB
2015,2015-08-02,8:55,10:00,LTER 0.5 Forereef Fish Transect 2 Swath 5 m,LTER_0.5,Forereef,10,2,5,Sufflamen bursa,Balistidae,2,110,0,72.7,NA,Secondary Consumer,Omnivore,85,1,0,0.25,30.6,0.5,AB
2015,2015-08-02,8:55,10:00,LTER 0.5 Forereef Fish Transect 2 Swath 5 m,LTER_0.5,Forereef,10,2,5,Sufflamen bursa,Balistidae,3,120,0,140.8,NA,Secondary Consumer,Omnivore,85,1,0,0.25,30.6,0.5,AB
2015,2015-08-02,8:55,10:00,LTER 0.5 Forereef Fish Transect 2 Swath 5 m,LTER_0.5,Forereef,10,2,5,Thalassoma lutescens,Labridae,1,40,0,0.69,NA,Secondary Consumer,Benthic Invertebrate Consumer,85,1,0,0.25,30.6,0.5,AB
2015,2015-08-02,8:55,10:00,LTER 0.5 Forereef Fish Transect 2 Swath 5 m,LTER_0.5,Forereef,10,2,5,Thalassoma quinquevittatum,Labridae,5,50,0,6.85,NA,Secondary Consumer,Benthic Invertebrate Consumer,85,1,0,0.25,30.6,0.5,AB
2015,2015-08-02,8:55,10:00,LTER 0.5 Forereef Fish Transect 2 Swath 5 m,LTER_0.5,Forereef,10,2,5,Thalassoma quinquevittatum,Labridae,9,70,0,34.52,NA,Secondary Consumer,Benthic Invertebrate Consumer,85,1,0,0.25,30.6,0.5,AB
2015,2015-08-02,8:55,10:00,LTER 0.5 Forereef Fish Transect 2 Swath 5 m,LTER_0.5,Forereef,10,2,5,Thalassoma quinquevittatum,Labridae,16,80,0,92.34,NA,Secondary Consumer,Benthic Invertebrate Consumer,85,1,0,0.25,30.6,0.5,AB
2015,2015-08-02,8:55,10:00,LTER 0.5 Forereef Fish Transect 2 Swath 5 m,LTER_0.5,Forereef,10,2,5,Zebrasoma scopas,Acanthuridae,10,140,0,783.9,NA,Primary Consumer,Concealed Cropper,85,1,0,0.25,30.6,0.5,AB
2015,2015-08-02,8:55,10:00,LTER 0.5 Forereef Fish Transect 2 Swath 5 m,LTER_0.5,Forereef,10,2,5,Zebrasoma velifer,Acanthuridae,1,180,0,135.8,NA,Primary Consumer,Concealed Cropper,85,1,0,0.25,30.6,0.5,AB
2015,2015-08-02,8:55,10:00,LTER 0.5 Forereef Fish Transect 3 Swath 1 m,LTER_0.5,Forereef,10,3,1,Caracanthus maculatus,Scorpaenidae,12,30,0,6.54,NA,Secondary Consumer,Benthic Invertebrate Consumer,85,1,0,0.25,30.6,0.5,BS
2015,2015-08-02,8:55,10:00,LTER 0.5 Forereef Fish Transect 3 Swath 1 m,LTER_0.5,Forereef,10,3,1,Nemateleotris magnifica,Microdesmidae,2,90,1,7.38,NA,Planktivore,Planktivore_exclusively,85,1,0,0.25,30.6,0.5,BS
2015,2015-08-02,8:55,10:00,LTER 0.5 Forereef Fish Transect 3 Swath 1 m,LTER_0.5,Forereef,10,3,1,Neocirrhites armatus,Cirrhitidae,2,30,0,0.67,NA,Secondary Consumer,Benthic Invertebrate Consumer,85,1,0,0.25,30.6,0.5,BS
2015,2015-08-02,8:55,10:00,LTER 0.5 Forereef Fish Transect 3 Swath 1 m,LTER_0.5,Forereef,10,3,1,Neocirrhites armatus,Cirrhitidae,6,40,0,5.18,NA,Secondary Consumer,Benthic Invertebrate Consumer,85,1,0,0.25,30.6,0.5,BS
2015,2015-08-02,8:55,10:00,LTER 0.5 Forereef Fish Transect 3 Swath 1 m,LTER_0.5,Forereef,10,3,1,Neocirrhites armatus,Cirrhitidae,5,50,0,8.95,NA,Secondary Consumer,Benthic Invertebrate Consumer,85,1,0,0.25,30.6,0.5,BS
2015,2015-08-02,8:55,10:00,LTER 0.5 Forereef Fish Transect 3 Swath 1 m,LTER_0.5,Forereef,10,3,1,Paracirrhites arcatus,Cirrhitidae,1,30,0,0.34,NA,Secondary Consumer,Benthic Invertebrate Consumer,85,1,0,0.25,30.6,0.5,BS
2015,2015-08-02,8:55,10:00,LTER 0.5 Forereef Fish Transect 3 Swath 1 m,LTER_0.5,Forereef,10,3,1,Paracirrhites arcatus,Cirrhitidae,4,40,0,3.45,NA,Secondary Consumer,Benthic Invertebrate Consumer,85,1,0,0.25,30.6,0.5,BS
2015,2015-08-02,8:55,10:00,LTER 0.5 Forereef Fish Transect 3 Swath 1 m,LTER_0.5,Forereef,10,3,1,Paracirrhites arcatus,Cirrhitidae,7,50,0,12.53,NA,Secondary Consumer,Benthic Invertebrate Consumer,85,1,0,0.25,30.6,0.5,BS
2015,2015-08-02,8:55,10:00,LTER 0.5 Forereef Fish Transect 3 Swath 1 m,LTER_0.5,Forereef,10,3,1,Paracirrhites arcatus,Cirrhitidae,2,55,0,4.89,NA,Secondary Consumer,Benthic Invertebrate Consumer,85,1,0,0.25,30.6,0.5,BS
2015,2015-08-02,8:55,10:00,LTER 0.5 Forereef Fish Transect 3 Swath 1 m,LTER_0.5,Forereef,10,3,1,Paracirrhites arcatus,Cirrhitidae,5,60,0,16.23,NA,Secondary Consumer,Benthic Invertebrate Consumer,85,1,0,0.25,30.6,0.5,BS
2015,2015-08-02,8:55,10:00,LTER 0.5 Forereef Fish Transect 3 Swath 1 m,LTER_0.5,Forereef,10,3,1,Paracirrhites arcatus,Cirrhitidae,3,70,0,16.12,NA,Secondary Consumer,Benthic Invertebrate Consumer,85,1,0,0.25,30.6,0.5,BS
2015,2015-08-02,8:55,10:00,LTER 0.5 Forereef Fish Transect 3 Swath 1 m,LTER_0.5,Forereef,10,3,1,Plectroglyphidodon johnstonianus,Pomacentridae,8,40,0,18.89,NA,Secondary Consumer,Omnivore,85,1,0,0.25,30.6,0.5,BS
2015,2015-08-02,8:55,10:00,LTER 0.5 Forereef Fish Transect 3 Swath 1 m,LTER_0.5,Forereef,10,3,1,Plectroglyphidodon johnstonianus,Pomacentridae,1,45,0,3.22,NA,Secondary Consumer,Omnivore,85,1,0,0.25,30.6,0.5,BS
2015,2015-08-02,8:55,10:00,LTER 0.5 Forereef Fish Transect 3 Swath 1 m,LTER_0.5,Forereef,10,3,1,Plectroglyphidodon johnstonianus,Pomacentridae,11,50,0,46.77,NA,Secondary Consumer,Omnivore,85,1,0,0.25,30.6,0.5,BS
2015,2015-08-02,8:55,10:00,LTER 0.5 Forereef Fish Transect 3 Swath 1 m,LTER_0.5,Forereef,10,3,1,Pseudocheilinus hexataenia,Labridae,2,40,0,1.88,NA,Secondary Consumer,Benthic Invertebrate Consumer,85,1,0,0.25,30.6,0.5,BS
2015,2015-08-02,8:55,10:00,LTER 0.5 Forereef Fish Transect 3 Swath 1 m,LTER_0.5,Forereef,10,3,1,Pseudocheilinus hexataenia,Labridae,2,50,0,3.63,NA,Secondary Consumer,Benthic Invertebrate Consumer,85,1,0,0.25,30.6,0.5,BS
2015,2015-08-02,8:55,10:00,LTER 0.5 Forereef Fish Transect 3 Swath 1 m,LTER_0.5,Forereef,10,3,1,Pseudocheilinus tetrataenia,Labridae,1,40,0,0.95,NA,Secondary Consumer,Benthic Invertebrate Consumer,85,1,0,0.25,30.6,0.5,BS
2015,2015-08-02,8:55,10:00,LTER 0.5 Forereef Fish Transect 3 Swath 1 m,LTER_0.5,Forereef,10,3,1,Stegastes fasciolatus,Pomacentridae,4,50,0,13.42,NA,Primary Consumer,Herbivore/Detritivore,85,1,0,0.25,30.6,0.5,BS
2015,2015-08-02,8:55,10:00,LTER 0.5 Forereef Fish Transect 3 Swath 1 m,LTER_0.5,Forereef,10,3,1,Stegastes fasciolatus,Pomacentridae,2,55,0,8.92,NA,Primary Consumer,Herbivore/Detritivore,85,1,0,0.25,30.6,0.5,BS
2015,2015-08-02,8:55,10:00,LTER 0.5 Forereef Fish Transect 3 Swath 5 m,LTER_0.5,Forereef,10,3,5,Acanthurus nigrofuscus,Acanthuridae,11,60,0,45.3,NA,Primary Consumer,Cropper,85,1,0,0.25,30.6,0.5,BS
2015,2015-08-02,8:55,10:00,LTER 0.5 Forereef Fish Transect 3 Swath 5 m,LTER_0.5,Forereef,10,3,5,Acanthurus nigrofuscus,Acanthuridae,15,100,0,290.1,NA,Primary Consumer,Cropper,85,1,0,0.25,30.6,0.5,BS
2015,2015-08-02,8:55,10:00,LTER 0.5 Forereef Fish Transect 3 Swath 5 m,LTER_0.5,Forereef,10,3,5,Acanthurus nigroris,Acanthuridae,2,100,0,41,NA,Primary Consumer,Cropper,85,1,0,0.25,30.6,0.5,BS
2015,2015-08-02,8:55,10:00,LTER 0.5 Forereef Fish Transect 3 Swath 5 m,LTER_0.5,Forereef,10,3,5,Acanthurus olivaceus,Acanthuridae,1,100,0,19.2,NA,Primary Consumer,Sediment Sucker,85,1,0,0.25,30.6,0.5,BS
2015,2015-08-02,8:55,10:00,LTER 0.5 Forereef Fish Transect 3 Swath 5 m,LTER_0.5,Forereef,10,3,5,Acanthurus olivaceus,Acanthuridae,1,120,0,33.1,NA,Primary Consumer,Sediment Sucker,85,1,0,0.25,30.6,0.5,BS
2015,2015-08-02,8:55,10:00,LTER 0.5 Forereef Fish Transect 3 Swath 5 m,LTER_0.5,Forereef,10,3,5,Acanthurus olivaceus,Acanthuridae,1,175,0,102.2,NA,Primary Consumer,Sediment Sucker,85,1,0,0.25,30.6,0.5,BS
2015,2015-08-02,8:55,10:00,LTER 0.5 Forereef Fish Transect 3 Swath 5 m,LTER_0.5,Forereef,10,3,5,Aphareus furca,Lutjanidae,1,200,0,86.5,NA,Piscivore_primarily,Piscivore,85,1,0,0.25,30.6,0.5,BS
2015,2015-08-02,8:55,10:00,LTER 0.5 Forereef Fish Transect 3 Swath 5 m,LTER_0.5,Forereef,10,3,5,Balistapus undulatus,Balistidae,1,110,0,19.5,NA,Secondary Consumer,Omnivore,85,1,0,0.25,30.6,0.5,BS
2015,2015-08-02,8:55,10:00,LTER 0.5 Forereef Fish Transect 3 Swath 5 m,LTER_0.5,Forereef,10,3,5,Balistapus undulatus,Balistidae,1,120,0,26.2,NA,Secondary Consumer,Omnivore,85,1,0,0.25,30.6,0.5,BS
2015,2015-08-02,8:55,10:00,LTER 0.5 Forereef Fish Transect 3 Swath 5 m,LTER_0.5,Forereef,10,3,5,Balistoides viridescens,Balistidae,1,500,0,3272.5,NA,Secondary Consumer,Benthic Invertebrate Consumer,85,1,0,0.25,30.6,0.5,BS
2015,2015-08-02,8:55,10:00,LTER 0.5 Forereef Fish Transect 3 Swath 5 m,LTER_0.5,Forereef,10,3,5,Cantherhines sandwichiensis,Monacanthidae,3,80,0,18.54,NA,Primary Consumer,Omnivore,85,1,0,0.25,30.6,0.5,BS
2015,2015-08-02,8:55,10:00,LTER 0.5 Forereef Fish Transect 3 Swath 5 m,LTER_0.5,Forereef,10,3,5,Centropyge flavissima,Pomacanthidae,2,40,0,5.31,NA,Primary Consumer,Omnivore,85,1,0,0.25,30.6,0.5,BS
2015,2015-08-02,8:55,10:00,LTER 0.5 Forereef Fish Transect 3 Swath 5 m,LTER_0.5,Forereef,10,3,5,Centropyge flavissima,Pomacanthidae,5,50,0,23.57,NA,Primary Consumer,Omnivore,85,1,0,0.25,30.6,0.5,BS
2015,2015-08-02,8:55,10:00,LTER 0.5 Forereef Fish Transect 3 Swath 5 m,LTER_0.5,Forereef,10,3,5,Cephalopholis argus,Serranidae,1,220,0,173.3,NA,Piscivore_primarily,Piscivore,85,1,0,0.25,30.6,0.5,BS
2015,2015-08-02,8:55,10:00,LTER 0.5 Forereef Fish Transect 3 Swath 5 m,LTER_0.5,Forereef,10,3,5,Cephalopholis argus,Serranidae,1,250,0,260.2,NA,Piscivore_primarily,Piscivore,85,1,0,0.25,30.6,0.5,BS
2015,2015-08-02,8:55,10:00,LTER 0.5 Forereef Fish Transect 3 Swath 5 m,LTER_0.5,Forereef,10,3,5,Cephalopholis urodeta,Serranidae,1,130,0,38.8,NA,Piscivore_primarily,Piscivore,85,1,0,0.25,30.6,0.5,BS
2015,2015-08-02,8:55,10:00,LTER 0.5 Forereef Fish Transect 3 Swath 5 m,LTER_0.5,Forereef,10,3,5,Chaetodon ornatissimus,Chaetodontidae,1,100,0,29.3,NA,Secondary Consumer,Corallivore,85,1,0,0.25,30.6,0.5,BS
2015,2015-08-02,8:55,10:00,LTER 0.5 Forereef Fish Transect 3 Swath 5 m,LTER_0.5,Forereef,10,3,5,Chaetodon pelewensis,Chaetodontidae,2,50,0,6.17,NA,Secondary Consumer,Corallivore,85,1,0,0.25,30.6,0.5,BS
2015,2015-08-02,8:55,10:00,LTER 0.5 Forereef Fish Transect 3 Swath 5 m,LTER_0.5,Forereef,10,3,5,Chaetodon pelewensis,Chaetodontidae,3,70,0,28.06,NA,Secondary Consumer,Corallivore,85,1,0,0.25,30.6,0.5,BS
2015,2015-08-02,8:55,10:00,LTER 0.5 Forereef Fish Transect 3 Swath 5 m,LTER_0.5,Forereef,10,3,5,Chaetodon quadrimaculatus,Chaetodontidae,2,90,0,43.6,NA,Secondary Consumer,Corallivore,85,1,0,0.25,30.6,0.5,BS
2015,2015-08-02,8:55,10:00,LTER 0.5 Forereef Fish Transect 3 Swath 5 m,LTER_0.5,Forereef,10,3,5,Chaetodon quadrimaculatus,Chaetodontidae,2,100,0,58.6,NA,Secondary Consumer,Corallivore,85,1,0,0.25,30.6,0.5,BS
2015,2015-08-02,8:55,10:00,LTER 0.5 Forereef Fish Transect 3 Swath 5 m,LTER_0.5,Forereef,10,3,5,Chaetodon unimaculatus,Chaetodontidae,1,100,0,36.3,NA,Secondary Consumer,Corallivore,85,1,0,0.25,30.6,0.5,BS
2015,2015-08-02,8:55,10:00,LTER 0.5 Forereef Fish Transect 3 Swath 5 m,LTER_0.5,Forereef,10,3,5,Cheilinus oxycephalus,Labridae,1,70,0,5.95,NA,Secondary Consumer,Benthic Invertebrate Consumer,85,1,0,0.25,30.6,0.5,BS
2015,2015-08-02,8:55,10:00,LTER 0.5 Forereef Fish Transect 3 Swath 5 m,LTER_0.5,Forereef,10,3,5,Cheilinus oxycephalus,Labridae,1,100,0,17.7,NA,Secondary Consumer,Benthic Invertebrate Consumer,85,1,0,0.25,30.6,0.5,BS
2015,2015-08-02,8:55,10:00,LTER 0.5 Forereef Fish Transect 3 Swath 5 m,LTER_0.5,Forereef,10,3,5,Chlorurus microrhinos,Scaridae,1,220,0,141,IP,Primary Consumer,Excavator,85,1,0,0.25,30.6,0.5,BS
2015,2015-08-02,8:55,10:00,LTER 0.5 Forereef Fish Transect 3 Swath 5 m,LTER_0.5,Forereef,10,3,5,Chlorurus spilurus,Scaridae,9,100,0,203.6,IP,Primary Consumer,Excavator,85,1,0,0.25,30.6,0.5,BS
2015,2015-08-02,8:55,10:00,LTER 0.5 Forereef Fish Transect 3 Swath 5 m,LTER_0.5,Forereef,10,3,5,Chlorurus spilurus,Scaridae,1,190,0,152.1,TP,Primary Consumer,Excavator,85,1,0,0.25,30.6,0.5,BS
2015,2015-08-02,8:55,10:00,LTER 0.5 Forereef Fish Transect 3 Swath 5 m,LTER_0.5,Forereef,10,3,5,Chlorurus spilurus,Scaridae,1,220,0,235.1,TP,Primary Consumer,Excavator,85,1,0,0.25,30.6,0.5,BS
2015,2015-08-02,8:55,10:00,LTER 0.5 Forereef Fish Transect 3 Swath 5 m,LTER_0.5,Forereef,10,3,5,Cirrhilabrus exquisitus,Labridae,30,20,0,2.71,NA,Planktivore,Planktivore_exclusively,85,1,0,0.25,30.6,0.5,BS
2015,2015-08-02,8:55,10:00,LTER 0.5 Forereef Fish Transect 3 Swath 5 m,LTER_0.5,Forereef,10,3,5,Cirrhilabrus scottorum,Labridae,6,80,0,47.59,NA,Secondary Consumer,Benthic Invertebrate Consumer,85,1,0,0.25,30.6,0.5,BS
2015,2015-08-02,8:55,10:00,LTER 0.5 Forereef Fish Transect 3 Swath 5 m,LTER_0.5,Forereef,10,3,5,Coris gaimard,Labridae,1,110,0,15.9,NA,Secondary Consumer,Benthic Invertebrate Consumer,85,1,0,0.25,30.6,0.5,BS
2015,2015-08-02,8:55,10:00,LTER 0.5 Forereef Fish Transect 3 Swath 5 m,LTER_0.5,Forereef,10,3,5,Ctenochaetus flavicauda,Acanthuridae,1,60,0,4.67,NA,Primary Consumer,Brusher,85,1,0,0.25,30.6,0.5,BS
2015,2015-08-02,8:55,10:00,LTER 0.5 Forereef Fish Transect 3 Swath 5 m,LTER_0.5,Forereef,10,3,5,Epibulus insidiator,Labridae,1,90,0,12.21,NA,Piscivore_primarily,Piscivore,85,1,0,0.25,30.6,0.5,BS
2015,2015-08-02,8:55,10:00,LTER 0.5 Forereef Fish Transect 3 Swath 5 m,LTER_0.5,Forereef,10,3,5,Epibulus insidiator,Labridae,1,110,0,22.7,NA,Piscivore_primarily,Piscivore,85,1,0,0.25,30.6,0.5,BS
2015,2015-08-02,8:55,10:00,LTER 0.5 Forereef Fish Transect 3 Swath 5 m,LTER_0.5,Forereef,10,3,5,Epibulus insidiator,Labridae,1,140,0,47.6,NA,Piscivore_primarily,Piscivore,85,1,0,0.25,30.6,0.5,BS
2015,2015-08-02,8:55,10:00,LTER 0.5 Forereef Fish Transect 3 Swath 5 m,LTER_0.5,Forereef,10,3,5,Epinephelus fasciatus,Serranidae,1,240,0,217.3,NA,Piscivore_primarily,Piscivore,85,1,0,0.25,30.6,0.5,BS
2015,2015-08-02,8:55,10:00,LTER 0.5 Forereef Fish Transect 3 Swath 5 m,LTER_0.5,Forereef,10,3,5,Forcipiger flavissimus,Chaetodontidae,6,140,0,462.9,NA,Secondary Consumer,Benthic Invertebrate Consumer,85,1,0,0.25,30.6,0.5,BS
2015,2015-08-02,8:55,10:00,LTER 0.5 Forereef Fish Transect 3 Swath 5 m,LTER_0.5,Forereef,10,3,5,Gomphosus varius,Labridae,1,40,0,0.78,NA,Secondary Consumer,Benthic Invertebrate Consumer,85,1,0,0.25,30.6,0.5,BS
2015,2015-08-02,8:55,10:00,LTER 0.5 Forereef Fish Transect 3 Swath 5 m,LTER_0.5,Forereef,10,3,5,Gomphosus varius,Labridae,2,50,0,2.85,NA,Secondary Consumer,Benthic Invertebrate Consumer,85,1,0,0.25,30.6,0.5,BS
2015,2015-08-02,8:55,10:00,LTER 0.5 Forereef Fish Transect 3 Swath 5 m,LTER_0.5,Forereef,10,3,5,Gomphosus varius,Labridae,1,80,0,5.08,NA,Secondary Consumer,Benthic Invertebrate Consumer,85,1,0,0.25,30.6,0.5,BS
2015,2015-08-02,8:55,10:00,LTER 0.5 Forereef Fish Transect 3 Swath 5 m,LTER_0.5,Forereef,10,3,5,Gomphosus varius,Labridae,1,110,0,12,NA,Secondary Consumer,Benthic Invertebrate Consumer,85,1,0,0.25,30.6,0.5,BS
2015,2015-08-02,8:55,10:00,LTER 0.5 Forereef Fish Transect 3 Swath 5 m,LTER_0.5,Forereef,10,3,5,Gomphosus varius,Labridae,1,130,0,18.9,NA,Secondary Consumer,Benthic Invertebrate Consumer,85,1,0,0.25,30.6,0.5,BS
2015,2015-08-02,8:55,10:00,LTER 0.5 Forereef Fish Transect 3 Swath 5 m,LTER_0.5,Forereef,10,3,5,Gomphosus varius,Labridae,1,150,0,27.8,NA,Secondary Consumer,Benthic Invertebrate Consumer,85,1,0,0.25,30.6,0.5,BS
2015,2015-08-02,8:55,10:00,LTER 0.5 Forereef Fish Transect 3 Swath 5 m,LTER_0.5,Forereef,10,3,5,Halichoeres claudia,Labridae,2,60,0,6.75,NA,Secondary Consumer,Benthic Invertebrate Consumer,85,1,0,0.25,30.6,0.5,BS
2015,2015-08-02,8:55,10:00,LTER 0.5 Forereef Fish Transect 3 Swath 5 m,LTER_0.5,Forereef,10,3,5,Halichoeres claudia,Labridae,3,80,0,23.92,NA,Secondary Consumer,Benthic Invertebrate Consumer,85,1,0,0.25,30.6,0.5,BS
2015,2015-08-02,8:55,10:00,LTER 0.5 Forereef Fish Transect 3 Swath 5 m,LTER_0.5,Forereef,10,3,5,Halichoeres hortulanus,Labridae,1,160,0,63.2,NA,Secondary Consumer,Benthic Invertebrate Consumer,85,1,0,0.25,30.6,0.5,BS
2015,2015-08-02,8:55,10:00,LTER 0.5 Forereef Fish Transect 3 Swath 5 m,LTER_0.5,Forereef,10,3,5,Labroides bicolor,Labridae,1,60,0,1.93,NA,Secondary Consumer,Benthic Invertebrate Consumer,85,1,0,0.25,30.6,0.5,BS
2015,2015-08-02,8:55,10:00,LTER 0.5 Forereef Fish Transect 3 Swath 5 m,LTER_0.5,Forereef,10,3,5,Labroides dimidiatus,Labridae,1,50,0,1.07,NA,Secondary Consumer,Benthic Invertebrate Consumer,85,1,0,0.25,30.6,0.5,BS
2015,2015-08-02,8:55,10:00,LTER 0.5 Forereef Fish Transect 3 Swath 5 m,LTER_0.5,Forereef,10,3,5,Labroides dimidiatus,Labridae,4,60,0,7.71,NA,Secondary Consumer,Benthic Invertebrate Consumer,85,1,0,0.25,30.6,0.5,BS
2015,2015-08-02,8:55,10:00,LTER 0.5 Forereef Fish Transect 3 Swath 5 m,LTER_0.5,Forereef,10,3,5,Labroides dimidiatus,Labridae,4,70,0,12.69,NA,Secondary Consumer,Benthic Invertebrate Consumer,85,1,0,0.25,30.6,0.5,BS
2015,2015-08-02,8:55,10:00,LTER 0.5 Forereef Fish Transect 3 Swath 5 m,LTER_0.5,Forereef,10,3,5,Macropharyngodon meleagris,Labridae,1,50,0,1.37,NA,Secondary Consumer,Benthic Invertebrate Consumer,85,1,0,0.25,30.6,0.5,BS
2015,2015-08-02,8:55,10:00,LTER 0.5 Forereef Fish Transect 3 Swath 5 m,LTER_0.5,Forereef,10,3,5,Melichthys vidua,Balistidae,6,160,0,416.5,NA,Primary Consumer,Omnivore,85,1,0,0.25,30.6,0.5,BS
2015,2015-08-02,8:55,10:00,LTER 0.5 Forereef Fish Transect 3 Swath 5 m,LTER_0.5,Forereef,10,3,5,Naso lituratus,Acanthuridae,2,130,0,39.9,NA,Primary Consumer,Browser,85,1,0,0.25,30.6,0.5,BS
2015,2015-08-02,8:55,10:00,LTER 0.5 Forereef Fish Transect 3 Swath 5 m,LTER_0.5,Forereef,10,3,5,Naso lituratus,Acanthuridae,1,140,0,25.4,NA,Primary Consumer,Browser,85,1,0,0.25,30.6,0.5,BS
2015,2015-08-02,8:55,10:00,LTER 0.5 Forereef Fish Transect 3 Swath 5 m,LTER_0.5,Forereef,10,3,5,Odonus niger,Balistidae,6,150,0,256.1,NA,Planktivore,Planktivore_exclusively,85,1,0,0.25,30.6,0.5,BS
2015,2015-08-02,8:55,10:00,LTER 0.5 Forereef Fish Transect 3 Swath 5 m,LTER_0.5,Forereef,10,3,5,Parupeneus insularis,Mullidae,1,210,0,147.8,NA,Secondary Consumer,Benthic Invertebrate Consumer,85,1,0,0.25,30.6,0.5,BS
2015,2015-08-02,8:55,10:00,LTER 0.5 Forereef Fish Transect 3 Swath 5 m,LTER_0.5,Forereef,10,3,5,Parupeneus multifasciatus,Mullidae,1,60,0,6.03,NA,Secondary Consumer,Benthic Invertebrate Consumer,85,1,0,0.25,30.6,0.5,BS
2015,2015-08-02,8:55,10:00,LTER 0.5 Forereef Fish Transect 3 Swath 5 m,LTER_0.5,Forereef,10,3,5,Parupeneus multifasciatus,Mullidae,1,70,0,9.76,NA,Secondary Consumer,Benthic Invertebrate Consumer,85,1,0,0.25,30.6,0.5,BS
2015,2015-08-02,8:55,10:00,LTER 0.5 Forereef Fish Transect 3 Swath 5 m,LTER_0.5,Forereef,10,3,5,Parupeneus multifasciatus,Mullidae,1,90,0,21.41,NA,Secondary Consumer,Benthic Invertebrate Consumer,85,1,0,0.25,30.6,0.5,BS
2015,2015-08-02,8:55,10:00,LTER 0.5 Forereef Fish Transect 3 Swath 5 m,LTER_0.5,Forereef,10,3,5,Parupeneus multifasciatus,Mullidae,1,130,0,67.6,NA,Secondary Consumer,Benthic Invertebrate Consumer,85,1,0,0.25,30.6,0.5,BS
2015,2015-08-02,8:55,10:00,LTER 0.5 Forereef Fish Transect 3 Swath 5 m,LTER_0.5,Forereef,10,3,5,Pomachromis fuscidorsalis,Pomacentridae,4,50,0,7.39,NA,Planktivore,Planktivore_exclusively,85,1,0,0.25,30.6,0.5,BS
2015,2015-08-02,8:55,10:00,LTER 0.5 Forereef Fish Transect 3 Swath 5 m,LTER_0.5,Forereef,10,3,5,Pycnochromis acares,Pomacentridae,105,30,0,48.98,NA,Planktivore,Planktivore_exclusively,85,1,0,0.25,30.6,0.5,BS
2015,2015-08-02,8:55,10:00,LTER 0.5 Forereef Fish Transect 3 Swath 5 m,LTER_0.5,Forereef,10,3,5,Pycnochromis iomelas,Pomacentridae,5,30,0,1.38,NA,Planktivore,Omnivore,85,1,0,0.25,30.6,0.5,BS
2015,2015-08-02,8:55,10:00,LTER 0.5 Forereef Fish Transect 3 Swath 5 m,LTER_0.5,Forereef,10,3,5,Pycnochromis margaritifer,Pomacentridae,35,40,0,26.75,NA,Planktivore,Omnivore,85,1,0,0.25,30.6,0.5,BS
2015,2015-08-02,8:55,10:00,LTER 0.5 Forereef Fish Transect 3 Swath 5 m,LTER_0.5,Forereef,10,3,5,Pycnochromis vanderbilti,Pomacentridae,40,40,0,46.39,NA,Planktivore,Planktivore_exclusively,85,1,0,0.25,30.6,0.5,BS
2015,2015-08-02,8:55,10:00,LTER 0.5 Forereef Fish Transect 3 Swath 5 m,LTER_0.5,Forereef,10,3,5,Scarus frenatus,Scaridae,3,200,0,514.4,IP,Primary Consumer,Scraper,85,1,0,0.25,30.6,0.5,BS
2015,2015-08-02,8:55,10:00,LTER 0.5 Forereef Fish Transect 3 Swath 5 m,LTER_0.5,Forereef,10,3,5,Scarus globiceps,Scaridae,1,150,0,69.8,IP,Primary Consumer,Scraper,85,1,0,0.25,30.6,0.5,BS
2015,2015-08-02,8:55,10:00,LTER 0.5 Forereef Fish Transect 3 Swath 5 m,LTER_0.5,Forereef,10,3,5,Scarus globiceps,Scaridae,1,160,0,85.2,IP,Primary Consumer,Scraper,85,1,0,0.25,30.6,0.5,BS
2015,2015-08-02,8:55,10:00,LTER 0.5 Forereef Fish Transect 3 Swath 5 m,LTER_0.5,Forereef,10,3,5,Scarus oviceps,Scaridae,1,150,0,69.8,IP,Primary Consumer,Scraper,85,1,0,0.25,30.6,0.5,BS
2015,2015-08-02,8:55,10:00,LTER 0.5 Forereef Fish Transect 3 Swath 5 m,LTER_0.5,Forereef,10,3,5,Scarus oviceps,Scaridae,1,210,0,203.5,TP,Primary Consumer,Scraper,85,1,0,0.25,30.6,0.5,BS
2015,2015-08-02,8:55,10:00,LTER 0.5 Forereef Fish Transect 3 Swath 5 m,LTER_0.5,Forereef,10,3,5,Scarus oviceps,Scaridae,1,240,0,311.1,TP,Primary Consumer,Scraper,85,1,0,0.25,30.6,0.5,BS
2015,2015-08-02,8:55,10:00,LTER 0.5 Forereef Fish Transect 3 Swath 5 m,LTER_0.5,Forereef,10,3,5,Scarus psittacus,Scaridae,15,120,0,517.5,IP,Primary Consumer,Scraper,85,1,0,0.25,30.6,0.5,BS
2015,2015-08-02,8:55,10:00,LTER 0.5 Forereef Fish Transect 3 Swath 5 m,LTER_0.5,Forereef,10,3,5,Scarus psittacus,Scaridae,15,130,0,665.4,IP,Primary Consumer,Scraper,85,1,0,0.25,30.6,0.5,BS
2015,2015-08-02,8:55,10:00,LTER 0.5 Forereef Fish Transect 3 Swath 5 m,LTER_0.5,Forereef,10,3,5,Scarus psittacus,Scaridae,1,210,0,200,TP,Primary Consumer,Scraper,85,1,0,0.25,30.6,0.5,BS
2015,2015-08-02,8:55,10:00,LTER 0.5 Forereef Fish Transect 3 Swath 5 m,LTER_0.5,Forereef,10,3,5,Stethojulis bandanensis,Labridae,1,60,0,3.09,NA,Secondary Consumer,Benthic Invertebrate Consumer,85,1,0,0.25,30.6,0.5,BS
2015,2015-08-02,8:55,10:00,LTER 0.5 Forereef Fish Transect 3 Swath 5 m,LTER_0.5,Forereef,10,3,5,Sufflamen bursa,Balistidae,5,100,0,137.6,NA,Secondary Consumer,Omnivore,85,1,0,0.25,30.6,0.5,BS
2015,2015-08-02,8:55,10:00,LTER 0.5 Forereef Fish Transect 3 Swath 5 m,LTER_0.5,Forereef,10,3,5,Sufflamen bursa,Balistidae,1,120,0,46.9,NA,Secondary Consumer,Omnivore,85,1,0,0.25,30.6,0.5,BS
2015,2015-08-02,8:55,10:00,LTER 0.5 Forereef Fish Transect 3 Swath 5 m,LTER_0.5,Forereef,10,3,5,Thalassoma quinquevittatum,Labridae,4,60,0,9.57,NA,Secondary Consumer,Benthic Invertebrate Consumer,85,1,0,0.25,30.6,0.5,BS
2015,2015-08-02,8:55,10:00,LTER 0.5 Forereef Fish Transect 3 Swath 5 m,LTER_0.5,Forereef,10,3,5,Thalassoma quinquevittatum,Labridae,4,100,0,45.7,NA,Secondary Consumer,Benthic Invertebrate Consumer,85,1,0,0.25,30.6,0.5,BS
2015,2015-08-02,8:55,10:00,LTER 0.5 Forereef Fish Transect 3 Swath 5 m,LTER_0.5,Forereef,10,3,5,Thalassoma quinquevittatum,Labridae,2,110,0,30.6,NA,Secondary Consumer,Benthic Invertebrate Consumer,85,1,0,0.25,30.6,0.5,BS
2015,2015-08-02,8:55,10:00,LTER 0.5 Forereef Fish Transect 3 Swath 5 m,LTER_0.5,Forereef,10,3,5,Zanclus cornutus,Zanclidae,1,100,0,20,NA,Secondary Consumer,Omnivore,85,1,0,0.25,30.6,0.5,BS
2015,2015-08-02,8:55,10:00,LTER 0.5 Forereef Fish Transect 3 Swath 5 m,LTER_0.5,Forereef,10,3,5,Zebrasoma scopas,Acanthuridae,9,100,0,257.7,NA,Primary Consumer,Concealed Cropper,85,1,0,0.25,30.6,0.5,BS
2015,2015-08-02,8:55,10:00,LTER 0.5 Forereef Fish Transect 3 Swath 5 m,LTER_0.5,Forereef,10,3,5,Zebrasoma velifer,Acanthuridae,2,190,0,317.1,NA,Primary Consumer,Concealed Cropper,85,1,0,0.25,30.6,0.5,BS
2015,2015-08-02,10:55,12:15,LTER 2.5 Forereef Fish Transect 1 Swath 1 m,LTER_2.5,Forereef,10,1,1,Caracanthus maculatus,Scorpaenidae,11,25,0,3.46,NA,Secondary Consumer,Benthic Invertebrate Consumer,70,1,0,0.25,29.5,1,GB
2015,2015-08-02,10:55,12:15,LTER 2.5 Forereef Fish Transect 1 Swath 1 m,LTER_2.5,Forereef,10,1,1,Caracanthus maculatus,Scorpaenidae,1,30,0,0.54,NA,Secondary Consumer,Benthic Invertebrate Consumer,70,1,0,0.25,29.5,1,GB
2015,2015-08-02,10:55,12:15,LTER 2.5 Forereef Fish Transect 1 Swath 1 m,LTER_2.5,Forereef,10,1,1,Nemateleotris magnifica,Microdesmidae,2,25,0,0.14,NA,Planktivore,Planktivore_exclusively,70,1,0,0.25,29.5,1,GB
2015,2015-08-02,10:55,12:15,LTER 2.5 Forereef Fish Transect 1 Swath 1 m,LTER_2.5,Forereef,10,1,1,Nemateleotris magnifica,Microdesmidae,2,55,0,1.59,NA,Planktivore,Planktivore_exclusively,70,1,0,0.25,29.5,1,GB
2015,2015-08-02,10:55,12:15,LTER 2.5 Forereef Fish Transect 1 Swath 1 m,LTER_2.5,Forereef,10,1,1,Neocirrhites armatus,Cirrhitidae,6,25,0,1.11,NA,Secondary Consumer,Benthic Invertebrate Consumer,70,1,0,0.25,29.5,1,GB
2015,2015-08-02,10:55,12:15,LTER 2.5 Forereef Fish Transect 1 Swath 1 m,LTER_2.5,Forereef,10,1,1,Neocirrhites armatus,Cirrhitidae,3,30,0,1.01,NA,Secondary Consumer,Benthic Invertebrate Consumer,70,1,0,0.25,29.5,1,GB
2015,2015-08-02,10:55,12:15,LTER 2.5 Forereef Fish Transect 1 Swath 1 m,LTER_2.5,Forereef,10,1,1,Neocirrhites armatus,Cirrhitidae,5,35,0,2.79,NA,Secondary Consumer,Benthic Invertebrate Consumer,70,1,0,0.25,29.5,1,GB
2015,2015-08-02,10:55,12:15,LTER 2.5 Forereef Fish Transect 1 Swath 1 m,LTER_2.5,Forereef,10,1,1,Neocirrhites armatus,Cirrhitidae,3,40,0,2.59,NA,Secondary Consumer,Benthic Invertebrate Consumer,70,1,0,0.25,29.5,1,GB
2015,2015-08-02,10:55,12:15,LTER 2.5 Forereef Fish Transect 1 Swath 1 m,LTER_2.5,Forereef,10,1,1,Paracirrhites arcatus,Cirrhitidae,1,20,0,0.09,NA,Secondary Consumer,Benthic Invertebrate Consumer,70,1,0,0.25,29.5,1,GB
2015,2015-08-02,10:55,12:15,LTER 2.5 Forereef Fish Transect 1 Swath 1 m,LTER_2.5,Forereef,10,1,1,Paracirrhites arcatus,Cirrhitidae,7,25,0,1.3,NA,Secondary Consumer,Benthic Invertebrate Consumer,70,1,0,0.25,29.5,1,GB
2015,2015-08-02,10:55,12:15,LTER 2.5 Forereef Fish Transect 1 Swath 1 m,LTER_2.5,Forereef,10,1,1,Paracirrhites arcatus,Cirrhitidae,3,30,0,1.01,NA,Secondary Consumer,Benthic Invertebrate Consumer,70,1,0,0.25,29.5,1,GB
2015,2015-08-02,10:55,12:15,LTER 2.5 Forereef Fish Transect 1 Swath 1 m,LTER_2.5,Forereef,10,1,1,Paracirrhites arcatus,Cirrhitidae,1,40,0,0.86,NA,Secondary Consumer,Benthic Invertebrate Consumer,70,1,0,0.25,29.5,1,GB
2015,2015-08-02,10:55,12:15,LTER 2.5 Forereef Fish Transect 1 Swath 1 m,LTER_2.5,Forereef,10,1,1,Paracirrhites arcatus,Cirrhitidae,1,50,0,1.79,NA,Secondary Consumer,Benthic Invertebrate Consumer,70,1,0,0.25,29.5,1,GB
2015,2015-08-02,10:55,12:15,LTER 2.5 Forereef Fish Transect 1 Swath 1 m,LTER_2.5,Forereef,10,1,1,Paracirrhites arcatus,Cirrhitidae,1,60,0,3.25,NA,Secondary Consumer,Benthic Invertebrate Consumer,70,1,0,0.25,29.5,1,GB
2015,2015-08-02,10:55,12:15,LTER 2.5 Forereef Fish Transect 1 Swath 1 m,LTER_2.5,Forereef,10,1,1,Plagiotremus tapeinosoma,Blenniidae,3,60,0,2.9,NA,Secondary Consumer,Fish Scale Consumer,70,1,0,0.25,29.5,1,GB
2015,2015-08-02,10:55,12:15,LTER 2.5 Forereef Fish Transect 1 Swath 1 m,LTER_2.5,Forereef,10,1,1,Plectroglyphidodon johnstonianus,Pomacentridae,2,35,0,3.32,NA,Secondary Consumer,Omnivore,70,1,0,0.25,29.5,1,GB
2015,2015-08-02,10:55,12:15,LTER 2.5 Forereef Fish Transect 1 Swath 1 m,LTER_2.5,Forereef,10,1,1,Plectroglyphidodon lacrymatus,Pomacentridae,1,20,0,0.12,NA,Primary Consumer,Omnivore,70,1,0,0.25,29.5,1,GB
2015,2015-08-02,10:55,12:15,LTER 2.5 Forereef Fish Transect 1 Swath 1 m,LTER_2.5,Forereef,10,1,1,Plectroglyphidodon lacrymatus,Pomacentridae,1,25,0,0.25,NA,Primary Consumer,Omnivore,70,1,0,0.25,29.5,1,GB
2015,2015-08-02,10:55,12:15,LTER 2.5 Forereef Fish Transect 1 Swath 1 m,LTER_2.5,Forereef,10,1,1,Plectroglyphidodon lacrymatus,Pomacentridae,5,30,0,2.26,NA,Primary Consumer,Omnivore,70,1,0,0.25,29.5,1,GB
2015,2015-08-02,10:55,12:15,LTER 2.5 Forereef Fish Transect 1 Swath 1 m,LTER_2.5,Forereef,10,1,1,Pseudocheilinus hexataenia,Labridae,2,25,0,0.47,NA,Secondary Consumer,Benthic Invertebrate Consumer,70,1,0,0.25,29.5,1,GB
2015,2015-08-02,10:55,12:15,LTER 2.5 Forereef Fish Transect 1 Swath 1 m,LTER_2.5,Forereef,10,1,1,Pseudocheilinus hexataenia,Labridae,4,30,0,1.6,NA,Secondary Consumer,Benthic Invertebrate Consumer,70,1,0,0.25,29.5,1,GB
2015,2015-08-02,10:55,12:15,LTER 2.5 Forereef Fish Transect 1 Swath 1 m,LTER_2.5,Forereef,10,1,1,Pseudocheilinus hexataenia,Labridae,1,35,0,0.63,NA,Secondary Consumer,Benthic Invertebrate Consumer,70,1,0,0.25,29.5,1,GB
2015,2015-08-02,10:55,12:15,LTER 2.5 Forereef Fish Transect 1 Swath 1 m,LTER_2.5,Forereef,10,1,1,Pseudocheilinus tetrataenia,Labridae,1,35,0,0.64,NA,Secondary Consumer,Benthic Invertebrate Consumer,70,1,0,0.25,29.5,1,GB
2015,2015-08-02,10:55,12:15,LTER 2.5 Forereef Fish Transect 1 Swath 1 m,LTER_2.5,Forereef,10,1,1,Stegastes fasciolatus,Pomacentridae,1,35,0,1.16,NA,Primary Consumer,Herbivore/Detritivore,70,1,0,0.25,29.5,1,GB
2015,2015-08-02,10:55,12:15,LTER 2.5 Forereef Fish Transect 1 Swath 5 m,LTER_2.5,Forereef,10,1,5,Acanthurus olivaceus,Acanthuridae,3,30,0,1.59,NA,Primary Consumer,Sediment Sucker,70,1,0,0.25,29.5,1,GB
2015,2015-08-02,10:55,12:15,LTER 2.5 Forereef Fish Transect 1 Swath 5 m,LTER_2.5,Forereef,10,1,5,Acanthurus olivaceus,Acanthuridae,4,40,0,5,NA,Primary Consumer,Sediment Sucker,70,1,0,0.25,29.5,1,GB
2015,2015-08-02,10:55,12:15,LTER 2.5 Forereef Fish Transect 1 Swath 5 m,LTER_2.5,Forereef,10,1,5,Acanthurus olivaceus,Acanthuridae,1,190,0,130.6,NA,Primary Consumer,Sediment Sucker,70,1,0,0.25,29.5,1,GB
2015,2015-08-02,10:55,12:15,LTER 2.5 Forereef Fish Transect 1 Swath 5 m,LTER_2.5,Forereef,10,1,5,Acanthurus olivaceus,Acanthuridae,1,220,0,202.2,NA,Primary Consumer,Sediment Sucker,70,1,0,0.25,29.5,1,GB
2015,2015-08-02,10:55,12:15,LTER 2.5 Forereef Fish Transect 1 Swath 5 m,LTER_2.5,Forereef,10,1,5,Balistapus undulatus,Balistidae,2,120,0,52.3,NA,Secondary Consumer,Omnivore,70,1,0,0.25,29.5,1,GB
2015,2015-08-02,10:55,12:15,LTER 2.5 Forereef Fish Transect 1 Swath 5 m,LTER_2.5,Forereef,10,1,5,Balistapus undulatus,Balistidae,1,170,0,85.3,NA,Secondary Consumer,Omnivore,70,1,0,0.25,29.5,1,GB
2015,2015-08-02,10:55,12:15,LTER 2.5 Forereef Fish Transect 1 Swath 5 m,LTER_2.5,Forereef,10,1,5,Cantherhines sandwichiensis,Monacanthidae,1,170,0,72.2,NA,Primary Consumer,Omnivore,70,1,0,0.25,29.5,1,GB
2015,2015-08-02,10:55,12:15,LTER 2.5 Forereef Fish Transect 1 Swath 5 m,LTER_2.5,Forereef,10,1,5,Centropyge bispinosa,Pomacanthidae,13,35,0,28.89,NA,Primary Consumer,Omnivore,70,1,0,0.25,29.5,1,GB
2015,2015-08-02,10:55,12:15,LTER 2.5 Forereef Fish Transect 1 Swath 5 m,LTER_2.5,Forereef,10,1,5,Centropyge flavissima,Pomacanthidae,3,30,0,3.79,NA,Primary Consumer,Omnivore,70,1,0,0.25,29.5,1,GB
2015,2015-08-02,10:55,12:15,LTER 2.5 Forereef Fish Transect 1 Swath 5 m,LTER_2.5,Forereef,10,1,5,Centropyge flavissima,Pomacanthidae,10,35,0,18.8,NA,Primary Consumer,Omnivore,70,1,0,0.25,29.5,1,GB
2015,2015-08-02,10:55,12:15,LTER 2.5 Forereef Fish Transect 1 Swath 5 m,LTER_2.5,Forereef,10,1,5,Centropyge flavissima,Pomacanthidae,1,40,0,2.65,NA,Primary Consumer,Omnivore,70,1,0,0.25,29.5,1,GB
2015,2015-08-02,10:55,12:15,LTER 2.5 Forereef Fish Transect 1 Swath 5 m,LTER_2.5,Forereef,10,1,5,Cephalopholis argus,Serranidae,1,180,0,91.5,NA,Piscivore_primarily,Piscivore,70,1,0,0.25,29.5,1,GB
2015,2015-08-02,10:55,12:15,LTER 2.5 Forereef Fish Transect 1 Swath 5 m,LTER_2.5,Forereef,10,1,5,Cephalopholis argus,Serranidae,1,240,0,228.5,NA,Piscivore_primarily,Piscivore,70,1,0,0.25,29.5,1,GB
2015,2015-08-02,10:55,12:15,LTER 2.5 Forereef Fish Transect 1 Swath 5 m,LTER_2.5,Forereef,10,1,5,Chaetodon ornatissimus,Chaetodontidae,2,160,0,220.1,NA,Secondary Consumer,Corallivore,70,1,0,0.25,29.5,1,GB
2015,2015-08-02,10:55,12:15,LTER 2.5 Forereef Fish Transect 1 Swath 5 m,LTER_2.5,Forereef,10,1,5,Chlorurus spilurus,Scaridae,2,180,0,259.1,IP,Primary Consumer,Excavator,70,1,0,0.25,29.5,1,GB
2015,2015-08-02,10:55,12:15,LTER 2.5 Forereef Fish Transect 1 Swath 5 m,LTER_2.5,Forereef,10,1,5,Chlorurus spilurus,Scaridae,1,190,0,152.1,IP,Primary Consumer,Excavator,70,1,0,0.25,29.5,1,GB
2015,2015-08-02,10:55,12:15,LTER 2.5 Forereef Fish Transect 1 Swath 5 m,LTER_2.5,Forereef,10,1,5,Chlorurus spilurus,Scaridae,1,200,0,177.2,IP,Primary Consumer,Excavator,70,1,0,0.25,29.5,1,GB
2015,2015-08-02,10:55,12:15,LTER 2.5 Forereef Fish Transect 1 Swath 5 m,LTER_2.5,Forereef,10,1,5,Coris gaimard,Labridae,1,180,0,79,NA,Secondary Consumer,Benthic Invertebrate Consumer,70,1,0,0.25,29.5,1,GB
2015,2015-08-02,10:55,12:15,LTER 2.5 Forereef Fish Transect 1 Swath 5 m,LTER_2.5,Forereef,10,1,5,Coris gaimard,Labridae,1,210,0,130.4,NA,Secondary Consumer,Benthic Invertebrate Consumer,70,1,0,0.25,29.5,1,GB
2015,2015-08-02,10:55,12:15,LTER 2.5 Forereef Fish Transect 1 Swath 5 m,LTER_2.5,Forereef,10,1,5,Ctenochaetus binotatus,Acanthuridae,8,50,0,27.64,NA,Primary Consumer,Brusher,70,1,0,0.25,29.5,1,GB
2015,2015-08-02,10:55,12:15,LTER 2.5 Forereef Fish Transect 1 Swath 5 m,LTER_2.5,Forereef,10,1,5,Ctenochaetus flavicauda,Acanthuridae,2,40,0,2.7,NA,Primary Consumer,Brusher,70,1,0,0.25,29.5,1,GB
2015,2015-08-02,10:55,12:15,LTER 2.5 Forereef Fish Transect 1 Swath 5 m,LTER_2.5,Forereef,10,1,5,Ctenochaetus striatus,Acanthuridae,5,50,0,10.74,NA,Primary Consumer,Brusher,70,1,0,0.25,29.5,1,GB
2015,2015-08-02,10:55,12:15,LTER 2.5 Forereef Fish Transect 1 Swath 5 m,LTER_2.5,Forereef,10,1,5,Ctenochaetus striatus,Acanthuridae,2,150,0,124.3,NA,Primary Consumer,Brusher,70,1,0,0.25,29.5,1,GB
2015,2015-08-02,10:55,12:15,LTER 2.5 Forereef Fish Transect 1 Swath 5 m,LTER_2.5,Forereef,10,1,5,Ctenochaetus striatus,Acanthuridae,7,170,0,638.4,NA,Primary Consumer,Brusher,70,1,0,0.25,29.5,1,GB
2015,2015-08-02,10:55,12:15,LTER 2.5 Forereef Fish Transect 1 Swath 5 m,LTER_2.5,Forereef,10,1,5,Ctenochaetus striatus,Acanthuridae,1,190,0,128.2,NA,Primary Consumer,Brusher,70,1,0,0.25,29.5,1,GB
2015,2015-08-02,10:55,12:15,LTER 2.5 Forereef Fish Transect 1 Swath 5 m,LTER_2.5,Forereef,10,1,5,Gymnothorax javanicus,Muraenidae,1,500,0,204.5,NA,Piscivore_primarily,Piscivore,70,1,0,0.25,29.5,1,GB
2015,2015-08-02,10:55,12:15,LTER 2.5 Forereef Fish Transect 1 Swath 5 m,LTER_2.5,Forereef,10,1,5,Halichoeres claudia,Labridae,4,60,0,13.51,NA,Secondary Consumer,Benthic Invertebrate Consumer,70,1,0,0.25,29.5,1,GB
2015,2015-08-02,10:55,12:15,LTER 2.5 Forereef Fish Transect 1 Swath 5 m,LTER_2.5,Forereef,10,1,5,Halichoeres claudia,Labridae,2,70,0,10.7,NA,Secondary Consumer,Benthic Invertebrate Consumer,70,1,0,0.25,29.5,1,GB
2015,2015-08-02,10:55,12:15,LTER 2.5 Forereef Fish Transect 1 Swath 5 m,LTER_2.5,Forereef,10,1,5,Halichoeres claudia,Labridae,3,100,0,46.6,NA,Secondary Consumer,Benthic Invertebrate Consumer,70,1,0,0.25,29.5,1,GB
2015,2015-08-02,10:55,12:15,LTER 2.5 Forereef Fish Transect 1 Swath 5 m,LTER_2.5,Forereef,10,1,5,Halichoeres claudia,Labridae,2,120,0,53.5,NA,Secondary Consumer,Benthic Invertebrate Consumer,70,1,0,0.25,29.5,1,GB
2015,2015-08-02,10:55,12:15,LTER 2.5 Forereef Fish Transect 1 Swath 5 m,LTER_2.5,Forereef,10,1,5,Halichoeres claudia,Labridae,1,130,0,34,NA,Secondary Consumer,Benthic Invertebrate Consumer,70,1,0,0.25,29.5,1,GB
2015,2015-08-02,10:55,12:15,LTER 2.5 Forereef Fish Transect 1 Swath 5 m,LTER_2.5,Forereef,10,1,5,Halichoeres claudia,Labridae,3,140,0,127.3,NA,Secondary Consumer,Benthic Invertebrate Consumer,70,1,0,0.25,29.5,1,GB
2015,2015-08-02,10:55,12:15,LTER 2.5 Forereef Fish Transect 1 Swath 5 m,LTER_2.5,Forereef,10,1,5,Halichoeres hortulanus,Labridae,2,50,0,3.92,NA,Secondary Consumer,Benthic Invertebrate Consumer,70,1,0,0.25,29.5,1,GB
2015,2015-08-02,10:55,12:15,LTER 2.5 Forereef Fish Transect 1 Swath 5 m,LTER_2.5,Forereef,10,1,5,Labroides dimidiatus,Labridae,3,70,0,9.52,NA,Secondary Consumer,Benthic Invertebrate Consumer,70,1,0,0.25,29.5,1,GB
2015,2015-08-02,10:55,12:15,LTER 2.5 Forereef Fish Transect 1 Swath 5 m,LTER_2.5,Forereef,10,1,5,Labroides dimidiatus,Labridae,1,110,0,13.7,NA,Secondary Consumer,Benthic Invertebrate Consumer,70,1,0,0.25,29.5,1,GB
2015,2015-08-02,10:55,12:15,LTER 2.5 Forereef Fish Transect 1 Swath 5 m,LTER_2.5,Forereef,10,1,5,Macropharyngodon meleagris,Labridae,1,50,0,1.37,NA,Secondary Consumer,Benthic Invertebrate Consumer,70,1,0,0.25,29.5,1,GB
2015,2015-08-02,10:55,12:15,LTER 2.5 Forereef Fish Transect 1 Swath 5 m,LTER_2.5,Forereef,10,1,5,Melichthys vidua,Balistidae,1,180,0,103.5,NA,Primary Consumer,Omnivore,70,1,0,0.25,29.5,1,GB
2015,2015-08-02,10:55,12:15,LTER 2.5 Forereef Fish Transect 1 Swath 5 m,LTER_2.5,Forereef,10,1,5,Parupeneus multifasciatus,Mullidae,1,60,0,6.03,NA,Secondary Consumer,Benthic Invertebrate Consumer,70,1,0,0.25,29.5,1,GB
2015,2015-08-02,10:55,12:15,LTER 2.5 Forereef Fish Transect 1 Swath 5 m,LTER_2.5,Forereef,10,1,5,Pomachromis fuscidorsalis,Pomacentridae,8,30,0,3.19,NA,Planktivore,Planktivore_exclusively,70,1,0,0.25,29.5,1,GB
2015,2015-08-02,10:55,12:15,LTER 2.5 Forereef Fish Transect 1 Swath 5 m,LTER_2.5,Forereef,10,1,5,Pycnochromis acares,Pomacentridae,10,20,0,1.29,NA,Planktivore,Planktivore_exclusively,70,1,0,0.25,29.5,1,GB
2015,2015-08-02,10:55,12:15,LTER 2.5 Forereef Fish Transect 1 Swath 5 m,LTER_2.5,Forereef,10,1,5,Pycnochromis iomelas,Pomacentridae,3,20,0,0.21,NA,Planktivore,Omnivore,70,1,0,0.25,29.5,1,GB
2015,2015-08-02,10:55,12:15,LTER 2.5 Forereef Fish Transect 1 Swath 5 m,LTER_2.5,Forereef,10,1,5,Pycnochromis margaritifer,Pomacentridae,5,25,0,0.86,NA,Planktivore,Omnivore,70,1,0,0.25,29.5,1,GB
2015,2015-08-02,10:55,12:15,LTER 2.5 Forereef Fish Transect 1 Swath 5 m,LTER_2.5,Forereef,10,1,5,Pycnochromis vanderbilti,Pomacentridae,10,25,0,2.61,NA,Planktivore,Planktivore_exclusively,70,1,0,0.25,29.5,1,GB
2015,2015-08-02,10:55,12:15,LTER 2.5 Forereef Fish Transect 1 Swath 5 m,LTER_2.5,Forereef,10,1,5,Scarus oviceps,Scaridae,1,190,0,148,IP,Primary Consumer,Scraper,70,1,0,0.25,29.5,1,GB
2015,2015-08-02,10:55,12:15,LTER 2.5 Forereef Fish Transect 1 Swath 5 m,LTER_2.5,Forereef,10,1,5,Scarus psittacus,Scaridae,4,180,0,493,IP,Primary Consumer,Scraper,70,1,0,0.25,29.5,1,GB
2015,2015-08-02,10:55,12:15,LTER 2.5 Forereef Fish Transect 1 Swath 5 m,LTER_2.5,Forereef,10,1,5,Stethojulis bandanensis,Labridae,1,70,0,4.61,NA,Secondary Consumer,Benthic Invertebrate Consumer,70,1,0,0.25,29.5,1,GB
2015,2015-08-02,10:55,12:15,LTER 2.5 Forereef Fish Transect 1 Swath 5 m,LTER_2.5,Forereef,10,1,5,Sufflamen bursa,Balistidae,8,170,0,1041.4,NA,Secondary Consumer,Omnivore,70,1,0,0.25,29.5,1,GB
2015,2015-08-02,10:55,12:15,LTER 2.5 Forereef Fish Transect 1 Swath 5 m,LTER_2.5,Forereef,10,1,5,Thalassoma quinquevittatum,Labridae,6,60,0,14.36,NA,Secondary Consumer,Benthic Invertebrate Consumer,70,1,0,0.25,29.5,1,GB
2015,2015-08-02,10:55,12:15,LTER 2.5 Forereef Fish Transect 1 Swath 5 m,LTER_2.5,Forereef,10,1,5,Thalassoma quinquevittatum,Labridae,1,100,0,11.4,NA,Secondary Consumer,Benthic Invertebrate Consumer,70,1,0,0.25,29.5,1,GB
2015,2015-08-02,10:55,12:15,LTER 2.5 Forereef Fish Transect 1 Swath 5 m,LTER_2.5,Forereef,10,1,5,Thalassoma quinquevittatum,Labridae,2,120,0,39.9,NA,Secondary Consumer,Benthic Invertebrate Consumer,70,1,0,0.25,29.5,1,GB
2015,2015-08-02,10:55,12:15,LTER 2.5 Forereef Fish Transect 1 Swath 5 m,LTER_2.5,Forereef,10,1,5,Thalassoma quinquevittatum,Labridae,4,140,0,127.9,NA,Secondary Consumer,Benthic Invertebrate Consumer,70,1,0,0.25,29.5,1,GB
2015,2015-08-02,10:55,12:15,LTER 2.5 Forereef Fish Transect 1 Swath 5 m,LTER_2.5,Forereef,10,1,5,Zebrasoma scopas,Acanthuridae,1,25,0,0.45,NA,Primary Consumer,Concealed Cropper,70,1,0,0.25,29.5,1,GB
2015,2015-08-02,10:55,12:15,LTER 2.5 Forereef Fish Transect 1 Swath 5 m,LTER_2.5,Forereef,10,1,5,Zebrasoma scopas,Acanthuridae,4,180,0,665.2,NA,Primary Consumer,Concealed Cropper,70,1,0,0.25,29.5,1,GB
2015,2015-08-02,10:55,12:15,LTER 2.5 Forereef Fish Transect 2 Swath 1 m,LTER_2.5,Forereef,10,2,1,Caracanthus maculatus,Scorpaenidae,5,30,0,2.72,NA,Secondary Consumer,Benthic Invertebrate Consumer,70,1,0,0.25,29.5,1,AB
2015,2015-08-02,10:55,12:15,LTER 2.5 Forereef Fish Transect 2 Swath 1 m,LTER_2.5,Forereef,10,2,1,Caracanthus maculatus,Scorpaenidae,1,35,0,0.87,NA,Secondary Consumer,Benthic Invertebrate Consumer,70,1,0,0.25,29.5,1,AB
2015,2015-08-02,10:55,12:15,LTER 2.5 Forereef Fish Transect 2 Swath 1 m,LTER_2.5,Forereef,10,2,1,Cirripectes variolosus,Blenniidae,2,40,0,2.05,NA,Primary Consumer,Herbivore/Detritivore,70,1,0,0.25,29.5,1,AB
2015,2015-08-02,10:55,12:15,LTER 2.5 Forereef Fish Transect 2 Swath 1 m,LTER_2.5,Forereef,10,2,1,Gymnothorax meleagris,Muraenidae,1,-1,0,-1,NA,Piscivore_primarily,Piscivore,70,1,0,0.25,29.5,1,AB
2015,2015-08-02,10:55,12:15,LTER 2.5 Forereef Fish Transect 2 Swath 1 m,LTER_2.5,Forereef,10,2,1,Nemateleotris magnifica,Microdesmidae,4,40,0,1.18,NA,Planktivore,Planktivore_exclusively,70,1,0,0.25,29.5,1,AB
2015,2015-08-02,10:55,12:15,LTER 2.5 Forereef Fish Transect 2 Swath 1 m,LTER_2.5,Forereef,10,2,1,Nemateleotris magnifica,Microdesmidae,2,60,0,2.08,NA,Planktivore,Planktivore_exclusively,70,1,0,0.25,29.5,1,AB
2015,2015-08-02,10:55,12:15,LTER 2.5 Forereef Fish Transect 2 Swath 1 m,LTER_2.5,Forereef,10,2,1,Neocirrhites armatus,Cirrhitidae,1,35,0,0.56,NA,Secondary Consumer,Benthic Invertebrate Consumer,70,1,0,0.25,29.5,1,AB
2015,2015-08-02,10:55,12:15,LTER 2.5 Forereef Fish Transect 2 Swath 1 m,LTER_2.5,Forereef,10,2,1,Neocirrhites armatus,Cirrhitidae,13,40,0,11.22,NA,Secondary Consumer,Benthic Invertebrate Consumer,70,1,0,0.25,29.5,1,AB
2015,2015-08-02,10:55,12:15,LTER 2.5 Forereef Fish Transect 2 Swath 1 m,LTER_2.5,Forereef,10,2,1,Neocirrhites armatus,Cirrhitidae,9,45,0,11.41,NA,Secondary Consumer,Benthic Invertebrate Consumer,70,1,0,0.25,29.5,1,AB
2015,2015-08-02,10:55,12:15,LTER 2.5 Forereef Fish Transect 2 Swath 1 m,LTER_2.5,Forereef,10,2,1,Paracirrhites arcatus,Cirrhitidae,1,30,0,0.34,NA,Secondary Consumer,Benthic Invertebrate Consumer,70,1,0,0.25,29.5,1,AB
2015,2015-08-02,10:55,12:15,LTER 2.5 Forereef Fish Transect 2 Swath 1 m,LTER_2.5,Forereef,10,2,1,Paracirrhites arcatus,Cirrhitidae,2,40,0,1.73,NA,Secondary Consumer,Benthic Invertebrate Consumer,70,1,0,0.25,29.5,1,AB
2015,2015-08-02,10:55,12:15,LTER 2.5 Forereef Fish Transect 2 Swath 1 m,LTER_2.5,Forereef,10,2,1,Paracirrhites arcatus,Cirrhitidae,8,50,0,14.32,NA,Secondary Consumer,Benthic Invertebrate Consumer,70,1,0,0.25,29.5,1,AB
2015,2015-08-02,10:55,12:15,LTER 2.5 Forereef Fish Transect 2 Swath 1 m,LTER_2.5,Forereef,10,2,1,Paracirrhites arcatus,Cirrhitidae,6,60,0,19.48,NA,Secondary Consumer,Benthic Invertebrate Consumer,70,1,0,0.25,29.5,1,AB
2015,2015-08-02,10:55,12:15,LTER 2.5 Forereef Fish Transect 2 Swath 1 m,LTER_2.5,Forereef,10,2,1,Paracirrhites arcatus,Cirrhitidae,5,70,0,26.87,NA,Secondary Consumer,Benthic Invertebrate Consumer,70,1,0,0.25,29.5,1,AB
2015,2015-08-02,10:55,12:15,LTER 2.5 Forereef Fish Transect 2 Swath 1 m,LTER_2.5,Forereef,10,2,1,Paracirrhites arcatus,Cirrhitidae,5,80,0,41.57,NA,Secondary Consumer,Benthic Invertebrate Consumer,70,1,0,0.25,29.5,1,AB
2015,2015-08-02,10:55,12:15,LTER 2.5 Forereef Fish Transect 2 Swath 1 m,LTER_2.5,Forereef,10,2,1,Plagiotremus tapeinosoma,Blenniidae,1,50,0,0.57,NA,Secondary Consumer,Fish Scale Consumer,70,1,0,0.25,29.5,1,AB
2015,2015-08-02,10:55,12:15,LTER 2.5 Forereef Fish Transect 2 Swath 1 m,LTER_2.5,Forereef,10,2,1,Plagiotremus tapeinosoma,Blenniidae,1,55,0,0.75,NA,Secondary Consumer,Fish Scale Consumer,70,1,0,0.25,29.5,1,AB
2015,2015-08-02,10:55,12:15,LTER 2.5 Forereef Fish Transect 2 Swath 1 m,LTER_2.5,Forereef,10,2,1,Plectroglyphidodon johnstonianus,Pomacentridae,1,40,0,2.36,NA,Secondary Consumer,Omnivore,70,1,0,0.25,29.5,1,AB
2015,2015-08-02,10:55,12:15,LTER 2.5 Forereef Fish Transect 2 Swath 1 m,LTER_2.5,Forereef,10,2,1,Plectroglyphidodon johnstonianus,Pomacentridae,4,50,0,17.01,NA,Secondary Consumer,Omnivore,70,1,0,0.25,29.5,1,AB
2015,2015-08-02,10:55,12:15,LTER 2.5 Forereef Fish Transect 2 Swath 1 m,LTER_2.5,Forereef,10,2,1,Plectroglyphidodon johnstonianus,Pomacentridae,3,60,0,20.62,NA,Secondary Consumer,Omnivore,70,1,0,0.25,29.5,1,AB
2015,2015-08-02,10:55,12:15,LTER 2.5 Forereef Fish Transect 2 Swath 1 m,LTER_2.5,Forereef,10,2,1,Plectroglyphidodon johnstonianus,Pomacentridae,1,70,0,10.32,NA,Secondary Consumer,Omnivore,70,1,0,0.25,29.5,1,AB
2015,2015-08-02,10:55,12:15,LTER 2.5 Forereef Fish Transect 2 Swath 1 m,LTER_2.5,Forereef,10,2,1,Plectroglyphidodon lacrymatus,Pomacentridae,1,45,0,1.65,NA,Primary Consumer,Omnivore,70,1,0,0.25,29.5,1,AB
2015,2015-08-02,10:55,12:15,LTER 2.5 Forereef Fish Transect 2 Swath 1 m,LTER_2.5,Forereef,10,2,1,Plectroglyphidodon lacrymatus,Pomacentridae,2,55,0,6.27,NA,Primary Consumer,Omnivore,70,1,0,0.25,29.5,1,AB
2015,2015-08-02,10:55,12:15,LTER 2.5 Forereef Fish Transect 2 Swath 1 m,LTER_2.5,Forereef,10,2,1,Pseudocheilinus hexataenia,Labridae,1,35,0,0.63,NA,Secondary Consumer,Benthic Invertebrate Consumer,70,1,0,0.25,29.5,1,AB
2015,2015-08-02,10:55,12:15,LTER 2.5 Forereef Fish Transect 2 Swath 1 m,LTER_2.5,Forereef,10,2,1,Pseudocheilinus hexataenia,Labridae,6,40,0,5.63,NA,Secondary Consumer,Benthic Invertebrate Consumer,70,1,0,0.25,29.5,1,AB
2015,2015-08-02,10:55,12:15,LTER 2.5 Forereef Fish Transect 2 Swath 1 m,LTER_2.5,Forereef,10,2,1,Pseudocheilinus tetrataenia,Labridae,1,35,0,0.64,NA,Secondary Consumer,Benthic Invertebrate Consumer,70,1,0,0.25,29.5,1,AB
2015,2015-08-02,10:55,12:15,LTER 2.5 Forereef Fish Transect 2 Swath 1 m,LTER_2.5,Forereef,10,2,1,Stegastes fasciolatus,Pomacentridae,1,70,0,9.17,NA,Primary Consumer,Herbivore/Detritivore,70,1,0,0.25,29.5,1,AB
2015,2015-08-02,10:55,12:15,LTER 2.5 Forereef Fish Transect 2 Swath 5 m,LTER_2.5,Forereef,10,2,5,Acanthurus nigrofuscus,Acanthuridae,21,45,0,36.19,NA,Primary Consumer,Cropper,70,1,0,0.25,29.5,1,AB
2015,2015-08-02,10:55,12:15,LTER 2.5 Forereef Fish Transect 2 Swath 5 m,LTER_2.5,Forereef,10,2,5,Acanthurus nigrofuscus,Acanthuridae,10,50,0,23.71,NA,Primary Consumer,Cropper,70,1,0,0.25,29.5,1,AB
2015,2015-08-02,10:55,12:15,LTER 2.5 Forereef Fish Transect 2 Swath 5 m,LTER_2.5,Forereef,10,2,5,Acanthurus nigrofuscus,Acanthuridae,7,60,0,28.82,NA,Primary Consumer,Cropper,70,1,0,0.25,29.5,1,AB
2015,2015-08-02,10:55,12:15,LTER 2.5 Forereef Fish Transect 2 Swath 5 m,LTER_2.5,Forereef,10,2,5,Acanthurus olivaceus,Acanthuridae,1,180,0,111.1,NA,Primary Consumer,Sediment Sucker,70,1,0,0.25,29.5,1,AB
2015,2015-08-02,10:55,12:15,LTER 2.5 Forereef Fish Transect 2 Swath 5 m,LTER_2.5,Forereef,10,2,5,Acanthurus olivaceus,Acanthuridae,2,210,0,352,NA,Primary Consumer,Sediment Sucker,70,1,0,0.25,29.5,1,AB
2015,2015-08-02,10:55,12:15,LTER 2.5 Forereef Fish Transect 2 Swath 5 m,LTER_2.5,Forereef,10,2,5,Cantherhines sandwichiensis,Monacanthidae,1,130,0,30.1,NA,Primary Consumer,Omnivore,70,1,0,0.25,29.5,1,AB
2015,2015-08-02,10:55,12:15,LTER 2.5 Forereef Fish Transect 2 Swath 5 m,LTER_2.5,Forereef,10,2,5,Centropyge bispinosa,Pomacanthidae,2,30,0,3.14,NA,Primary Consumer,Omnivore,70,1,0,0.25,29.5,1,AB
2015,2015-08-02,10:55,12:15,LTER 2.5 Forereef Fish Transect 2 Swath 5 m,LTER_2.5,Forereef,10,2,5,Centropyge bispinosa,Pomacanthidae,10,35,0,22.23,NA,Primary Consumer,Omnivore,70,1,0,0.25,29.5,1,AB
2015,2015-08-02,10:55,12:15,LTER 2.5 Forereef Fish Transect 2 Swath 5 m,LTER_2.5,Forereef,10,2,5,Centropyge bispinosa,Pomacanthidae,12,40,0,36.07,NA,Primary Consumer,Omnivore,70,1,0,0.25,29.5,1,AB
2015,2015-08-02,10:55,12:15,LTER 2.5 Forereef Fish Transect 2 Swath 5 m,LTER_2.5,Forereef,10,2,5,Centropyge bispinosa,Pomacanthidae,5,45,0,19.61,NA,Primary Consumer,Omnivore,70,1,0,0.25,29.5,1,AB
2015,2015-08-02,10:55,12:15,LTER 2.5 Forereef Fish Transect 2 Swath 5 m,LTER_2.5,Forereef,10,2,5,Centropyge bispinosa,Pomacanthidae,6,50,0,29.86,NA,Primary Consumer,Omnivore,70,1,0,0.25,29.5,1,AB
2015,2015-08-02,10:55,12:15,LTER 2.5 Forereef Fish Transect 2 Swath 5 m,LTER_2.5,Forereef,10,2,5,Centropyge flavissima,Pomacanthidae,2,25,0,1.58,NA,Primary Consumer,Omnivore,70,1,0,0.25,29.5,1,AB
2015,2015-08-02,10:55,12:15,LTER 2.5 Forereef Fish Transect 2 Swath 5 m,LTER_2.5,Forereef,10,2,5,Centropyge flavissima,Pomacanthidae,6,30,0,7.58,NA,Primary Consumer,Omnivore,70,1,0,0.25,29.5,1,AB
2015,2015-08-02,10:55,12:15,LTER 2.5 Forereef Fish Transect 2 Swath 5 m,LTER_2.5,Forereef,10,2,5,Centropyge flavissima,Pomacanthidae,12,35,0,22.56,NA,Primary Consumer,Omnivore,70,1,0,0.25,29.5,1,AB
2015,2015-08-02,10:55,12:15,LTER 2.5 Forereef Fish Transect 2 Swath 5 m,LTER_2.5,Forereef,10,2,5,Centropyge flavissima,Pomacanthidae,18,40,0,47.75,NA,Primary Consumer,Omnivore,70,1,0,0.25,29.5,1,AB
2015,2015-08-02,10:55,12:15,LTER 2.5 Forereef Fish Transect 2 Swath 5 m,LTER_2.5,Forereef,10,2,5,Centropyge flavissima,Pomacanthidae,13,50,0,61.28,NA,Primary Consumer,Omnivore,70,1,0,0.25,29.5,1,AB
2015,2015-08-02,10:55,12:15,LTER 2.5 Forereef Fish Transect 2 Swath 5 m,LTER_2.5,Forereef,10,2,5,Centropyge flavissima,Pomacanthidae,2,55,0,12.05,NA,Primary Consumer,Omnivore,70,1,0,0.25,29.5,1,AB
2015,2015-08-02,10:55,12:15,LTER 2.5 Forereef Fish Transect 2 Swath 5 m,LTER_2.5,Forereef,10,2,5,Centropyge loriculus,Pomacanthidae,1,40,0,1.7,NA,Primary Consumer,Omnivore,70,1,0,0.25,29.5,1,AB
2015,2015-08-02,10:55,12:15,LTER 2.5 Forereef Fish Transect 2 Swath 5 m,LTER_2.5,Forereef,10,2,5,Cephalopholis argus,Serranidae,1,270,0,332.4,NA,Piscivore_primarily,Piscivore,70,1,0,0.25,29.5,1,AB
2015,2015-08-02,10:55,12:15,LTER 2.5 Forereef Fish Transect 2 Swath 5 m,LTER_2.5,Forereef,10,2,5,Cephalopholis argus,Serranidae,1,300,0,464.7,NA,Piscivore_primarily,Piscivore,70,1,0,0.25,29.5,1,AB
2015,2015-08-02,10:55,12:15,LTER 2.5 Forereef Fish Transect 2 Swath 5 m,LTER_2.5,Forereef,10,2,5,Cephalopholis urodeta,Serranidae,1,110,0,24.3,NA,Piscivore_primarily,Piscivore,70,1,0,0.25,29.5,1,AB
2015,2015-08-02,10:55,12:15,LTER 2.5 Forereef Fish Transect 2 Swath 5 m,LTER_2.5,Forereef,10,2,5,Cephalopholis urodeta,Serranidae,1,130,0,38.8,NA,Piscivore_primarily,Piscivore,70,1,0,0.25,29.5,1,AB
2015,2015-08-02,10:55,12:15,LTER 2.5 Forereef Fish Transect 2 Swath 5 m,LTER_2.5,Forereef,10,2,5,Chaetodon ornatissimus,Chaetodontidae,1,120,0,49,NA,Secondary Consumer,Corallivore,70,1,0,0.25,29.5,1,AB
2015,2015-08-02,10:55,12:15,LTER 2.5 Forereef Fish Transect 2 Swath 5 m,LTER_2.5,Forereef,10,2,5,Chaetodon reticulatus,Chaetodontidae,2,120,0,98,NA,Secondary Consumer,Corallivore,70,1,0,0.25,29.5,1,AB
2015,2015-08-02,10:55,12:15,LTER 2.5 Forereef Fish Transect 2 Swath 5 m,LTER_2.5,Forereef,10,2,5,Chlorurus spilurus,Scaridae,11,130,0,542.4,IP,Primary Consumer,Excavator,70,1,0,0.25,29.5,1,AB
2015,2015-08-02,10:55,12:15,LTER 2.5 Forereef Fish Transect 2 Swath 5 m,LTER_2.5,Forereef,10,2,5,Chlorurus spilurus,Scaridae,3,190,0,456.4,TP,Primary Consumer,Excavator,70,1,0,0.25,29.5,1,AB
2015,2015-08-02,10:55,12:15,LTER 2.5 Forereef Fish Transect 2 Swath 5 m,LTER_2.5,Forereef,10,2,5,Cirrhilabrus exquisitus,Labridae,1,50,0,1.66,NA,Planktivore,Planktivore_exclusively,70,1,0,0.25,29.5,1,AB
2015,2015-08-02,10:55,12:15,LTER 2.5 Forereef Fish Transect 2 Swath 5 m,LTER_2.5,Forereef,10,2,5,Cirrhilabrus scottorum,Labridae,4,60,0,12.72,NA,Secondary Consumer,Benthic Invertebrate Consumer,70,1,0,0.25,29.5,1,AB
2015,2015-08-02,10:55,12:15,LTER 2.5 Forereef Fish Transect 2 Swath 5 m,LTER_2.5,Forereef,10,2,5,Cirrhilabrus scottorum,Labridae,10,70,0,51.89,NA,Secondary Consumer,Benthic Invertebrate Consumer,70,1,0,0.25,29.5,1,AB
2015,2015-08-02,10:55,12:15,LTER 2.5 Forereef Fish Transect 2 Swath 5 m,LTER_2.5,Forereef,10,2,5,Coris gaimard,Labridae,1,70,0,3.65,NA,Secondary Consumer,Benthic Invertebrate Consumer,70,1,0,0.25,29.5,1,AB
2015,2015-08-02,10:55,12:15,LTER 2.5 Forereef Fish Transect 2 Swath 5 m,LTER_2.5,Forereef,10,2,5,Coris gaimard,Labridae,1,100,0,11.7,NA,Secondary Consumer,Benthic Invertebrate Consumer,70,1,0,0.25,29.5,1,AB
2015,2015-08-02,10:55,12:15,LTER 2.5 Forereef Fish Transect 2 Swath 5 m,LTER_2.5,Forereef,10,2,5,Coris gaimard,Labridae,3,120,0,63.3,NA,Secondary Consumer,Benthic Invertebrate Consumer,70,1,0,0.25,29.5,1,AB
2015,2015-08-02,10:55,12:15,LTER 2.5 Forereef Fish Transect 2 Swath 5 m,LTER_2.5,Forereef,10,2,5,Ctenochaetus binotatus,Acanthuridae,1,35,0,1.24,NA,Primary Consumer,Brusher,70,1,0,0.25,29.5,1,AB
2015,2015-08-02,10:55,12:15,LTER 2.5 Forereef Fish Transect 2 Swath 5 m,LTER_2.5,Forereef,10,2,5,Ctenochaetus binotatus,Acanthuridae,2,40,0,3.64,NA,Primary Consumer,Brusher,70,1,0,0.25,29.5,1,AB
2015,2015-08-02,10:55,12:15,LTER 2.5 Forereef Fish Transect 2 Swath 5 m,LTER_2.5,Forereef,10,2,5,Ctenochaetus binotatus,Acanthuridae,10,50,0,34.55,NA,Primary Consumer,Brusher,70,1,0,0.25,29.5,1,AB
2015,2015-08-02,10:55,12:15,LTER 2.5 Forereef Fish Transect 2 Swath 5 m,LTER_2.5,Forereef,10,2,5,Ctenochaetus binotatus,Acanthuridae,15,60,0,87.52,NA,Primary Consumer,Brusher,70,1,0,0.25,29.5,1,AB
2015,2015-08-02,10:55,12:15,LTER 2.5 Forereef Fish Transect 2 Swath 5 m,LTER_2.5,Forereef,10,2,5,Ctenochaetus binotatus,Acanthuridae,10,70,0,90.89,NA,Primary Consumer,Brusher,70,1,0,0.25,29.5,1,AB
2015,2015-08-02,10:55,12:15,LTER 2.5 Forereef Fish Transect 2 Swath 5 m,LTER_2.5,Forereef,10,2,5,Ctenochaetus flavicauda,Acanthuridae,1,40,0,1.35,NA,Primary Consumer,Brusher,70,1,0,0.25,29.5,1,AB
2015,2015-08-02,10:55,12:15,LTER 2.5 Forereef Fish Transect 2 Swath 5 m,LTER_2.5,Forereef,10,2,5,Ctenochaetus flavicauda,Acanthuridae,3,45,0,5.82,NA,Primary Consumer,Brusher,70,1,0,0.25,29.5,1,AB
2015,2015-08-02,10:55,12:15,LTER 2.5 Forereef Fish Transect 2 Swath 5 m,LTER_2.5,Forereef,10,2,5,Ctenochaetus flavicauda,Acanthuridae,10,50,0,26.75,NA,Primary Consumer,Brusher,70,1,0,0.25,29.5,1,AB
2015,2015-08-02,10:55,12:15,LTER 2.5 Forereef Fish Transect 2 Swath 5 m,LTER_2.5,Forereef,10,2,5,Ctenochaetus flavicauda,Acanthuridae,12,55,0,42.95,NA,Primary Consumer,Brusher,70,1,0,0.25,29.5,1,AB
2015,2015-08-02,10:55,12:15,LTER 2.5 Forereef Fish Transect 2 Swath 5 m,LTER_2.5,Forereef,10,2,5,Ctenochaetus striatus,Acanthuridae,5,190,0,641.1,NA,Primary Consumer,Brusher,70,1,0,0.25,29.5,1,AB
2015,2015-08-02,10:55,12:15,LTER 2.5 Forereef Fish Transect 2 Swath 5 m,LTER_2.5,Forereef,10,2,5,Epibulus insidiator,Labridae,1,150,0,58.9,NA,Piscivore_primarily,Piscivore,70,1,0,0.25,29.5,1,AB
2015,2015-08-02,10:55,12:15,LTER 2.5 Forereef Fish Transect 2 Swath 5 m,LTER_2.5,Forereef,10,2,5,Gomphosus varius,Labridae,2,70,0,7.08,NA,Secondary Consumer,Benthic Invertebrate Consumer,70,1,0,0.25,29.5,1,AB
2015,2015-08-02,10:55,12:15,LTER 2.5 Forereef Fish Transect 2 Swath 5 m,LTER_2.5,Forereef,10,2,5,Gomphosus varius,Labridae,1,170,0,39,NA,Secondary Consumer,Benthic Invertebrate Consumer,70,1,0,0.25,29.5,1,AB
2015,2015-08-02,10:55,12:15,LTER 2.5 Forereef Fish Transect 2 Swath 5 m,LTER_2.5,Forereef,10,2,5,Halichoeres claudia,Labridae,1,50,0,1.96,NA,Secondary Consumer,Benthic Invertebrate Consumer,70,1,0,0.25,29.5,1,AB
2015,2015-08-02,10:55,12:15,LTER 2.5 Forereef Fish Transect 2 Swath 5 m,LTER_2.5,Forereef,10,2,5,Halichoeres claudia,Labridae,2,60,0,6.75,NA,Secondary Consumer,Benthic Invertebrate Consumer,70,1,0,0.25,29.5,1,AB
2015,2015-08-02,10:55,12:15,LTER 2.5 Forereef Fish Transect 2 Swath 5 m,LTER_2.5,Forereef,10,2,5,Halichoeres claudia,Labridae,5,70,0,26.75,NA,Secondary Consumer,Benthic Invertebrate Consumer,70,1,0,0.25,29.5,1,AB
2015,2015-08-02,10:55,12:15,LTER 2.5 Forereef Fish Transect 2 Swath 5 m,LTER_2.5,Forereef,10,2,5,Labroides dimidiatus,Labridae,5,55,0,7.28,NA,Secondary Consumer,Benthic Invertebrate Consumer,70,1,0,0.25,29.5,1,AB
2015,2015-08-02,10:55,12:15,LTER 2.5 Forereef Fish Transect 2 Swath 5 m,LTER_2.5,Forereef,10,2,5,Labroides rubrolabiatus,Labridae,2,45,0,1.52,NA,Secondary Consumer,Benthic Invertebrate Consumer,70,1,0,0.25,29.5,1,AB
2015,2015-08-02,10:55,12:15,LTER 2.5 Forereef Fish Transect 2 Swath 5 m,LTER_2.5,Forereef,10,2,5,Macropharyngodon meleagris,Labridae,2,45,0,1.98,NA,Secondary Consumer,Benthic Invertebrate Consumer,70,1,0,0.25,29.5,1,AB
2015,2015-08-02,10:55,12:15,LTER 2.5 Forereef Fish Transect 2 Swath 5 m,LTER_2.5,Forereef,10,2,5,Macropharyngodon meleagris,Labridae,1,50,0,1.37,NA,Secondary Consumer,Benthic Invertebrate Consumer,70,1,0,0.25,29.5,1,AB
2015,2015-08-02,10:55,12:15,LTER 2.5 Forereef Fish Transect 2 Swath 5 m,LTER_2.5,Forereef,10,2,5,Macropharyngodon meleagris,Labridae,2,60,0,4.78,NA,Secondary Consumer,Benthic Invertebrate Consumer,70,1,0,0.25,29.5,1,AB
2015,2015-08-02,10:55,12:15,LTER 2.5 Forereef Fish Transect 2 Swath 5 m,LTER_2.5,Forereef,10,2,5,Macropharyngodon meleagris,Labridae,3,70,0,11.52,NA,Secondary Consumer,Benthic Invertebrate Consumer,70,1,0,0.25,29.5,1,AB
2015,2015-08-02,10:55,12:15,LTER 2.5 Forereef Fish Transect 2 Swath 5 m,LTER_2.5,Forereef,10,2,5,Melichthys vidua,Balistidae,8,160,0,555.3,NA,Primary Consumer,Omnivore,70,1,0,0.25,29.5,1,AB
2015,2015-08-02,10:55,12:15,LTER 2.5 Forereef Fish Transect 2 Swath 5 m,LTER_2.5,Forereef,10,2,5,Naso lituratus,Acanthuridae,2,210,0,189.8,NA,Primary Consumer,Browser,70,1,0,0.25,29.5,1,AB
2015,2015-08-02,10:55,12:15,LTER 2.5 Forereef Fish Transect 2 Swath 5 m,LTER_2.5,Forereef,10,2,5,Ostracion meleagris,Ostraciidae,1,50,0,7.42,NA,Secondary Consumer,Omnivore,70,1,0,0.25,29.5,1,AB
2015,2015-08-02,10:55,12:15,LTER 2.5 Forereef Fish Transect 2 Swath 5 m,LTER_2.5,Forereef,10,2,5,Parupeneus cyclostomus,Mullidae,1,220,0,144,NA,Piscivore_primarily,Piscivore,70,1,0,0.25,29.5,1,AB
2015,2015-08-02,10:55,12:15,LTER 2.5 Forereef Fish Transect 2 Swath 5 m,LTER_2.5,Forereef,10,2,5,Parupeneus multifasciatus,Mullidae,1,70,0,9.76,NA,Secondary Consumer,Benthic Invertebrate Consumer,70,1,0,0.25,29.5,1,AB
2015,2015-08-02,10:55,12:15,LTER 2.5 Forereef Fish Transect 2 Swath 5 m,LTER_2.5,Forereef,10,2,5,Pomachromis fuscidorsalis,Pomacentridae,73,40,0,69.1,NA,Planktivore,Planktivore_exclusively,70,1,0,0.25,29.5,1,AB
2015,2015-08-02,10:55,12:15,LTER 2.5 Forereef Fish Transect 2 Swath 5 m,LTER_2.5,Forereef,10,2,5,Pseudanthias mooreanus,Serranidae,11,70,0,35.45,NA,Planktivore,Planktivore_exclusively,70,1,0,0.25,29.5,1,AB
2015,2015-08-02,10:55,12:15,LTER 2.5 Forereef Fish Transect 2 Swath 5 m,LTER_2.5,Forereef,10,2,5,Pseudojuloides atavai,Labridae,1,30,0,0.28,NA,Secondary Consumer,Benthic Invertebrate Consumer,70,1,0,0.25,29.5,1,AB
2015,2015-08-02,10:55,12:15,LTER 2.5 Forereef Fish Transect 2 Swath 5 m,LTER_2.5,Forereef,10,2,5,Pycnochromis acares,Pomacentridae,185,30,0,86.29,NA,Planktivore,Planktivore_exclusively,70,1,0,0.25,29.5,1,AB
2015,2015-08-02,10:55,12:15,LTER 2.5 Forereef Fish Transect 2 Swath 5 m,LTER_2.5,Forereef,10,2,5,Pycnochromis iomelas,Pomacentridae,5,20,0,0.35,NA,Planktivore,Omnivore,70,1,0,0.25,29.5,1,AB
2015,2015-08-02,10:55,12:15,LTER 2.5 Forereef Fish Transect 2 Swath 5 m,LTER_2.5,Forereef,10,2,5,Pycnochromis iomelas,Pomacentridae,2,25,0,0.3,NA,Planktivore,Omnivore,70,1,0,0.25,29.5,1,AB
2015,2015-08-02,10:55,12:15,LTER 2.5 Forereef Fish Transect 2 Swath 5 m,LTER_2.5,Forereef,10,2,5,Pycnochromis iomelas,Pomacentridae,3,30,0,0.83,NA,Planktivore,Omnivore,70,1,0,0.25,29.5,1,AB
2015,2015-08-02,10:55,12:15,LTER 2.5 Forereef Fish Transect 2 Swath 5 m,LTER_2.5,Forereef,10,2,5,Pycnochromis margaritifer,Pomacentridae,1,40,0,0.76,NA,Planktivore,Omnivore,70,1,0,0.25,29.5,1,AB
2015,2015-08-02,10:55,12:15,LTER 2.5 Forereef Fish Transect 2 Swath 5 m,LTER_2.5,Forereef,10,2,5,Pycnochromis vanderbilti,Pomacentridae,125,35,0,94.88,NA,Planktivore,Planktivore_exclusively,70,1,0,0.25,29.5,1,AB
2015,2015-08-02,10:55,12:15,LTER 2.5 Forereef Fish Transect 2 Swath 5 m,LTER_2.5,Forereef,10,2,5,Stethojulis bandanensis,Labridae,3,50,0,5.8,NA,Secondary Consumer,Benthic Invertebrate Consumer,70,1,0,0.25,29.5,1,AB
2015,2015-08-02,10:55,12:15,LTER 2.5 Forereef Fish Transect 2 Swath 5 m,LTER_2.5,Forereef,10,2,5,Stethojulis bandanensis,Labridae,2,60,0,6.19,NA,Secondary Consumer,Benthic Invertebrate Consumer,70,1,0,0.25,29.5,1,AB
2015,2015-08-02,10:55,12:15,LTER 2.5 Forereef Fish Transect 2 Swath 5 m,LTER_2.5,Forereef,10,2,5,Stethojulis bandanensis,Labridae,1,75,0,5.5,NA,Secondary Consumer,Benthic Invertebrate Consumer,70,1,0,0.25,29.5,1,AB
2015,2015-08-02,10:55,12:15,LTER 2.5 Forereef Fish Transect 2 Swath 5 m,LTER_2.5,Forereef,10,2,5,Sufflamen bursa,Balistidae,1,110,0,36.4,NA,Secondary Consumer,Omnivore,70,1,0,0.25,29.5,1,AB
2015,2015-08-02,10:55,12:15,LTER 2.5 Forereef Fish Transect 2 Swath 5 m,LTER_2.5,Forereef,10,2,5,Sufflamen bursa,Balistidae,1,130,0,59.3,NA,Secondary Consumer,Omnivore,70,1,0,0.25,29.5,1,AB
2015,2015-08-02,10:55,12:15,LTER 2.5 Forereef Fish Transect 2 Swath 5 m,LTER_2.5,Forereef,10,2,5,Thalassoma amblycephalum,Labridae,2,50,0,2.32,NA,Planktivore,Planktivore_exclusively,70,1,0,0.25,29.5,1,AB
2015,2015-08-02,10:55,12:15,LTER 2.5 Forereef Fish Transect 2 Swath 5 m,LTER_2.5,Forereef,10,2,5,Thalassoma amblycephalum,Labridae,31,60,0,64.03,NA,Planktivore,Planktivore_exclusively,70,1,0,0.25,29.5,1,AB
2015,2015-08-02,10:55,12:15,LTER 2.5 Forereef Fish Transect 2 Swath 5 m,LTER_2.5,Forereef,10,2,5,Thalassoma quinquevittatum,Labridae,20,50,0,27.4,NA,Secondary Consumer,Benthic Invertebrate Consumer,70,1,0,0.25,29.5,1,AB
2015,2015-08-02,10:55,12:15,LTER 2.5 Forereef Fish Transect 2 Swath 5 m,LTER_2.5,Forereef,10,2,5,Thalassoma quinquevittatum,Labridae,29,60,0,69.4,NA,Secondary Consumer,Benthic Invertebrate Consumer,70,1,0,0.25,29.5,1,AB
2015,2015-08-02,10:55,12:15,LTER 2.5 Forereef Fish Transect 2 Swath 5 m,LTER_2.5,Forereef,10,2,5,Thalassoma quinquevittatum,Labridae,11,70,0,42.19,NA,Secondary Consumer,Benthic Invertebrate Consumer,70,1,0,0.25,29.5,1,AB
2015,2015-08-02,10:55,12:15,LTER 2.5 Forereef Fish Transect 2 Swath 5 m,LTER_2.5,Forereef,10,2,5,Thalassoma quinquevittatum,Labridae,2,75,0,9.47,NA,Secondary Consumer,Benthic Invertebrate Consumer,70,1,0,0.25,29.5,1,AB
2015,2015-08-02,10:55,12:15,LTER 2.5 Forereef Fish Transect 2 Swath 5 m,LTER_2.5,Forereef,10,2,5,Zebrasoma scopas,Acanthuridae,2,35,0,2.47,NA,Primary Consumer,Concealed Cropper,70,1,0,0.25,29.5,1,AB
2015,2015-08-02,10:55,12:15,LTER 2.5 Forereef Fish Transect 2 Swath 5 m,LTER_2.5,Forereef,10,2,5,Zebrasoma scopas,Acanthuridae,9,130,0,565.2,NA,Primary Consumer,Concealed Cropper,70,1,0,0.25,29.5,1,AB
2015,2015-08-02,10:55,12:15,LTER 2.5 Forereef Fish Transect 3 Swath 1 m,LTER_2.5,Forereef,10,3,1,Caracanthus maculatus,Scorpaenidae,11,30,0,5.99,NA,Secondary Consumer,Benthic Invertebrate Consumer,70,1,0,0.25,29.5,1,BS
2015,2015-08-02,10:55,12:15,LTER 2.5 Forereef Fish Transect 3 Swath 1 m,LTER_2.5,Forereef,10,3,1,Cirripectes variolosus,Blenniidae,1,60,0,3.67,NA,Primary Consumer,Herbivore/Detritivore,70,1,0,0.25,29.5,1,BS
2015,2015-08-02,10:55,12:15,LTER 2.5 Forereef Fish Transect 3 Swath 1 m,LTER_2.5,Forereef,10,3,1,Nemateleotris magnifica,Microdesmidae,1,50,0,0.59,NA,Planktivore,Planktivore_exclusively,70,1,0,0.25,29.5,1,BS
2015,2015-08-02,10:55,12:15,LTER 2.5 Forereef Fish Transect 3 Swath 1 m,LTER_2.5,Forereef,10,3,1,Nemateleotris magnifica,Microdesmidae,2,80,0,5.11,NA,Planktivore,Planktivore_exclusively,70,1,0,0.25,29.5,1,BS
2015,2015-08-02,10:55,12:15,LTER 2.5 Forereef Fish Transect 3 Swath 1 m,LTER_2.5,Forereef,10,3,1,Neocirrhites armatus,Cirrhitidae,4,40,0,3.45,NA,Secondary Consumer,Benthic Invertebrate Consumer,70,1,0,0.25,29.5,1,BS
2015,2015-08-02,10:55,12:15,LTER 2.5 Forereef Fish Transect 3 Swath 1 m,LTER_2.5,Forereef,10,3,1,Neocirrhites armatus,Cirrhitidae,4,50,0,7.16,NA,Secondary Consumer,Benthic Invertebrate Consumer,70,1,0,0.25,29.5,1,BS
2015,2015-08-02,10:55,12:15,LTER 2.5 Forereef Fish Transect 3 Swath 1 m,LTER_2.5,Forereef,10,3,1,Ostorhinchus angustatus,Apogonidae,1,70,0,6.29,NA,Secondary Consumer,Benthic Invertebrate Consumer,70,1,0,0.25,29.5,1,BS
2015,2015-08-02,10:55,12:15,LTER 2.5 Forereef Fish Transect 3 Swath 1 m,LTER_2.5,Forereef,10,3,1,Paracirrhites arcatus,Cirrhitidae,3,30,0,1.01,NA,Secondary Consumer,Benthic Invertebrate Consumer,70,1,0,0.25,29.5,1,BS
2015,2015-08-02,10:55,12:15,LTER 2.5 Forereef Fish Transect 3 Swath 1 m,LTER_2.5,Forereef,10,3,1,Paracirrhites arcatus,Cirrhitidae,9,40,0,7.77,NA,Secondary Consumer,Benthic Invertebrate Consumer,70,1,0,0.25,29.5,1,BS
2015,2015-08-02,10:55,12:15,LTER 2.5 Forereef Fish Transect 3 Swath 1 m,LTER_2.5,Forereef,10,3,1,Paracirrhites arcatus,Cirrhitidae,10,50,0,17.89,NA,Secondary Consumer,Benthic Invertebrate Consumer,70,1,0,0.25,29.5,1,BS
2015,2015-08-02,10:55,12:15,LTER 2.5 Forereef Fish Transect 3 Swath 1 m,LTER_2.5,Forereef,10,3,1,Paracirrhites arcatus,Cirrhitidae,5,60,0,16.23,NA,Secondary Consumer,Benthic Invertebrate Consumer,70,1,0,0.25,29.5,1,BS
2015,2015-08-02,10:55,12:15,LTER 2.5 Forereef Fish Transect 3 Swath 1 m,LTER_2.5,Forereef,10,3,1,Paracirrhites arcatus,Cirrhitidae,2,70,0,10.75,NA,Secondary Consumer,Benthic Invertebrate Consumer,70,1,0,0.25,29.5,1,BS
2015,2015-08-02,10:55,12:15,LTER 2.5 Forereef Fish Transect 3 Swath 1 m,LTER_2.5,Forereef,10,3,1,Plagiotremus tapeinosoma,Blenniidae,1,50,0,0.57,NA,Secondary Consumer,Fish Scale Consumer,70,1,0,0.25,29.5,1,BS
2015,2015-08-02,10:55,12:15,LTER 2.5 Forereef Fish Transect 3 Swath 1 m,LTER_2.5,Forereef,10,3,1,Plagiotremus tapeinosoma,Blenniidae,2,60,0,1.93,NA,Secondary Consumer,Fish Scale Consumer,70,1,0,0.25,29.5,1,BS
2015,2015-08-02,10:55,12:15,LTER 2.5 Forereef Fish Transect 3 Swath 1 m,LTER_2.5,Forereef,10,3,1,Plagiotremus tapeinosoma,Blenniidae,2,70,0,3.03,NA,Secondary Consumer,Fish Scale Consumer,70,1,0,0.25,29.5,1,BS
2015,2015-08-02,10:55,12:15,LTER 2.5 Forereef Fish Transect 3 Swath 1 m,LTER_2.5,Forereef,10,3,1,Plectroglyphidodon johnstonianus,Pomacentridae,4,40,0,9.45,NA,Secondary Consumer,Omnivore,70,1,0,0.25,29.5,1,BS
2015,2015-08-02,10:55,12:15,LTER 2.5 Forereef Fish Transect 3 Swath 1 m,LTER_2.5,Forereef,10,3,1,Plectroglyphidodon johnstonianus,Pomacentridae,11,50,0,46.77,NA,Secondary Consumer,Omnivore,70,1,0,0.25,29.5,1,BS
2015,2015-08-02,10:55,12:15,LTER 2.5 Forereef Fish Transect 3 Swath 1 m,LTER_2.5,Forereef,10,3,1,Plectroglyphidodon lacrymatus,Pomacentridae,1,20,0,0.12,NA,Primary Consumer,Omnivore,70,1,0,0.25,29.5,1,BS
2015,2015-08-02,10:55,12:15,LTER 2.5 Forereef Fish Transect 3 Swath 1 m,LTER_2.5,Forereef,10,3,1,Plectroglyphidodon lacrymatus,Pomacentridae,2,40,0,2.27,NA,Primary Consumer,Omnivore,70,1,0,0.25,29.5,1,BS
2015,2015-08-02,10:55,12:15,LTER 2.5 Forereef Fish Transect 3 Swath 1 m,LTER_2.5,Forereef,10,3,1,Plectroglyphidodon lacrymatus,Pomacentridae,6,50,0,13.87,NA,Primary Consumer,Omnivore,70,1,0,0.25,29.5,1,BS
2015,2015-08-02,10:55,12:15,LTER 2.5 Forereef Fish Transect 3 Swath 1 m,LTER_2.5,Forereef,10,3,1,Plectroglyphidodon lacrymatus,Pomacentridae,1,60,0,4.14,NA,Primary Consumer,Omnivore,70,1,0,0.25,29.5,1,BS
2015,2015-08-02,10:55,12:15,LTER 2.5 Forereef Fish Transect 3 Swath 1 m,LTER_2.5,Forereef,10,3,1,Pseudocheilinus hexataenia,Labridae,6,40,0,5.63,NA,Secondary Consumer,Benthic Invertebrate Consumer,70,1,0,0.25,29.5,1,BS
2015,2015-08-02,10:55,12:15,LTER 2.5 Forereef Fish Transect 3 Swath 1 m,LTER_2.5,Forereef,10,3,1,Pseudocheilinus hexataenia,Labridae,6,50,0,10.89,NA,Secondary Consumer,Benthic Invertebrate Consumer,70,1,0,0.25,29.5,1,BS
2015,2015-08-02,10:55,12:15,LTER 2.5 Forereef Fish Transect 3 Swath 1 m,LTER_2.5,Forereef,10,3,1,Pseudocheilinus hexataenia,Labridae,1,55,0,2.41,NA,Secondary Consumer,Benthic Invertebrate Consumer,70,1,0,0.25,29.5,1,BS
2015,2015-08-02,10:55,12:15,LTER 2.5 Forereef Fish Transect 3 Swath 1 m,LTER_2.5,Forereef,10,3,1,Pseudocheilinus tetrataenia,Labridae,1,40,0,0.95,NA,Secondary Consumer,Benthic Invertebrate Consumer,70,1,0,0.25,29.5,1,BS
2015,2015-08-02,10:55,12:15,LTER 2.5 Forereef Fish Transect 3 Swath 5 m,LTER_2.5,Forereef,10,3,5,Acanthurus nigricauda,Acanthuridae,1,215,0,148.2,NA,Primary Consumer,Sediment Sucker,70,1,0,0.25,29.5,1,BS
2015,2015-08-02,10:55,12:15,LTER 2.5 Forereef Fish Transect 3 Swath 5 m,LTER_2.5,Forereef,10,3,5,Acanthurus nigrofuscus,Acanthuridae,21,60,0,86.47,NA,Primary Consumer,Cropper,70,1,0,0.25,29.5,1,BS
2015,2015-08-02,10:55,12:15,LTER 2.5 Forereef Fish Transect 3 Swath 5 m,LTER_2.5,Forereef,10,3,5,Acanthurus nigrofuscus,Acanthuridae,13,110,0,335.5,NA,Primary Consumer,Cropper,70,1,0,0.25,29.5,1,BS
2015,2015-08-02,10:55,12:15,LTER 2.5 Forereef Fish Transect 3 Swath 5 m,LTER_2.5,Forereef,10,3,5,Acanthurus olivaceus,Acanthuridae,3,160,0,234.6,NA,Primary Consumer,Sediment Sucker,70,1,0,0.25,29.5,1,BS
2015,2015-08-02,10:55,12:15,LTER 2.5 Forereef Fish Transect 3 Swath 5 m,LTER_2.5,Forereef,10,3,5,Acanthurus olivaceus,Acanthuridae,1,190,0,130.6,NA,Primary Consumer,Sediment Sucker,70,1,0,0.25,29.5,1,BS
2015,2015-08-02,10:55,12:15,LTER 2.5 Forereef Fish Transect 3 Swath 5 m,LTER_2.5,Forereef,10,3,5,Acanthurus pyroferus,Acanthuridae,3,40,0,4.22,NA,Primary Consumer,Sediment Sucker,70,1,0,0.25,29.5,1,BS
2015,2015-08-02,10:55,12:15,LTER 2.5 Forereef Fish Transect 3 Swath 5 m,LTER_2.5,Forereef,10,3,5,Balistapus undulatus,Balistidae,2,100,0,28.2,NA,Secondary Consumer,Omnivore,70,1,0,0.25,29.5,1,BS
2015,2015-08-02,10:55,12:15,LTER 2.5 Forereef Fish Transect 3 Swath 5 m,LTER_2.5,Forereef,10,3,5,Balistapus undulatus,Balistidae,2,110,0,38.9,NA,Secondary Consumer,Omnivore,70,1,0,0.25,29.5,1,BS
2015,2015-08-02,10:55,12:15,LTER 2.5 Forereef Fish Transect 3 Swath 5 m,LTER_2.5,Forereef,10,3,5,Balistapus undulatus,Balistidae,2,130,0,68.6,NA,Secondary Consumer,Omnivore,70,1,0,0.25,29.5,1,BS
2015,2015-08-02,10:55,12:15,LTER 2.5 Forereef Fish Transect 3 Swath 5 m,LTER_2.5,Forereef,10,3,5,Centropyge bispinosa,Pomacanthidae,8,40,0,24.04,NA,Primary Consumer,Omnivore,70,1,0,0.25,29.5,1,BS
2015,2015-08-02,10:55,12:15,LTER 2.5 Forereef Fish Transect 3 Swath 5 m,LTER_2.5,Forereef,10,3,5,Centropyge bispinosa,Pomacanthidae,9,50,0,44.79,NA,Primary Consumer,Omnivore,70,1,0,0.25,29.5,1,BS
2015,2015-08-02,10:55,12:15,LTER 2.5 Forereef Fish Transect 3 Swath 5 m,LTER_2.5,Forereef,10,3,5,Centropyge flavissima,Pomacanthidae,1,30,0,1.26,NA,Primary Consumer,Omnivore,70,1,0,0.25,29.5,1,BS
2015,2015-08-02,10:55,12:15,LTER 2.5 Forereef Fish Transect 3 Swath 5 m,LTER_2.5,Forereef,10,3,5,Centropyge flavissima,Pomacanthidae,10,40,0,26.53,NA,Primary Consumer,Omnivore,70,1,0,0.25,29.5,1,BS
2015,2015-08-02,10:55,12:15,LTER 2.5 Forereef Fish Transect 3 Swath 5 m,LTER_2.5,Forereef,10,3,5,Centropyge flavissima,Pomacanthidae,11,50,0,51.86,NA,Primary Consumer,Omnivore,70,1,0,0.25,29.5,1,BS
2015,2015-08-02,10:55,12:15,LTER 2.5 Forereef Fish Transect 3 Swath 5 m,LTER_2.5,Forereef,10,3,5,Centropyge loriculus,Pomacanthidae,2,50,0,6.47,NA,Primary Consumer,Omnivore,70,1,0,0.25,29.5,1,BS
2015,2015-08-02,10:55,12:15,LTER 2.5 Forereef Fish Transect 3 Swath 5 m,LTER_2.5,Forereef,10,3,5,Cephalopholis argus,Serranidae,1,150,0,51.2,NA,Piscivore_primarily,Piscivore,70,1,0,0.25,29.5,1,BS
2015,2015-08-02,10:55,12:15,LTER 2.5 Forereef Fish Transect 3 Swath 5 m,LTER_2.5,Forereef,10,3,5,Cephalopholis argus,Serranidae,1,200,0,128,NA,Piscivore_primarily,Piscivore,70,1,0,0.25,29.5,1,BS
2015,2015-08-02,10:55,12:15,LTER 2.5 Forereef Fish Transect 3 Swath 5 m,LTER_2.5,Forereef,10,3,5,Cephalopholis argus,Serranidae,1,220,0,173.3,NA,Piscivore_primarily,Piscivore,70,1,0,0.25,29.5,1,BS
2015,2015-08-02,10:55,12:15,LTER 2.5 Forereef Fish Transect 3 Swath 5 m,LTER_2.5,Forereef,10,3,5,Cephalopholis argus,Serranidae,1,230,0,199.6,NA,Piscivore_primarily,Piscivore,70,1,0,0.25,29.5,1,BS
2015,2015-08-02,10:55,12:15,LTER 2.5 Forereef Fish Transect 3 Swath 5 m,LTER_2.5,Forereef,10,3,5,Cephalopholis urodeta,Serranidae,1,130,0,38.8,NA,Piscivore_primarily,Piscivore,70,1,0,0.25,29.5,1,BS
2015,2015-08-02,10:55,12:15,LTER 2.5 Forereef Fish Transect 3 Swath 5 m,LTER_2.5,Forereef,10,3,5,Chaetodon quadrimaculatus,Chaetodontidae,1,90,0,21.8,NA,Secondary Consumer,Corallivore,70,1,0,0.25,29.5,1,BS
2015,2015-08-02,10:55,12:15,LTER 2.5 Forereef Fish Transect 3 Swath 5 m,LTER_2.5,Forereef,10,3,5,Chaetodon reticulatus,Chaetodontidae,3,110,0,115,NA,Secondary Consumer,Corallivore,70,1,0,0.25,29.5,1,BS
2015,2015-08-02,10:55,12:15,LTER 2.5 Forereef Fish Transect 3 Swath 5 m,LTER_2.5,Forereef,10,3,5,Chaetodon vagabundus,Chaetodontidae,2,120,0,89.8,NA,Secondary Consumer,Corallivore,70,1,0,0.25,29.5,1,BS
2015,2015-08-02,10:55,12:15,LTER 2.5 Forereef Fish Transect 3 Swath 5 m,LTER_2.5,Forereef,10,3,5,Chlorurus spilurus,Scaridae,27,150,0,2036,IP,Primary Consumer,Excavator,70,1,0,0.25,29.5,1,BS
2015,2015-08-02,10:55,12:15,LTER 2.5 Forereef Fish Transect 3 Swath 5 m,LTER_2.5,Forereef,10,3,5,Chlorurus spilurus,Scaridae,1,200,0,177.2,IP,Primary Consumer,Excavator,70,1,0,0.25,29.5,1,BS
2015,2015-08-02,10:55,12:15,LTER 2.5 Forereef Fish Transect 3 Swath 5 m,LTER_2.5,Forereef,10,3,5,Chlorurus spilurus,Scaridae,1,210,0,204.8,TP,Primary Consumer,Excavator,70,1,0,0.25,29.5,1,BS
2015,2015-08-02,10:55,12:15,LTER 2.5 Forereef Fish Transect 3 Swath 5 m,LTER_2.5,Forereef,10,3,5,Chlorurus spilurus,Scaridae,1,220,0,235.1,TP,Primary Consumer,Excavator,70,1,0,0.25,29.5,1,BS
2015,2015-08-02,10:55,12:15,LTER 2.5 Forereef Fish Transect 3 Swath 5 m,LTER_2.5,Forereef,10,3,5,Chlorurus spilurus,Scaridae,2,230,0,536.5,TP,Primary Consumer,Excavator,70,1,0,0.25,29.5,1,BS
2015,2015-08-02,10:55,12:15,LTER 2.5 Forereef Fish Transect 3 Swath 5 m,LTER_2.5,Forereef,10,3,5,Cirrhilabrus exquisitus,Labridae,30,30,0,9.85,NA,Planktivore,Planktivore_exclusively,70,1,0,0.25,29.5,1,BS
2015,2015-08-02,10:55,12:15,LTER 2.5 Forereef Fish Transect 3 Swath 5 m,LTER_2.5,Forereef,10,3,5,Cirrhilabrus scottorum,Labridae,20,40,0,17.53,NA,Secondary Consumer,Benthic Invertebrate Consumer,70,1,0,0.25,29.5,1,BS
2015,2015-08-02,10:55,12:15,LTER 2.5 Forereef Fish Transect 3 Swath 5 m,LTER_2.5,Forereef,10,3,5,Cirrhilabrus scottorum,Labridae,32,90,0,369.08,NA,Secondary Consumer,Benthic Invertebrate Consumer,70,1,0,0.25,29.5,1,BS
2015,2015-08-02,10:55,12:15,LTER 2.5 Forereef Fish Transect 3 Swath 5 m,LTER_2.5,Forereef,10,3,5,Coris gaimard,Labridae,1,215,0,140.8,NA,Secondary Consumer,Benthic Invertebrate Consumer,70,1,0,0.25,29.5,1,BS
2015,2015-08-02,10:55,12:15,LTER 2.5 Forereef Fish Transect 3 Swath 5 m,LTER_2.5,Forereef,10,3,5,Ctenochaetus binotatus,Acanthuridae,7,50,0,24.18,NA,Primary Consumer,Brusher,70,1,0,0.25,29.5,1,BS
2015,2015-08-02,10:55,12:15,LTER 2.5 Forereef Fish Transect 3 Swath 5 m,LTER_2.5,Forereef,10,3,5,Ctenochaetus binotatus,Acanthuridae,11,70,0,99.98,NA,Primary Consumer,Brusher,70,1,0,0.25,29.5,1,BS
2015,2015-08-02,10:55,12:15,LTER 2.5 Forereef Fish Transect 3 Swath 5 m,LTER_2.5,Forereef,10,3,5,Ctenochaetus flavicauda,Acanthuridae,8,60,0,37.35,NA,Primary Consumer,Brusher,70,1,0,0.25,29.5,1,BS
2015,2015-08-02,10:55,12:15,LTER 2.5 Forereef Fish Transect 3 Swath 5 m,LTER_2.5,Forereef,10,3,5,Ctenochaetus striatus,Acanthuridae,9,120,0,282.4,NA,Primary Consumer,Brusher,70,1,0,0.25,29.5,1,BS
2015,2015-08-02,10:55,12:15,LTER 2.5 Forereef Fish Transect 3 Swath 5 m,LTER_2.5,Forereef,10,3,5,Dascyllus trimaculatus,Pomacentridae,6,50,0,20.71,NA,Planktivore,Omnivore,70,1,0,0.25,29.5,1,BS
2015,2015-08-02,10:55,12:15,LTER 2.5 Forereef Fish Transect 3 Swath 5 m,LTER_2.5,Forereef,10,3,5,Dascyllus trimaculatus,Pomacentridae,1,70,0,9.61,NA,Planktivore,Omnivore,70,1,0,0.25,29.5,1,BS
2015,2015-08-02,10:55,12:15,LTER 2.5 Forereef Fish Transect 3 Swath 5 m,LTER_2.5,Forereef,10,3,5,Dascyllus trimaculatus,Pomacentridae,1,80,0,14.43,NA,Planktivore,Omnivore,70,1,0,0.25,29.5,1,BS
2015,2015-08-02,10:55,12:15,LTER 2.5 Forereef Fish Transect 3 Swath 5 m,LTER_2.5,Forereef,10,3,5,Epibulus insidiator,Labridae,1,150,0,58.9,NA,Piscivore_primarily,Piscivore,70,1,0,0.25,29.5,1,BS
2015,2015-08-02,10:55,12:15,LTER 2.5 Forereef Fish Transect 3 Swath 5 m,LTER_2.5,Forereef,10,3,5,Epibulus insidiator,Labridae,1,200,0,142.9,NA,Piscivore_primarily,Piscivore,70,1,0,0.25,29.5,1,BS
2015,2015-08-02,10:55,12:15,LTER 2.5 Forereef Fish Transect 3 Swath 5 m,LTER_2.5,Forereef,10,3,5,Epibulus insidiator,Labridae,1,210,0,166.1,NA,Piscivore_primarily,Piscivore,70,1,0,0.25,29.5,1,BS
2015,2015-08-02,10:55,12:15,LTER 2.5 Forereef Fish Transect 3 Swath 5 m,LTER_2.5,Forereef,10,3,5,Epibulus insidiator,Labridae,1,230,0,219.8,NA,Piscivore_primarily,Piscivore,70,1,0,0.25,29.5,1,BS
2015,2015-08-02,10:55,12:15,LTER 2.5 Forereef Fish Transect 3 Swath 5 m,LTER_2.5,Forereef,10,3,5,Gomphosus varius,Labridae,2,50,0,2.85,NA,Secondary Consumer,Benthic Invertebrate Consumer,70,1,0,0.25,29.5,1,BS
2015,2015-08-02,10:55,12:15,LTER 2.5 Forereef Fish Transect 3 Swath 5 m,LTER_2.5,Forereef,10,3,5,Gomphosus varius,Labridae,2,60,0,4.67,NA,Secondary Consumer,Benthic Invertebrate Consumer,70,1,0,0.25,29.5,1,BS
2015,2015-08-02,10:55,12:15,LTER 2.5 Forereef Fish Transect 3 Swath 5 m,LTER_2.5,Forereef,10,3,5,Gomphosus varius,Labridae,1,190,0,52.6,NA,Secondary Consumer,Benthic Invertebrate Consumer,70,1,0,0.25,29.5,1,BS
2015,2015-08-02,10:55,12:15,LTER 2.5 Forereef Fish Transect 3 Swath 5 m,LTER_2.5,Forereef,10,3,5,Halichoeres claudia,Labridae,1,40,0,1.01,NA,Secondary Consumer,Benthic Invertebrate Consumer,70,1,0,0.25,29.5,1,BS
2015,2015-08-02,10:55,12:15,LTER 2.5 Forereef Fish Transect 3 Swath 5 m,LTER_2.5,Forereef,10,3,5,Halichoeres claudia,Labridae,1,50,0,1.96,NA,Secondary Consumer,Benthic Invertebrate Consumer,70,1,0,0.25,29.5,1,BS
2015,2015-08-02,10:55,12:15,LTER 2.5 Forereef Fish Transect 3 Swath 5 m,LTER_2.5,Forereef,10,3,5,Halichoeres claudia,Labridae,3,60,0,10.13,NA,Secondary Consumer,Benthic Invertebrate Consumer,70,1,0,0.25,29.5,1,BS
2015,2015-08-02,10:55,12:15,LTER 2.5 Forereef Fish Transect 3 Swath 5 m,LTER_2.5,Forereef,10,3,5,Halichoeres claudia,Labridae,4,70,0,21.4,NA,Secondary Consumer,Benthic Invertebrate Consumer,70,1,0,0.25,29.5,1,BS
2015,2015-08-02,10:55,12:15,LTER 2.5 Forereef Fish Transect 3 Swath 5 m,LTER_2.5,Forereef,10,3,5,Halichoeres claudia,Labridae,1,80,0,7.97,NA,Secondary Consumer,Benthic Invertebrate Consumer,70,1,0,0.25,29.5,1,BS
2015,2015-08-02,10:55,12:15,LTER 2.5 Forereef Fish Transect 3 Swath 5 m,LTER_2.5,Forereef,10,3,5,Halichoeres claudia,Labridae,1,100,0,15.5,NA,Secondary Consumer,Benthic Invertebrate Consumer,70,1,0,0.25,29.5,1,BS
2015,2015-08-02,10:55,12:15,LTER 2.5 Forereef Fish Transect 3 Swath 5 m,LTER_2.5,Forereef,10,3,5,Halichoeres hortulanus,Labridae,1,50,0,1.96,NA,Secondary Consumer,Benthic Invertebrate Consumer,70,1,0,0.25,29.5,1,BS
2015,2015-08-02,10:55,12:15,LTER 2.5 Forereef Fish Transect 3 Swath 5 m,LTER_2.5,Forereef,10,3,5,Halichoeres hortulanus,Labridae,1,130,0,34,NA,Secondary Consumer,Benthic Invertebrate Consumer,70,1,0,0.25,29.5,1,BS
2015,2015-08-02,10:55,12:15,LTER 2.5 Forereef Fish Transect 3 Swath 5 m,LTER_2.5,Forereef,10,3,5,Hologymnosus annulatus,Labridae,1,120,0,26.5,NA,Piscivore_primarily,Piscivore,70,1,0,0.25,29.5,1,BS
2015,2015-08-02,10:55,12:15,LTER 2.5 Forereef Fish Transect 3 Swath 5 m,LTER_2.5,Forereef,10,3,5,Labroides dimidiatus,Labridae,3,60,0,5.78,NA,Secondary Consumer,Benthic Invertebrate Consumer,70,1,0,0.25,29.5,1,BS
2015,2015-08-02,10:55,12:15,LTER 2.5 Forereef Fish Transect 3 Swath 5 m,LTER_2.5,Forereef,10,3,5,Labroides dimidiatus,Labridae,2,70,0,6.34,NA,Secondary Consumer,Benthic Invertebrate Consumer,70,1,0,0.25,29.5,1,BS
2015,2015-08-02,10:55,12:15,LTER 2.5 Forereef Fish Transect 3 Swath 5 m,LTER_2.5,Forereef,10,3,5,Labroides rubrolabiatus,Labridae,1,60,0,1.93,NA,Secondary Consumer,Benthic Invertebrate Consumer,70,1,0,0.25,29.5,1,BS
2015,2015-08-02,10:55,12:15,LTER 2.5 Forereef Fish Transect 3 Swath 5 m,LTER_2.5,Forereef,10,3,5,Macropharyngodon meleagris,Labridae,1,30,0,0.28,NA,Secondary Consumer,Benthic Invertebrate Consumer,70,1,0,0.25,29.5,1,BS
2015,2015-08-02,10:55,12:15,LTER 2.5 Forereef Fish Transect 3 Swath 5 m,LTER_2.5,Forereef,10,3,5,Macropharyngodon meleagris,Labridae,2,50,0,2.73,NA,Secondary Consumer,Benthic Invertebrate Consumer,70,1,0,0.25,29.5,1,BS
2015,2015-08-02,10:55,12:15,LTER 2.5 Forereef Fish Transect 3 Swath 5 m,LTER_2.5,Forereef,10,3,5,Macropharyngodon meleagris,Labridae,2,60,0,4.78,NA,Secondary Consumer,Benthic Invertebrate Consumer,70,1,0,0.25,29.5,1,BS
2015,2015-08-02,10:55,12:15,LTER 2.5 Forereef Fish Transect 3 Swath 5 m,LTER_2.5,Forereef,10,3,5,Macropharyngodon meleagris,Labridae,1,70,0,3.84,NA,Secondary Consumer,Benthic Invertebrate Consumer,70,1,0,0.25,29.5,1,BS
2015,2015-08-02,10:55,12:15,LTER 2.5 Forereef Fish Transect 3 Swath 5 m,LTER_2.5,Forereef,10,3,5,Melichthys niger,Balistidae,4,150,0,223.1,NA,Primary Consumer,Omnivore,70,1,0,0.25,29.5,1,BS
2015,2015-08-02,10:55,12:15,LTER 2.5 Forereef Fish Transect 3 Swath 5 m,LTER_2.5,Forereef,10,3,5,Melichthys vidua,Balistidae,3,160,0,208.2,NA,Primary Consumer,Omnivore,70,1,0,0.25,29.5,1,BS
2015,2015-08-02,10:55,12:15,LTER 2.5 Forereef Fish Transect 3 Swath 5 m,LTER_2.5,Forereef,10,3,5,Naso lituratus,Acanthuridae,1,150,0,31.8,NA,Primary Consumer,Browser,70,1,0,0.25,29.5,1,BS
2015,2015-08-02,10:55,12:15,LTER 2.5 Forereef Fish Transect 3 Swath 5 m,LTER_2.5,Forereef,10,3,5,Naso lituratus,Acanthuridae,1,240,0,146.5,NA,Primary Consumer,Browser,70,1,0,0.25,29.5,1,BS
2015,2015-08-02,10:55,12:15,LTER 2.5 Forereef Fish Transect 3 Swath 5 m,LTER_2.5,Forereef,10,3,5,Naso lituratus,Acanthuridae,1,260,0,190,NA,Primary Consumer,Browser,70,1,0,0.25,29.5,1,BS
2015,2015-08-02,10:55,12:15,LTER 2.5 Forereef Fish Transect 3 Swath 5 m,LTER_2.5,Forereef,10,3,5,Parupeneus multifasciatus,Mullidae,2,60,0,12.06,NA,Secondary Consumer,Benthic Invertebrate Consumer,70,1,0,0.25,29.5,1,BS
2015,2015-08-02,10:55,12:15,LTER 2.5 Forereef Fish Transect 3 Swath 5 m,LTER_2.5,Forereef,10,3,5,Parupeneus multifasciatus,Mullidae,2,80,0,29.64,NA,Secondary Consumer,Benthic Invertebrate Consumer,70,1,0,0.25,29.5,1,BS
2015,2015-08-02,10:55,12:15,LTER 2.5 Forereef Fish Transect 3 Swath 5 m,LTER_2.5,Forereef,10,3,5,Parupeneus multifasciatus,Mullidae,1,90,0,21.41,NA,Secondary Consumer,Benthic Invertebrate Consumer,70,1,0,0.25,29.5,1,BS
2015,2015-08-02,10:55,12:15,LTER 2.5 Forereef Fish Transect 3 Swath 5 m,LTER_2.5,Forereef,10,3,5,Parupeneus multifasciatus,Mullidae,1,120,0,52.6,NA,Secondary Consumer,Benthic Invertebrate Consumer,70,1,0,0.25,29.5,1,BS
2015,2015-08-02,10:55,12:15,LTER 2.5 Forereef Fish Transect 3 Swath 5 m,LTER_2.5,Forereef,10,3,5,Pomachromis fuscidorsalis,Pomacentridae,63,50,0,116.47,NA,Planktivore,Planktivore_exclusively,70,1,0,0.25,29.5,1,BS
2015,2015-08-02,10:55,12:15,LTER 2.5 Forereef Fish Transect 3 Swath 5 m,LTER_2.5,Forereef,10,3,5,Pseudojuloides atavai,Labridae,1,90,0,8.31,NA,Secondary Consumer,Benthic Invertebrate Consumer,70,1,0,0.25,29.5,1,BS
2015,2015-08-02,10:55,12:15,LTER 2.5 Forereef Fish Transect 3 Swath 5 m,LTER_2.5,Forereef,10,3,5,Pycnochromis acares,Pomacentridae,80,30,0,37.32,NA,Planktivore,Planktivore_exclusively,70,1,0,0.25,29.5,1,BS
2015,2015-08-02,10:55,12:15,LTER 2.5 Forereef Fish Transect 3 Swath 5 m,LTER_2.5,Forereef,10,3,5,Pycnochromis iomelas,Pomacentridae,34,40,0,24.76,NA,Planktivore,Omnivore,70,1,0,0.25,29.5,1,BS
2015,2015-08-02,10:55,12:15,LTER 2.5 Forereef Fish Transect 3 Swath 5 m,LTER_2.5,Forereef,10,3,5,Pycnochromis margaritifer,Pomacentridae,19,50,0,29.5,NA,Planktivore,Omnivore,70,1,0,0.25,29.5,1,BS
2015,2015-08-02,10:55,12:15,LTER 2.5 Forereef Fish Transect 3 Swath 5 m,LTER_2.5,Forereef,10,3,5,Pycnochromis vanderbilti,Pomacentridae,130,40,0,150.77,NA,Planktivore,Planktivore_exclusively,70,1,0,0.25,29.5,1,BS
2015,2015-08-02,10:55,12:15,LTER 2.5 Forereef Fish Transect 3 Swath 5 m,LTER_2.5,Forereef,10,3,5,Scarus globiceps,Scaridae,1,190,0,144.8,IP,Primary Consumer,Scraper,70,1,0,0.25,29.5,1,BS
2015,2015-08-02,10:55,12:15,LTER 2.5 Forereef Fish Transect 3 Swath 5 m,LTER_2.5,Forereef,10,3,5,Scarus oviceps,Scaridae,1,190,0,148,IP,Primary Consumer,Scraper,70,1,0,0.25,29.5,1,BS
2015,2015-08-02,10:55,12:15,LTER 2.5 Forereef Fish Transect 3 Swath 5 m,LTER_2.5,Forereef,10,3,5,Scarus oviceps,Scaridae,1,200,0,174.2,IP,Primary Consumer,Scraper,70,1,0,0.25,29.5,1,BS
2015,2015-08-02,10:55,12:15,LTER 2.5 Forereef Fish Transect 3 Swath 5 m,LTER_2.5,Forereef,10,3,5,Scarus psittacus,Scaridae,47,130,0,2085,IP,Primary Consumer,Scraper,70,1,0,0.25,29.5,1,BS
2015,2015-08-02,10:55,12:15,LTER 2.5 Forereef Fish Transect 3 Swath 5 m,LTER_2.5,Forereef,10,3,5,Stethojulis bandanensis,Labridae,1,50,0,1.93,NA,Secondary Consumer,Benthic Invertebrate Consumer,70,1,0,0.25,29.5,1,BS
2015,2015-08-02,10:55,12:15,LTER 2.5 Forereef Fish Transect 3 Swath 5 m,LTER_2.5,Forereef,10,3,5,Stethojulis bandanensis,Labridae,1,75,0,5.5,NA,Secondary Consumer,Benthic Invertebrate Consumer,70,1,0,0.25,29.5,1,BS
2015,2015-08-02,10:55,12:15,LTER 2.5 Forereef Fish Transect 3 Swath 5 m,LTER_2.5,Forereef,10,3,5,Sufflamen bursa,Balistidae,3,110,0,109.1,NA,Secondary Consumer,Omnivore,70,1,0,0.25,29.5,1,BS
2015,2015-08-02,10:55,12:15,LTER 2.5 Forereef Fish Transect 3 Swath 5 m,LTER_2.5,Forereef,10,3,5,Sufflamen bursa,Balistidae,1,120,0,46.9,NA,Secondary Consumer,Omnivore,70,1,0,0.25,29.5,1,BS
2015,2015-08-02,10:55,12:15,LTER 2.5 Forereef Fish Transect 3 Swath 5 m,LTER_2.5,Forereef,10,3,5,Thalassoma quinquevittatum,Labridae,2,50,0,2.74,NA,Secondary Consumer,Benthic Invertebrate Consumer,70,1,0,0.25,29.5,1,BS
2015,2015-08-02,10:55,12:15,LTER 2.5 Forereef Fish Transect 3 Swath 5 m,LTER_2.5,Forereef,10,3,5,Thalassoma quinquevittatum,Labridae,2,60,0,4.79,NA,Secondary Consumer,Benthic Invertebrate Consumer,70,1,0,0.25,29.5,1,BS
2015,2015-08-02,10:55,12:15,LTER 2.5 Forereef Fish Transect 3 Swath 5 m,LTER_2.5,Forereef,10,3,5,Thalassoma quinquevittatum,Labridae,1,70,0,3.84,NA,Secondary Consumer,Benthic Invertebrate Consumer,70,1,0,0.25,29.5,1,BS
2015,2015-08-02,10:55,12:15,LTER 2.5 Forereef Fish Transect 3 Swath 5 m,LTER_2.5,Forereef,10,3,5,Thalassoma quinquevittatum,Labridae,2,80,0,11.54,NA,Secondary Consumer,Benthic Invertebrate Consumer,70,1,0,0.25,29.5,1,BS
2015,2015-08-02,10:55,12:15,LTER 2.5 Forereef Fish Transect 3 Swath 5 m,LTER_2.5,Forereef,10,3,5,Thalassoma quinquevittatum,Labridae,2,100,0,22.8,NA,Secondary Consumer,Benthic Invertebrate Consumer,70,1,0,0.25,29.5,1,BS
2015,2015-08-02,10:55,12:15,LTER 2.5 Forereef Fish Transect 3 Swath 5 m,LTER_2.5,Forereef,10,3,5,Thalassoma quinquevittatum,Labridae,2,110,0,30.6,NA,Secondary Consumer,Benthic Invertebrate Consumer,70,1,0,0.25,29.5,1,BS
2015,2015-08-02,10:55,12:15,LTER 2.5 Forereef Fish Transect 3 Swath 5 m,LTER_2.5,Forereef,10,3,5,Zebrasoma scopas,Acanthuridae,1,40,0,1.84,NA,Primary Consumer,Concealed Cropper,70,1,0,0.25,29.5,1,BS
2015,2015-08-02,10:55,12:15,LTER 2.5 Forereef Fish Transect 3 Swath 5 m,LTER_2.5,Forereef,10,3,5,Zebrasoma scopas,Acanthuridae,8,100,0,229.1,NA,Primary Consumer,Concealed Cropper,70,1,0,0.25,29.5,1,BS
2015,2015-07-31,10:50,11:45,LTER 4.25 Forereef Fish Transect 1 Swath 1 m,LTER_4.25,Forereef,10,1,1,Neocirrhites armatus,Cirrhitidae,3,35,0,1.67,NA,Secondary Consumer,Benthic Invertebrate Consumer,100,1,0,1.5,34.4,1,GB
2015,2015-07-31,10:50,11:45,LTER 4.25 Forereef Fish Transect 1 Swath 1 m,LTER_4.25,Forereef,10,1,1,Paracirrhites arcatus,Cirrhitidae,2,30,0,0.67,NA,Secondary Consumer,Benthic Invertebrate Consumer,100,1,0,1.5,34.4,1,GB
2015,2015-07-31,10:50,11:45,LTER 4.25 Forereef Fish Transect 1 Swath 1 m,LTER_4.25,Forereef,10,1,1,Paracirrhites arcatus,Cirrhitidae,1,35,0,0.56,NA,Secondary Consumer,Benthic Invertebrate Consumer,100,1,0,1.5,34.4,1,GB
2015,2015-07-31,10:50,11:45,LTER 4.25 Forereef Fish Transect 1 Swath 1 m,LTER_4.25,Forereef,10,1,1,Paracirrhites arcatus,Cirrhitidae,1,45,0,1.27,NA,Secondary Consumer,Benthic Invertebrate Consumer,100,1,0,1.5,34.4,1,GB
2015,2015-07-31,10:50,11:45,LTER 4.25 Forereef Fish Transect 1 Swath 1 m,LTER_4.25,Forereef,10,1,1,Plectroglyphidodon johnstonianus,Pomacentridae,3,40,0,7.08,NA,Secondary Consumer,Omnivore,100,1,0,1.5,34.4,1,GB
2015,2015-07-31,10:50,11:45,LTER 4.25 Forereef Fish Transect 1 Swath 1 m,LTER_4.25,Forereef,10,1,1,Pseudocheilinus octotaenia,Labridae,1,40,0,0.95,NA,Secondary Consumer,Benthic Invertebrate Consumer,100,1,0,1.5,34.4,1,GB
2015,2015-07-31,10:50,11:45,LTER 4.25 Forereef Fish Transect 1 Swath 5 m,LTER_4.25,Forereef,10,1,5,Acanthurus nigricans,Acanthuridae,2,140,0,139.9,NA,Primary Consumer,Cropper,100,1,0,1.5,34.4,1,GB
2015,2015-07-31,10:50,11:45,LTER 4.25 Forereef Fish Transect 1 Swath 5 m,LTER_4.25,Forereef,10,1,5,Acanthurus nigroris,Acanthuridae,6,160,0,499.2,NA,Primary Consumer,Cropper,100,1,0,1.5,34.4,1,GB
2015,2015-07-31,10:50,11:45,LTER 4.25 Forereef Fish Transect 1 Swath 5 m,LTER_4.25,Forereef,10,1,5,Acanthurus nigroris,Acanthuridae,1,170,0,99.7,NA,Primary Consumer,Cropper,100,1,0,1.5,34.4,1,GB
2015,2015-07-31,10:50,11:45,LTER 4.25 Forereef Fish Transect 1 Swath 5 m,LTER_4.25,Forereef,10,1,5,Acanthurus olivaceus,Acanthuridae,2,200,0,304.3,NA,Primary Consumer,Sediment Sucker,100,1,0,1.5,34.4,1,GB
2015,2015-07-31,10:50,11:45,LTER 4.25 Forereef Fish Transect 1 Swath 5 m,LTER_4.25,Forereef,10,1,5,Acanthurus olivaceus,Acanthuridae,3,220,0,606.5,NA,Primary Consumer,Sediment Sucker,100,1,0,1.5,34.4,1,GB
2015,2015-07-31,10:50,11:45,LTER 4.25 Forereef Fish Transect 1 Swath 5 m,LTER_4.25,Forereef,10,1,5,Acanthurus olivaceus,Acanthuridae,1,230,0,230.8,NA,Primary Consumer,Sediment Sucker,100,1,0,1.5,34.4,1,GB
2015,2015-07-31,10:50,11:45,LTER 4.25 Forereef Fish Transect 1 Swath 5 m,LTER_4.25,Forereef,10,1,5,Calotomus carolinus,Scaridae,1,240,0,306.3,IP,Primary Consumer,Browser,100,1,0,1.5,34.4,1,GB
2015,2015-07-31,10:50,11:45,LTER 4.25 Forereef Fish Transect 1 Swath 5 m,LTER_4.25,Forereef,10,1,5,Cantherhines sandwichiensis,Monacanthidae,2,170,0,144.5,NA,Primary Consumer,Omnivore,100,1,0,1.5,34.4,1,GB
2015,2015-07-31,10:50,11:45,LTER 4.25 Forereef Fish Transect 1 Swath 5 m,LTER_4.25,Forereef,10,1,5,Centropyge bispinosa,Pomacanthidae,5,30,0,7.84,NA,Primary Consumer,Omnivore,100,1,0,1.5,34.4,1,GB
2015,2015-07-31,10:50,11:45,LTER 4.25 Forereef Fish Transect 1 Swath 5 m,LTER_4.25,Forereef,10,1,5,Centropyge flavissima,Pomacanthidae,4,35,0,7.52,NA,Primary Consumer,Omnivore,100,1,0,1.5,34.4,1,GB
2015,2015-07-31,10:50,11:45,LTER 4.25 Forereef Fish Transect 1 Swath 5 m,LTER_4.25,Forereef,10,1,5,Centropyge flavissima,Pomacanthidae,3,50,0,14.14,NA,Primary Consumer,Omnivore,100,1,0,1.5,34.4,1,GB
2015,2015-07-31,10:50,11:45,LTER 4.25 Forereef Fish Transect 1 Swath 5 m,LTER_4.25,Forereef,10,1,5,Centropyge loriculus,Pomacanthidae,2,30,0,1.48,NA,Primary Consumer,Omnivore,100,1,0,1.5,34.4,1,GB
2015,2015-07-31,10:50,11:45,LTER 4.25 Forereef Fish Transect 1 Swath 5 m,LTER_4.25,Forereef,10,1,5,Chaetodon pelewensis,Chaetodontidae,15,50,0,46.27,NA,Secondary Consumer,Corallivore,100,1,0,1.5,34.4,1,GB
2015,2015-07-31,10:50,11:45,LTER 4.25 Forereef Fish Transect 1 Swath 5 m,LTER_4.25,Forereef,10,1,5,Chlorurus spilurus,Scaridae,9,180,0,1166.1,IP,Primary Consumer,Excavator,100,1,0,1.5,34.4,1,GB
2015,2015-07-31,10:50,11:45,LTER 4.25 Forereef Fish Transect 1 Swath 5 m,LTER_4.25,Forereef,10,1,5,Cirrhilabrus scottorum,Labridae,1,40,0,0.88,NA,Secondary Consumer,Benthic Invertebrate Consumer,100,1,0,1.5,34.4,1,GB
2015,2015-07-31,10:50,11:45,LTER 4.25 Forereef Fish Transect 1 Swath 5 m,LTER_4.25,Forereef,10,1,5,Ctenochaetus flavicauda,Acanthuridae,5,40,0,6.76,NA,Primary Consumer,Brusher,100,1,0,1.5,34.4,1,GB
2015,2015-07-31,10:50,11:45,LTER 4.25 Forereef Fish Transect 1 Swath 5 m,LTER_4.25,Forereef,10,1,5,Ctenochaetus striatus,Acanthuridae,1,40,0,1.08,NA,Primary Consumer,Brusher,100,1,0,1.5,34.4,1,GB
2015,2015-07-31,10:50,11:45,LTER 4.25 Forereef Fish Transect 1 Swath 5 m,LTER_4.25,Forereef,10,1,5,Ctenochaetus striatus,Acanthuridae,3,50,0,6.44,NA,Primary Consumer,Brusher,100,1,0,1.5,34.4,1,GB
2015,2015-07-31,10:50,11:45,LTER 4.25 Forereef Fish Transect 1 Swath 5 m,LTER_4.25,Forereef,10,1,5,Ctenochaetus striatus,Acanthuridae,2,70,0,12.04,NA,Primary Consumer,Brusher,100,1,0,1.5,34.4,1,GB
2015,2015-07-31,10:50,11:45,LTER 4.25 Forereef Fish Transect 1 Swath 5 m,LTER_4.25,Forereef,10,1,5,Ctenochaetus striatus,Acanthuridae,7,140,0,352.2,NA,Primary Consumer,Brusher,100,1,0,1.5,34.4,1,GB
2015,2015-07-31,10:50,11:45,LTER 4.25 Forereef Fish Transect 1 Swath 5 m,LTER_4.25,Forereef,10,1,5,Ctenochaetus striatus,Acanthuridae,1,160,0,75.7,NA,Primary Consumer,Brusher,100,1,0,1.5,34.4,1,GB
2015,2015-07-31,10:50,11:45,LTER 4.25 Forereef Fish Transect 1 Swath 5 m,LTER_4.25,Forereef,10,1,5,Dascyllus flavicaudus,Pomacentridae,3,50,0,11.93,NA,Planktivore,Omnivore,100,1,0,1.5,34.4,1,GB
2015,2015-07-31,10:50,11:45,LTER 4.25 Forereef Fish Transect 1 Swath 5 m,LTER_4.25,Forereef,10,1,5,Halichoeres claudia,Labridae,1,70,0,5.35,NA,Secondary Consumer,Benthic Invertebrate Consumer,100,1,0,1.5,34.4,1,GB
2015,2015-07-31,10:50,11:45,LTER 4.25 Forereef Fish Transect 1 Swath 5 m,LTER_4.25,Forereef,10,1,5,Labroides bicolor,Labridae,1,70,0,3.17,NA,Secondary Consumer,Benthic Invertebrate Consumer,100,1,0,1.5,34.4,1,GB
2015,2015-07-31,10:50,11:45,LTER 4.25 Forereef Fish Transect 1 Swath 5 m,LTER_4.25,Forereef,10,1,5,Labroides dimidiatus,Labridae,1,70,0,3.17,NA,Secondary Consumer,Benthic Invertebrate Consumer,100,1,0,1.5,34.4,1,GB
2015,2015-07-31,10:50,11:45,LTER 4.25 Forereef Fish Transect 1 Swath 5 m,LTER_4.25,Forereef,10,1,5,Labroides rubrolabiatus,Labridae,1,60,0,1.93,NA,Secondary Consumer,Benthic Invertebrate Consumer,100,1,0,1.5,34.4,1,GB
2015,2015-07-31,10:50,11:45,LTER 4.25 Forereef Fish Transect 1 Swath 5 m,LTER_4.25,Forereef,10,1,5,Melichthys vidua,Balistidae,3,180,0,310.6,NA,Primary Consumer,Omnivore,100,1,0,1.5,34.4,1,GB
2015,2015-07-31,10:50,11:45,LTER 4.25 Forereef Fish Transect 1 Swath 5 m,LTER_4.25,Forereef,10,1,5,Novaculichthys taeniourus,Labridae,1,210,0,249.7,NA,Secondary Consumer,Benthic Invertebrate Consumer,100,1,0,1.5,34.4,1,GB
2015,2015-07-31,10:50,11:45,LTER 4.25 Forereef Fish Transect 1 Swath 5 m,LTER_4.25,Forereef,10,1,5,Odonus niger,Balistidae,15,180,0,1188.4,NA,Planktivore,Planktivore_exclusively,100,1,0,1.5,34.4,1,GB
2015,2015-07-31,10:50,11:45,LTER 4.25 Forereef Fish Transect 1 Swath 5 m,LTER_4.25,Forereef,10,1,5,Ostracion meleagris,Ostraciidae,1,60,0,11.75,NA,Secondary Consumer,Omnivore,100,1,0,1.5,34.4,1,GB
2015,2015-07-31,10:50,11:45,LTER 4.25 Forereef Fish Transect 1 Swath 5 m,LTER_4.25,Forereef,10,1,5,Parupeneus multifasciatus,Mullidae,1,60,0,6.03,NA,Secondary Consumer,Benthic Invertebrate Consumer,100,1,0,1.5,34.4,1,GB
2015,2015-07-31,10:50,11:45,LTER 4.25 Forereef Fish Transect 1 Swath 5 m,LTER_4.25,Forereef,10,1,5,Parupeneus multifasciatus,Mullidae,3,120,0,157.9,NA,Secondary Consumer,Benthic Invertebrate Consumer,100,1,0,1.5,34.4,1,GB
2015,2015-07-31,10:50,11:45,LTER 4.25 Forereef Fish Transect 1 Swath 5 m,LTER_4.25,Forereef,10,1,5,Parupeneus multifasciatus,Mullidae,3,140,0,255.5,NA,Secondary Consumer,Benthic Invertebrate Consumer,100,1,0,1.5,34.4,1,GB
2015,2015-07-31,10:50,11:45,LTER 4.25 Forereef Fish Transect 1 Swath 5 m,LTER_4.25,Forereef,10,1,5,Pomachromis fuscidorsalis,Pomacentridae,5,30,0,2,NA,Planktivore,Planktivore_exclusively,100,1,0,1.5,34.4,1,GB
2015,2015-07-31,10:50,11:45,LTER 4.25 Forereef Fish Transect 1 Swath 5 m,LTER_4.25,Forereef,10,1,5,Pycnochromis iomelas,Pomacentridae,10,30,0,2.75,NA,Planktivore,Omnivore,100,1,0,1.5,34.4,1,GB
2015,2015-07-31,10:50,11:45,LTER 4.25 Forereef Fish Transect 1 Swath 5 m,LTER_4.25,Forereef,10,1,5,Pycnochromis vanderbilti,Pomacentridae,15,30,0,6.98,NA,Planktivore,Planktivore_exclusively,100,1,0,1.5,34.4,1,GB
2015,2015-07-31,10:50,11:45,LTER 4.25 Forereef Fish Transect 1 Swath 5 m,LTER_4.25,Forereef,10,1,5,Scarus forsteni,Scaridae,1,220,0,185.1,IP,Primary Consumer,Scraper,100,1,0,1.5,34.4,1,GB
2015,2015-07-31,10:50,11:45,LTER 4.25 Forereef Fish Transect 1 Swath 5 m,LTER_4.25,Forereef,10,1,5,Scarus globiceps,Scaridae,1,200,0,169.7,IP,Primary Consumer,Scraper,100,1,0,1.5,34.4,1,GB
2015,2015-07-31,10:50,11:45,LTER 4.25 Forereef Fish Transect 1 Swath 5 m,LTER_4.25,Forereef,10,1,5,Scarus oviceps,Scaridae,2,190,0,296,IP,Primary Consumer,Scraper,100,1,0,1.5,34.4,1,GB
2015,2015-07-31,10:50,11:45,LTER 4.25 Forereef Fish Transect 1 Swath 5 m,LTER_4.25,Forereef,10,1,5,Scarus oviceps,Scaridae,1,250,0,354.2,TP,Primary Consumer,Scraper,100,1,0,1.5,34.4,1,GB
2015,2015-07-31,10:50,11:45,LTER 4.25 Forereef Fish Transect 1 Swath 5 m,LTER_4.25,Forereef,10,1,5,Scarus psittacus,Scaridae,25,180,0,3081.2,IP,Primary Consumer,Scraper,100,1,0,1.5,34.4,1,GB
2015,2015-07-31,10:50,11:45,LTER 4.25 Forereef Fish Transect 1 Swath 5 m,LTER_4.25,Forereef,10,1,5,Scarus psittacus,Scaridae,1,200,0,171.6,TP,Primary Consumer,Scraper,100,1,0,1.5,34.4,1,GB
2015,2015-07-31,10:50,11:45,LTER 4.25 Forereef Fish Transect 1 Swath 5 m,LTER_4.25,Forereef,10,1,5,Scarus rubroviolaceus,Scaridae,1,280,0,335.6,IP,Primary Consumer,Scraper,100,1,0,1.5,34.4,1,GB
2015,2015-07-31,10:50,11:45,LTER 4.25 Forereef Fish Transect 1 Swath 5 m,LTER_4.25,Forereef,10,1,5,Scarus schlegeli,Scaridae,1,180,0,118.9,IP,Primary Consumer,Scraper,100,1,0,1.5,34.4,1,GB
2015,2015-07-31,10:50,11:45,LTER 4.25 Forereef Fish Transect 1 Swath 5 m,LTER_4.25,Forereef,10,1,5,Sufflamen bursa,Balistidae,1,160,0,109,NA,Secondary Consumer,Omnivore,100,1,0,1.5,34.4,1,GB
2015,2015-07-31,10:50,11:45,LTER 4.25 Forereef Fish Transect 1 Swath 5 m,LTER_4.25,Forereef,10,1,5,Sufflamen bursa,Balistidae,3,170,0,390.5,NA,Secondary Consumer,Omnivore,100,1,0,1.5,34.4,1,GB
2015,2015-07-31,10:50,11:45,LTER 4.25 Forereef Fish Transect 1 Swath 5 m,LTER_4.25,Forereef,10,1,5,Thalassoma lutescens,Labridae,5,140,0,159.9,NA,Secondary Consumer,Benthic Invertebrate Consumer,100,1,0,1.5,34.4,1,GB
2015,2015-07-31,10:50,11:45,LTER 4.25 Forereef Fish Transect 1 Swath 5 m,LTER_4.25,Forereef,10,1,5,Thalassoma quinquevittatum,Labridae,2,70,0,7.67,NA,Secondary Consumer,Benthic Invertebrate Consumer,100,1,0,1.5,34.4,1,GB
2015,2015-07-31,10:50,11:45,LTER 4.25 Forereef Fish Transect 1 Swath 5 m,LTER_4.25,Forereef,10,1,5,Thalassoma quinquevittatum,Labridae,1,120,0,20,NA,Secondary Consumer,Benthic Invertebrate Consumer,100,1,0,1.5,34.4,1,GB
2015,2015-07-31,10:50,11:45,LTER 4.25 Forereef Fish Transect 1 Swath 5 m,LTER_4.25,Forereef,10,1,5,Thalassoma quinquevittatum,Labridae,1,150,0,39.5,NA,Secondary Consumer,Benthic Invertebrate Consumer,100,1,0,1.5,34.4,1,GB
2015,2015-07-31,10:50,11:45,LTER 4.25 Forereef Fish Transect 1 Swath 5 m,LTER_4.25,Forereef,10,1,5,Zanclus cornutus,Zanclidae,1,180,0,120.6,NA,Secondary Consumer,Omnivore,100,1,0,1.5,34.4,1,GB
2015,2015-07-31,10:50,11:45,LTER 4.25 Forereef Fish Transect 1 Swath 5 m,LTER_4.25,Forereef,10,1,5,Zebrasoma scopas,Acanthuridae,5,170,0,700.8,NA,Primary Consumer,Concealed Cropper,100,1,0,1.5,34.4,1,GB
2015,2015-07-31,10:50,11:45,LTER 4.25 Forereef Fish Transect 2 Swath 1 m,LTER_4.25,Forereef,10,2,1,Caracanthus maculatus,Scorpaenidae,2,30,0,1.09,NA,Secondary Consumer,Benthic Invertebrate Consumer,100,1,0,1.5,34.4,1,AB
2015,2015-07-31,10:50,11:45,LTER 4.25 Forereef Fish Transect 2 Swath 1 m,LTER_4.25,Forereef,10,2,1,Gymnothorax javanicus,Muraenidae,1,-1,0,-1,NA,Piscivore_primarily,Piscivore,100,1,0,1.5,34.4,1,AB
2015,2015-07-31,10:50,11:45,LTER 4.25 Forereef Fish Transect 2 Swath 1 m,LTER_4.25,Forereef,10,2,1,Nemateleotris magnifica,Microdesmidae,1,60,0,1.04,NA,Planktivore,Planktivore_exclusively,100,1,0,1.5,34.4,1,AB
2015,2015-07-31,10:50,11:45,LTER 4.25 Forereef Fish Transect 2 Swath 1 m,LTER_4.25,Forereef,10,2,1,Neocirrhites armatus,Cirrhitidae,3,40,0,2.59,NA,Secondary Consumer,Benthic Invertebrate Consumer,100,1,0,1.5,34.4,1,AB
2015,2015-07-31,10:50,11:45,LTER 4.25 Forereef Fish Transect 2 Swath 1 m,LTER_4.25,Forereef,10,2,1,Paracirrhites arcatus,Cirrhitidae,2,60,0,6.49,NA,Secondary Consumer,Benthic Invertebrate Consumer,100,1,0,1.5,34.4,1,AB
2015,2015-07-31,10:50,11:45,LTER 4.25 Forereef Fish Transect 2 Swath 1 m,LTER_4.25,Forereef,10,2,1,Paracirrhites arcatus,Cirrhitidae,3,70,0,16.12,NA,Secondary Consumer,Benthic Invertebrate Consumer,100,1,0,1.5,34.4,1,AB
2015,2015-07-31,10:50,11:45,LTER 4.25 Forereef Fish Transect 2 Swath 1 m,LTER_4.25,Forereef,10,2,1,Paracirrhites arcatus,Cirrhitidae,3,80,0,24.94,NA,Secondary Consumer,Benthic Invertebrate Consumer,100,1,0,1.5,34.4,1,AB
2015,2015-07-31,10:50,11:45,LTER 4.25 Forereef Fish Transect 2 Swath 1 m,LTER_4.25,Forereef,10,2,1,Plectroglyphidodon johnstonianus,Pomacentridae,3,40,0,7.08,NA,Secondary Consumer,Omnivore,100,1,0,1.5,34.4,1,AB
2015,2015-07-31,10:50,11:45,LTER 4.25 Forereef Fish Transect 2 Swath 1 m,LTER_4.25,Forereef,10,2,1,Plectroglyphidodon johnstonianus,Pomacentridae,3,50,0,12.75,NA,Secondary Consumer,Omnivore,100,1,0,1.5,34.4,1,AB
2015,2015-07-31,10:50,11:45,LTER 4.25 Forereef Fish Transect 2 Swath 1 m,LTER_4.25,Forereef,10,2,1,Plectroglyphidodon johnstonianus,Pomacentridae,1,60,0,6.87,NA,Secondary Consumer,Omnivore,100,1,0,1.5,34.4,1,AB
2015,2015-07-31,10:50,11:45,LTER 4.25 Forereef Fish Transect 2 Swath 5 m,LTER_4.25,Forereef,10,2,5,Acanthurus nigricans,Acanthuridae,1,90,0,18.72,NA,Primary Consumer,Cropper,100,1,0,1.5,34.4,1,AB
2015,2015-07-31,10:50,11:45,LTER 4.25 Forereef Fish Transect 2 Swath 5 m,LTER_4.25,Forereef,10,2,5,Acanthurus nigricans,Acanthuridae,1,100,0,25.6,NA,Primary Consumer,Cropper,100,1,0,1.5,34.4,1,AB
2015,2015-07-31,10:50,11:45,LTER 4.25 Forereef Fish Transect 2 Swath 5 m,LTER_4.25,Forereef,10,2,5,Acanthurus nigricans,Acanthuridae,2,120,0,88.3,NA,Primary Consumer,Cropper,100,1,0,1.5,34.4,1,AB
2015,2015-07-31,10:50,11:45,LTER 4.25 Forereef Fish Transect 2 Swath 5 m,LTER_4.25,Forereef,10,2,5,Acanthurus nigrofuscus,Acanthuridae,5,50,0,11.85,NA,Primary Consumer,Cropper,100,1,0,1.5,34.4,1,AB
2015,2015-07-31,10:50,11:45,LTER 4.25 Forereef Fish Transect 2 Swath 5 m,LTER_4.25,Forereef,10,2,5,Acanthurus nigrofuscus,Acanthuridae,22,60,0,90.59,NA,Primary Consumer,Cropper,100,1,0,1.5,34.4,1,AB
2015,2015-07-31,10:50,11:45,LTER 4.25 Forereef Fish Transect 2 Swath 5 m,LTER_4.25,Forereef,10,2,5,Acanthurus nigrofuscus,Acanthuridae,16,70,0,105.07,NA,Primary Consumer,Cropper,100,1,0,1.5,34.4,1,AB
2015,2015-07-31,10:50,11:45,LTER 4.25 Forereef Fish Transect 2 Swath 5 m,LTER_4.25,Forereef,10,2,5,Acanthurus nigrofuscus,Acanthuridae,2,100,0,38.7,NA,Primary Consumer,Cropper,100,1,0,1.5,34.4,1,AB
2015,2015-07-31,10:50,11:45,LTER 4.25 Forereef Fish Transect 2 Swath 5 m,LTER_4.25,Forereef,10,2,5,Acanthurus nigroris,Acanthuridae,1,50,0,2.59,NA,Primary Consumer,Cropper,100,1,0,1.5,34.4,1,AB
2015,2015-07-31,10:50,11:45,LTER 4.25 Forereef Fish Transect 2 Swath 5 m,LTER_4.25,Forereef,10,2,5,Acanthurus nigroris,Acanthuridae,10,110,0,272.1,NA,Primary Consumer,Cropper,100,1,0,1.5,34.4,1,AB
2015,2015-07-31,10:50,11:45,LTER 4.25 Forereef Fish Transect 2 Swath 5 m,LTER_4.25,Forereef,10,2,5,Acanthurus nigroris,Acanthuridae,2,120,0,70.5,NA,Primary Consumer,Cropper,100,1,0,1.5,34.4,1,AB
2015,2015-07-31,10:50,11:45,LTER 4.25 Forereef Fish Transect 2 Swath 5 m,LTER_4.25,Forereef,10,2,5,Acanthurus nigroris,Acanthuridae,1,140,0,55.9,NA,Primary Consumer,Cropper,100,1,0,1.5,34.4,1,AB
2015,2015-07-31,10:50,11:45,LTER 4.25 Forereef Fish Transect 2 Swath 5 m,LTER_4.25,Forereef,10,2,5,Centropyge flavissima,Pomacanthidae,2,40,0,5.31,NA,Primary Consumer,Omnivore,100,1,0,1.5,34.4,1,AB
2015,2015-07-31,10:50,11:45,LTER 4.25 Forereef Fish Transect 2 Swath 5 m,LTER_4.25,Forereef,10,2,5,Centropyge flavissima,Pomacanthidae,3,45,0,10.78,NA,Primary Consumer,Omnivore,100,1,0,1.5,34.4,1,AB
2015,2015-07-31,10:50,11:45,LTER 4.25 Forereef Fish Transect 2 Swath 5 m,LTER_4.25,Forereef,10,2,5,Centropyge flavissima,Pomacanthidae,4,50,0,18.86,NA,Primary Consumer,Omnivore,100,1,0,1.5,34.4,1,AB
2015,2015-07-31,10:50,11:45,LTER 4.25 Forereef Fish Transect 2 Swath 5 m,LTER_4.25,Forereef,10,2,5,Centropyge loriculus,Pomacanthidae,8,40,0,13.58,NA,Primary Consumer,Omnivore,100,1,0,1.5,34.4,1,AB
2015,2015-07-31,10:50,11:45,LTER 4.25 Forereef Fish Transect 2 Swath 5 m,LTER_4.25,Forereef,10,2,5,Cephalopholis urodeta,Serranidae,1,90,0,13.78,NA,Piscivore_primarily,Piscivore,100,1,0,1.5,34.4,1,AB
2015,2015-07-31,10:50,11:45,LTER 4.25 Forereef Fish Transect 2 Swath 5 m,LTER_4.25,Forereef,10,2,5,Chaetodon pelewensis,Chaetodontidae,7,50,0,21.59,NA,Secondary Consumer,Corallivore,100,1,0,1.5,34.4,1,AB
2015,2015-07-31,10:50,11:45,LTER 4.25 Forereef Fish Transect 2 Swath 5 m,LTER_4.25,Forereef,10,2,5,Chaetodon pelewensis,Chaetodontidae,11,60,0,61.89,NA,Secondary Consumer,Corallivore,100,1,0,1.5,34.4,1,AB
2015,2015-07-31,10:50,11:45,LTER 4.25 Forereef Fish Transect 2 Swath 5 m,LTER_4.25,Forereef,10,2,5,Chaetodon reticulatus,Chaetodontidae,2,90,0,43.6,NA,Secondary Consumer,Corallivore,100,1,0,1.5,34.4,1,AB
2015,2015-07-31,10:50,11:45,LTER 4.25 Forereef Fish Transect 2 Swath 5 m,LTER_4.25,Forereef,10,2,5,Chaetodon ulietensis,Chaetodontidae,2,120,0,78.6,NA,Secondary Consumer,Corallivore,100,1,0,1.5,34.4,1,AB
2015,2015-07-31,10:50,11:45,LTER 4.25 Forereef Fish Transect 2 Swath 5 m,LTER_4.25,Forereef,10,2,5,Chaetodon unimaculatus,Chaetodontidae,2,120,0,121.6,NA,Secondary Consumer,Corallivore,100,1,0,1.5,34.4,1,AB
2015,2015-07-31,10:50,11:45,LTER 4.25 Forereef Fish Transect 2 Swath 5 m,LTER_4.25,Forereef,10,2,5,Cheilinus oxycephalus,Labridae,1,65,0,4.74,NA,Secondary Consumer,Benthic Invertebrate Consumer,100,1,0,1.5,34.4,1,AB
2015,2015-07-31,10:50,11:45,LTER 4.25 Forereef Fish Transect 2 Swath 5 m,LTER_4.25,Forereef,10,2,5,Chlorurus spilurus,Scaridae,6,120,0,233.3,IP,Primary Consumer,Excavator,100,1,0,1.5,34.4,1,AB
2015,2015-07-31,10:50,11:45,LTER 4.25 Forereef Fish Transect 2 Swath 5 m,LTER_4.25,Forereef,10,2,5,Chlorurus spilurus,Scaridae,3,130,0,147.9,IP,Primary Consumer,Excavator,100,1,0,1.5,34.4,1,AB
2015,2015-07-31,10:50,11:45,LTER 4.25 Forereef Fish Transect 2 Swath 5 m,LTER_4.25,Forereef,10,2,5,Chlorurus spilurus,Scaridae,1,180,0,129.6,TP,Primary Consumer,Excavator,100,1,0,1.5,34.4,1,AB
2015,2015-07-31,10:50,11:45,LTER 4.25 Forereef Fish Transect 2 Swath 5 m,LTER_4.25,Forereef,10,2,5,Chlorurus spilurus,Scaridae,1,190,0,152.1,TP,Primary Consumer,Excavator,100,1,0,1.5,34.4,1,AB
2015,2015-07-31,10:50,11:45,LTER 4.25 Forereef Fish Transect 2 Swath 5 m,LTER_4.25,Forereef,10,2,5,Ctenochaetus binotatus,Acanthuridae,2,55,0,9.09,NA,Primary Consumer,Brusher,100,1,0,1.5,34.4,1,AB
2015,2015-07-31,10:50,11:45,LTER 4.25 Forereef Fish Transect 2 Swath 5 m,LTER_4.25,Forereef,10,2,5,Ctenochaetus binotatus,Acanthuridae,1,70,0,9.09,NA,Primary Consumer,Brusher,100,1,0,1.5,34.4,1,AB
2015,2015-07-31,10:50,11:45,LTER 4.25 Forereef Fish Transect 2 Swath 5 m,LTER_4.25,Forereef,10,2,5,Ctenochaetus flavicauda,Acanthuridae,1,60,0,4.67,NA,Primary Consumer,Brusher,100,1,0,1.5,34.4,1,AB
2015,2015-07-31,10:50,11:45,LTER 4.25 Forereef Fish Transect 2 Swath 5 m,LTER_4.25,Forereef,10,2,5,Ctenochaetus flavicauda,Acanthuridae,1,70,0,7.48,NA,Primary Consumer,Brusher,100,1,0,1.5,34.4,1,AB
2015,2015-07-31,10:50,11:45,LTER 4.25 Forereef Fish Transect 2 Swath 5 m,LTER_4.25,Forereef,10,2,5,Ctenochaetus striatus,Acanthuridae,58,170,0,5289.7,NA,Primary Consumer,Brusher,100,1,0,1.5,34.4,1,AB
2015,2015-07-31,10:50,11:45,LTER 4.25 Forereef Fish Transect 2 Swath 5 m,LTER_4.25,Forereef,10,2,5,Ctenochaetus striatus,Acanthuridae,5,190,0,641.1,NA,Primary Consumer,Brusher,100,1,0,1.5,34.4,1,AB
2015,2015-07-31,10:50,11:45,LTER 4.25 Forereef Fish Transect 2 Swath 5 m,LTER_4.25,Forereef,10,2,5,Dascyllus flavicaudus,Pomacentridae,7,40,0,14.54,NA,Planktivore,Omnivore,100,1,0,1.5,34.4,1,AB
2015,2015-07-31,10:50,11:45,LTER 4.25 Forereef Fish Transect 2 Swath 5 m,LTER_4.25,Forereef,10,2,5,Gomphosus varius,Labridae,2,40,0,1.56,NA,Secondary Consumer,Benthic Invertebrate Consumer,100,1,0,1.5,34.4,1,AB
2015,2015-07-31,10:50,11:45,LTER 4.25 Forereef Fish Transect 2 Swath 5 m,LTER_4.25,Forereef,10,2,5,Gomphosus varius,Labridae,1,50,0,1.43,NA,Secondary Consumer,Benthic Invertebrate Consumer,100,1,0,1.5,34.4,1,AB
2015,2015-07-31,10:50,11:45,LTER 4.25 Forereef Fish Transect 2 Swath 5 m,LTER_4.25,Forereef,10,2,5,Halichoeres claudia,Labridae,1,50,0,1.96,NA,Secondary Consumer,Benthic Invertebrate Consumer,100,1,0,1.5,34.4,1,AB
2015,2015-07-31,10:50,11:45,LTER 4.25 Forereef Fish Transect 2 Swath 5 m,LTER_4.25,Forereef,10,2,5,Halichoeres claudia,Labridae,3,60,0,10.13,NA,Secondary Consumer,Benthic Invertebrate Consumer,100,1,0,1.5,34.4,1,AB
2015,2015-07-31,10:50,11:45,LTER 4.25 Forereef Fish Transect 2 Swath 5 m,LTER_4.25,Forereef,10,2,5,Halichoeres claudia,Labridae,6,70,0,32.11,NA,Secondary Consumer,Benthic Invertebrate Consumer,100,1,0,1.5,34.4,1,AB
2015,2015-07-31,10:50,11:45,LTER 4.25 Forereef Fish Transect 2 Swath 5 m,LTER_4.25,Forereef,10,2,5,Halichoeres claudia,Labridae,1,80,0,7.97,NA,Secondary Consumer,Benthic Invertebrate Consumer,100,1,0,1.5,34.4,1,AB
2015,2015-07-31,10:50,11:45,LTER 4.25 Forereef Fish Transect 2 Swath 5 m,LTER_4.25,Forereef,10,2,5,Labroides rubrolabiatus,Labridae,2,45,0,1.52,NA,Secondary Consumer,Benthic Invertebrate Consumer,100,1,0,1.5,34.4,1,AB
2015,2015-07-31,10:50,11:45,LTER 4.25 Forereef Fish Transect 2 Swath 5 m,LTER_4.25,Forereef,10,2,5,Labroides rubrolabiatus,Labridae,1,50,0,1.07,NA,Secondary Consumer,Benthic Invertebrate Consumer,100,1,0,1.5,34.4,1,AB
2015,2015-07-31,10:50,11:45,LTER 4.25 Forereef Fish Transect 2 Swath 5 m,LTER_4.25,Forereef,10,2,5,Macropharyngodon meleagris,Labridae,2,30,0,0.57,NA,Secondary Consumer,Benthic Invertebrate Consumer,100,1,0,1.5,34.4,1,AB
2015,2015-07-31,10:50,11:45,LTER 4.25 Forereef Fish Transect 2 Swath 5 m,LTER_4.25,Forereef,10,2,5,Melichthys vidua,Balistidae,3,130,0,102.9,NA,Primary Consumer,Omnivore,100,1,0,1.5,34.4,1,AB
2015,2015-07-31,10:50,11:45,LTER 4.25 Forereef Fish Transect 2 Swath 5 m,LTER_4.25,Forereef,10,2,5,Melichthys vidua,Balistidae,3,140,0,132.4,NA,Primary Consumer,Omnivore,100,1,0,1.5,34.4,1,AB
2015,2015-07-31,10:50,11:45,LTER 4.25 Forereef Fish Transect 2 Swath 5 m,LTER_4.25,Forereef,10,2,5,Naso lituratus,Acanthuridae,1,210,0,94.9,NA,Primary Consumer,Browser,100,1,0,1.5,34.4,1,AB
2015,2015-07-31,10:50,11:45,LTER 4.25 Forereef Fish Transect 2 Swath 5 m,LTER_4.25,Forereef,10,2,5,Naso lituratus,Acanthuridae,1,220,0,110.4,NA,Primary Consumer,Browser,100,1,0,1.5,34.4,1,AB
2015,2015-07-31,10:50,11:45,LTER 4.25 Forereef Fish Transect 2 Swath 5 m,LTER_4.25,Forereef,10,2,5,Odonus niger,Balistidae,7,130,0,183.8,NA,Planktivore,Planktivore_exclusively,100,1,0,1.5,34.4,1,AB
2015,2015-07-31,10:50,11:45,LTER 4.25 Forereef Fish Transect 2 Swath 5 m,LTER_4.25,Forereef,10,2,5,Parupeneus multifasciatus,Mullidae,2,60,0,12.06,NA,Secondary Consumer,Benthic Invertebrate Consumer,100,1,0,1.5,34.4,1,AB
2015,2015-07-31,10:50,11:45,LTER 4.25 Forereef Fish Transect 2 Swath 5 m,LTER_4.25,Forereef,10,2,5,Parupeneus multifasciatus,Mullidae,1,120,0,52.6,NA,Secondary Consumer,Benthic Invertebrate Consumer,100,1,0,1.5,34.4,1,AB
2015,2015-07-31,10:50,11:45,LTER 4.25 Forereef Fish Transect 2 Swath 5 m,LTER_4.25,Forereef,10,2,5,Parupeneus multifasciatus,Mullidae,1,140,0,85.2,NA,Secondary Consumer,Benthic Invertebrate Consumer,100,1,0,1.5,34.4,1,AB
2015,2015-07-31,10:50,11:45,LTER 4.25 Forereef Fish Transect 2 Swath 5 m,LTER_4.25,Forereef,10,2,5,Pycnochromis acares,Pomacentridae,40,25,0,10.46,NA,Planktivore,Planktivore_exclusively,100,1,0,1.5,34.4,1,AB
2015,2015-07-31,10:50,11:45,LTER 4.25 Forereef Fish Transect 2 Swath 5 m,LTER_4.25,Forereef,10,2,5,Pycnochromis iomelas,Pomacentridae,8,30,0,2.2,NA,Planktivore,Omnivore,100,1,0,1.5,34.4,1,AB
2015,2015-07-31,10:50,11:45,LTER 4.25 Forereef Fish Transect 2 Swath 5 m,LTER_4.25,Forereef,10,2,5,Pycnochromis margaritifer,Pomacentridae,13,35,0,6.5,NA,Planktivore,Omnivore,100,1,0,1.5,34.4,1,AB
2015,2015-07-31,10:50,11:45,LTER 4.25 Forereef Fish Transect 2 Swath 5 m,LTER_4.25,Forereef,10,2,5,Pycnochromis vanderbilti,Pomacentridae,40,30,0,18.61,NA,Planktivore,Planktivore_exclusively,100,1,0,1.5,34.4,1,AB
2015,2015-07-31,10:50,11:45,LTER 4.25 Forereef Fish Transect 2 Swath 5 m,LTER_4.25,Forereef,10,2,5,Scarus forsteni,Scaridae,1,240,0,239.4,TP,Primary Consumer,Scraper,100,1,0,1.5,34.4,1,AB
2015,2015-07-31,10:50,11:45,LTER 4.25 Forereef Fish Transect 2 Swath 5 m,LTER_4.25,Forereef,10,2,5,Scarus globiceps,Scaridae,1,140,0,56.4,TP,Primary Consumer,Scraper,100,1,0,1.5,34.4,1,AB
2015,2015-07-31,10:50,11:45,LTER 4.25 Forereef Fish Transect 2 Swath 5 m,LTER_4.25,Forereef,10,2,5,Scarus schlegeli,Scaridae,1,120,0,34.8,IP,Primary Consumer,Scraper,100,1,0,1.5,34.4,1,AB
2015,2015-07-31,10:50,11:45,LTER 4.25 Forereef Fish Transect 2 Swath 5 m,LTER_4.25,Forereef,10,2,5,Sufflamen bursa,Balistidae,2,100,0,55,NA,Secondary Consumer,Omnivore,100,1,0,1.5,34.4,1,AB
2015,2015-07-31,10:50,11:45,LTER 4.25 Forereef Fish Transect 2 Swath 5 m,LTER_4.25,Forereef,10,2,5,Sufflamen bursa,Balistidae,5,120,0,234.7,NA,Secondary Consumer,Omnivore,100,1,0,1.5,34.4,1,AB
2015,2015-07-31,10:50,11:45,LTER 4.25 Forereef Fish Transect 2 Swath 5 m,LTER_4.25,Forereef,10,2,5,Thalassoma lutescens,Labridae,1,35,0,0.46,NA,Secondary Consumer,Benthic Invertebrate Consumer,100,1,0,1.5,34.4,1,AB
2015,2015-07-31,10:50,11:45,LTER 4.25 Forereef Fish Transect 2 Swath 5 m,LTER_4.25,Forereef,10,2,5,Thalassoma lutescens,Labridae,3,70,0,11.51,NA,Secondary Consumer,Benthic Invertebrate Consumer,100,1,0,1.5,34.4,1,AB
2015,2015-07-31,10:50,11:45,LTER 4.25 Forereef Fish Transect 2 Swath 5 m,LTER_4.25,Forereef,10,2,5,Thalassoma lutescens,Labridae,1,80,0,5.77,NA,Secondary Consumer,Benthic Invertebrate Consumer,100,1,0,1.5,34.4,1,AB
2015,2015-07-31,10:50,11:45,LTER 4.25 Forereef Fish Transect 2 Swath 5 m,LTER_4.25,Forereef,10,2,5,Thalassoma quinquevittatum,Labridae,7,50,0,9.59,NA,Secondary Consumer,Benthic Invertebrate Consumer,100,1,0,1.5,34.4,1,AB
2015,2015-07-31,10:50,11:45,LTER 4.25 Forereef Fish Transect 2 Swath 5 m,LTER_4.25,Forereef,10,2,5,Thalassoma quinquevittatum,Labridae,3,70,0,11.51,NA,Secondary Consumer,Benthic Invertebrate Consumer,100,1,0,1.5,34.4,1,AB
2015,2015-07-31,10:50,11:45,LTER 4.25 Forereef Fish Transect 2 Swath 5 m,LTER_4.25,Forereef,10,2,5,Thalassoma quinquevittatum,Labridae,2,80,0,11.54,NA,Secondary Consumer,Benthic Invertebrate Consumer,100,1,0,1.5,34.4,1,AB
2015,2015-07-31,10:50,11:45,LTER 4.25 Forereef Fish Transect 2 Swath 5 m,LTER_4.25,Forereef,10,2,5,Zebrasoma scopas,Acanthuridae,4,130,0,251.2,NA,Primary Consumer,Concealed Cropper,100,1,0,1.5,34.4,1,AB
2015,2015-07-31,10:50,11:45,LTER 4.25 Forereef Fish Transect 3 Swath 1 m,LTER_4.25,Forereef,10,3,1,Caracanthus maculatus,Scorpaenidae,1,35,0,0.87,NA,Secondary Consumer,Benthic Invertebrate Consumer,100,1,0,1.5,34.4,1,BS
2015,2015-07-31,10:50,11:45,LTER 4.25 Forereef Fish Transect 3 Swath 1 m,LTER_4.25,Forereef,10,3,1,Cirripectes variolosus,Blenniidae,1,50,0,2.07,NA,Primary Consumer,Herbivore/Detritivore,100,1,0,1.5,34.4,1,BS
2015,2015-07-31,10:50,11:45,LTER 4.25 Forereef Fish Transect 3 Swath 1 m,LTER_4.25,Forereef,10,3,1,Nemateleotris magnifica,Microdesmidae,1,90,1,3.69,NA,Planktivore,Planktivore_exclusively,100,1,0,1.5,34.4,1,BS
2015,2015-07-31,10:50,11:45,LTER 4.25 Forereef Fish Transect 3 Swath 1 m,LTER_4.25,Forereef,10,3,1,Neocirrhites armatus,Cirrhitidae,2,40,0,1.73,NA,Secondary Consumer,Benthic Invertebrate Consumer,100,1,0,1.5,34.4,1,BS
2015,2015-07-31,10:50,11:45,LTER 4.25 Forereef Fish Transect 3 Swath 1 m,LTER_4.25,Forereef,10,3,1,Neocirrhites armatus,Cirrhitidae,3,50,0,5.37,NA,Secondary Consumer,Benthic Invertebrate Consumer,100,1,0,1.5,34.4,1,BS
2015,2015-07-31,10:50,11:45,LTER 4.25 Forereef Fish Transect 3 Swath 1 m,LTER_4.25,Forereef,10,3,1,Paracirrhites arcatus,Cirrhitidae,2,40,0,1.73,NA,Secondary Consumer,Benthic Invertebrate Consumer,100,1,0,1.5,34.4,1,BS
2015,2015-07-31,10:50,11:45,LTER 4.25 Forereef Fish Transect 3 Swath 1 m,LTER_4.25,Forereef,10,3,1,Paracirrhites arcatus,Cirrhitidae,2,50,0,3.58,NA,Secondary Consumer,Benthic Invertebrate Consumer,100,1,0,1.5,34.4,1,BS
2015,2015-07-31,10:50,11:45,LTER 4.25 Forereef Fish Transect 3 Swath 1 m,LTER_4.25,Forereef,10,3,1,Paracirrhites arcatus,Cirrhitidae,3,60,0,9.74,NA,Secondary Consumer,Benthic Invertebrate Consumer,100,1,0,1.5,34.4,1,BS
2015,2015-07-31,10:50,11:45,LTER 4.25 Forereef Fish Transect 3 Swath 1 m,LTER_4.25,Forereef,10,3,1,Paracirrhites arcatus,Cirrhitidae,2,70,0,10.75,NA,Secondary Consumer,Benthic Invertebrate Consumer,100,1,0,1.5,34.4,1,BS
2015,2015-07-31,10:50,11:45,LTER 4.25 Forereef Fish Transect 3 Swath 1 m,LTER_4.25,Forereef,10,3,1,Paracirrhites arcatus,Cirrhitidae,1,80,0,8.31,NA,Secondary Consumer,Benthic Invertebrate Consumer,100,1,0,1.5,34.4,1,BS
2015,2015-07-31,10:50,11:45,LTER 4.25 Forereef Fish Transect 3 Swath 1 m,LTER_4.25,Forereef,10,3,1,Plectroglyphidodon johnstonianus,Pomacentridae,1,40,0,2.36,NA,Secondary Consumer,Omnivore,100,1,0,1.5,34.4,1,BS
2015,2015-07-31,10:50,11:45,LTER 4.25 Forereef Fish Transect 3 Swath 1 m,LTER_4.25,Forereef,10,3,1,Pseudocheilinus tetrataenia,Labridae,1,40,0,0.95,NA,Secondary Consumer,Benthic Invertebrate Consumer,100,1,0,1.5,34.4,1,BS
2015,2015-07-31,10:50,11:45,LTER 4.25 Forereef Fish Transect 3 Swath 5 m,LTER_4.25,Forereef,10,3,5,Acanthurus nigrofuscus,Acanthuridae,1,60,0,4.12,NA,Primary Consumer,Cropper,100,1,0,1.5,34.4,1,BS
2015,2015-07-31,10:50,11:45,LTER 4.25 Forereef Fish Transect 3 Swath 5 m,LTER_4.25,Forereef,10,3,5,Acanthurus nigrofuscus,Acanthuridae,3,80,0,29.52,NA,Primary Consumer,Cropper,100,1,0,1.5,34.4,1,BS
2015,2015-07-31,10:50,11:45,LTER 4.25 Forereef Fish Transect 3 Swath 5 m,LTER_4.25,Forereef,10,3,5,Acanthurus nigrofuscus,Acanthuridae,15,100,0,290.1,NA,Primary Consumer,Cropper,100,1,0,1.5,34.4,1,BS
2015,2015-07-31,10:50,11:45,LTER 4.25 Forereef Fish Transect 3 Swath 5 m,LTER_4.25,Forereef,10,3,5,Acanthurus nigroris,Acanthuridae,42,100,0,860,NA,Primary Consumer,Cropper,100,1,0,1.5,34.4,1,BS
2015,2015-07-31,10:50,11:45,LTER 4.25 Forereef Fish Transect 3 Swath 5 m,LTER_4.25,Forereef,10,3,5,Acanthurus triostegus,Acanthuridae,15,150,0,1229.9,NA,Primary Consumer,Cropper,100,1,0,1.5,34.4,1,BS
2015,2015-07-31,10:50,11:45,LTER 4.25 Forereef Fish Transect 3 Swath 5 m,LTER_4.25,Forereef,10,3,5,Anampses caeruleopunctatus,Labridae,1,150,0,43.5,NA,Secondary Consumer,Benthic Invertebrate Consumer,100,1,0,1.5,34.4,1,BS
2015,2015-07-31,10:50,11:45,LTER 4.25 Forereef Fish Transect 3 Swath 5 m,LTER_4.25,Forereef,10,3,5,Balistapus undulatus,Balistidae,1,90,0,9.85,NA,Secondary Consumer,Omnivore,100,1,0,1.5,34.4,1,BS
2015,2015-07-31,10:50,11:45,LTER 4.25 Forereef Fish Transect 3 Swath 5 m,LTER_4.25,Forereef,10,3,5,Centropyge bispinosa,Pomacanthidae,3,60,0,22.54,NA,Primary Consumer,Omnivore,100,1,0,1.5,34.4,1,BS
2015,2015-07-31,10:50,11:45,LTER 4.25 Forereef Fish Transect 3 Swath 5 m,LTER_4.25,Forereef,10,3,5,Centropyge flavissima,Pomacanthidae,4,40,0,10.61,NA,Primary Consumer,Omnivore,100,1,0,1.5,34.4,1,BS
2015,2015-07-31,10:50,11:45,LTER 4.25 Forereef Fish Transect 3 Swath 5 m,LTER_4.25,Forereef,10,3,5,Centropyge flavissima,Pomacanthidae,5,50,0,23.57,NA,Primary Consumer,Omnivore,100,1,0,1.5,34.4,1,BS
2015,2015-07-31,10:50,11:45,LTER 4.25 Forereef Fish Transect 3 Swath 5 m,LTER_4.25,Forereef,10,3,5,Centropyge flavissima,Pomacanthidae,6,60,0,45.25,NA,Primary Consumer,Omnivore,100,1,0,1.5,34.4,1,BS
2015,2015-07-31,10:50,11:45,LTER 4.25 Forereef Fish Transect 3 Swath 5 m,LTER_4.25,Forereef,10,3,5,Centropyge loriculus,Pomacanthidae,4,50,0,12.94,NA,Primary Consumer,Omnivore,100,1,0,1.5,34.4,1,BS
2015,2015-07-31,10:50,11:45,LTER 4.25 Forereef Fish Transect 3 Swath 5 m,LTER_4.25,Forereef,10,3,5,Cephalopholis argus,Serranidae,1,140,0,41.1,NA,Piscivore_primarily,Piscivore,100,1,0,1.5,34.4,1,BS
2015,2015-07-31,10:50,11:45,LTER 4.25 Forereef Fish Transect 3 Swath 5 m,LTER_4.25,Forereef,10,3,5,Cephalopholis argus,Serranidae,1,250,0,260.2,NA,Piscivore_primarily,Piscivore,100,1,0,1.5,34.4,1,BS
2015,2015-07-31,10:50,11:45,LTER 4.25 Forereef Fish Transect 3 Swath 5 m,LTER_4.25,Forereef,10,3,5,Cephalopholis urodeta,Serranidae,1,110,0,24.3,NA,Piscivore_primarily,Piscivore,100,1,0,1.5,34.4,1,BS
2015,2015-07-31,10:50,11:45,LTER 4.25 Forereef Fish Transect 3 Swath 5 m,LTER_4.25,Forereef,10,3,5,Cephalopholis urodeta,Serranidae,1,160,0,69.7,NA,Piscivore_primarily,Piscivore,100,1,0,1.5,34.4,1,BS
2015,2015-07-31,10:50,11:45,LTER 4.25 Forereef Fish Transect 3 Swath 5 m,LTER_4.25,Forereef,10,3,5,Chaetodon pelewensis,Chaetodontidae,2,50,0,6.17,NA,Secondary Consumer,Corallivore,100,1,0,1.5,34.4,1,BS
2015,2015-07-31,10:50,11:45,LTER 4.25 Forereef Fish Transect 3 Swath 5 m,LTER_4.25,Forereef,10,3,5,Chaetodon pelewensis,Chaetodontidae,3,60,0,16.88,NA,Secondary Consumer,Corallivore,100,1,0,1.5,34.4,1,BS
2015,2015-07-31,10:50,11:45,LTER 4.25 Forereef Fish Transect 3 Swath 5 m,LTER_4.25,Forereef,10,3,5,Chaetodon pelewensis,Chaetodontidae,3,70,0,28.06,NA,Secondary Consumer,Corallivore,100,1,0,1.5,34.4,1,BS
2015,2015-07-31,10:50,11:45,LTER 4.25 Forereef Fish Transect 3 Swath 5 m,LTER_4.25,Forereef,10,3,5,Chaetodon quadrimaculatus,Chaetodontidae,1,100,0,29.3,NA,Secondary Consumer,Corallivore,100,1,0,1.5,34.4,1,BS
2015,2015-07-31,10:50,11:45,LTER 4.25 Forereef Fish Transect 3 Swath 5 m,LTER_4.25,Forereef,10,3,5,Chaetodon unimaculatus,Chaetodontidae,4,100,0,145.1,NA,Secondary Consumer,Corallivore,100,1,0,1.5,34.4,1,BS
2015,2015-07-31,10:50,11:45,LTER 4.25 Forereef Fish Transect 3 Swath 5 m,LTER_4.25,Forereef,10,3,5,Cheilinus oxycephalus,Labridae,2,75,0,14.7,NA,Secondary Consumer,Benthic Invertebrate Consumer,100,1,0,1.5,34.4,1,BS
2015,2015-07-31,10:50,11:45,LTER 4.25 Forereef Fish Transect 3 Swath 5 m,LTER_4.25,Forereef,10,3,5,Chlorurus spilurus,Scaridae,28,180,0,3628,IP,Primary Consumer,Excavator,100,1,0,1.5,34.4,1,BS
2015,2015-07-31,10:50,11:45,LTER 4.25 Forereef Fish Transect 3 Swath 5 m,LTER_4.25,Forereef,10,3,5,Chlorurus spilurus,Scaridae,1,220,0,235.1,TP,Primary Consumer,Excavator,100,1,0,1.5,34.4,1,BS
2015,2015-07-31,10:50,11:45,LTER 4.25 Forereef Fish Transect 3 Swath 5 m,LTER_4.25,Forereef,10,3,5,Cirrhilabrus scottorum,Labridae,30,60,0,95.38,NA,Secondary Consumer,Benthic Invertebrate Consumer,100,1,0,1.5,34.4,1,BS
2015,2015-07-31,10:50,11:45,LTER 4.25 Forereef Fish Transect 3 Swath 5 m,LTER_4.25,Forereef,10,3,5,Coris gaimard,Labridae,1,200,0,111.3,NA,Secondary Consumer,Benthic Invertebrate Consumer,100,1,0,1.5,34.4,1,BS
2015,2015-07-31,10:50,11:45,LTER 4.25 Forereef Fish Transect 3 Swath 5 m,LTER_4.25,Forereef,10,3,5,Ctenochaetus flavicauda,Acanthuridae,1,50,0,2.67,NA,Primary Consumer,Brusher,100,1,0,1.5,34.4,1,BS
2015,2015-07-31,10:50,11:45,LTER 4.25 Forereef Fish Transect 3 Swath 5 m,LTER_4.25,Forereef,10,3,5,Ctenochaetus flavicauda,Acanthuridae,2,80,0,22.5,NA,Primary Consumer,Brusher,100,1,0,1.5,34.4,1,BS
2015,2015-07-31,10:50,11:45,LTER 4.25 Forereef Fish Transect 3 Swath 5 m,LTER_4.25,Forereef,10,3,5,Dascyllus flavicaudus,Pomacentridae,3,60,0,20.29,NA,Planktivore,Omnivore,100,1,0,1.5,34.4,1,BS
2015,2015-07-31,10:50,11:45,LTER 4.25 Forereef Fish Transect 3 Swath 5 m,LTER_4.25,Forereef,10,3,5,Dascyllus flavicaudus,Pomacentridae,4,70,0,42.38,NA,Planktivore,Omnivore,100,1,0,1.5,34.4,1,BS
2015,2015-07-31,10:50,11:45,LTER 4.25 Forereef Fish Transect 3 Swath 5 m,LTER_4.25,Forereef,10,3,5,Forcipiger flavissimus,Chaetodontidae,1,150,0,93.9,NA,Secondary Consumer,Benthic Invertebrate Consumer,100,1,0,1.5,34.4,1,BS
2015,2015-07-31,10:50,11:45,LTER 4.25 Forereef Fish Transect 3 Swath 5 m,LTER_4.25,Forereef,10,3,5,Gomphosus varius,Labridae,2,50,0,2.85,NA,Secondary Consumer,Benthic Invertebrate Consumer,100,1,0,1.5,34.4,1,BS
2015,2015-07-31,10:50,11:45,LTER 4.25 Forereef Fish Transect 3 Swath 5 m,LTER_4.25,Forereef,10,3,5,Gomphosus varius,Labridae,1,70,0,3.54,NA,Secondary Consumer,Benthic Invertebrate Consumer,100,1,0,1.5,34.4,1,BS
2015,2015-07-31,10:50,11:45,LTER 4.25 Forereef Fish Transect 3 Swath 5 m,LTER_4.25,Forereef,10,3,5,Gomphosus varius,Labridae,1,140,0,23.1,NA,Secondary Consumer,Benthic Invertebrate Consumer,100,1,0,1.5,34.4,1,BS
2015,2015-07-31,10:50,11:45,LTER 4.25 Forereef Fish Transect 3 Swath 5 m,LTER_4.25,Forereef,10,3,5,Halichoeres claudia,Labridae,3,60,0,10.13,NA,Secondary Consumer,Benthic Invertebrate Consumer,100,1,0,1.5,34.4,1,BS
2015,2015-07-31,10:50,11:45,LTER 4.25 Forereef Fish Transect 3 Swath 5 m,LTER_4.25,Forereef,10,3,5,Halichoeres claudia,Labridae,1,80,0,7.97,NA,Secondary Consumer,Benthic Invertebrate Consumer,100,1,0,1.5,34.4,1,BS
2015,2015-07-31,10:50,11:45,LTER 4.25 Forereef Fish Transect 3 Swath 5 m,LTER_4.25,Forereef,10,3,5,Halichoeres hortulanus,Labridae,1,40,0,1.01,NA,Secondary Consumer,Benthic Invertebrate Consumer,100,1,0,1.5,34.4,1,BS
2015,2015-07-31,10:50,11:45,LTER 4.25 Forereef Fish Transect 3 Swath 5 m,LTER_4.25,Forereef,10,3,5,Labroides dimidiatus,Labridae,2,70,0,6.34,NA,Secondary Consumer,Benthic Invertebrate Consumer,100,1,0,1.5,34.4,1,BS
2015,2015-07-31,10:50,11:45,LTER 4.25 Forereef Fish Transect 3 Swath 5 m,LTER_4.25,Forereef,10,3,5,Macropharyngodon meleagris,Labridae,1,70,0,3.84,NA,Secondary Consumer,Benthic Invertebrate Consumer,100,1,0,1.5,34.4,1,BS
2015,2015-07-31,10:50,11:45,LTER 4.25 Forereef Fish Transect 3 Swath 5 m,LTER_4.25,Forereef,10,3,5,Melichthys vidua,Balistidae,3,180,0,310.6,NA,Primary Consumer,Omnivore,100,1,0,1.5,34.4,1,BS
2015,2015-07-31,10:50,11:45,LTER 4.25 Forereef Fish Transect 3 Swath 5 m,LTER_4.25,Forereef,10,3,5,Odonus niger,Balistidae,50,120,0,1000.8,NA,Planktivore,Planktivore_exclusively,100,1,0,1.5,34.4,1,BS
2015,2015-07-31,10:50,11:45,LTER 4.25 Forereef Fish Transect 3 Swath 5 m,LTER_4.25,Forereef,10,3,5,Odonus niger,Balistidae,15,180,0,1188.4,NA,Planktivore,Planktivore_exclusively,100,1,0,1.5,34.4,1,BS
2015,2015-07-31,10:50,11:45,LTER 4.25 Forereef Fish Transect 3 Swath 5 m,LTER_4.25,Forereef,10,3,5,Parupeneus multifasciatus,Mullidae,1,100,0,29.8,NA,Secondary Consumer,Benthic Invertebrate Consumer,100,1,0,1.5,34.4,1,BS
2015,2015-07-31,10:50,11:45,LTER 4.25 Forereef Fish Transect 3 Swath 5 m,LTER_4.25,Forereef,10,3,5,Parupeneus multifasciatus,Mullidae,1,140,0,85.2,NA,Secondary Consumer,Benthic Invertebrate Consumer,100,1,0,1.5,34.4,1,BS
2015,2015-07-31,10:50,11:45,LTER 4.25 Forereef Fish Transect 3 Swath 5 m,LTER_4.25,Forereef,10,3,5,Pomachromis fuscidorsalis,Pomacentridae,5,50,0,9.24,NA,Planktivore,Planktivore_exclusively,100,1,0,1.5,34.4,1,BS
2015,2015-07-31,10:50,11:45,LTER 4.25 Forereef Fish Transect 3 Swath 5 m,LTER_4.25,Forereef,10,3,5,Pycnochromis iomelas,Pomacentridae,10,50,0,15.49,NA,Planktivore,Omnivore,100,1,0,1.5,34.4,1,BS
2015,2015-07-31,10:50,11:45,LTER 4.25 Forereef Fish Transect 3 Swath 5 m,LTER_4.25,Forereef,10,3,5,Pycnochromis margaritifer,Pomacentridae,5,50,0,7.76,NA,Planktivore,Omnivore,100,1,0,1.5,34.4,1,BS
2015,2015-07-31,10:50,11:45,LTER 4.25 Forereef Fish Transect 3 Swath 5 m,LTER_4.25,Forereef,10,3,5,Scarus globiceps,Scaridae,1,210,0,197.3,IP,Primary Consumer,Scraper,100,1,0,1.5,34.4,1,BS
2015,2015-07-31,10:50,11:45,LTER 4.25 Forereef Fish Transect 3 Swath 5 m,LTER_4.25,Forereef,10,3,5,Scarus oviceps,Scaridae,1,120,0,34.3,IP,Primary Consumer,Scraper,100,1,0,1.5,34.4,1,BS
2015,2015-07-31,10:50,11:45,LTER 4.25 Forereef Fish Transect 3 Swath 5 m,LTER_4.25,Forereef,10,3,5,Scarus oviceps,Scaridae,1,200,0,174.2,IP,Primary Consumer,Scraper,100,1,0,1.5,34.4,1,BS
2015,2015-07-31,10:50,11:45,LTER 4.25 Forereef Fish Transect 3 Swath 5 m,LTER_4.25,Forereef,10,3,5,Scarus rubroviolaceus,Scaridae,1,220,0,164.5,IP,Primary Consumer,Scraper,100,1,0,1.5,34.4,1,BS
2015,2015-07-31,10:50,11:45,LTER 4.25 Forereef Fish Transect 3 Swath 5 m,LTER_4.25,Forereef,10,3,5,Sufflamen bursa,Balistidae,4,110,0,145.5,NA,Secondary Consumer,Omnivore,100,1,0,1.5,34.4,1,BS
2015,2015-07-31,10:50,11:45,LTER 4.25 Forereef Fish Transect 3 Swath 5 m,LTER_4.25,Forereef,10,3,5,Thalassoma lutescens,Labridae,1,60,0,2.39,NA,Secondary Consumer,Benthic Invertebrate Consumer,100,1,0,1.5,34.4,1,BS
2015,2015-07-31,10:50,11:45,LTER 4.25 Forereef Fish Transect 3 Swath 5 m,LTER_4.25,Forereef,10,3,5,Thalassoma lutescens,Labridae,1,80,0,5.77,NA,Secondary Consumer,Benthic Invertebrate Consumer,100,1,0,1.5,34.4,1,BS
2015,2015-07-31,10:50,11:45,LTER 4.25 Forereef Fish Transect 3 Swath 5 m,LTER_4.25,Forereef,10,3,5,Thalassoma lutescens,Labridae,1,100,0,11.4,NA,Secondary Consumer,Benthic Invertebrate Consumer,100,1,0,1.5,34.4,1,BS
2015,2015-07-31,10:50,11:45,LTER 4.25 Forereef Fish Transect 3 Swath 5 m,LTER_4.25,Forereef,10,3,5,Thalassoma quinquevittatum,Labridae,2,70,0,7.67,NA,Secondary Consumer,Benthic Invertebrate Consumer,100,1,0,1.5,34.4,1,BS
2015,2015-07-31,10:50,11:45,LTER 4.25 Forereef Fish Transect 3 Swath 5 m,LTER_4.25,Forereef,10,3,5,Thalassoma quinquevittatum,Labridae,1,80,0,5.77,NA,Secondary Consumer,Benthic Invertebrate Consumer,100,1,0,1.5,34.4,1,BS
2015,2015-07-31,10:50,11:45,LTER 4.25 Forereef Fish Transect 3 Swath 5 m,LTER_4.25,Forereef,10,3,5,Thalassoma quinquevittatum,Labridae,1,100,0,11.4,NA,Secondary Consumer,Benthic Invertebrate Consumer,100,1,0,1.5,34.4,1,BS
2015,2015-07-31,10:50,11:45,LTER 4.25 Forereef Fish Transect 3 Swath 5 m,LTER_4.25,Forereef,10,3,5,Thalassoma quinquevittatum,Labridae,1,110,0,15.3,NA,Secondary Consumer,Benthic Invertebrate Consumer,100,1,0,1.5,34.4,1,BS
2015,2015-07-31,10:50,11:45,LTER 4.25 Forereef Fish Transect 3 Swath 5 m,LTER_4.25,Forereef,10,3,5,Zebrasoma scopas,Acanthuridae,1,100,0,28.6,NA,Primary Consumer,Concealed Cropper,100,1,0,1.5,34.4,1,BS
2015,2015-07-31,9:30,10:15,LTER 4.75 Forereef Fish Transect 1 Swath 1 m,LTER_4.75,Forereef,10,1,1,Caracanthus maculatus,Scorpaenidae,2,35,0,1.73,NA,Secondary Consumer,Benthic Invertebrate Consumer,60,1,0,1.5,35.7,1.5,GB
2015,2015-07-31,9:30,10:15,LTER 4.75 Forereef Fish Transect 1 Swath 1 m,LTER_4.75,Forereef,10,1,1,Neocirrhites armatus,Cirrhitidae,1,45,0,1.27,NA,Secondary Consumer,Benthic Invertebrate Consumer,60,1,0,1.5,35.7,1.5,GB
2015,2015-07-31,9:30,10:15,LTER 4.75 Forereef Fish Transect 1 Swath 1 m,LTER_4.75,Forereef,10,1,1,Paracirrhites arcatus,Cirrhitidae,3,25,0,0.56,NA,Secondary Consumer,Benthic Invertebrate Consumer,60,1,0,1.5,35.7,1.5,GB
2015,2015-07-31,9:30,10:15,LTER 4.75 Forereef Fish Transect 1 Swath 1 m,LTER_4.75,Forereef,10,1,1,Paracirrhites arcatus,Cirrhitidae,3,35,0,1.67,NA,Secondary Consumer,Benthic Invertebrate Consumer,60,1,0,1.5,35.7,1.5,GB
2015,2015-07-31,9:30,10:15,LTER 4.75 Forereef Fish Transect 1 Swath 1 m,LTER_4.75,Forereef,10,1,1,Paracirrhites arcatus,Cirrhitidae,1,40,0,0.86,NA,Secondary Consumer,Benthic Invertebrate Consumer,60,1,0,1.5,35.7,1.5,GB
2015,2015-07-31,9:30,10:15,LTER 4.75 Forereef Fish Transect 1 Swath 1 m,LTER_4.75,Forereef,10,1,1,Paracirrhites arcatus,Cirrhitidae,2,45,0,2.54,NA,Secondary Consumer,Benthic Invertebrate Consumer,60,1,0,1.5,35.7,1.5,GB
2015,2015-07-31,9:30,10:15,LTER 4.75 Forereef Fish Transect 1 Swath 1 m,LTER_4.75,Forereef,10,1,1,Plectroglyphidodon johnstonianus,Pomacentridae,2,35,0,3.32,NA,Secondary Consumer,Omnivore,60,1,0,1.5,35.7,1.5,GB
2015,2015-07-31,9:30,10:15,LTER 4.75 Forereef Fish Transect 1 Swath 1 m,LTER_4.75,Forereef,10,1,1,Plectroglyphidodon johnstonianus,Pomacentridae,2,40,0,4.72,NA,Secondary Consumer,Omnivore,60,1,0,1.5,35.7,1.5,GB
2015,2015-07-31,9:30,10:15,LTER 4.75 Forereef Fish Transect 1 Swath 1 m,LTER_4.75,Forereef,10,1,1,Pseudocheilinus tetrataenia,Labridae,1,25,0,0.24,NA,Secondary Consumer,Benthic Invertebrate Consumer,60,1,0,1.5,35.7,1.5,GB
2015,2015-07-31,9:30,10:15,LTER 4.75 Forereef Fish Transect 1 Swath 5 m,LTER_4.75,Forereef,10,1,5,Acanthurus nigroris,Acanthuridae,8,150,0,549.1,NA,Primary Consumer,Cropper,60,1,0,1.5,35.7,1.5,GB
2015,2015-07-31,9:30,10:15,LTER 4.75 Forereef Fish Transect 1 Swath 5 m,LTER_4.75,Forereef,10,1,5,Acanthurus olivaceus,Acanthuridae,3,220,0,606.5,NA,Primary Consumer,Sediment Sucker,60,1,0,1.5,35.7,1.5,GB
2015,2015-07-31,9:30,10:15,LTER 4.75 Forereef Fish Transect 1 Swath 5 m,LTER_4.75,Forereef,10,1,5,Balistapus undulatus,Balistidae,3,160,0,208.2,NA,Secondary Consumer,Omnivore,60,1,0,1.5,35.7,1.5,GB
2015,2015-07-31,9:30,10:15,LTER 4.75 Forereef Fish Transect 1 Swath 5 m,LTER_4.75,Forereef,10,1,5,Centropyge flavissima,Pomacanthidae,4,40,0,10.61,NA,Primary Consumer,Omnivore,60,1,0,1.5,35.7,1.5,GB
2015,2015-07-31,9:30,10:15,LTER 4.75 Forereef Fish Transect 1 Swath 5 m,LTER_4.75,Forereef,10,1,5,Centropyge flavissima,Pomacanthidae,2,50,0,9.43,NA,Primary Consumer,Omnivore,60,1,0,1.5,35.7,1.5,GB
2015,2015-07-31,9:30,10:15,LTER 4.75 Forereef Fish Transect 1 Swath 5 m,LTER_4.75,Forereef,10,1,5,Centropyge loriculus,Pomacanthidae,10,35,0,11.54,NA,Primary Consumer,Omnivore,60,1,0,1.5,35.7,1.5,GB
2015,2015-07-31,9:30,10:15,LTER 4.75 Forereef Fish Transect 1 Swath 5 m,LTER_4.75,Forereef,10,1,5,Cephalopholis argus,Serranidae,1,220,0,173.3,NA,Piscivore_primarily,Piscivore,60,1,0,1.5,35.7,1.5,GB
2015,2015-07-31,9:30,10:15,LTER 4.75 Forereef Fish Transect 1 Swath 5 m,LTER_4.75,Forereef,10,1,5,Cephalopholis argus,Serranidae,1,240,0,228.5,NA,Piscivore_primarily,Piscivore,60,1,0,1.5,35.7,1.5,GB
2015,2015-07-31,9:30,10:15,LTER 4.75 Forereef Fish Transect 1 Swath 5 m,LTER_4.75,Forereef,10,1,5,Chaetodon pelewensis,Chaetodontidae,10,50,0,30.85,NA,Secondary Consumer,Corallivore,60,1,0,1.5,35.7,1.5,GB
2015,2015-07-31,9:30,10:15,LTER 4.75 Forereef Fish Transect 1 Swath 5 m,LTER_4.75,Forereef,10,1,5,Chaetodon quadrimaculatus,Chaetodontidae,4,130,0,245.4,NA,Secondary Consumer,Corallivore,60,1,0,1.5,35.7,1.5,GB
2015,2015-07-31,9:30,10:15,LTER 4.75 Forereef Fish Transect 1 Swath 5 m,LTER_4.75,Forereef,10,1,5,Chaetodon reticulatus,Chaetodontidae,2,120,0,98,NA,Secondary Consumer,Corallivore,60,1,0,1.5,35.7,1.5,GB
2015,2015-07-31,9:30,10:15,LTER 4.75 Forereef Fish Transect 1 Swath 5 m,LTER_4.75,Forereef,10,1,5,Chaetodon unimaculatus,Chaetodontidae,2,160,0,274.8,NA,Secondary Consumer,Corallivore,60,1,0,1.5,35.7,1.5,GB
2015,2015-07-31,9:30,10:15,LTER 4.75 Forereef Fish Transect 1 Swath 5 m,LTER_4.75,Forereef,10,1,5,Chlorurus spilurus,Scaridae,5,180,0,647.9,IP,Primary Consumer,Excavator,60,1,0,1.5,35.7,1.5,GB
2015,2015-07-31,9:30,10:15,LTER 4.75 Forereef Fish Transect 1 Swath 5 m,LTER_4.75,Forereef,10,1,5,Chlorurus spilurus,Scaridae,1,200,0,177.2,IP,Primary Consumer,Excavator,60,1,0,1.5,35.7,1.5,GB
2015,2015-07-31,9:30,10:15,LTER 4.75 Forereef Fish Transect 1 Swath 5 m,LTER_4.75,Forereef,10,1,5,Cirrhilabrus scottorum,Labridae,21,40,0,18.41,NA,Secondary Consumer,Benthic Invertebrate Consumer,60,1,0,1.5,35.7,1.5,GB
2015,2015-07-31,9:30,10:15,LTER 4.75 Forereef Fish Transect 1 Swath 5 m,LTER_4.75,Forereef,10,1,5,Ctenochaetus binotatus,Acanthuridae,2,50,0,6.91,NA,Primary Consumer,Brusher,60,1,0,1.5,35.7,1.5,GB
2015,2015-07-31,9:30,10:15,LTER 4.75 Forereef Fish Transect 1 Swath 5 m,LTER_4.75,Forereef,10,1,5,Ctenochaetus striatus,Acanthuridae,11,60,0,41.31,NA,Primary Consumer,Brusher,60,1,0,1.5,35.7,1.5,GB
2015,2015-07-31,9:30,10:15,LTER 4.75 Forereef Fish Transect 1 Swath 5 m,LTER_4.75,Forereef,10,1,5,Ctenochaetus striatus,Acanthuridae,1,180,0,108.7,NA,Primary Consumer,Brusher,60,1,0,1.5,35.7,1.5,GB
2015,2015-07-31,9:30,10:15,LTER 4.75 Forereef Fish Transect 1 Swath 5 m,LTER_4.75,Forereef,10,1,5,Gomphosus varius,Labridae,1,50,0,1.43,NA,Secondary Consumer,Benthic Invertebrate Consumer,60,1,0,1.5,35.7,1.5,GB
2015,2015-07-31,9:30,10:15,LTER 4.75 Forereef Fish Transect 1 Swath 5 m,LTER_4.75,Forereef,10,1,5,Halichoeres claudia,Labridae,2,60,0,6.75,NA,Secondary Consumer,Benthic Invertebrate Consumer,60,1,0,1.5,35.7,1.5,GB
2015,2015-07-31,9:30,10:15,LTER 4.75 Forereef Fish Transect 1 Swath 5 m,LTER_4.75,Forereef,10,1,5,Halichoeres claudia,Labridae,2,120,0,53.5,NA,Secondary Consumer,Benthic Invertebrate Consumer,60,1,0,1.5,35.7,1.5,GB
2015,2015-07-31,9:30,10:15,LTER 4.75 Forereef Fish Transect 1 Swath 5 m,LTER_4.75,Forereef,10,1,5,Macropharyngodon meleagris,Labridae,2,50,0,2.73,NA,Secondary Consumer,Benthic Invertebrate Consumer,60,1,0,1.5,35.7,1.5,GB
2015,2015-07-31,9:30,10:15,LTER 4.75 Forereef Fish Transect 1 Swath 5 m,LTER_4.75,Forereef,10,1,5,Macropharyngodon meleagris,Labridae,2,60,0,4.78,NA,Secondary Consumer,Benthic Invertebrate Consumer,60,1,0,1.5,35.7,1.5,GB
2015,2015-07-31,9:30,10:15,LTER 4.75 Forereef Fish Transect 1 Swath 5 m,LTER_4.75,Forereef,10,1,5,Melichthys vidua,Balistidae,2,190,0,248.7,NA,Primary Consumer,Omnivore,60,1,0,1.5,35.7,1.5,GB
2015,2015-07-31,9:30,10:15,LTER 4.75 Forereef Fish Transect 1 Swath 5 m,LTER_4.75,Forereef,10,1,5,Novaculichthys taeniourus,Labridae,1,230,0,324.7,NA,Secondary Consumer,Benthic Invertebrate Consumer,60,1,0,1.5,35.7,1.5,GB
2015,2015-07-31,9:30,10:15,LTER 4.75 Forereef Fish Transect 1 Swath 5 m,LTER_4.75,Forereef,10,1,5,Odonus niger,Balistidae,1,160,0,53.1,NA,Planktivore,Planktivore_exclusively,60,1,0,1.5,35.7,1.5,GB
2015,2015-07-31,9:30,10:15,LTER 4.75 Forereef Fish Transect 1 Swath 5 m,LTER_4.75,Forereef,10,1,5,Odonus niger,Balistidae,4,180,0,316.9,NA,Planktivore,Planktivore_exclusively,60,1,0,1.5,35.7,1.5,GB
2015,2015-07-31,9:30,10:15,LTER 4.75 Forereef Fish Transect 1 Swath 5 m,LTER_4.75,Forereef,10,1,5,Odonus niger,Balistidae,1,200,0,113.3,NA,Planktivore,Planktivore_exclusively,60,1,0,1.5,35.7,1.5,GB
2015,2015-07-31,9:30,10:15,LTER 4.75 Forereef Fish Transect 1 Swath 5 m,LTER_4.75,Forereef,10,1,5,Parupeneus multifasciatus,Mullidae,1,70,0,9.76,NA,Secondary Consumer,Benthic Invertebrate Consumer,60,1,0,1.5,35.7,1.5,GB
2015,2015-07-31,9:30,10:15,LTER 4.75 Forereef Fish Transect 1 Swath 5 m,LTER_4.75,Forereef,10,1,5,Pomachromis fuscidorsalis,Pomacentridae,20,30,0,7.99,NA,Planktivore,Planktivore_exclusively,60,1,0,1.5,35.7,1.5,GB
2015,2015-07-31,9:30,10:15,LTER 4.75 Forereef Fish Transect 1 Swath 5 m,LTER_4.75,Forereef,10,1,5,Pycnochromis vanderbilti,Pomacentridae,30,30,0,13.96,NA,Planktivore,Planktivore_exclusively,60,1,0,1.5,35.7,1.5,GB
2015,2015-07-31,9:30,10:15,LTER 4.75 Forereef Fish Transect 1 Swath 5 m,LTER_4.75,Forereef,10,1,5,Rhinecanthus lunula,Balistidae,1,220,0,204.5,NA,Secondary Consumer,Omnivore,60,1,0,1.5,35.7,1.5,GB
2015,2015-07-31,9:30,10:15,LTER 4.75 Forereef Fish Transect 1 Swath 5 m,LTER_4.75,Forereef,10,1,5,Scarus psittacus,Scaridae,1,180,0,123.2,IP,Primary Consumer,Scraper,60,1,0,1.5,35.7,1.5,GB
2015,2015-07-31,9:30,10:15,LTER 4.75 Forereef Fish Transect 1 Swath 5 m,LTER_4.75,Forereef,10,1,5,Stethojulis bandanensis,Labridae,1,60,0,3.09,NA,Secondary Consumer,Benthic Invertebrate Consumer,60,1,0,1.5,35.7,1.5,GB
2015,2015-07-31,9:30,10:15,LTER 4.75 Forereef Fish Transect 1 Swath 5 m,LTER_4.75,Forereef,10,1,5,Sufflamen bursa,Balistidae,2,180,0,307.8,NA,Secondary Consumer,Omnivore,60,1,0,1.5,35.7,1.5,GB
2015,2015-07-31,9:30,10:15,LTER 4.75 Forereef Fish Transect 1 Swath 5 m,LTER_4.75,Forereef,10,1,5,Thalassoma quinquevittatum,Labridae,2,60,0,4.79,NA,Secondary Consumer,Benthic Invertebrate Consumer,60,1,0,1.5,35.7,1.5,GB
2015,2015-07-31,9:30,10:15,LTER 4.75 Forereef Fish Transect 1 Swath 5 m,LTER_4.75,Forereef,10,1,5,Thalassoma quinquevittatum,Labridae,3,120,0,59.9,NA,Secondary Consumer,Benthic Invertebrate Consumer,60,1,0,1.5,35.7,1.5,GB
2015,2015-07-31,9:30,10:15,LTER 4.75 Forereef Fish Transect 1 Swath 5 m,LTER_4.75,Forereef,10,1,5,Thalassoma quinquevittatum,Labridae,2,130,0,51,NA,Secondary Consumer,Benthic Invertebrate Consumer,60,1,0,1.5,35.7,1.5,GB
2015,2015-07-31,9:30,10:15,LTER 4.75 Forereef Fish Transect 1 Swath 5 m,LTER_4.75,Forereef,10,1,5,Zebrasoma scopas,Acanthuridae,1,170,0,140.2,NA,Primary Consumer,Concealed Cropper,60,1,0,1.5,35.7,1.5,GB
2015,2015-07-31,9:30,10:15,LTER 4.75 Forereef Fish Transect 2 Swath 1 m,LTER_4.75,Forereef,10,2,1,Caracanthus maculatus,Scorpaenidae,2,30,0,1.09,NA,Secondary Consumer,Benthic Invertebrate Consumer,60,1,0,1.5,35.7,1.5,AB
2015,2015-07-31,9:30,10:15,LTER 4.75 Forereef Fish Transect 2 Swath 1 m,LTER_4.75,Forereef,10,2,1,Nemateleotris magnifica,Microdesmidae,3,50,0,1.77,NA,Planktivore,Planktivore_exclusively,60,1,0,1.5,35.7,1.5,AB
2015,2015-07-31,9:30,10:15,LTER 4.75 Forereef Fish Transect 2 Swath 1 m,LTER_4.75,Forereef,10,2,1,Neocirrhites armatus,Cirrhitidae,8,50,0,14.32,NA,Secondary Consumer,Benthic Invertebrate Consumer,60,1,0,1.5,35.7,1.5,AB
2015,2015-07-31,9:30,10:15,LTER 4.75 Forereef Fish Transect 2 Swath 1 m,LTER_4.75,Forereef,10,2,1,Paracirrhites arcatus,Cirrhitidae,1,40,0,0.86,NA,Secondary Consumer,Benthic Invertebrate Consumer,60,1,0,1.5,35.7,1.5,AB
2015,2015-07-31,9:30,10:15,LTER 4.75 Forereef Fish Transect 2 Swath 1 m,LTER_4.75,Forereef,10,2,1,Paracirrhites arcatus,Cirrhitidae,1,50,0,1.79,NA,Secondary Consumer,Benthic Invertebrate Consumer,60,1,0,1.5,35.7,1.5,AB
2015,2015-07-31,9:30,10:15,LTER 4.75 Forereef Fish Transect 2 Swath 1 m,LTER_4.75,Forereef,10,2,1,Paracirrhites arcatus,Cirrhitidae,1,55,0,2.44,NA,Secondary Consumer,Benthic Invertebrate Consumer,60,1,0,1.5,35.7,1.5,AB
2015,2015-07-31,9:30,10:15,LTER 4.75 Forereef Fish Transect 2 Swath 1 m,LTER_4.75,Forereef,10,2,1,Paracirrhites arcatus,Cirrhitidae,3,60,0,9.74,NA,Secondary Consumer,Benthic Invertebrate Consumer,60,1,0,1.5,35.7,1.5,AB
2015,2015-07-31,9:30,10:15,LTER 4.75 Forereef Fish Transect 2 Swath 1 m,LTER_4.75,Forereef,10,2,1,Paracirrhites arcatus,Cirrhitidae,2,70,0,10.75,NA,Secondary Consumer,Benthic Invertebrate Consumer,60,1,0,1.5,35.7,1.5,AB
2015,2015-07-31,9:30,10:15,LTER 4.75 Forereef Fish Transect 2 Swath 1 m,LTER_4.75,Forereef,10,2,1,Paracirrhites arcatus,Cirrhitidae,3,80,0,24.94,NA,Secondary Consumer,Benthic Invertebrate Consumer,60,1,0,1.5,35.7,1.5,AB
2015,2015-07-31,9:30,10:15,LTER 4.75 Forereef Fish Transect 2 Swath 1 m,LTER_4.75,Forereef,10,2,1,Plectroglyphidodon johnstonianus,Pomacentridae,1,50,0,4.25,NA,Secondary Consumer,Omnivore,60,1,0,1.5,35.7,1.5,AB
2015,2015-07-31,9:30,10:15,LTER 4.75 Forereef Fish Transect 2 Swath 1 m,LTER_4.75,Forereef,10,2,1,Pseudocheilinus tetrataenia,Labridae,4,30,0,1.62,NA,Secondary Consumer,Benthic Invertebrate Consumer,60,1,0,1.5,35.7,1.5,AB
2015,2015-07-31,9:30,10:15,LTER 4.75 Forereef Fish Transect 2 Swath 1 m,LTER_4.75,Forereef,10,2,1,Pseudocheilinus tetrataenia,Labridae,2,35,0,1.28,NA,Secondary Consumer,Benthic Invertebrate Consumer,60,1,0,1.5,35.7,1.5,AB
2015,2015-07-31,9:30,10:15,LTER 4.75 Forereef Fish Transect 2 Swath 1 m,LTER_4.75,Forereef,10,2,1,Stegastes fasciolatus,Pomacentridae,2,40,0,3.44,NA,Primary Consumer,Herbivore/Detritivore,60,1,0,1.5,35.7,1.5,AB
2015,2015-07-31,9:30,10:15,LTER 4.75 Forereef Fish Transect 2 Swath 1 m,LTER_4.75,Forereef,10,2,1,Stegastes fasciolatus,Pomacentridae,1,50,0,3.36,NA,Primary Consumer,Herbivore/Detritivore,60,1,0,1.5,35.7,1.5,AB
2015,2015-07-31,9:30,10:15,LTER 4.75 Forereef Fish Transect 2 Swath 5 m,LTER_4.75,Forereef,10,2,5,Acanthurus nigrofuscus,Acanthuridae,7,40,0,8.44,NA,Primary Consumer,Cropper,60,1,0,1.5,35.7,1.5,AB
2015,2015-07-31,9:30,10:15,LTER 4.75 Forereef Fish Transect 2 Swath 5 m,LTER_4.75,Forereef,10,2,5,Acanthurus nigrofuscus,Acanthuridae,6,50,0,14.22,NA,Primary Consumer,Cropper,60,1,0,1.5,35.7,1.5,AB
2015,2015-07-31,9:30,10:15,LTER 4.75 Forereef Fish Transect 2 Swath 5 m,LTER_4.75,Forereef,10,2,5,Acanthurus nigroris,Acanthuridae,8,50,0,20.72,NA,Primary Consumer,Cropper,60,1,0,1.5,35.7,1.5,AB
2015,2015-07-31,9:30,10:15,LTER 4.75 Forereef Fish Transect 2 Swath 5 m,LTER_4.75,Forereef,10,2,5,Acanthurus olivaceus,Acanthuridae,4,190,0,522.2,NA,Primary Consumer,Sediment Sucker,60,1,0,1.5,35.7,1.5,AB
2015,2015-07-31,9:30,10:15,LTER 4.75 Forereef Fish Transect 2 Swath 5 m,LTER_4.75,Forereef,10,2,5,Acanthurus olivaceus,Acanthuridae,3,210,0,527.9,NA,Primary Consumer,Sediment Sucker,60,1,0,1.5,35.7,1.5,AB
2015,2015-07-31,9:30,10:15,LTER 4.75 Forereef Fish Transect 2 Swath 5 m,LTER_4.75,Forereef,10,2,5,Centropyge flavissima,Pomacanthidae,4,35,0,7.52,NA,Primary Consumer,Omnivore,60,1,0,1.5,35.7,1.5,AB
2015,2015-07-31,9:30,10:15,LTER 4.75 Forereef Fish Transect 2 Swath 5 m,LTER_4.75,Forereef,10,2,5,Centropyge flavissima,Pomacanthidae,4,40,0,10.61,NA,Primary Consumer,Omnivore,60,1,0,1.5,35.7,1.5,AB
2015,2015-07-31,9:30,10:15,LTER 4.75 Forereef Fish Transect 2 Swath 5 m,LTER_4.75,Forereef,10,2,5,Centropyge loriculus,Pomacanthidae,2,30,0,1.48,NA,Primary Consumer,Omnivore,60,1,0,1.5,35.7,1.5,AB
2015,2015-07-31,9:30,10:15,LTER 4.75 Forereef Fish Transect 2 Swath 5 m,LTER_4.75,Forereef,10,2,5,Centropyge loriculus,Pomacanthidae,4,35,0,4.62,NA,Primary Consumer,Omnivore,60,1,0,1.5,35.7,1.5,AB
2015,2015-07-31,9:30,10:15,LTER 4.75 Forereef Fish Transect 2 Swath 5 m,LTER_4.75,Forereef,10,2,5,Cephalopholis argus,Serranidae,1,180,0,91.5,NA,Piscivore_primarily,Piscivore,60,1,0,1.5,35.7,1.5,AB
2015,2015-07-31,9:30,10:15,LTER 4.75 Forereef Fish Transect 2 Swath 5 m,LTER_4.75,Forereef,10,2,5,Cephalopholis argus,Serranidae,1,200,0,128,NA,Piscivore_primarily,Piscivore,60,1,0,1.5,35.7,1.5,AB
2015,2015-07-31,9:30,10:15,LTER 4.75 Forereef Fish Transect 2 Swath 5 m,LTER_4.75,Forereef,10,2,5,Chaetodon citrinellus,Chaetodontidae,1,35,0,1.23,NA,Secondary Consumer,Corallivore,60,1,0,1.5,35.7,1.5,AB
2015,2015-07-31,9:30,10:15,LTER 4.75 Forereef Fish Transect 2 Swath 5 m,LTER_4.75,Forereef,10,2,5,Chaetodon pelewensis,Chaetodontidae,2,50,0,6.17,NA,Secondary Consumer,Corallivore,60,1,0,1.5,35.7,1.5,AB
2015,2015-07-31,9:30,10:15,LTER 4.75 Forereef Fish Transect 2 Swath 5 m,LTER_4.75,Forereef,10,2,5,Chaetodon pelewensis,Chaetodontidae,1,60,0,5.63,NA,Secondary Consumer,Corallivore,60,1,0,1.5,35.7,1.5,AB
2015,2015-07-31,9:30,10:15,LTER 4.75 Forereef Fish Transect 2 Swath 5 m,LTER_4.75,Forereef,10,2,5,Chaetodon quadrimaculatus,Chaetodontidae,1,80,0,15.65,NA,Secondary Consumer,Corallivore,60,1,0,1.5,35.7,1.5,AB
2015,2015-07-31,9:30,10:15,LTER 4.75 Forereef Fish Transect 2 Swath 5 m,LTER_4.75,Forereef,10,2,5,Chaetodon reticulatus,Chaetodontidae,2,100,0,58.6,NA,Secondary Consumer,Corallivore,60,1,0,1.5,35.7,1.5,AB
2015,2015-07-31,9:30,10:15,LTER 4.75 Forereef Fish Transect 2 Swath 5 m,LTER_4.75,Forereef,10,2,5,Chaetodon unimaculatus,Chaetodontidae,1,120,0,60.8,NA,Secondary Consumer,Corallivore,60,1,0,1.5,35.7,1.5,AB
2015,2015-07-31,9:30,10:15,LTER 4.75 Forereef Fish Transect 2 Swath 5 m,LTER_4.75,Forereef,10,2,5,Cheilinus oxycephalus,Labridae,2,50,0,4.25,NA,Secondary Consumer,Benthic Invertebrate Consumer,60,1,0,1.5,35.7,1.5,AB
2015,2015-07-31,9:30,10:15,LTER 4.75 Forereef Fish Transect 2 Swath 5 m,LTER_4.75,Forereef,10,2,5,Cheilinus oxycephalus,Labridae,2,60,0,7.43,NA,Secondary Consumer,Benthic Invertebrate Consumer,60,1,0,1.5,35.7,1.5,AB
2015,2015-07-31,9:30,10:15,LTER 4.75 Forereef Fish Transect 2 Swath 5 m,LTER_4.75,Forereef,10,2,5,Cheilinus trilobatus,Labridae,1,130,0,42.9,NA,Secondary Consumer,Benthic Invertebrate Consumer,60,1,0,1.5,35.7,1.5,AB
2015,2015-07-31,9:30,10:15,LTER 4.75 Forereef Fish Transect 2 Swath 5 m,LTER_4.75,Forereef,10,2,5,Cirrhilabrus exquisitus,Labridae,5,40,0,4.1,NA,Planktivore,Planktivore_exclusively,60,1,0,1.5,35.7,1.5,AB
2015,2015-07-31,9:30,10:15,LTER 4.75 Forereef Fish Transect 2 Swath 5 m,LTER_4.75,Forereef,10,2,5,Cirrhilabrus scottorum,Labridae,30,50,0,53.44,NA,Secondary Consumer,Benthic Invertebrate Consumer,60,1,0,1.5,35.7,1.5,AB
2015,2015-07-31,9:30,10:15,LTER 4.75 Forereef Fish Transect 2 Swath 5 m,LTER_4.75,Forereef,10,2,5,Cirrhilabrus scottorum,Labridae,35,60,0,111.28,NA,Secondary Consumer,Benthic Invertebrate Consumer,60,1,0,1.5,35.7,1.5,AB
2015,2015-07-31,9:30,10:15,LTER 4.75 Forereef Fish Transect 2 Swath 5 m,LTER_4.75,Forereef,10,2,5,Cirrhilabrus scottorum,Labridae,5,70,0,25.95,NA,Secondary Consumer,Benthic Invertebrate Consumer,60,1,0,1.5,35.7,1.5,AB
2015,2015-07-31,9:30,10:15,LTER 4.75 Forereef Fish Transect 2 Swath 5 m,LTER_4.75,Forereef,10,2,5,Coris gaimard,Labridae,1,110,0,15.9,NA,Secondary Consumer,Benthic Invertebrate Consumer,60,1,0,1.5,35.7,1.5,AB
2015,2015-07-31,9:30,10:15,LTER 4.75 Forereef Fish Transect 2 Swath 5 m,LTER_4.75,Forereef,10,2,5,Gomphosus varius,Labridae,1,50,0,1.43,NA,Secondary Consumer,Benthic Invertebrate Consumer,60,1,0,1.5,35.7,1.5,AB
2015,2015-07-31,9:30,10:15,LTER 4.75 Forereef Fish Transect 2 Swath 5 m,LTER_4.75,Forereef,10,2,5,Halichoeres claudia,Labridae,2,50,0,3.92,NA,Secondary Consumer,Benthic Invertebrate Consumer,60,1,0,1.5,35.7,1.5,AB
2015,2015-07-31,9:30,10:15,LTER 4.75 Forereef Fish Transect 2 Swath 5 m,LTER_4.75,Forereef,10,2,5,Halichoeres claudia,Labridae,7,60,0,23.64,NA,Secondary Consumer,Benthic Invertebrate Consumer,60,1,0,1.5,35.7,1.5,AB
2015,2015-07-31,9:30,10:15,LTER 4.75 Forereef Fish Transect 2 Swath 5 m,LTER_4.75,Forereef,10,2,5,Halichoeres margaritaceus,Labridae,1,60,0,3.38,NA,Secondary Consumer,Benthic Invertebrate Consumer,60,1,0,1.5,35.7,1.5,AB
2015,2015-07-31,9:30,10:15,LTER 4.75 Forereef Fish Transect 2 Swath 5 m,LTER_4.75,Forereef,10,2,5,Macropharyngodon meleagris,Labridae,2,35,0,0.91,NA,Secondary Consumer,Benthic Invertebrate Consumer,60,1,0,1.5,35.7,1.5,AB
2015,2015-07-31,9:30,10:15,LTER 4.75 Forereef Fish Transect 2 Swath 5 m,LTER_4.75,Forereef,10,2,5,Macropharyngodon meleagris,Labridae,4,40,0,2.76,NA,Secondary Consumer,Benthic Invertebrate Consumer,60,1,0,1.5,35.7,1.5,AB
2015,2015-07-31,9:30,10:15,LTER 4.75 Forereef Fish Transect 2 Swath 5 m,LTER_4.75,Forereef,10,2,5,Macropharyngodon meleagris,Labridae,6,50,0,8.2,NA,Secondary Consumer,Benthic Invertebrate Consumer,60,1,0,1.5,35.7,1.5,AB
2015,2015-07-31,9:30,10:15,LTER 4.75 Forereef Fish Transect 2 Swath 5 m,LTER_4.75,Forereef,10,2,5,Macropharyngodon meleagris,Labridae,2,55,0,3.66,NA,Secondary Consumer,Benthic Invertebrate Consumer,60,1,0,1.5,35.7,1.5,AB
2015,2015-07-31,9:30,10:15,LTER 4.75 Forereef Fish Transect 2 Swath 5 m,LTER_4.75,Forereef,10,2,5,Melichthys vidua,Balistidae,3,140,0,132.4,NA,Primary Consumer,Omnivore,60,1,0,1.5,35.7,1.5,AB
2015,2015-07-31,9:30,10:15,LTER 4.75 Forereef Fish Transect 2 Swath 5 m,LTER_4.75,Forereef,10,2,5,Melichthys vidua,Balistidae,2,160,0,138.8,NA,Primary Consumer,Omnivore,60,1,0,1.5,35.7,1.5,AB
2015,2015-07-31,9:30,10:15,LTER 4.75 Forereef Fish Transect 2 Swath 5 m,LTER_4.75,Forereef,10,2,5,Naso lituratus,Acanthuridae,1,220,0,110.4,NA,Primary Consumer,Browser,60,1,0,1.5,35.7,1.5,AB
2015,2015-07-31,9:30,10:15,LTER 4.75 Forereef Fish Transect 2 Swath 5 m,LTER_4.75,Forereef,10,2,5,Odonus niger,Balistidae,4,120,0,80.1,NA,Planktivore,Planktivore_exclusively,60,1,0,1.5,35.7,1.5,AB
2015,2015-07-31,9:30,10:15,LTER 4.75 Forereef Fish Transect 2 Swath 5 m,LTER_4.75,Forereef,10,2,5,Parupeneus multifasciatus,Mullidae,5,50,0,17.06,NA,Secondary Consumer,Benthic Invertebrate Consumer,60,1,0,1.5,35.7,1.5,AB
2015,2015-07-31,9:30,10:15,LTER 4.75 Forereef Fish Transect 2 Swath 5 m,LTER_4.75,Forereef,10,2,5,Pomachromis fuscidorsalis,Pomacentridae,56,50,0,103.53,NA,Planktivore,Planktivore_exclusively,60,1,0,1.5,35.7,1.5,AB
2015,2015-07-31,9:30,10:15,LTER 4.75 Forereef Fish Transect 2 Swath 5 m,LTER_4.75,Forereef,10,2,5,Pseudanthias mooreanus,Serranidae,3,70,0,9.67,NA,Planktivore,Planktivore_exclusively,60,1,0,1.5,35.7,1.5,AB
2015,2015-07-31,9:30,10:15,LTER 4.75 Forereef Fish Transect 2 Swath 5 m,LTER_4.75,Forereef,10,2,5,Pycnochromis vanderbilti,Pomacentridae,36,30,0,16.75,NA,Planktivore,Planktivore_exclusively,60,1,0,1.5,35.7,1.5,AB
2015,2015-07-31,9:30,10:15,LTER 4.75 Forereef Fish Transect 2 Swath 5 m,LTER_4.75,Forereef,10,2,5,Stethojulis bandanensis,Labridae,1,50,0,1.93,NA,Secondary Consumer,Benthic Invertebrate Consumer,60,1,0,1.5,35.7,1.5,AB
2015,2015-07-31,9:30,10:15,LTER 4.75 Forereef Fish Transect 2 Swath 5 m,LTER_4.75,Forereef,10,2,5,Sufflamen bursa,Balistidae,3,120,0,140.8,NA,Secondary Consumer,Omnivore,60,1,0,1.5,35.7,1.5,AB
2015,2015-07-31,9:30,10:15,LTER 4.75 Forereef Fish Transect 2 Swath 5 m,LTER_4.75,Forereef,10,2,5,Thalassoma amblycephalum,Labridae,1,70,0,3.36,NA,Planktivore,Planktivore_exclusively,60,1,0,1.5,35.7,1.5,AB
2015,2015-07-31,9:30,10:15,LTER 4.75 Forereef Fish Transect 2 Swath 5 m,LTER_4.75,Forereef,10,2,5,Thalassoma quinquevittatum,Labridae,4,45,0,3.97,NA,Secondary Consumer,Benthic Invertebrate Consumer,60,1,0,1.5,35.7,1.5,AB
2015,2015-07-31,9:30,10:15,LTER 4.75 Forereef Fish Transect 2 Swath 5 m,LTER_4.75,Forereef,10,2,5,Thalassoma quinquevittatum,Labridae,5,50,0,6.85,NA,Secondary Consumer,Benthic Invertebrate Consumer,60,1,0,1.5,35.7,1.5,AB
2015,2015-07-31,9:30,10:15,LTER 4.75 Forereef Fish Transect 2 Swath 5 m,LTER_4.75,Forereef,10,2,5,Thalassoma quinquevittatum,Labridae,9,60,0,21.54,NA,Secondary Consumer,Benthic Invertebrate Consumer,60,1,0,1.5,35.7,1.5,AB
2015,2015-07-31,9:30,10:15,LTER 4.75 Forereef Fish Transect 2 Swath 5 m,LTER_4.75,Forereef,10,2,5,Thalassoma quinquevittatum,Labridae,2,70,0,7.67,NA,Secondary Consumer,Benthic Invertebrate Consumer,60,1,0,1.5,35.7,1.5,AB
2015,2015-07-31,9:30,10:15,LTER 4.75 Forereef Fish Transect 2 Swath 5 m,LTER_4.75,Forereef,10,2,5,Zanclus cornutus,Zanclidae,2,150,0,138,NA,Secondary Consumer,Omnivore,60,1,0,1.5,35.7,1.5,AB
2015,2015-07-31,9:30,10:15,LTER 4.75 Forereef Fish Transect 2 Swath 5 m,LTER_4.75,Forereef,10,2,5,Zebrasoma scopas,Acanthuridae,2,120,0,98.8,NA,Primary Consumer,Concealed Cropper,60,1,0,1.5,35.7,1.5,AB
2015,2015-07-31,9:30,10:15,LTER 4.75 Forereef Fish Transect 3 Swath 1 m,LTER_4.75,Forereef,10,3,1,Ostorhinchus nigrofasciatus,Apogonidae,1,50,0,1.9,NA,Secondary Consumer,Benthic Invertebrate Consumer,60,1,0,1.5,35.7,1.5,BS
2015,2015-07-31,9:30,10:15,LTER 4.75 Forereef Fish Transect 3 Swath 1 m,LTER_4.75,Forereef,10,3,1,Paracirrhites arcatus,Cirrhitidae,1,40,0,0.86,NA,Secondary Consumer,Benthic Invertebrate Consumer,60,1,0,1.5,35.7,1.5,BS
2015,2015-07-31,9:30,10:15,LTER 4.75 Forereef Fish Transect 3 Swath 1 m,LTER_4.75,Forereef,10,3,1,Paracirrhites arcatus,Cirrhitidae,1,50,0,1.79,NA,Secondary Consumer,Benthic Invertebrate Consumer,60,1,0,1.5,35.7,1.5,BS
2015,2015-07-31,9:30,10:15,LTER 4.75 Forereef Fish Transect 3 Swath 1 m,LTER_4.75,Forereef,10,3,1,Paracirrhites arcatus,Cirrhitidae,2,60,0,6.49,NA,Secondary Consumer,Benthic Invertebrate Consumer,60,1,0,1.5,35.7,1.5,BS
2015,2015-07-31,9:30,10:15,LTER 4.75 Forereef Fish Transect 3 Swath 1 m,LTER_4.75,Forereef,10,3,1,Paracirrhites arcatus,Cirrhitidae,1,70,0,5.37,NA,Secondary Consumer,Benthic Invertebrate Consumer,60,1,0,1.5,35.7,1.5,BS
2015,2015-07-31,9:30,10:15,LTER 4.75 Forereef Fish Transect 3 Swath 1 m,LTER_4.75,Forereef,10,3,1,Plagiotremus tapeinosoma,Blenniidae,1,80,0,2.23,NA,Secondary Consumer,Fish Scale Consumer,60,1,0,1.5,35.7,1.5,BS
2015,2015-07-31,9:30,10:15,LTER 4.75 Forereef Fish Transect 3 Swath 1 m,LTER_4.75,Forereef,10,3,1,Plectroglyphidodon johnstonianus,Pomacentridae,1,40,0,2.36,NA,Secondary Consumer,Omnivore,60,1,0,1.5,35.7,1.5,BS
2015,2015-07-31,9:30,10:15,LTER 4.75 Forereef Fish Transect 3 Swath 1 m,LTER_4.75,Forereef,10,3,1,Pseudocheilinus tetrataenia,Labridae,1,30,0,0.41,NA,Secondary Consumer,Benthic Invertebrate Consumer,60,1,0,1.5,35.7,1.5,BS
2015,2015-07-31,9:30,10:15,LTER 4.75 Forereef Fish Transect 3 Swath 1 m,LTER_4.75,Forereef,10,3,1,Stegastes fasciolatus,Pomacentridae,2,40,0,3.44,NA,Primary Consumer,Herbivore/Detritivore,60,1,0,1.5,35.7,1.5,BS
2015,2015-07-31,9:30,10:15,LTER 4.75 Forereef Fish Transect 3 Swath 1 m,LTER_4.75,Forereef,10,3,1,Stegastes fasciolatus,Pomacentridae,1,50,0,3.36,NA,Primary Consumer,Herbivore/Detritivore,60,1,0,1.5,35.7,1.5,BS
2015,2015-07-31,9:30,10:15,LTER 4.75 Forereef Fish Transect 3 Swath 5 m,LTER_4.75,Forereef,10,3,5,Acanthurus nigrofuscus,Acanthuridae,13,60,0,53.53,NA,Primary Consumer,Cropper,60,1,0,1.5,35.7,1.5,BS
2015,2015-07-31,9:30,10:15,LTER 4.75 Forereef Fish Transect 3 Swath 5 m,LTER_4.75,Forereef,10,3,5,Acanthurus nigrofuscus,Acanthuridae,1,80,0,9.84,NA,Primary Consumer,Cropper,60,1,0,1.5,35.7,1.5,BS
2015,2015-07-31,9:30,10:15,LTER 4.75 Forereef Fish Transect 3 Swath 5 m,LTER_4.75,Forereef,10,3,5,Acanthurus nigrofuscus,Acanthuridae,1,100,0,19.3,NA,Primary Consumer,Cropper,60,1,0,1.5,35.7,1.5,BS
2015,2015-07-31,9:30,10:15,LTER 4.75 Forereef Fish Transect 3 Swath 5 m,LTER_4.75,Forereef,10,3,5,Acanthurus olivaceus,Acanthuridae,23,190,0,3002.8,NA,Primary Consumer,Sediment Sucker,60,1,0,1.5,35.7,1.5,BS
2015,2015-07-31,9:30,10:15,LTER 4.75 Forereef Fish Transect 3 Swath 5 m,LTER_4.75,Forereef,10,3,5,Centropyge flavissima,Pomacanthidae,1,50,0,4.71,NA,Primary Consumer,Omnivore,60,1,0,1.5,35.7,1.5,BS
2015,2015-07-31,9:30,10:15,LTER 4.75 Forereef Fish Transect 3 Swath 5 m,LTER_4.75,Forereef,10,3,5,Centropyge flavissima,Pomacanthidae,3,60,0,22.62,NA,Primary Consumer,Omnivore,60,1,0,1.5,35.7,1.5,BS
2015,2015-07-31,9:30,10:15,LTER 4.75 Forereef Fish Transect 3 Swath 5 m,LTER_4.75,Forereef,10,3,5,Centropyge loriculus,Pomacanthidae,1,60,0,5.48,NA,Primary Consumer,Omnivore,60,1,0,1.5,35.7,1.5,BS
2015,2015-07-31,9:30,10:15,LTER 4.75 Forereef Fish Transect 3 Swath 5 m,LTER_4.75,Forereef,10,3,5,Cephalopholis argus,Serranidae,1,220,0,173.3,NA,Piscivore_primarily,Piscivore,60,1,0,1.5,35.7,1.5,BS
2015,2015-07-31,9:30,10:15,LTER 4.75 Forereef Fish Transect 3 Swath 5 m,LTER_4.75,Forereef,10,3,5,Chaetodon ephippium,Chaetodontidae,1,120,0,45.2,NA,Secondary Consumer,Corallivore,60,1,0,1.5,35.7,1.5,BS
2015,2015-07-31,9:30,10:15,LTER 4.75 Forereef Fish Transect 3 Swath 5 m,LTER_4.75,Forereef,10,3,5,Chaetodon pelewensis,Chaetodontidae,2,70,0,18.71,NA,Secondary Consumer,Corallivore,60,1,0,1.5,35.7,1.5,BS
2015,2015-07-31,9:30,10:15,LTER 4.75 Forereef Fish Transect 3 Swath 5 m,LTER_4.75,Forereef,10,3,5,Chaetodon quadrimaculatus,Chaetodontidae,1,60,0,6.97,NA,Secondary Consumer,Corallivore,60,1,0,1.5,35.7,1.5,BS
2015,2015-07-31,9:30,10:15,LTER 4.75 Forereef Fish Transect 3 Swath 5 m,LTER_4.75,Forereef,10,3,5,Chaetodon quadrimaculatus,Chaetodontidae,2,100,0,58.6,NA,Secondary Consumer,Corallivore,60,1,0,1.5,35.7,1.5,BS
2015,2015-07-31,9:30,10:15,LTER 4.75 Forereef Fish Transect 3 Swath 5 m,LTER_4.75,Forereef,10,3,5,Chlorurus spilurus,Scaridae,10,180,0,1295.7,IP,Primary Consumer,Excavator,60,1,0,1.5,35.7,1.5,BS
2015,2015-07-31,9:30,10:15,LTER 4.75 Forereef Fish Transect 3 Swath 5 m,LTER_4.75,Forereef,10,3,5,Chlorurus spilurus,Scaridae,1,220,0,235.1,TP,Primary Consumer,Excavator,60,1,0,1.5,35.7,1.5,BS
2015,2015-07-31,9:30,10:15,LTER 4.75 Forereef Fish Transect 3 Swath 5 m,LTER_4.75,Forereef,10,3,5,Cirrhilabrus scottorum,Labridae,70,80,0,555.27,NA,Secondary Consumer,Benthic Invertebrate Consumer,60,1,0,1.5,35.7,1.5,BS
2015,2015-07-31,9:30,10:15,LTER 4.75 Forereef Fish Transect 3 Swath 5 m,LTER_4.75,Forereef,10,3,5,Coris gaimard,Labridae,1,80,0,5.64,NA,Secondary Consumer,Benthic Invertebrate Consumer,60,1,0,1.5,35.7,1.5,BS
2015,2015-07-31,9:30,10:15,LTER 4.75 Forereef Fish Transect 3 Swath 5 m,LTER_4.75,Forereef,10,3,5,Coris gaimard,Labridae,1,140,0,34.9,NA,Secondary Consumer,Benthic Invertebrate Consumer,60,1,0,1.5,35.7,1.5,BS
2015,2015-07-31,9:30,10:15,LTER 4.75 Forereef Fish Transect 3 Swath 5 m,LTER_4.75,Forereef,10,3,5,Gomphosus varius,Labridae,1,70,0,3.54,NA,Secondary Consumer,Benthic Invertebrate Consumer,60,1,0,1.5,35.7,1.5,BS
2015,2015-07-31,9:30,10:15,LTER 4.75 Forereef Fish Transect 3 Swath 5 m,LTER_4.75,Forereef,10,3,5,Gomphosus varius,Labridae,1,100,0,9.3,NA,Secondary Consumer,Benthic Invertebrate Consumer,60,1,0,1.5,35.7,1.5,BS
2015,2015-07-31,9:30,10:15,LTER 4.75 Forereef Fish Transect 3 Swath 5 m,LTER_4.75,Forereef,10,3,5,Halichoeres claudia,Labridae,6,70,0,32.11,NA,Secondary Consumer,Benthic Invertebrate Consumer,60,1,0,1.5,35.7,1.5,BS
2015,2015-07-31,9:30,10:15,LTER 4.75 Forereef Fish Transect 3 Swath 5 m,LTER_4.75,Forereef,10,3,5,Halichoeres claudia,Labridae,2,80,0,15.95,NA,Secondary Consumer,Benthic Invertebrate Consumer,60,1,0,1.5,35.7,1.5,BS
2015,2015-07-31,9:30,10:15,LTER 4.75 Forereef Fish Transect 3 Swath 5 m,LTER_4.75,Forereef,10,3,5,Halichoeres claudia,Labridae,1,90,0,11.34,NA,Secondary Consumer,Benthic Invertebrate Consumer,60,1,0,1.5,35.7,1.5,BS
2015,2015-07-31,9:30,10:15,LTER 4.75 Forereef Fish Transect 3 Swath 5 m,LTER_4.75,Forereef,10,3,5,Labroides dimidiatus,Labridae,2,80,0,9.77,NA,Secondary Consumer,Benthic Invertebrate Consumer,60,1,0,1.5,35.7,1.5,BS
2015,2015-07-31,9:30,10:15,LTER 4.75 Forereef Fish Transect 3 Swath 5 m,LTER_4.75,Forereef,10,3,5,Macropharyngodon meleagris,Labridae,2,40,0,1.38,NA,Secondary Consumer,Benthic Invertebrate Consumer,60,1,0,1.5,35.7,1.5,BS
2015,2015-07-31,9:30,10:15,LTER 4.75 Forereef Fish Transect 3 Swath 5 m,LTER_4.75,Forereef,10,3,5,Macropharyngodon meleagris,Labridae,2,60,0,4.78,NA,Secondary Consumer,Benthic Invertebrate Consumer,60,1,0,1.5,35.7,1.5,BS
2015,2015-07-31,9:30,10:15,LTER 4.75 Forereef Fish Transect 3 Swath 5 m,LTER_4.75,Forereef,10,3,5,Macropharyngodon meleagris,Labridae,1,70,0,3.84,NA,Secondary Consumer,Benthic Invertebrate Consumer,60,1,0,1.5,35.7,1.5,BS
2015,2015-07-31,9:30,10:15,LTER 4.75 Forereef Fish Transect 3 Swath 5 m,LTER_4.75,Forereef,10,3,5,Melichthys vidua,Balistidae,5,180,0,517.6,NA,Primary Consumer,Omnivore,60,1,0,1.5,35.7,1.5,BS
2015,2015-07-31,9:30,10:15,LTER 4.75 Forereef Fish Transect 3 Swath 5 m,LTER_4.75,Forereef,10,3,5,Odonus niger,Balistidae,40,200,0,4530.8,NA,Planktivore,Planktivore_exclusively,60,1,0,1.5,35.7,1.5,BS
2015,2015-07-31,9:30,10:15,LTER 4.75 Forereef Fish Transect 3 Swath 5 m,LTER_4.75,Forereef,10,3,5,Parupeneus multifasciatus,Mullidae,4,100,0,119.1,NA,Secondary Consumer,Benthic Invertebrate Consumer,60,1,0,1.5,35.7,1.5,BS
2015,2015-07-31,9:30,10:15,LTER 4.75 Forereef Fish Transect 3 Swath 5 m,LTER_4.75,Forereef,10,3,5,Pomachromis fuscidorsalis,Pomacentridae,20,40,0,18.93,NA,Planktivore,Planktivore_exclusively,60,1,0,1.5,35.7,1.5,BS
2015,2015-07-31,9:30,10:15,LTER 4.75 Forereef Fish Transect 3 Swath 5 m,LTER_4.75,Forereef,10,3,5,Pseudanthias olivaceus,Serranidae,10,60,0,23.01,NA,Planktivore,Planktivore_exclusively,60,1,0,1.5,35.7,1.5,BS
2015,2015-07-31,9:30,10:15,LTER 4.75 Forereef Fish Transect 3 Swath 5 m,LTER_4.75,Forereef,10,3,5,Pseudobalistes fuscus,Balistidae,1,500,0,3548.9,NA,Secondary Consumer,Benthic Invertebrate Consumer,60,1,0,1.5,35.7,1.5,BS
2015,2015-07-31,9:30,10:15,LTER 4.75 Forereef Fish Transect 3 Swath 5 m,LTER_4.75,Forereef,10,3,5,Pycnochromis vanderbilti,Pomacentridae,100,40,0,115.98,NA,Planktivore,Planktivore_exclusively,60,1,0,1.5,35.7,1.5,BS
2015,2015-07-31,9:30,10:15,LTER 4.75 Forereef Fish Transect 3 Swath 5 m,LTER_4.75,Forereef,10,3,5,Rhinecanthus rectangulus,Balistidae,1,100,0,14.1,NA,Secondary Consumer,Omnivore,60,1,0,1.5,35.7,1.5,BS
2015,2015-07-31,9:30,10:15,LTER 4.75 Forereef Fish Transect 3 Swath 5 m,LTER_4.75,Forereef,10,3,5,Scarus globiceps,Scaridae,2,180,0,245.1,IP,Primary Consumer,Scraper,60,1,0,1.5,35.7,1.5,BS
2015,2015-07-31,9:30,10:15,LTER 4.75 Forereef Fish Transect 3 Swath 5 m,LTER_4.75,Forereef,10,3,5,Scarus rubroviolaceus,Scaridae,2,210,0,286.8,IP,Primary Consumer,Scraper,60,1,0,1.5,35.7,1.5,BS
2015,2015-07-31,9:30,10:15,LTER 4.75 Forereef Fish Transect 3 Swath 5 m,LTER_4.75,Forereef,10,3,5,Stethojulis bandanensis,Labridae,1,70,0,4.61,NA,Secondary Consumer,Benthic Invertebrate Consumer,60,1,0,1.5,35.7,1.5,BS
2015,2015-07-31,9:30,10:15,LTER 4.75 Forereef Fish Transect 3 Swath 5 m,LTER_4.75,Forereef,10,3,5,Stethojulis bandanensis,Labridae,1,80,0,6.5,NA,Secondary Consumer,Benthic Invertebrate Consumer,60,1,0,1.5,35.7,1.5,BS
2015,2015-07-31,9:30,10:15,LTER 4.75 Forereef Fish Transect 3 Swath 5 m,LTER_4.75,Forereef,10,3,5,Sufflamen bursa,Balistidae,4,110,0,145.5,NA,Secondary Consumer,Omnivore,60,1,0,1.5,35.7,1.5,BS
2015,2015-07-31,9:30,10:15,LTER 4.75 Forereef Fish Transect 3 Swath 5 m,LTER_4.75,Forereef,10,3,5,Thalassoma lutescens,Labridae,1,80,0,5.77,NA,Secondary Consumer,Benthic Invertebrate Consumer,60,1,0,1.5,35.7,1.5,BS
2015,2015-07-31,9:30,10:15,LTER 4.75 Forereef Fish Transect 3 Swath 5 m,LTER_4.75,Forereef,10,3,5,Thalassoma quinquevittatum,Labridae,7,80,0,40.4,NA,Secondary Consumer,Benthic Invertebrate Consumer,60,1,0,1.5,35.7,1.5,BS
2015,2015-07-31,9:30,10:15,LTER 4.75 Forereef Fish Transect 3 Swath 5 m,LTER_4.75,Forereef,10,3,5,Thalassoma quinquevittatum,Labridae,2,100,0,22.8,NA,Secondary Consumer,Benthic Invertebrate Consumer,60,1,0,1.5,35.7,1.5,BS
2015,2015-07-31,9:30,10:15,LTER 4.75 Forereef Fish Transect 3 Swath 5 m,LTER_4.75,Forereef,10,3,5,Thalassoma quinquevittatum,Labridae,1,110,0,15.3,NA,Secondary Consumer,Benthic Invertebrate Consumer,60,1,0,1.5,35.7,1.5,BS
2015,2015-07-31,9:30,10:15,LTER 4.75 Forereef Fish Transect 3 Swath 5 m,LTER_4.75,Forereef,10,3,5,Zanclus cornutus,Zanclidae,3,110,0,80.1,NA,Secondary Consumer,Omnivore,60,1,0,1.5,35.7,1.5,BS
2015,2015-07-31,9:30,10:15,LTER 4.75 Forereef Fish Transect 3 Swath 5 m,LTER_4.75,Forereef,10,3,5,Zebrasoma scopas,Acanthuridae,3,100,0,85.9,NA,Primary Consumer,Concealed Cropper,60,1,0,1.5,35.7,1.5,BS
2015,2015-08-01,9:50,10:45,LTER 5.25 Forereef Fish Transect 1 Swath 1 m,LTER_5.25,Forereef,10,1,1,Caracanthus maculatus,Scorpaenidae,3,25,0,0.94,NA,Secondary Consumer,Benthic Invertebrate Consumer,100,2,0,0.5,40.4,1,GB
2015,2015-08-01,9:50,10:45,LTER 5.25 Forereef Fish Transect 1 Swath 1 m,LTER_5.25,Forereef,10,1,1,Caracanthus maculatus,Scorpaenidae,2,30,0,1.09,NA,Secondary Consumer,Benthic Invertebrate Consumer,100,2,0,0.5,40.4,1,GB
2015,2015-08-01,9:50,10:45,LTER 5.25 Forereef Fish Transect 1 Swath 1 m,LTER_5.25,Forereef,10,1,1,Cirripectes variolosus,Blenniidae,1,40,0,1.02,NA,Primary Consumer,Herbivore/Detritivore,100,2,0,0.5,40.4,1,GB
2015,2015-08-01,9:50,10:45,LTER 5.25 Forereef Fish Transect 1 Swath 1 m,LTER_5.25,Forereef,10,1,1,Neocirrhites armatus,Cirrhitidae,5,25,0,0.93,NA,Secondary Consumer,Benthic Invertebrate Consumer,100,2,0,0.5,40.4,1,GB
2015,2015-08-01,9:50,10:45,LTER 5.25 Forereef Fish Transect 1 Swath 1 m,LTER_5.25,Forereef,10,1,1,Neocirrhites armatus,Cirrhitidae,1,30,0,0.34,NA,Secondary Consumer,Benthic Invertebrate Consumer,100,2,0,0.5,40.4,1,GB
2015,2015-08-01,9:50,10:45,LTER 5.25 Forereef Fish Transect 1 Swath 1 m,LTER_5.25,Forereef,10,1,1,Neocirrhites armatus,Cirrhitidae,7,35,0,3.9,NA,Secondary Consumer,Benthic Invertebrate Consumer,100,2,0,0.5,40.4,1,GB
2015,2015-08-01,9:50,10:45,LTER 5.25 Forereef Fish Transect 1 Swath 1 m,LTER_5.25,Forereef,10,1,1,Neocirrhites armatus,Cirrhitidae,2,40,0,1.73,NA,Secondary Consumer,Benthic Invertebrate Consumer,100,2,0,0.5,40.4,1,GB
2015,2015-08-01,9:50,10:45,LTER 5.25 Forereef Fish Transect 1 Swath 1 m,LTER_5.25,Forereef,10,1,1,Neocirrhites armatus,Cirrhitidae,1,45,0,1.27,NA,Secondary Consumer,Benthic Invertebrate Consumer,100,2,0,0.5,40.4,1,GB
2015,2015-08-01,9:50,10:45,LTER 5.25 Forereef Fish Transect 1 Swath 1 m,LTER_5.25,Forereef,10,1,1,Paracirrhites arcatus,Cirrhitidae,2,20,0,0.18,NA,Secondary Consumer,Benthic Invertebrate Consumer,100,2,0,0.5,40.4,1,GB
2015,2015-08-01,9:50,10:45,LTER 5.25 Forereef Fish Transect 1 Swath 1 m,LTER_5.25,Forereef,10,1,1,Paracirrhites arcatus,Cirrhitidae,2,30,0,0.67,NA,Secondary Consumer,Benthic Invertebrate Consumer,100,2,0,0.5,40.4,1,GB
2015,2015-08-01,9:50,10:45,LTER 5.25 Forereef Fish Transect 1 Swath 1 m,LTER_5.25,Forereef,10,1,1,Paracirrhites arcatus,Cirrhitidae,5,40,0,4.32,NA,Secondary Consumer,Benthic Invertebrate Consumer,100,2,0,0.5,40.4,1,GB
2015,2015-08-01,9:50,10:45,LTER 5.25 Forereef Fish Transect 1 Swath 1 m,LTER_5.25,Forereef,10,1,1,Paracirrhites arcatus,Cirrhitidae,4,55,0,9.77,NA,Secondary Consumer,Benthic Invertebrate Consumer,100,2,0,0.5,40.4,1,GB
2015,2015-08-01,9:50,10:45,LTER 5.25 Forereef Fish Transect 1 Swath 1 m,LTER_5.25,Forereef,10,1,1,Paracirrhites arcatus,Cirrhitidae,1,65,0,4.22,NA,Secondary Consumer,Benthic Invertebrate Consumer,100,2,0,0.5,40.4,1,GB
2015,2015-08-01,9:50,10:45,LTER 5.25 Forereef Fish Transect 1 Swath 1 m,LTER_5.25,Forereef,10,1,1,Plectroglyphidodon johnstonianus,Pomacentridae,1,30,0,1.11,NA,Secondary Consumer,Omnivore,100,2,0,0.5,40.4,1,GB
2015,2015-08-01,9:50,10:45,LTER 5.25 Forereef Fish Transect 1 Swath 1 m,LTER_5.25,Forereef,10,1,1,Plectroglyphidodon johnstonianus,Pomacentridae,3,45,0,9.66,NA,Secondary Consumer,Omnivore,100,2,0,0.5,40.4,1,GB
2015,2015-08-01,9:50,10:45,LTER 5.25 Forereef Fish Transect 1 Swath 1 m,LTER_5.25,Forereef,10,1,1,Pseudocheilinus hexataenia,Labridae,1,30,0,0.4,NA,Secondary Consumer,Benthic Invertebrate Consumer,100,2,0,0.5,40.4,1,GB
2015,2015-08-01,9:50,10:45,LTER 5.25 Forereef Fish Transect 1 Swath 1 m,LTER_5.25,Forereef,10,1,1,Stegastes fasciolatus,Pomacentridae,2,25,0,0.85,NA,Primary Consumer,Herbivore/Detritivore,100,2,0,0.5,40.4,1,GB
2015,2015-08-01,9:50,10:45,LTER 5.25 Forereef Fish Transect 1 Swath 1 m,LTER_5.25,Forereef,10,1,1,Stegastes fasciolatus,Pomacentridae,2,35,0,2.31,NA,Primary Consumer,Herbivore/Detritivore,100,2,0,0.5,40.4,1,GB
2015,2015-08-01,9:50,10:45,LTER 5.25 Forereef Fish Transect 1 Swath 5 m,LTER_5.25,Forereef,10,1,5,Acanthurus nigroris,Acanthuridae,12,150,0,823.6,NA,Primary Consumer,Cropper,100,2,0,0.5,40.4,1,GB
2015,2015-08-01,9:50,10:45,LTER 5.25 Forereef Fish Transect 1 Swath 5 m,LTER_5.25,Forereef,10,1,5,Acanthurus olivaceus,Acanthuridae,2,200,0,304.3,NA,Primary Consumer,Sediment Sucker,100,2,0,0.5,40.4,1,GB
2015,2015-08-01,9:50,10:45,LTER 5.25 Forereef Fish Transect 1 Swath 5 m,LTER_5.25,Forereef,10,1,5,Balistapus undulatus,Balistidae,1,150,0,55.8,NA,Secondary Consumer,Omnivore,100,2,0,0.5,40.4,1,GB
2015,2015-08-01,9:50,10:45,LTER 5.25 Forereef Fish Transect 1 Swath 5 m,LTER_5.25,Forereef,10,1,5,Balistapus undulatus,Balistidae,1,160,0,69.4,NA,Secondary Consumer,Omnivore,100,2,0,0.5,40.4,1,GB
2015,2015-08-01,9:50,10:45,LTER 5.25 Forereef Fish Transect 1 Swath 5 m,LTER_5.25,Forereef,10,1,5,Balistapus undulatus,Balistidae,2,180,0,207,NA,Secondary Consumer,Omnivore,100,2,0,0.5,40.4,1,GB
2015,2015-08-01,9:50,10:45,LTER 5.25 Forereef Fish Transect 1 Swath 5 m,LTER_5.25,Forereef,10,1,5,Cantherhines sandwichiensis,Monacanthidae,1,170,0,72.2,NA,Primary Consumer,Omnivore,100,2,0,0.5,40.4,1,GB
2015,2015-08-01,9:50,10:45,LTER 5.25 Forereef Fish Transect 1 Swath 5 m,LTER_5.25,Forereef,10,1,5,Centropyge flavissima,Pomacanthidae,6,35,0,11.28,NA,Primary Consumer,Omnivore,100,2,0,0.5,40.4,1,GB
2015,2015-08-01,9:50,10:45,LTER 5.25 Forereef Fish Transect 1 Swath 5 m,LTER_5.25,Forereef,10,1,5,Centropyge heraldi,Pomacanthidae,1,60,0,7.54,NA,Primary Consumer,Omnivore,100,2,0,0.5,40.4,1,GB
2015,2015-08-01,9:50,10:45,LTER 5.25 Forereef Fish Transect 1 Swath 5 m,LTER_5.25,Forereef,10,1,5,Cephalopholis argus,Serranidae,1,220,0,173.3,NA,Piscivore_primarily,Piscivore,100,2,0,0.5,40.4,1,GB
2015,2015-08-01,9:50,10:45,LTER 5.25 Forereef Fish Transect 1 Swath 5 m,LTER_5.25,Forereef,10,1,5,Cephalopholis argus,Serranidae,1,240,0,228.5,NA,Piscivore_primarily,Piscivore,100,2,0,0.5,40.4,1,GB
2015,2015-08-01,9:50,10:45,LTER 5.25 Forereef Fish Transect 1 Swath 5 m,LTER_5.25,Forereef,10,1,5,Cephalopholis argus,Serranidae,1,250,0,260.2,NA,Piscivore_primarily,Piscivore,100,2,0,0.5,40.4,1,GB
2015,2015-08-01,9:50,10:45,LTER 5.25 Forereef Fish Transect 1 Swath 5 m,LTER_5.25,Forereef,10,1,5,Chaetodon quadrimaculatus,Chaetodontidae,2,130,0,122.7,NA,Secondary Consumer,Corallivore,100,2,0,0.5,40.4,1,GB
2015,2015-08-01,9:50,10:45,LTER 5.25 Forereef Fish Transect 1 Swath 5 m,LTER_5.25,Forereef,10,1,5,Chanos chanos,Chanidae,1,800,0,7279,NA,Primary Consumer,Omnivore,100,2,0,0.5,40.4,1,GB
2015,2015-08-01,9:50,10:45,LTER 5.25 Forereef Fish Transect 1 Swath 5 m,LTER_5.25,Forereef,10,1,5,Chlorurus spilurus,Scaridae,8,180,0,1036.6,IP,Primary Consumer,Excavator,100,2,0,0.5,40.4,1,GB
2015,2015-08-01,9:50,10:45,LTER 5.25 Forereef Fish Transect 1 Swath 5 m,LTER_5.25,Forereef,10,1,5,Coris gaimard,Labridae,1,190,0,94.2,NA,Secondary Consumer,Benthic Invertebrate Consumer,100,2,0,0.5,40.4,1,GB
2015,2015-08-01,9:50,10:45,LTER 5.25 Forereef Fish Transect 1 Swath 5 m,LTER_5.25,Forereef,10,1,5,Ctenochaetus striatus,Acanthuridae,3,60,0,11.27,NA,Primary Consumer,Brusher,100,2,0,0.5,40.4,1,GB
2015,2015-08-01,9:50,10:45,LTER 5.25 Forereef Fish Transect 1 Swath 5 m,LTER_5.25,Forereef,10,1,5,Ctenochaetus striatus,Acanthuridae,1,130,0,40.1,NA,Primary Consumer,Brusher,100,2,0,0.5,40.4,1,GB
2015,2015-08-01,9:50,10:45,LTER 5.25 Forereef Fish Transect 1 Swath 5 m,LTER_5.25,Forereef,10,1,5,Gymnothorax meleagris,Muraenidae,1,400,0,108.5,NA,Piscivore_primarily,Piscivore,100,2,0,0.5,40.4,1,GB
2015,2015-08-01,9:50,10:45,LTER 5.25 Forereef Fish Transect 1 Swath 5 m,LTER_5.25,Forereef,10,1,5,Halichoeres claudia,Labridae,2,100,0,31.1,NA,Secondary Consumer,Benthic Invertebrate Consumer,100,2,0,0.5,40.4,1,GB
2015,2015-08-01,9:50,10:45,LTER 5.25 Forereef Fish Transect 1 Swath 5 m,LTER_5.25,Forereef,10,1,5,Halichoeres claudia,Labridae,1,140,0,42.4,NA,Secondary Consumer,Benthic Invertebrate Consumer,100,2,0,0.5,40.4,1,GB
2015,2015-08-01,9:50,10:45,LTER 5.25 Forereef Fish Transect 1 Swath 5 m,LTER_5.25,Forereef,10,1,5,Macropharyngodon meleagris,Labridae,1,50,0,1.37,NA,Secondary Consumer,Benthic Invertebrate Consumer,100,2,0,0.5,40.4,1,GB
2015,2015-08-01,9:50,10:45,LTER 5.25 Forereef Fish Transect 1 Swath 5 m,LTER_5.25,Forereef,10,1,5,Melichthys niger,Balistidae,3,190,0,373.1,NA,Primary Consumer,Omnivore,100,2,0,0.5,40.4,1,GB
2015,2015-08-01,9:50,10:45,LTER 5.25 Forereef Fish Transect 1 Swath 5 m,LTER_5.25,Forereef,10,1,5,Melichthys vidua,Balistidae,6,190,0,746.2,NA,Primary Consumer,Omnivore,100,2,0,0.5,40.4,1,GB
2015,2015-08-01,9:50,10:45,LTER 5.25 Forereef Fish Transect 1 Swath 5 m,LTER_5.25,Forereef,10,1,5,Naso lituratus,Acanthuridae,1,180,0,57.5,NA,Primary Consumer,Browser,100,2,0,0.5,40.4,1,GB
2015,2015-08-01,9:50,10:45,LTER 5.25 Forereef Fish Transect 1 Swath 5 m,LTER_5.25,Forereef,10,1,5,Parupeneus multifasciatus,Mullidae,1,120,0,52.6,NA,Secondary Consumer,Benthic Invertebrate Consumer,100,2,0,0.5,40.4,1,GB
2015,2015-08-01,9:50,10:45,LTER 5.25 Forereef Fish Transect 1 Swath 5 m,LTER_5.25,Forereef,10,1,5,Pomachromis fuscidorsalis,Pomacentridae,5,30,0,2,NA,Planktivore,Planktivore_exclusively,100,2,0,0.5,40.4,1,GB
2015,2015-08-01,9:50,10:45,LTER 5.25 Forereef Fish Transect 1 Swath 5 m,LTER_5.25,Forereef,10,1,5,Pycnochromis vanderbilti,Pomacentridae,35,30,0,16.28,NA,Planktivore,Planktivore_exclusively,100,2,0,0.5,40.4,1,GB
2015,2015-08-01,9:50,10:45,LTER 5.25 Forereef Fish Transect 1 Swath 5 m,LTER_5.25,Forereef,10,1,5,Scarus globiceps,Scaridae,1,200,0,169.7,IP,Primary Consumer,Scraper,100,2,0,0.5,40.4,1,GB
2015,2015-08-01,9:50,10:45,LTER 5.25 Forereef Fish Transect 1 Swath 5 m,LTER_5.25,Forereef,10,1,5,Scarus psittacus,Scaridae,10,180,0,1232.5,IP,Primary Consumer,Scraper,100,2,0,0.5,40.4,1,GB
2015,2015-08-01,9:50,10:45,LTER 5.25 Forereef Fish Transect 1 Swath 5 m,LTER_5.25,Forereef,10,1,5,Sufflamen bursa,Balistidae,2,160,0,218,NA,Secondary Consumer,Omnivore,100,2,0,0.5,40.4,1,GB
2015,2015-08-01,9:50,10:45,LTER 5.25 Forereef Fish Transect 1 Swath 5 m,LTER_5.25,Forereef,10,1,5,Sufflamen bursa,Balistidae,1,170,0,130.2,NA,Secondary Consumer,Omnivore,100,2,0,0.5,40.4,1,GB
2015,2015-08-01,9:50,10:45,LTER 5.25 Forereef Fish Transect 1 Swath 5 m,LTER_5.25,Forereef,10,1,5,Thalassoma quinquevittatum,Labridae,6,60,0,14.36,NA,Secondary Consumer,Benthic Invertebrate Consumer,100,2,0,0.5,40.4,1,GB
2015,2015-08-01,9:50,10:45,LTER 5.25 Forereef Fish Transect 1 Swath 5 m,LTER_5.25,Forereef,10,1,5,Thalassoma quinquevittatum,Labridae,3,100,0,34.3,NA,Secondary Consumer,Benthic Invertebrate Consumer,100,2,0,0.5,40.4,1,GB
2015,2015-08-01,9:50,10:45,LTER 5.25 Forereef Fish Transect 1 Swath 5 m,LTER_5.25,Forereef,10,1,5,Thalassoma quinquevittatum,Labridae,6,120,0,119.7,NA,Secondary Consumer,Benthic Invertebrate Consumer,100,2,0,0.5,40.4,1,GB
2015,2015-08-01,9:50,10:45,LTER 5.25 Forereef Fish Transect 1 Swath 5 m,LTER_5.25,Forereef,10,1,5,Thalassoma quinquevittatum,Labridae,6,130,0,153,NA,Secondary Consumer,Benthic Invertebrate Consumer,100,2,0,0.5,40.4,1,GB
2015,2015-08-01,9:50,10:45,LTER 5.25 Forereef Fish Transect 1 Swath 5 m,LTER_5.25,Forereef,10,1,5,Zebrasoma scopas,Acanthuridae,1,170,0,140.2,NA,Primary Consumer,Concealed Cropper,100,2,0,0.5,40.4,1,GB
2015,2015-08-01,9:50,10:45,LTER 5.25 Forereef Fish Transect 2 Swath 1 m,LTER_5.25,Forereef,10,2,1,Caracanthus maculatus,Scorpaenidae,1,30,0,0.54,NA,Secondary Consumer,Benthic Invertebrate Consumer,100,2,0,0.5,40.4,1,AB
2015,2015-08-01,9:50,10:45,LTER 5.25 Forereef Fish Transect 2 Swath 1 m,LTER_5.25,Forereef,10,2,1,Caracanthus maculatus,Scorpaenidae,10,40,0,12.95,NA,Secondary Consumer,Benthic Invertebrate Consumer,100,2,0,0.5,40.4,1,AB
2015,2015-08-01,9:50,10:45,LTER 5.25 Forereef Fish Transect 2 Swath 1 m,LTER_5.25,Forereef,10,2,1,Cirripectes variolosus,Blenniidae,1,45,0,1.48,NA,Primary Consumer,Herbivore/Detritivore,100,2,0,0.5,40.4,1,AB
2015,2015-08-01,9:50,10:45,LTER 5.25 Forereef Fish Transect 2 Swath 1 m,LTER_5.25,Forereef,10,2,1,Gymnothorax javanicus,Muraenidae,1,-1,0,-1,NA,Piscivore_primarily,Piscivore,100,2,0,0.5,40.4,1,AB
2015,2015-08-01,9:50,10:45,LTER 5.25 Forereef Fish Transect 2 Swath 1 m,LTER_5.25,Forereef,10,2,1,Neocirrhites armatus,Cirrhitidae,1,35,0,0.56,NA,Secondary Consumer,Benthic Invertebrate Consumer,100,2,0,0.5,40.4,1,AB
2015,2015-08-01,9:50,10:45,LTER 5.25 Forereef Fish Transect 2 Swath 1 m,LTER_5.25,Forereef,10,2,1,Neocirrhites armatus,Cirrhitidae,20,40,0,17.26,NA,Secondary Consumer,Benthic Invertebrate Consumer,100,2,0,0.5,40.4,1,AB
2015,2015-08-01,9:50,10:45,LTER 5.25 Forereef Fish Transect 2 Swath 1 m,LTER_5.25,Forereef,10,2,1,Neocirrhites armatus,Cirrhitidae,10,45,0,12.68,NA,Secondary Consumer,Benthic Invertebrate Consumer,100,2,0,0.5,40.4,1,AB
2015,2015-08-01,9:50,10:45,LTER 5.25 Forereef Fish Transect 2 Swath 1 m,LTER_5.25,Forereef,10,2,1,Paracirrhites arcatus,Cirrhitidae,1,30,0,0.34,NA,Secondary Consumer,Benthic Invertebrate Consumer,100,2,0,0.5,40.4,1,AB
2015,2015-08-01,9:50,10:45,LTER 5.25 Forereef Fish Transect 2 Swath 1 m,LTER_5.25,Forereef,10,2,1,Paracirrhites arcatus,Cirrhitidae,2,40,0,1.73,NA,Secondary Consumer,Benthic Invertebrate Consumer,100,2,0,0.5,40.4,1,AB
2015,2015-08-01,9:50,10:45,LTER 5.25 Forereef Fish Transect 2 Swath 1 m,LTER_5.25,Forereef,10,2,1,Paracirrhites arcatus,Cirrhitidae,1,50,0,1.79,NA,Secondary Consumer,Benthic Invertebrate Consumer,100,2,0,0.5,40.4,1,AB
2015,2015-08-01,9:50,10:45,LTER 5.25 Forereef Fish Transect 2 Swath 1 m,LTER_5.25,Forereef,10,2,1,Paracirrhites arcatus,Cirrhitidae,6,60,0,19.48,NA,Secondary Consumer,Benthic Invertebrate Consumer,100,2,0,0.5,40.4,1,AB
2015,2015-08-01,9:50,10:45,LTER 5.25 Forereef Fish Transect 2 Swath 1 m,LTER_5.25,Forereef,10,2,1,Paracirrhites arcatus,Cirrhitidae,4,70,0,21.49,NA,Secondary Consumer,Benthic Invertebrate Consumer,100,2,0,0.5,40.4,1,AB
2015,2015-08-01,9:50,10:45,LTER 5.25 Forereef Fish Transect 2 Swath 1 m,LTER_5.25,Forereef,10,2,1,Paracirrhites arcatus,Cirrhitidae,5,75,0,33.66,NA,Secondary Consumer,Benthic Invertebrate Consumer,100,2,0,0.5,40.4,1,AB
2015,2015-08-01,9:50,10:45,LTER 5.25 Forereef Fish Transect 2 Swath 1 m,LTER_5.25,Forereef,10,2,1,Plectroglyphidodon johnstonianus,Pomacentridae,1,35,0,1.66,NA,Secondary Consumer,Omnivore,100,2,0,0.5,40.4,1,AB
2015,2015-08-01,9:50,10:45,LTER 5.25 Forereef Fish Transect 2 Swath 1 m,LTER_5.25,Forereef,10,2,1,Plectroglyphidodon johnstonianus,Pomacentridae,1,40,0,2.36,NA,Secondary Consumer,Omnivore,100,2,0,0.5,40.4,1,AB
2015,2015-08-01,9:50,10:45,LTER 5.25 Forereef Fish Transect 2 Swath 1 m,LTER_5.25,Forereef,10,2,1,Plectroglyphidodon johnstonianus,Pomacentridae,5,45,0,16.1,NA,Secondary Consumer,Omnivore,100,2,0,0.5,40.4,1,AB
2015,2015-08-01,9:50,10:45,LTER 5.25 Forereef Fish Transect 2 Swath 1 m,LTER_5.25,Forereef,10,2,1,Plectroglyphidodon johnstonianus,Pomacentridae,6,50,0,25.51,NA,Secondary Consumer,Omnivore,100,2,0,0.5,40.4,1,AB
2015,2015-08-01,9:50,10:45,LTER 5.25 Forereef Fish Transect 2 Swath 1 m,LTER_5.25,Forereef,10,2,1,Plectroglyphidodon johnstonianus,Pomacentridae,5,60,0,34.37,NA,Secondary Consumer,Omnivore,100,2,0,0.5,40.4,1,AB
2015,2015-08-01,9:50,10:45,LTER 5.25 Forereef Fish Transect 2 Swath 1 m,LTER_5.25,Forereef,10,2,1,Pseudocheilinus hexataenia,Labridae,2,30,0,0.8,NA,Secondary Consumer,Benthic Invertebrate Consumer,100,2,0,0.5,40.4,1,AB
2015,2015-08-01,9:50,10:45,LTER 5.25 Forereef Fish Transect 2 Swath 1 m,LTER_5.25,Forereef,10,2,1,Pseudocheilinus tetrataenia,Labridae,4,30,0,1.62,NA,Secondary Consumer,Benthic Invertebrate Consumer,100,2,0,0.5,40.4,1,AB
2015,2015-08-01,9:50,10:45,LTER 5.25 Forereef Fish Transect 2 Swath 1 m,LTER_5.25,Forereef,10,2,1,Stegastes fasciolatus,Pomacentridae,3,45,0,7.35,NA,Primary Consumer,Herbivore/Detritivore,100,2,0,0.5,40.4,1,AB
2015,2015-08-01,9:50,10:45,LTER 5.25 Forereef Fish Transect 2 Swath 1 m,LTER_5.25,Forereef,10,2,1,Stegastes fasciolatus,Pomacentridae,10,50,0,33.56,NA,Primary Consumer,Herbivore/Detritivore,100,2,0,0.5,40.4,1,AB
2015,2015-08-01,9:50,10:45,LTER 5.25 Forereef Fish Transect 2 Swath 1 m,LTER_5.25,Forereef,10,2,1,Stegastes fasciolatus,Pomacentridae,1,55,0,4.46,NA,Primary Consumer,Herbivore/Detritivore,100,2,0,0.5,40.4,1,AB
2015,2015-08-01,9:50,10:45,LTER 5.25 Forereef Fish Transect 2 Swath 1 m,LTER_5.25,Forereef,10,2,1,Stegastes fasciolatus,Pomacentridae,2,60,0,11.57,NA,Primary Consumer,Herbivore/Detritivore,100,2,0,0.5,40.4,1,AB
2015,2015-08-01,9:50,10:45,LTER 5.25 Forereef Fish Transect 2 Swath 5 m,LTER_5.25,Forereef,10,2,5,Acanthurus nigrofuscus,Acanthuridae,9,60,0,37.06,NA,Primary Consumer,Cropper,100,2,0,0.5,40.4,1,AB
2015,2015-08-01,9:50,10:45,LTER 5.25 Forereef Fish Transect 2 Swath 5 m,LTER_5.25,Forereef,10,2,5,Acanthurus nigrofuscus,Acanthuridae,1,70,0,6.57,NA,Primary Consumer,Cropper,100,2,0,0.5,40.4,1,AB
2015,2015-08-01,9:50,10:45,LTER 5.25 Forereef Fish Transect 2 Swath 5 m,LTER_5.25,Forereef,10,2,5,Acanthurus nigroris,Acanthuridae,9,120,0,317.5,NA,Primary Consumer,Cropper,100,2,0,0.5,40.4,1,AB
2015,2015-08-01,9:50,10:45,LTER 5.25 Forereef Fish Transect 2 Swath 5 m,LTER_5.25,Forereef,10,2,5,Acanthurus nigroris,Acanthuridae,7,130,0,313.5,NA,Primary Consumer,Cropper,100,2,0,0.5,40.4,1,AB
2015,2015-08-01,9:50,10:45,LTER 5.25 Forereef Fish Transect 2 Swath 5 m,LTER_5.25,Forereef,10,2,5,Acanthurus olivaceus,Acanthuridae,1,220,0,202.2,NA,Primary Consumer,Sediment Sucker,100,2,0,0.5,40.4,1,AB
2015,2015-08-01,9:50,10:45,LTER 5.25 Forereef Fish Transect 2 Swath 5 m,LTER_5.25,Forereef,10,2,5,Balistapus undulatus,Balistidae,1,40,0,0.63,NA,Secondary Consumer,Omnivore,100,2,0,0.5,40.4,1,AB
2015,2015-08-01,9:50,10:45,LTER 5.25 Forereef Fish Transect 2 Swath 5 m,LTER_5.25,Forereef,10,2,5,Centropyge flavissima,Pomacanthidae,1,35,0,1.88,NA,Primary Consumer,Omnivore,100,2,0,0.5,40.4,1,AB
2015,2015-08-01,9:50,10:45,LTER 5.25 Forereef Fish Transect 2 Swath 5 m,LTER_5.25,Forereef,10,2,5,Centropyge flavissima,Pomacanthidae,2,40,0,5.31,NA,Primary Consumer,Omnivore,100,2,0,0.5,40.4,1,AB
2015,2015-08-01,9:50,10:45,LTER 5.25 Forereef Fish Transect 2 Swath 5 m,LTER_5.25,Forereef,10,2,5,Centropyge flavissima,Pomacanthidae,3,45,0,10.78,NA,Primary Consumer,Omnivore,100,2,0,0.5,40.4,1,AB
2015,2015-08-01,9:50,10:45,LTER 5.25 Forereef Fish Transect 2 Swath 5 m,LTER_5.25,Forereef,10,2,5,Centropyge heraldi,Pomacanthidae,1,80,0,15.83,NA,Primary Consumer,Omnivore,100,2,0,0.5,40.4,1,AB
2015,2015-08-01,9:50,10:45,LTER 5.25 Forereef Fish Transect 2 Swath 5 m,LTER_5.25,Forereef,10,2,5,Centropyge heraldi,Pomacanthidae,2,100,0,56.3,NA,Primary Consumer,Omnivore,100,2,0,0.5,40.4,1,AB
2015,2015-08-01,9:50,10:45,LTER 5.25 Forereef Fish Transect 2 Swath 5 m,LTER_5.25,Forereef,10,2,5,Centropyge loriculus,Pomacanthidae,1,40,0,1.7,NA,Primary Consumer,Omnivore,100,2,0,0.5,40.4,1,AB
2015,2015-08-01,9:50,10:45,LTER 5.25 Forereef Fish Transect 2 Swath 5 m,LTER_5.25,Forereef,10,2,5,Cephalopholis argus,Serranidae,1,180,0,91.5,NA,Piscivore_primarily,Piscivore,100,2,0,0.5,40.4,1,AB
2015,2015-08-01,9:50,10:45,LTER 5.25 Forereef Fish Transect 2 Swath 5 m,LTER_5.25,Forereef,10,2,5,Cephalopholis argus,Serranidae,1,250,0,260.2,NA,Piscivore_primarily,Piscivore,100,2,0,0.5,40.4,1,AB
2015,2015-08-01,9:50,10:45,LTER 5.25 Forereef Fish Transect 2 Swath 5 m,LTER_5.25,Forereef,10,2,5,Chaetodon pelewensis,Chaetodontidae,1,50,0,3.08,NA,Secondary Consumer,Corallivore,100,2,0,0.5,40.4,1,AB
2015,2015-08-01,9:50,10:45,LTER 5.25 Forereef Fish Transect 2 Swath 5 m,LTER_5.25,Forereef,10,2,5,Chaetodon quadrimaculatus,Chaetodontidae,3,80,0,46.95,NA,Secondary Consumer,Corallivore,100,2,0,0.5,40.4,1,AB
2015,2015-08-01,9:50,10:45,LTER 5.25 Forereef Fish Transect 2 Swath 5 m,LTER_5.25,Forereef,10,2,5,Chaetodon quadrimaculatus,Chaetodontidae,2,100,0,58.6,NA,Secondary Consumer,Corallivore,100,2,0,0.5,40.4,1,AB
2015,2015-08-01,9:50,10:45,LTER 5.25 Forereef Fish Transect 2 Swath 5 m,LTER_5.25,Forereef,10,2,5,Chlorurus spilurus,Scaridae,1,180,0,129.6,TP,Primary Consumer,Excavator,100,2,0,0.5,40.4,1,AB
2015,2015-08-01,9:50,10:45,LTER 5.25 Forereef Fish Transect 2 Swath 5 m,LTER_5.25,Forereef,10,2,5,Cirrhilabrus scottorum,Labridae,1,55,0,2.41,NA,Secondary Consumer,Benthic Invertebrate Consumer,100,2,0,0.5,40.4,1,AB
2015,2015-08-01,9:50,10:45,LTER 5.25 Forereef Fish Transect 2 Swath 5 m,LTER_5.25,Forereef,10,2,5,Dascyllus flavicaudus,Pomacentridae,1,50,0,3.98,NA,Planktivore,Omnivore,100,2,0,0.5,40.4,1,AB
2015,2015-08-01,9:50,10:45,LTER 5.25 Forereef Fish Transect 2 Swath 5 m,LTER_5.25,Forereef,10,2,5,Gomphosus varius,Labridae,3,45,0,3.22,NA,Secondary Consumer,Benthic Invertebrate Consumer,100,2,0,0.5,40.4,1,AB
2015,2015-08-01,9:50,10:45,LTER 5.25 Forereef Fish Transect 2 Swath 5 m,LTER_5.25,Forereef,10,2,5,Halichoeres claudia,Labridae,2,50,0,3.92,NA,Secondary Consumer,Benthic Invertebrate Consumer,100,2,0,0.5,40.4,1,AB
2015,2015-08-01,9:50,10:45,LTER 5.25 Forereef Fish Transect 2 Swath 5 m,LTER_5.25,Forereef,10,2,5,Halichoeres claudia,Labridae,3,60,0,10.13,NA,Secondary Consumer,Benthic Invertebrate Consumer,100,2,0,0.5,40.4,1,AB
2015,2015-08-01,9:50,10:45,LTER 5.25 Forereef Fish Transect 2 Swath 5 m,LTER_5.25,Forereef,10,2,5,Halichoeres claudia,Labridae,1,70,0,5.35,NA,Secondary Consumer,Benthic Invertebrate Consumer,100,2,0,0.5,40.4,1,AB
2015,2015-08-01,9:50,10:45,LTER 5.25 Forereef Fish Transect 2 Swath 5 m,LTER_5.25,Forereef,10,2,5,Melichthys niger,Balistidae,3,170,0,255.8,NA,Primary Consumer,Omnivore,100,2,0,0.5,40.4,1,AB
2015,2015-08-01,9:50,10:45,LTER 5.25 Forereef Fish Transect 2 Swath 5 m,LTER_5.25,Forereef,10,2,5,Melichthys vidua,Balistidae,3,160,0,208.2,NA,Primary Consumer,Omnivore,100,2,0,0.5,40.4,1,AB
2015,2015-08-01,9:50,10:45,LTER 5.25 Forereef Fish Transect 2 Swath 5 m,LTER_5.25,Forereef,10,2,5,Melichthys vidua,Balistidae,5,180,0,517.6,NA,Primary Consumer,Omnivore,100,2,0,0.5,40.4,1,AB
2015,2015-08-01,9:50,10:45,LTER 5.25 Forereef Fish Transect 2 Swath 5 m,LTER_5.25,Forereef,10,2,5,Pomachromis fuscidorsalis,Pomacentridae,30,45,0,40.43,NA,Planktivore,Planktivore_exclusively,100,2,0,0.5,40.4,1,AB
2015,2015-08-01,9:50,10:45,LTER 5.25 Forereef Fish Transect 2 Swath 5 m,LTER_5.25,Forereef,10,2,5,Pycnochromis vanderbilti,Pomacentridae,45,25,0,11.74,NA,Planktivore,Planktivore_exclusively,100,2,0,0.5,40.4,1,AB
2015,2015-08-01,9:50,10:45,LTER 5.25 Forereef Fish Transect 2 Swath 5 m,LTER_5.25,Forereef,10,2,5,Pycnochromis vanderbilti,Pomacentridae,145,30,0,67.46,NA,Planktivore,Planktivore_exclusively,100,2,0,0.5,40.4,1,AB
2015,2015-08-01,9:50,10:45,LTER 5.25 Forereef Fish Transect 2 Swath 5 m,LTER_5.25,Forereef,10,2,5,Scarus psittacus,Scaridae,1,120,0,34.5,IP,Primary Consumer,Scraper,100,2,0,0.5,40.4,1,AB
2015,2015-08-01,9:50,10:45,LTER 5.25 Forereef Fish Transect 2 Swath 5 m,LTER_5.25,Forereef,10,2,5,Sufflamen bursa,Balistidae,7,100,0,192.6,NA,Secondary Consumer,Omnivore,100,2,0,0.5,40.4,1,AB
2015,2015-08-01,9:50,10:45,LTER 5.25 Forereef Fish Transect 2 Swath 5 m,LTER_5.25,Forereef,10,2,5,Sufflamen bursa,Balistidae,5,120,0,234.7,NA,Secondary Consumer,Omnivore,100,2,0,0.5,40.4,1,AB
2015,2015-08-01,9:50,10:45,LTER 5.25 Forereef Fish Transect 2 Swath 5 m,LTER_5.25,Forereef,10,2,5,Thalassoma quinquevittatum,Labridae,2,40,0,1.38,NA,Secondary Consumer,Benthic Invertebrate Consumer,100,2,0,0.5,40.4,1,AB
2015,2015-08-01,9:50,10:45,LTER 5.25 Forereef Fish Transect 2 Swath 5 m,LTER_5.25,Forereef,10,2,5,Thalassoma quinquevittatum,Labridae,1,45,0,0.99,NA,Secondary Consumer,Benthic Invertebrate Consumer,100,2,0,0.5,40.4,1,AB
2015,2015-08-01,9:50,10:45,LTER 5.25 Forereef Fish Transect 2 Swath 5 m,LTER_5.25,Forereef,10,2,5,Thalassoma quinquevittatum,Labridae,21,50,0,28.77,NA,Secondary Consumer,Benthic Invertebrate Consumer,100,2,0,0.5,40.4,1,AB
2015,2015-08-01,9:50,10:45,LTER 5.25 Forereef Fish Transect 2 Swath 5 m,LTER_5.25,Forereef,10,2,5,Thalassoma quinquevittatum,Labridae,30,60,0,71.79,NA,Secondary Consumer,Benthic Invertebrate Consumer,100,2,0,0.5,40.4,1,AB
2015,2015-08-01,9:50,10:45,LTER 5.25 Forereef Fish Transect 2 Swath 5 m,LTER_5.25,Forereef,10,2,5,Thalassoma quinquevittatum,Labridae,4,70,0,15.34,NA,Secondary Consumer,Benthic Invertebrate Consumer,100,2,0,0.5,40.4,1,AB
2015,2015-08-01,9:50,10:45,LTER 5.25 Forereef Fish Transect 3 Swath 1 m,LTER_5.25,Forereef,10,3,1,Caracanthus unipinna,Scorpaenidae,1,20,0,0.16,NA,Secondary Consumer,Benthic Invertebrate Consumer,100,2,0,0.5,40.4,1,BS
2015,2015-08-01,9:50,10:45,LTER 5.25 Forereef Fish Transect 3 Swath 1 m,LTER_5.25,Forereef,10,3,1,Caracanthus unipinna,Scorpaenidae,4,35,0,3.46,NA,Secondary Consumer,Benthic Invertebrate Consumer,100,2,0,0.5,40.4,1,BS
2015,2015-08-01,9:50,10:45,LTER 5.25 Forereef Fish Transect 3 Swath 1 m,LTER_5.25,Forereef,10,3,1,Neocirrhites armatus,Cirrhitidae,3,30,0,1.01,NA,Secondary Consumer,Benthic Invertebrate Consumer,100,2,0,0.5,40.4,1,BS
2015,2015-08-01,9:50,10:45,LTER 5.25 Forereef Fish Transect 3 Swath 1 m,LTER_5.25,Forereef,10,3,1,Neocirrhites armatus,Cirrhitidae,8,40,0,6.9,NA,Secondary Consumer,Benthic Invertebrate Consumer,100,2,0,0.5,40.4,1,BS
2015,2015-08-01,9:50,10:45,LTER 5.25 Forereef Fish Transect 3 Swath 1 m,LTER_5.25,Forereef,10,3,1,Neocirrhites armatus,Cirrhitidae,10,50,0,17.89,NA,Secondary Consumer,Benthic Invertebrate Consumer,100,2,0,0.5,40.4,1,BS
2015,2015-08-01,9:50,10:45,LTER 5.25 Forereef Fish Transect 3 Swath 1 m,LTER_5.25,Forereef,10,3,1,Neocirrhites armatus,Cirrhitidae,1,60,0,3.25,NA,Secondary Consumer,Benthic Invertebrate Consumer,100,2,0,0.5,40.4,1,BS
2015,2015-08-01,9:50,10:45,LTER 5.25 Forereef Fish Transect 3 Swath 1 m,LTER_5.25,Forereef,10,3,1,Paracirrhites arcatus,Cirrhitidae,3,30,0,1.01,NA,Secondary Consumer,Benthic Invertebrate Consumer,100,2,0,0.5,40.4,1,BS
2015,2015-08-01,9:50,10:45,LTER 5.25 Forereef Fish Transect 3 Swath 1 m,LTER_5.25,Forereef,10,3,1,Paracirrhites arcatus,Cirrhitidae,1,45,0,1.27,NA,Secondary Consumer,Benthic Invertebrate Consumer,100,2,0,0.5,40.4,1,BS
2015,2015-08-01,9:50,10:45,LTER 5.25 Forereef Fish Transect 3 Swath 1 m,LTER_5.25,Forereef,10,3,1,Paracirrhites arcatus,Cirrhitidae,8,50,0,14.32,NA,Secondary Consumer,Benthic Invertebrate Consumer,100,2,0,0.5,40.4,1,BS
2015,2015-08-01,9:50,10:45,LTER 5.25 Forereef Fish Transect 3 Swath 1 m,LTER_5.25,Forereef,10,3,1,Paracirrhites arcatus,Cirrhitidae,5,60,0,16.23,NA,Secondary Consumer,Benthic Invertebrate Consumer,100,2,0,0.5,40.4,1,BS
2015,2015-08-01,9:50,10:45,LTER 5.25 Forereef Fish Transect 3 Swath 1 m,LTER_5.25,Forereef,10,3,1,Paracirrhites arcatus,Cirrhitidae,3,70,0,16.12,NA,Secondary Consumer,Benthic Invertebrate Consumer,100,2,0,0.5,40.4,1,BS
2015,2015-08-01,9:50,10:45,LTER 5.25 Forereef Fish Transect 3 Swath 1 m,LTER_5.25,Forereef,10,3,1,Plectroglyphidodon johnstonianus,Pomacentridae,6,40,0,14.17,NA,Secondary Consumer,Omnivore,100,2,0,0.5,40.4,1,BS
2015,2015-08-01,9:50,10:45,LTER 5.25 Forereef Fish Transect 3 Swath 1 m,LTER_5.25,Forereef,10,3,1,Plectroglyphidodon johnstonianus,Pomacentridae,3,45,0,9.66,NA,Secondary Consumer,Omnivore,100,2,0,0.5,40.4,1,BS
2015,2015-08-01,9:50,10:45,LTER 5.25 Forereef Fish Transect 3 Swath 1 m,LTER_5.25,Forereef,10,3,1,Plectroglyphidodon johnstonianus,Pomacentridae,6,50,0,25.51,NA,Secondary Consumer,Omnivore,100,2,0,0.5,40.4,1,BS
2015,2015-08-01,9:50,10:45,LTER 5.25 Forereef Fish Transect 3 Swath 1 m,LTER_5.25,Forereef,10,3,1,Pseudocheilinus hexataenia,Labridae,1,40,0,0.94,NA,Secondary Consumer,Benthic Invertebrate Consumer,100,2,0,0.5,40.4,1,BS
2015,2015-08-01,9:50,10:45,LTER 5.25 Forereef Fish Transect 3 Swath 1 m,LTER_5.25,Forereef,10,3,1,Stegastes fasciolatus,Pomacentridae,4,40,0,6.89,NA,Primary Consumer,Herbivore/Detritivore,100,2,0,0.5,40.4,1,BS
2015,2015-08-01,9:50,10:45,LTER 5.25 Forereef Fish Transect 3 Swath 1 m,LTER_5.25,Forereef,10,3,1,Stegastes fasciolatus,Pomacentridae,3,50,0,10.07,NA,Primary Consumer,Herbivore/Detritivore,100,2,0,0.5,40.4,1,BS
2015,2015-08-01,9:50,10:45,LTER 5.25 Forereef Fish Transect 3 Swath 5 m,LTER_5.25,Forereef,10,3,5,Acanthurus nigrofuscus,Acanthuridae,14,60,0,57.65,NA,Primary Consumer,Cropper,100,2,0,0.5,40.4,1,BS
2015,2015-08-01,9:50,10:45,LTER 5.25 Forereef Fish Transect 3 Swath 5 m,LTER_5.25,Forereef,10,3,5,Acanthurus nigrofuscus,Acanthuridae,2,100,0,38.7,NA,Primary Consumer,Cropper,100,2,0,0.5,40.4,1,BS
2015,2015-08-01,9:50,10:45,LTER 5.25 Forereef Fish Transect 3 Swath 5 m,LTER_5.25,Forereef,10,3,5,Acanthurus nigroris,Acanthuridae,16,100,0,327.6,NA,Primary Consumer,Cropper,100,2,0,0.5,40.4,1,BS
2015,2015-08-01,9:50,10:45,LTER 5.25 Forereef Fish Transect 3 Swath 5 m,LTER_5.25,Forereef,10,3,5,Acanthurus olivaceus,Acanthuridae,10,160,0,781.9,NA,Primary Consumer,Sediment Sucker,100,2,0,0.5,40.4,1,BS
2015,2015-08-01,9:50,10:45,LTER 5.25 Forereef Fish Transect 3 Swath 5 m,LTER_5.25,Forereef,10,3,5,Aphareus furca,Lutjanidae,1,210,0,100.3,NA,Piscivore_primarily,Piscivore,100,2,0,0.5,40.4,1,BS
2015,2015-08-01,9:50,10:45,LTER 5.25 Forereef Fish Transect 3 Swath 5 m,LTER_5.25,Forereef,10,3,5,Cantherhines sandwichiensis,Monacanthidae,1,90,0,9.07,NA,Primary Consumer,Omnivore,100,2,0,0.5,40.4,1,BS
2015,2015-08-01,9:50,10:45,LTER 5.25 Forereef Fish Transect 3 Swath 5 m,LTER_5.25,Forereef,10,3,5,Centropyge flavissima,Pomacanthidae,3,30,0,3.79,NA,Primary Consumer,Omnivore,100,2,0,0.5,40.4,1,BS
2015,2015-08-01,9:50,10:45,LTER 5.25 Forereef Fish Transect 3 Swath 5 m,LTER_5.25,Forereef,10,3,5,Centropyge flavissima,Pomacanthidae,13,50,0,61.28,NA,Primary Consumer,Omnivore,100,2,0,0.5,40.4,1,BS
2015,2015-08-01,9:50,10:45,LTER 5.25 Forereef Fish Transect 3 Swath 5 m,LTER_5.25,Forereef,10,3,5,Centropyge heraldi,Pomacanthidae,1,60,0,7.54,NA,Primary Consumer,Omnivore,100,2,0,0.5,40.4,1,BS
2015,2015-08-01,9:50,10:45,LTER 5.25 Forereef Fish Transect 3 Swath 5 m,LTER_5.25,Forereef,10,3,5,Centropyge heraldi,Pomacanthidae,2,90,0,42.88,NA,Primary Consumer,Omnivore,100,2,0,0.5,40.4,1,BS
2015,2015-08-01,9:50,10:45,LTER 5.25 Forereef Fish Transect 3 Swath 5 m,LTER_5.25,Forereef,10,3,5,Centropyge heraldi,Pomacanthidae,2,120,0,90,NA,Primary Consumer,Omnivore,100,2,0,0.5,40.4,1,BS
2015,2015-08-01,9:50,10:45,LTER 5.25 Forereef Fish Transect 3 Swath 5 m,LTER_5.25,Forereef,10,3,5,Cephalopholis argus,Serranidae,1,240,0,228.5,NA,Piscivore_primarily,Piscivore,100,2,0,0.5,40.4,1,BS
2015,2015-08-01,9:50,10:45,LTER 5.25 Forereef Fish Transect 3 Swath 5 m,LTER_5.25,Forereef,10,3,5,Chaetodon pelewensis,Chaetodontidae,4,60,0,22.51,NA,Secondary Consumer,Corallivore,100,2,0,0.5,40.4,1,BS
2015,2015-08-01,9:50,10:45,LTER 5.25 Forereef Fish Transect 3 Swath 5 m,LTER_5.25,Forereef,10,3,5,Chaetodon quadrimaculatus,Chaetodontidae,1,60,0,6.97,NA,Secondary Consumer,Corallivore,100,2,0,0.5,40.4,1,BS
2015,2015-08-01,9:50,10:45,LTER 5.25 Forereef Fish Transect 3 Swath 5 m,LTER_5.25,Forereef,10,3,5,Chaetodon quadrimaculatus,Chaetodontidae,2,80,0,31.3,NA,Secondary Consumer,Corallivore,100,2,0,0.5,40.4,1,BS
2015,2015-08-01,9:50,10:45,LTER 5.25 Forereef Fish Transect 3 Swath 5 m,LTER_5.25,Forereef,10,3,5,Chaetodon quadrimaculatus,Chaetodontidae,2,100,0,58.6,NA,Secondary Consumer,Corallivore,100,2,0,0.5,40.4,1,BS
2015,2015-08-01,9:50,10:45,LTER 5.25 Forereef Fish Transect 3 Swath 5 m,LTER_5.25,Forereef,10,3,5,Chlorurus spilurus,Scaridae,16,150,0,1206.5,IP,Primary Consumer,Excavator,100,2,0,0.5,40.4,1,BS
2015,2015-08-01,9:50,10:45,LTER 5.25 Forereef Fish Transect 3 Swath 5 m,LTER_5.25,Forereef,10,3,5,Chlorurus spilurus,Scaridae,1,220,0,235.1,TP,Primary Consumer,Excavator,100,2,0,0.5,40.4,1,BS
2015,2015-08-01,9:50,10:45,LTER 5.25 Forereef Fish Transect 3 Swath 5 m,LTER_5.25,Forereef,10,3,5,Cirrhilabrus scottorum,Labridae,12,80,0,95.19,NA,Secondary Consumer,Benthic Invertebrate Consumer,100,2,0,0.5,40.4,1,BS
2015,2015-08-01,9:50,10:45,LTER 5.25 Forereef Fish Transect 3 Swath 5 m,LTER_5.25,Forereef,10,3,5,Dascyllus trimaculatus,Pomacentridae,1,40,0,1.75,NA,Planktivore,Omnivore,100,2,0,0.5,40.4,1,BS
2015,2015-08-01,9:50,10:45,LTER 5.25 Forereef Fish Transect 3 Swath 5 m,LTER_5.25,Forereef,10,3,5,Halichoeres claudia,Labridae,3,70,0,16.05,NA,Secondary Consumer,Benthic Invertebrate Consumer,100,2,0,0.5,40.4,1,BS
2015,2015-08-01,9:50,10:45,LTER 5.25 Forereef Fish Transect 3 Swath 5 m,LTER_5.25,Forereef,10,3,5,Halichoeres claudia,Labridae,1,80,0,7.97,NA,Secondary Consumer,Benthic Invertebrate Consumer,100,2,0,0.5,40.4,1,BS
2015,2015-08-01,9:50,10:45,LTER 5.25 Forereef Fish Transect 3 Swath 5 m,LTER_5.25,Forereef,10,3,5,Halichoeres claudia,Labridae,1,110,0,20.6,NA,Secondary Consumer,Benthic Invertebrate Consumer,100,2,0,0.5,40.4,1,BS
2015,2015-08-01,9:50,10:45,LTER 5.25 Forereef Fish Transect 3 Swath 5 m,LTER_5.25,Forereef,10,3,5,Labroides dimidiatus,Labridae,1,70,0,3.17,NA,Secondary Consumer,Benthic Invertebrate Consumer,100,2,0,0.5,40.4,1,BS
2015,2015-08-01,9:50,10:45,LTER 5.25 Forereef Fish Transect 3 Swath 5 m,LTER_5.25,Forereef,10,3,5,Macropharyngodon meleagris,Labridae,1,40,0,0.69,NA,Secondary Consumer,Benthic Invertebrate Consumer,100,2,0,0.5,40.4,1,BS
2015,2015-08-01,9:50,10:45,LTER 5.25 Forereef Fish Transect 3 Swath 5 m,LTER_5.25,Forereef,10,3,5,Macropharyngodon meleagris,Labridae,1,50,0,1.37,NA,Secondary Consumer,Benthic Invertebrate Consumer,100,2,0,0.5,40.4,1,BS
2015,2015-08-01,9:50,10:45,LTER 5.25 Forereef Fish Transect 3 Swath 5 m,LTER_5.25,Forereef,10,3,5,Melichthys niger,Balistidae,12,150,0,669.2,NA,Primary Consumer,Omnivore,100,2,0,0.5,40.4,1,BS
2015,2015-08-01,9:50,10:45,LTER 5.25 Forereef Fish Transect 3 Swath 5 m,LTER_5.25,Forereef,10,3,5,Melichthys vidua,Balistidae,2,180,0,207,NA,Primary Consumer,Omnivore,100,2,0,0.5,40.4,1,BS
2015,2015-08-01,9:50,10:45,LTER 5.25 Forereef Fish Transect 3 Swath 5 m,LTER_5.25,Forereef,10,3,5,Naso lituratus,Acanthuridae,1,180,0,57.5,NA,Primary Consumer,Browser,100,2,0,0.5,40.4,1,BS
2015,2015-08-01,9:50,10:45,LTER 5.25 Forereef Fish Transect 3 Swath 5 m,LTER_5.25,Forereef,10,3,5,Parupeneus cyclostomus,Mullidae,2,175,0,142.7,NA,Piscivore_primarily,Piscivore,100,2,0,0.5,40.4,1,BS
2015,2015-08-01,9:50,10:45,LTER 5.25 Forereef Fish Transect 3 Swath 5 m,LTER_5.25,Forereef,10,3,5,Parupeneus insularis,Mullidae,1,190,0,106.6,NA,Secondary Consumer,Benthic Invertebrate Consumer,100,2,0,0.5,40.4,1,BS
2015,2015-08-01,9:50,10:45,LTER 5.25 Forereef Fish Transect 3 Swath 5 m,LTER_5.25,Forereef,10,3,5,Parupeneus multifasciatus,Mullidae,1,120,0,52.6,NA,Secondary Consumer,Benthic Invertebrate Consumer,100,2,0,0.5,40.4,1,BS
2015,2015-08-01,9:50,10:45,LTER 5.25 Forereef Fish Transect 3 Swath 5 m,LTER_5.25,Forereef,10,3,5,Pomachromis fuscidorsalis,Pomacentridae,114,50,0,210.76,NA,Planktivore,Planktivore_exclusively,100,2,0,0.5,40.4,1,BS
2015,2015-08-01,9:50,10:45,LTER 5.25 Forereef Fish Transect 3 Swath 5 m,LTER_5.25,Forereef,10,3,5,Pycnochromis acares,Pomacentridae,65,40,0,75.58,NA,Planktivore,Planktivore_exclusively,100,2,0,0.5,40.4,1,BS
2015,2015-08-01,9:50,10:45,LTER 5.25 Forereef Fish Transect 3 Swath 5 m,LTER_5.25,Forereef,10,3,5,Scarus globiceps,Scaridae,1,200,0,169.7,IP,Primary Consumer,Scraper,100,2,0,0.5,40.4,1,BS
2015,2015-08-01,9:50,10:45,LTER 5.25 Forereef Fish Transect 3 Swath 5 m,LTER_5.25,Forereef,10,3,5,Scarus psittacus,Scaridae,16,120,0,552,IP,Primary Consumer,Scraper,100,2,0,0.5,40.4,1,BS
2015,2015-08-01,9:50,10:45,LTER 5.25 Forereef Fish Transect 3 Swath 5 m,LTER_5.25,Forereef,10,3,5,Scarus schlegeli,Scaridae,1,190,0,140.1,IP,Primary Consumer,Scraper,100,2,0,0.5,40.4,1,BS
2015,2015-08-01,9:50,10:45,LTER 5.25 Forereef Fish Transect 3 Swath 5 m,LTER_5.25,Forereef,10,3,5,Sufflamen bursa,Balistidae,4,110,0,145.5,NA,Secondary Consumer,Omnivore,100,2,0,0.5,40.4,1,BS
2015,2015-08-01,9:50,10:45,LTER 5.25 Forereef Fish Transect 3 Swath 5 m,LTER_5.25,Forereef,10,3,5,Sufflamen bursa,Balistidae,1,120,0,46.9,NA,Secondary Consumer,Omnivore,100,2,0,0.5,40.4,1,BS
2015,2015-08-01,9:50,10:45,LTER 5.25 Forereef Fish Transect 3 Swath 5 m,LTER_5.25,Forereef,10,3,5,Thalassoma quinquevittatum,Labridae,1,40,0,0.69,NA,Secondary Consumer,Benthic Invertebrate Consumer,100,2,0,0.5,40.4,1,BS
2015,2015-08-01,9:50,10:45,LTER 5.25 Forereef Fish Transect 3 Swath 5 m,LTER_5.25,Forereef,10,3,5,Thalassoma quinquevittatum,Labridae,2,50,0,2.74,NA,Secondary Consumer,Benthic Invertebrate Consumer,100,2,0,0.5,40.4,1,BS
2015,2015-08-01,9:50,10:45,LTER 5.25 Forereef Fish Transect 3 Swath 5 m,LTER_5.25,Forereef,10,3,5,Thalassoma quinquevittatum,Labridae,9,70,0,34.52,NA,Secondary Consumer,Benthic Invertebrate Consumer,100,2,0,0.5,40.4,1,BS
2015,2015-08-01,9:50,10:45,LTER 5.25 Forereef Fish Transect 3 Swath 5 m,LTER_5.25,Forereef,10,3,5,Thalassoma quinquevittatum,Labridae,2,80,0,11.54,NA,Secondary Consumer,Benthic Invertebrate Consumer,100,2,0,0.5,40.4,1,BS
2015,2015-08-01,9:50,10:45,LTER 5.25 Forereef Fish Transect 3 Swath 5 m,LTER_5.25,Forereef,10,3,5,Thalassoma quinquevittatum,Labridae,2,110,0,30.6,NA,Secondary Consumer,Benthic Invertebrate Consumer,100,2,0,0.5,40.4,1,BS
2015,2015-08-01,9:50,10:45,LTER 5.25 Forereef Fish Transect 3 Swath 5 m,LTER_5.25,Forereef,10,3,5,Zanclus cornutus,Zanclidae,2,110,0,53.4,NA,Secondary Consumer,Omnivore,100,2,0,0.5,40.4,1,BS
2015,2015-08-01,9:50,10:45,LTER 5.25 Forereef Fish Transect 3 Swath 5 m,LTER_5.25,Forereef,10,3,5,Zebrasoma scopas,Acanthuridae,1,110,0,38.1,NA,Primary Consumer,Concealed Cropper,100,2,0,0.5,40.4,1,BS
2015,2015-08-01,11:40,12:25,LTER 5.75 Forereef Fish Transect 1 Swath 1 m,LTER_5.75,Forereef,10,1,1,Nemateleotris magnifica,Microdesmidae,2,45,0,0.85,NA,Planktivore,Planktivore_exclusively,100,2,0,0.75,38.6,0.5,GB
2015,2015-08-01,11:40,12:25,LTER 5.75 Forereef Fish Transect 1 Swath 1 m,LTER_5.75,Forereef,10,1,1,Neocirrhites armatus,Cirrhitidae,3,25,0,0.56,NA,Secondary Consumer,Benthic Invertebrate Consumer,100,2,0,0.75,38.6,0.5,GB
2015,2015-08-01,11:40,12:25,LTER 5.75 Forereef Fish Transect 1 Swath 1 m,LTER_5.75,Forereef,10,1,1,Neocirrhites armatus,Cirrhitidae,1,30,0,0.34,NA,Secondary Consumer,Benthic Invertebrate Consumer,100,2,0,0.75,38.6,0.5,GB
2015,2015-08-01,11:40,12:25,LTER 5.75 Forereef Fish Transect 1 Swath 1 m,LTER_5.75,Forereef,10,1,1,Neocirrhites armatus,Cirrhitidae,3,35,0,1.67,NA,Secondary Consumer,Benthic Invertebrate Consumer,100,2,0,0.75,38.6,0.5,GB
2015,2015-08-01,11:40,12:25,LTER 5.75 Forereef Fish Transect 1 Swath 1 m,LTER_5.75,Forereef,10,1,1,Neocirrhites armatus,Cirrhitidae,1,40,0,0.86,NA,Secondary Consumer,Benthic Invertebrate Consumer,100,2,0,0.75,38.6,0.5,GB
2015,2015-08-01,11:40,12:25,LTER 5.75 Forereef Fish Transect 1 Swath 1 m,LTER_5.75,Forereef,10,1,1,Paracirrhites arcatus,Cirrhitidae,4,35,0,2.23,NA,Secondary Consumer,Benthic Invertebrate Consumer,100,2,0,0.75,38.6,0.5,GB
2015,2015-08-01,11:40,12:25,LTER 5.75 Forereef Fish Transect 1 Swath 1 m,LTER_5.75,Forereef,10,1,1,Paracirrhites arcatus,Cirrhitidae,3,40,0,2.59,NA,Secondary Consumer,Benthic Invertebrate Consumer,100,2,0,0.75,38.6,0.5,GB
2015,2015-08-01,11:40,12:25,LTER 5.75 Forereef Fish Transect 1 Swath 1 m,LTER_5.75,Forereef,10,1,1,Paracirrhites arcatus,Cirrhitidae,2,45,0,2.54,NA,Secondary Consumer,Benthic Invertebrate Consumer,100,2,0,0.75,38.6,0.5,GB
2015,2015-08-01,11:40,12:25,LTER 5.75 Forereef Fish Transect 1 Swath 1 m,LTER_5.75,Forereef,10,1,1,Paracirrhites arcatus,Cirrhitidae,1,50,0,1.79,NA,Secondary Consumer,Benthic Invertebrate Consumer,100,2,0,0.75,38.6,0.5,GB
2015,2015-08-01,11:40,12:25,LTER 5.75 Forereef Fish Transect 1 Swath 1 m,LTER_5.75,Forereef,10,1,1,Paracirrhites arcatus,Cirrhitidae,3,55,0,7.33,NA,Secondary Consumer,Benthic Invertebrate Consumer,100,2,0,0.75,38.6,0.5,GB
2015,2015-08-01,11:40,12:25,LTER 5.75 Forereef Fish Transect 1 Swath 1 m,LTER_5.75,Forereef,10,1,1,Paracirrhites arcatus,Cirrhitidae,1,65,0,4.22,NA,Secondary Consumer,Benthic Invertebrate Consumer,100,2,0,0.75,38.6,0.5,GB
2015,2015-08-01,11:40,12:25,LTER 5.75 Forereef Fish Transect 1 Swath 1 m,LTER_5.75,Forereef,10,1,1,Plectroglyphidodon johnstonianus,Pomacentridae,1,35,0,1.66,NA,Secondary Consumer,Omnivore,100,2,0,0.75,38.6,0.5,GB
2015,2015-08-01,11:40,12:25,LTER 5.75 Forereef Fish Transect 1 Swath 1 m,LTER_5.75,Forereef,10,1,1,Pseudocheilinus tetrataenia,Labridae,1,30,0,0.41,NA,Secondary Consumer,Benthic Invertebrate Consumer,100,2,0,0.75,38.6,0.5,GB
2015,2015-08-01,11:40,12:25,LTER 5.75 Forereef Fish Transect 1 Swath 1 m,LTER_5.75,Forereef,10,1,1,Stegastes fasciolatus,Pomacentridae,1,35,0,1.16,NA,Primary Consumer,Herbivore/Detritivore,100,2,0,0.75,38.6,0.5,GB
2015,2015-08-01,11:40,12:25,LTER 5.75 Forereef Fish Transect 1 Swath 5 m,LTER_5.75,Forereef,10,1,5,Acanthurus nigroris,Acanthuridae,9,150,0,617.7,NA,Primary Consumer,Cropper,100,2,0,0.75,38.6,0.5,GB
2015,2015-08-01,11:40,12:25,LTER 5.75 Forereef Fish Transect 1 Swath 5 m,LTER_5.75,Forereef,10,1,5,Balistapus undulatus,Balistidae,1,170,0,85.3,NA,Secondary Consumer,Omnivore,100,2,0,0.75,38.6,0.5,GB
2015,2015-08-01,11:40,12:25,LTER 5.75 Forereef Fish Transect 1 Swath 5 m,LTER_5.75,Forereef,10,1,5,Cantherhines sandwichiensis,Monacanthidae,1,180,0,87.1,NA,Primary Consumer,Omnivore,100,2,0,0.75,38.6,0.5,GB
2015,2015-08-01,11:40,12:25,LTER 5.75 Forereef Fish Transect 1 Swath 5 m,LTER_5.75,Forereef,10,1,5,Centropyge flavissima,Pomacanthidae,1,25,0,0.79,NA,Primary Consumer,Omnivore,100,2,0,0.75,38.6,0.5,GB
2015,2015-08-01,11:40,12:25,LTER 5.75 Forereef Fish Transect 1 Swath 5 m,LTER_5.75,Forereef,10,1,5,Centropyge flavissima,Pomacanthidae,6,35,0,11.28,NA,Primary Consumer,Omnivore,100,2,0,0.75,38.6,0.5,GB
2015,2015-08-01,11:40,12:25,LTER 5.75 Forereef Fish Transect 1 Swath 5 m,LTER_5.75,Forereef,10,1,5,Centropyge flavissima,Pomacanthidae,1,45,0,3.59,NA,Primary Consumer,Omnivore,100,2,0,0.75,38.6,0.5,GB
2015,2015-08-01,11:40,12:25,LTER 5.75 Forereef Fish Transect 1 Swath 5 m,LTER_5.75,Forereef,10,1,5,Cephalopholis argus,Serranidae,3,190,0,326.1,NA,Piscivore_primarily,Piscivore,100,2,0,0.75,38.6,0.5,GB
2015,2015-08-01,11:40,12:25,LTER 5.75 Forereef Fish Transect 1 Swath 5 m,LTER_5.75,Forereef,10,1,5,Chaetodon pelewensis,Chaetodontidae,4,50,0,12.34,NA,Secondary Consumer,Corallivore,100,2,0,0.75,38.6,0.5,GB
2015,2015-08-01,11:40,12:25,LTER 5.75 Forereef Fish Transect 1 Swath 5 m,LTER_5.75,Forereef,10,1,5,Chaetodon quadrimaculatus,Chaetodontidae,9,130,0,552.2,NA,Secondary Consumer,Corallivore,100,2,0,0.75,38.6,0.5,GB
2015,2015-08-01,11:40,12:25,LTER 5.75 Forereef Fish Transect 1 Swath 5 m,LTER_5.75,Forereef,10,1,5,Chlorurus spilurus,Scaridae,4,170,0,437.4,IP,Primary Consumer,Excavator,100,2,0,0.75,38.6,0.5,GB
2015,2015-08-01,11:40,12:25,LTER 5.75 Forereef Fish Transect 1 Swath 5 m,LTER_5.75,Forereef,10,1,5,Chlorurus spilurus,Scaridae,3,180,0,388.7,IP,Primary Consumer,Excavator,100,2,0,0.75,38.6,0.5,GB
2015,2015-08-01,11:40,12:25,LTER 5.75 Forereef Fish Transect 1 Swath 5 m,LTER_5.75,Forereef,10,1,5,Chlorurus spilurus,Scaridae,2,190,0,304.3,IP,Primary Consumer,Excavator,100,2,0,0.75,38.6,0.5,GB
2015,2015-08-01,11:40,12:25,LTER 5.75 Forereef Fish Transect 1 Swath 5 m,LTER_5.75,Forereef,10,1,5,Cirrhilabrus scottorum,Labridae,15,40,0,13.15,NA,Secondary Consumer,Benthic Invertebrate Consumer,100,2,0,0.75,38.6,0.5,GB
2015,2015-08-01,11:40,12:25,LTER 5.75 Forereef Fish Transect 1 Swath 5 m,LTER_5.75,Forereef,10,1,5,Coris gaimard,Labridae,2,180,0,158,NA,Secondary Consumer,Benthic Invertebrate Consumer,100,2,0,0.75,38.6,0.5,GB
2015,2015-08-01,11:40,12:25,LTER 5.75 Forereef Fish Transect 1 Swath 5 m,LTER_5.75,Forereef,10,1,5,Ctenochaetus striatus,Acanthuridae,1,50,0,2.15,NA,Primary Consumer,Brusher,100,2,0,0.75,38.6,0.5,GB
2015,2015-08-01,11:40,12:25,LTER 5.75 Forereef Fish Transect 1 Swath 5 m,LTER_5.75,Forereef,10,1,5,Ctenochaetus striatus,Acanthuridae,3,70,0,18.06,NA,Primary Consumer,Brusher,100,2,0,0.75,38.6,0.5,GB
2015,2015-08-01,11:40,12:25,LTER 5.75 Forereef Fish Transect 1 Swath 5 m,LTER_5.75,Forereef,10,1,5,Ctenochaetus striatus,Acanthuridae,1,160,0,75.7,NA,Primary Consumer,Brusher,100,2,0,0.75,38.6,0.5,GB
2015,2015-08-01,11:40,12:25,LTER 5.75 Forereef Fish Transect 1 Swath 5 m,LTER_5.75,Forereef,10,1,5,Dascyllus trimaculatus,Pomacentridae,2,45,0,5.01,NA,Planktivore,Omnivore,100,2,0,0.75,38.6,0.5,GB
2015,2015-08-01,11:40,12:25,LTER 5.75 Forereef Fish Transect 1 Swath 5 m,LTER_5.75,Forereef,10,1,5,Gomphosus varius,Labridae,1,60,0,2.33,NA,Secondary Consumer,Benthic Invertebrate Consumer,100,2,0,0.75,38.6,0.5,GB
2015,2015-08-01,11:40,12:25,LTER 5.75 Forereef Fish Transect 1 Swath 5 m,LTER_5.75,Forereef,10,1,5,Halichoeres claudia,Labridae,2,60,0,6.75,NA,Secondary Consumer,Benthic Invertebrate Consumer,100,2,0,0.75,38.6,0.5,GB
2015,2015-08-01,11:40,12:25,LTER 5.75 Forereef Fish Transect 1 Swath 5 m,LTER_5.75,Forereef,10,1,5,Macropharyngodon meleagris,Labridae,2,60,0,4.78,NA,Secondary Consumer,Benthic Invertebrate Consumer,100,2,0,0.75,38.6,0.5,GB
2015,2015-08-01,11:40,12:25,LTER 5.75 Forereef Fish Transect 1 Swath 5 m,LTER_5.75,Forereef,10,1,5,Melichthys niger,Balistidae,3,180,0,310.6,NA,Primary Consumer,Omnivore,100,2,0,0.75,38.6,0.5,GB
2015,2015-08-01,11:40,12:25,LTER 5.75 Forereef Fish Transect 1 Swath 5 m,LTER_5.75,Forereef,10,1,5,Melichthys niger,Balistidae,2,190,0,248.7,NA,Primary Consumer,Omnivore,100,2,0,0.75,38.6,0.5,GB
2015,2015-08-01,11:40,12:25,LTER 5.75 Forereef Fish Transect 1 Swath 5 m,LTER_5.75,Forereef,10,1,5,Melichthys niger,Balistidae,1,210,0,174.6,NA,Primary Consumer,Omnivore,100,2,0,0.75,38.6,0.5,GB
2015,2015-08-01,11:40,12:25,LTER 5.75 Forereef Fish Transect 1 Swath 5 m,LTER_5.75,Forereef,10,1,5,Melichthys vidua,Balistidae,6,180,0,621.1,NA,Primary Consumer,Omnivore,100,2,0,0.75,38.6,0.5,GB
2015,2015-08-01,11:40,12:25,LTER 5.75 Forereef Fish Transect 1 Swath 5 m,LTER_5.75,Forereef,10,1,5,Naso lituratus,Acanthuridae,1,190,0,68.6,NA,Primary Consumer,Browser,100,2,0,0.75,38.6,0.5,GB
2015,2015-08-01,11:40,12:25,LTER 5.75 Forereef Fish Transect 1 Swath 5 m,LTER_5.75,Forereef,10,1,5,Odonus niger,Balistidae,13,170,0,848.4,NA,Planktivore,Planktivore_exclusively,100,2,0,0.75,38.6,0.5,GB
2015,2015-08-01,11:40,12:25,LTER 5.75 Forereef Fish Transect 1 Swath 5 m,LTER_5.75,Forereef,10,1,5,Parupeneus multifasciatus,Mullidae,1,140,0,85.2,NA,Secondary Consumer,Benthic Invertebrate Consumer,100,2,0,0.75,38.6,0.5,GB
2015,2015-08-01,11:40,12:25,LTER 5.75 Forereef Fish Transect 1 Swath 5 m,LTER_5.75,Forereef,10,1,5,Pomachromis fuscidorsalis,Pomacentridae,1,30,0,0.4,NA,Planktivore,Planktivore_exclusively,100,2,0,0.75,38.6,0.5,GB
2015,2015-08-01,11:40,12:25,LTER 5.75 Forereef Fish Transect 1 Swath 5 m,LTER_5.75,Forereef,10,1,5,Pycnochromis vanderbilti,Pomacentridae,40,30,0,18.61,NA,Planktivore,Planktivore_exclusively,100,2,0,0.75,38.6,0.5,GB
2015,2015-08-01,11:40,12:25,LTER 5.75 Forereef Fish Transect 1 Swath 5 m,LTER_5.75,Forereef,10,1,5,Scarus psittacus,Scaridae,12,180,0,1479,IP,Primary Consumer,Scraper,100,2,0,0.75,38.6,0.5,GB
2015,2015-08-01,11:40,12:25,LTER 5.75 Forereef Fish Transect 1 Swath 5 m,LTER_5.75,Forereef,10,1,5,Scarus schlegeli,Scaridae,3,180,0,356.8,IP,Primary Consumer,Scraper,100,2,0,0.75,38.6,0.5,GB
2015,2015-08-01,11:40,12:25,LTER 5.75 Forereef Fish Transect 1 Swath 5 m,LTER_5.75,Forereef,10,1,5,Sufflamen bursa,Balistidae,13,160,0,1417,NA,Secondary Consumer,Omnivore,100,2,0,0.75,38.6,0.5,GB
2015,2015-08-01,11:40,12:25,LTER 5.75 Forereef Fish Transect 1 Swath 5 m,LTER_5.75,Forereef,10,1,5,Thalassoma quinquevittatum,Labridae,4,50,0,5.48,NA,Secondary Consumer,Benthic Invertebrate Consumer,100,2,0,0.75,38.6,0.5,GB
2015,2015-08-01,11:40,12:25,LTER 5.75 Forereef Fish Transect 1 Swath 5 m,LTER_5.75,Forereef,10,1,5,Thalassoma quinquevittatum,Labridae,9,60,0,21.54,NA,Secondary Consumer,Benthic Invertebrate Consumer,100,2,0,0.75,38.6,0.5,GB
2015,2015-08-01,11:40,12:25,LTER 5.75 Forereef Fish Transect 1 Swath 5 m,LTER_5.75,Forereef,10,1,5,Thalassoma quinquevittatum,Labridae,1,120,0,20,NA,Secondary Consumer,Benthic Invertebrate Consumer,100,2,0,0.75,38.6,0.5,GB
2015,2015-08-01,11:40,12:25,LTER 5.75 Forereef Fish Transect 1 Swath 5 m,LTER_5.75,Forereef,10,1,5,Thalassoma quinquevittatum,Labridae,3,130,0,76.5,NA,Secondary Consumer,Benthic Invertebrate Consumer,100,2,0,0.75,38.6,0.5,GB
2015,2015-08-01,11:40,12:25,LTER 5.75 Forereef Fish Transect 1 Swath 5 m,LTER_5.75,Forereef,10,1,5,Thalassoma quinquevittatum,Labridae,2,140,0,64,NA,Secondary Consumer,Benthic Invertebrate Consumer,100,2,0,0.75,38.6,0.5,GB
2015,2015-08-01,11:40,12:25,LTER 5.75 Forereef Fish Transect 1 Swath 5 m,LTER_5.75,Forereef,10,1,5,Zebrasoma scopas,Acanthuridae,2,180,0,332.6,NA,Primary Consumer,Concealed Cropper,100,2,0,0.75,38.6,0.5,GB
2015,2015-08-01,11:40,12:25,LTER 5.75 Forereef Fish Transect 2 Swath 1 m,LTER_5.75,Forereef,10,2,1,Cirripectes variolosus,Blenniidae,1,40,0,1.02,NA,Primary Consumer,Herbivore/Detritivore,100,2,0,0.75,38.6,0.5,AB
2015,2015-08-01,11:40,12:25,LTER 5.75 Forereef Fish Transect 2 Swath 1 m,LTER_5.75,Forereef,10,2,1,Nemateleotris magnifica,Microdesmidae,2,60,0,2.08,NA,Planktivore,Planktivore_exclusively,100,2,0,0.75,38.6,0.5,AB
2015,2015-08-01,11:40,12:25,LTER 5.75 Forereef Fish Transect 2 Swath 1 m,LTER_5.75,Forereef,10,2,1,Neocirrhites armatus,Cirrhitidae,1,30,0,0.34,NA,Secondary Consumer,Benthic Invertebrate Consumer,100,2,0,0.75,38.6,0.5,AB
2015,2015-08-01,11:40,12:25,LTER 5.75 Forereef Fish Transect 2 Swath 1 m,LTER_5.75,Forereef,10,2,1,Neocirrhites armatus,Cirrhitidae,2,40,0,1.73,NA,Secondary Consumer,Benthic Invertebrate Consumer,100,2,0,0.75,38.6,0.5,AB
2015,2015-08-01,11:40,12:25,LTER 5.75 Forereef Fish Transect 2 Swath 1 m,LTER_5.75,Forereef,10,2,1,Paracirrhites arcatus,Cirrhitidae,1,40,0,0.86,NA,Secondary Consumer,Benthic Invertebrate Consumer,100,2,0,0.75,38.6,0.5,AB
2015,2015-08-01,11:40,12:25,LTER 5.75 Forereef Fish Transect 2 Swath 1 m,LTER_5.75,Forereef,10,2,1,Paracirrhites arcatus,Cirrhitidae,2,55,0,4.89,NA,Secondary Consumer,Benthic Invertebrate Consumer,100,2,0,0.75,38.6,0.5,AB
2015,2015-08-01,11:40,12:25,LTER 5.75 Forereef Fish Transect 2 Swath 1 m,LTER_5.75,Forereef,10,2,1,Paracirrhites arcatus,Cirrhitidae,5,60,0,16.23,NA,Secondary Consumer,Benthic Invertebrate Consumer,100,2,0,0.75,38.6,0.5,AB
2015,2015-08-01,11:40,12:25,LTER 5.75 Forereef Fish Transect 2 Swath 1 m,LTER_5.75,Forereef,10,2,1,Paracirrhites arcatus,Cirrhitidae,2,70,0,10.75,NA,Secondary Consumer,Benthic Invertebrate Consumer,100,2,0,0.75,38.6,0.5,AB
2015,2015-08-01,11:40,12:25,LTER 5.75 Forereef Fish Transect 2 Swath 1 m,LTER_5.75,Forereef,10,2,1,Plectroglyphidodon johnstonianus,Pomacentridae,3,40,0,7.08,NA,Secondary Consumer,Omnivore,100,2,0,0.75,38.6,0.5,AB
2015,2015-08-01,11:40,12:25,LTER 5.75 Forereef Fish Transect 2 Swath 1 m,LTER_5.75,Forereef,10,2,1,Plectroglyphidodon johnstonianus,Pomacentridae,2,50,0,8.5,NA,Secondary Consumer,Omnivore,100,2,0,0.75,38.6,0.5,AB
2015,2015-08-01,11:40,12:25,LTER 5.75 Forereef Fish Transect 2 Swath 1 m,LTER_5.75,Forereef,10,2,1,Pseudocheilinus tetrataenia,Labridae,2,35,0,1.28,NA,Secondary Consumer,Benthic Invertebrate Consumer,100,2,0,0.75,38.6,0.5,AB
2015,2015-08-01,11:40,12:25,LTER 5.75 Forereef Fish Transect 2 Swath 1 m,LTER_5.75,Forereef,10,2,1,Pseudocheilinus tetrataenia,Labridae,1,40,0,0.95,NA,Secondary Consumer,Benthic Invertebrate Consumer,100,2,0,0.75,38.6,0.5,AB
2015,2015-08-01,11:40,12:25,LTER 5.75 Forereef Fish Transect 2 Swath 1 m,LTER_5.75,Forereef,10,2,1,Stegastes fasciolatus,Pomacentridae,2,40,0,3.44,NA,Primary Consumer,Herbivore/Detritivore,100,2,0,0.75,38.6,0.5,AB
2015,2015-08-01,11:40,12:25,LTER 5.75 Forereef Fish Transect 2 Swath 1 m,LTER_5.75,Forereef,10,2,1,Stegastes fasciolatus,Pomacentridae,5,50,0,16.78,NA,Primary Consumer,Herbivore/Detritivore,100,2,0,0.75,38.6,0.5,AB
2015,2015-08-01,11:40,12:25,LTER 5.75 Forereef Fish Transect 2 Swath 1 m,LTER_5.75,Forereef,10,2,1,Stegastes fasciolatus,Pomacentridae,6,55,0,26.77,NA,Primary Consumer,Herbivore/Detritivore,100,2,0,0.75,38.6,0.5,AB
2015,2015-08-01,11:40,12:25,LTER 5.75 Forereef Fish Transect 2 Swath 1 m,LTER_5.75,Forereef,10,2,1,Stegastes fasciolatus,Pomacentridae,3,60,0,17.36,NA,Primary Consumer,Herbivore/Detritivore,100,2,0,0.75,38.6,0.5,AB
2015,2015-08-01,11:40,12:25,LTER 5.75 Forereef Fish Transect 2 Swath 5 m,LTER_5.75,Forereef,10,2,5,Acanthurus nigrofuscus,Acanthuridae,14,50,0,33.19,NA,Primary Consumer,Cropper,100,2,0,0.75,38.6,0.5,AB
2015,2015-08-01,11:40,12:25,LTER 5.75 Forereef Fish Transect 2 Swath 5 m,LTER_5.75,Forereef,10,2,5,Acanthurus nigrofuscus,Acanthuridae,17,70,0,111.64,NA,Primary Consumer,Cropper,100,2,0,0.75,38.6,0.5,AB
2015,2015-08-01,11:40,12:25,LTER 5.75 Forereef Fish Transect 2 Swath 5 m,LTER_5.75,Forereef,10,2,5,Acanthurus nigroris,Acanthuridae,3,70,0,21.2,NA,Primary Consumer,Cropper,100,2,0,0.75,38.6,0.5,AB
2015,2015-08-01,11:40,12:25,LTER 5.75 Forereef Fish Transect 2 Swath 5 m,LTER_5.75,Forereef,10,2,5,Acanthurus nigroris,Acanthuridae,9,120,0,317.5,NA,Primary Consumer,Cropper,100,2,0,0.75,38.6,0.5,AB
2015,2015-08-01,11:40,12:25,LTER 5.75 Forereef Fish Transect 2 Swath 5 m,LTER_5.75,Forereef,10,2,5,Acanthurus nigroris,Acanthuridae,2,140,0,111.7,NA,Primary Consumer,Cropper,100,2,0,0.75,38.6,0.5,AB
2015,2015-08-01,11:40,12:25,LTER 5.75 Forereef Fish Transect 2 Swath 5 m,LTER_5.75,Forereef,10,2,5,Acanthurus olivaceus,Acanthuridae,1,100,0,19.2,NA,Primary Consumer,Sediment Sucker,100,2,0,0.75,38.6,0.5,AB
2015,2015-08-01,11:40,12:25,LTER 5.75 Forereef Fish Transect 2 Swath 5 m,LTER_5.75,Forereef,10,2,5,Acanthurus olivaceus,Acanthuridae,2,220,0,404.3,NA,Primary Consumer,Sediment Sucker,100,2,0,0.75,38.6,0.5,AB
2015,2015-08-01,11:40,12:25,LTER 5.75 Forereef Fish Transect 2 Swath 5 m,LTER_5.75,Forereef,10,2,5,Balistapus undulatus,Balistidae,1,100,0,14.1,NA,Secondary Consumer,Omnivore,100,2,0,0.75,38.6,0.5,AB
2015,2015-08-01,11:40,12:25,LTER 5.75 Forereef Fish Transect 2 Swath 5 m,LTER_5.75,Forereef,10,2,5,Balistapus undulatus,Balistidae,1,160,0,69.4,NA,Secondary Consumer,Omnivore,100,2,0,0.75,38.6,0.5,AB
2015,2015-08-01,11:40,12:25,LTER 5.75 Forereef Fish Transect 2 Swath 5 m,LTER_5.75,Forereef,10,2,5,Centropyge flavissima,Pomacanthidae,4,40,0,10.61,NA,Primary Consumer,Omnivore,100,2,0,0.75,38.6,0.5,AB
2015,2015-08-01,11:40,12:25,LTER 5.75 Forereef Fish Transect 2 Swath 5 m,LTER_5.75,Forereef,10,2,5,Centropyge flavissima,Pomacanthidae,9,45,0,32.34,NA,Primary Consumer,Omnivore,100,2,0,0.75,38.6,0.5,AB
2015,2015-08-01,11:40,12:25,LTER 5.75 Forereef Fish Transect 2 Swath 5 m,LTER_5.75,Forereef,10,2,5,Centropyge flavissima,Pomacanthidae,3,50,0,14.14,NA,Primary Consumer,Omnivore,100,2,0,0.75,38.6,0.5,AB
2015,2015-08-01,11:40,12:25,LTER 5.75 Forereef Fish Transect 2 Swath 5 m,LTER_5.75,Forereef,10,2,5,Cephalopholis argus,Serranidae,1,170,0,76.3,NA,Piscivore_primarily,Piscivore,100,2,0,0.75,38.6,0.5,AB
2015,2015-08-01,11:40,12:25,LTER 5.75 Forereef Fish Transect 2 Swath 5 m,LTER_5.75,Forereef,10,2,5,Cephalopholis argus,Serranidae,1,250,0,260.2,NA,Piscivore_primarily,Piscivore,100,2,0,0.75,38.6,0.5,AB
2015,2015-08-01,11:40,12:25,LTER 5.75 Forereef Fish Transect 2 Swath 5 m,LTER_5.75,Forereef,10,2,5,Chaetodon pelewensis,Chaetodontidae,1,50,0,3.08,NA,Secondary Consumer,Corallivore,100,2,0,0.75,38.6,0.5,AB
2015,2015-08-01,11:40,12:25,LTER 5.75 Forereef Fish Transect 2 Swath 5 m,LTER_5.75,Forereef,10,2,5,Chaetodon quadrimaculatus,Chaetodontidae,6,70,0,64.49,NA,Secondary Consumer,Corallivore,100,2,0,0.75,38.6,0.5,AB
2015,2015-08-01,11:40,12:25,LTER 5.75 Forereef Fish Transect 2 Swath 5 m,LTER_5.75,Forereef,10,2,5,Chlorurus spilurus,Scaridae,5,100,0,113.1,IP,Primary Consumer,Excavator,100,2,0,0.75,38.6,0.5,AB
2015,2015-08-01,11:40,12:25,LTER 5.75 Forereef Fish Transect 2 Swath 5 m,LTER_5.75,Forereef,10,2,5,Chlorurus spilurus,Scaridae,57,120,0,2216,IP,Primary Consumer,Excavator,100,2,0,0.75,38.6,0.5,AB
2015,2015-08-01,11:40,12:25,LTER 5.75 Forereef Fish Transect 2 Swath 5 m,LTER_5.75,Forereef,10,2,5,Chlorurus spilurus,Scaridae,10,130,0,493.1,IP,Primary Consumer,Excavator,100,2,0,0.75,38.6,0.5,AB
2015,2015-08-01,11:40,12:25,LTER 5.75 Forereef Fish Transect 2 Swath 5 m,LTER_5.75,Forereef,10,2,5,Chlorurus spilurus,Scaridae,1,180,0,129.6,TP,Primary Consumer,Excavator,100,2,0,0.75,38.6,0.5,AB
2015,2015-08-01,11:40,12:25,LTER 5.75 Forereef Fish Transect 2 Swath 5 m,LTER_5.75,Forereef,10,2,5,Cirrhilabrus exquisitus,Labridae,30,50,0,49.93,NA,Planktivore,Planktivore_exclusively,100,2,0,0.75,38.6,0.5,AB
2015,2015-08-01,11:40,12:25,LTER 5.75 Forereef Fish Transect 2 Swath 5 m,LTER_5.75,Forereef,10,2,5,Cirrhilabrus scottorum,Labridae,55,60,0,174.87,NA,Secondary Consumer,Benthic Invertebrate Consumer,100,2,0,0.75,38.6,0.5,AB
2015,2015-08-01,11:40,12:25,LTER 5.75 Forereef Fish Transect 2 Swath 5 m,LTER_5.75,Forereef,10,2,5,Cirrhilabrus scottorum,Labridae,40,70,0,207.57,NA,Secondary Consumer,Benthic Invertebrate Consumer,100,2,0,0.75,38.6,0.5,AB
2015,2015-08-01,11:40,12:25,LTER 5.75 Forereef Fish Transect 2 Swath 5 m,LTER_5.75,Forereef,10,2,5,Ctenochaetus binotatus,Acanthuridae,1,80,0,13.34,NA,Primary Consumer,Brusher,100,2,0,0.75,38.6,0.5,AB
2015,2015-08-01,11:40,12:25,LTER 5.75 Forereef Fish Transect 2 Swath 5 m,LTER_5.75,Forereef,10,2,5,Gomphosus varius,Labridae,1,70,0,3.54,NA,Secondary Consumer,Benthic Invertebrate Consumer,100,2,0,0.75,38.6,0.5,AB
2015,2015-08-01,11:40,12:25,LTER 5.75 Forereef Fish Transect 2 Swath 5 m,LTER_5.75,Forereef,10,2,5,Halichoeres claudia,Labridae,1,50,0,1.96,NA,Secondary Consumer,Benthic Invertebrate Consumer,100,2,0,0.75,38.6,0.5,AB
2015,2015-08-01,11:40,12:25,LTER 5.75 Forereef Fish Transect 2 Swath 5 m,LTER_5.75,Forereef,10,2,5,Halichoeres claudia,Labridae,6,60,0,20.26,NA,Secondary Consumer,Benthic Invertebrate Consumer,100,2,0,0.75,38.6,0.5,AB
2015,2015-08-01,11:40,12:25,LTER 5.75 Forereef Fish Transect 2 Swath 5 m,LTER_5.75,Forereef,10,2,5,Halichoeres claudia,Labridae,2,70,0,10.7,NA,Secondary Consumer,Benthic Invertebrate Consumer,100,2,0,0.75,38.6,0.5,AB
2015,2015-08-01,11:40,12:25,LTER 5.75 Forereef Fish Transect 2 Swath 5 m,LTER_5.75,Forereef,10,2,5,Macropharyngodon meleagris,Labridae,4,40,0,2.76,NA,Secondary Consumer,Benthic Invertebrate Consumer,100,2,0,0.75,38.6,0.5,AB
2015,2015-08-01,11:40,12:25,LTER 5.75 Forereef Fish Transect 2 Swath 5 m,LTER_5.75,Forereef,10,2,5,Melichthys niger,Balistidae,8,150,0,446.1,NA,Primary Consumer,Omnivore,100,2,0,0.75,38.6,0.5,AB
2015,2015-08-01,11:40,12:25,LTER 5.75 Forereef Fish Transect 2 Swath 5 m,LTER_5.75,Forereef,10,2,5,Melichthys vidua,Balistidae,9,140,0,397.1,NA,Primary Consumer,Omnivore,100,2,0,0.75,38.6,0.5,AB
2015,2015-08-01,11:40,12:25,LTER 5.75 Forereef Fish Transect 2 Swath 5 m,LTER_5.75,Forereef,10,2,5,Naso lituratus,Acanthuridae,2,220,0,220.8,NA,Primary Consumer,Browser,100,2,0,0.75,38.6,0.5,AB
2015,2015-08-01,11:40,12:25,LTER 5.75 Forereef Fish Transect 2 Swath 5 m,LTER_5.75,Forereef,10,2,5,Naso lituratus,Acanthuridae,1,240,0,146.5,NA,Primary Consumer,Browser,100,2,0,0.75,38.6,0.5,AB
2015,2015-08-01,11:40,12:25,LTER 5.75 Forereef Fish Transect 2 Swath 5 m,LTER_5.75,Forereef,10,2,5,Odonus niger,Balistidae,160,140,0,5403.2,NA,Planktivore,Planktivore_exclusively,100,2,0,0.75,38.6,0.5,AB
2015,2015-08-01,11:40,12:25,LTER 5.75 Forereef Fish Transect 2 Swath 5 m,LTER_5.75,Forereef,10,2,5,Parupeneus multifasciatus,Mullidae,1,70,0,9.76,NA,Secondary Consumer,Benthic Invertebrate Consumer,100,2,0,0.75,38.6,0.5,AB
2015,2015-08-01,11:40,12:25,LTER 5.75 Forereef Fish Transect 2 Swath 5 m,LTER_5.75,Forereef,10,2,5,Parupeneus multifasciatus,Mullidae,1,80,0,14.82,NA,Secondary Consumer,Benthic Invertebrate Consumer,100,2,0,0.75,38.6,0.5,AB
2015,2015-08-01,11:40,12:25,LTER 5.75 Forereef Fish Transect 2 Swath 5 m,LTER_5.75,Forereef,10,2,5,Pomachromis fuscidorsalis,Pomacentridae,22,40,0,20.82,NA,Planktivore,Planktivore_exclusively,100,2,0,0.75,38.6,0.5,AB
2015,2015-08-01,11:40,12:25,LTER 5.75 Forereef Fish Transect 2 Swath 5 m,LTER_5.75,Forereef,10,2,5,Pycnochromis acares,Pomacentridae,25,30,0,11.66,NA,Planktivore,Planktivore_exclusively,100,2,0,0.75,38.6,0.5,AB
2015,2015-08-01,11:40,12:25,LTER 5.75 Forereef Fish Transect 2 Swath 5 m,LTER_5.75,Forereef,10,2,5,Pycnochromis vanderbilti,Pomacentridae,130,25,0,33.9,NA,Planktivore,Planktivore_exclusively,100,2,0,0.75,38.6,0.5,AB
2015,2015-08-01,11:40,12:25,LTER 5.75 Forereef Fish Transect 2 Swath 5 m,LTER_5.75,Forereef,10,2,5,Pycnochromis vanderbilti,Pomacentridae,250,30,0,116.31,NA,Planktivore,Planktivore_exclusively,100,2,0,0.75,38.6,0.5,AB
2015,2015-08-01,11:40,12:25,LTER 5.75 Forereef Fish Transect 2 Swath 5 m,LTER_5.75,Forereef,10,2,5,Scarus globiceps,Scaridae,6,140,0,338.2,TP,Primary Consumer,Scraper,100,2,0,0.75,38.6,0.5,AB
2015,2015-08-01,11:40,12:25,LTER 5.75 Forereef Fish Transect 2 Swath 5 m,LTER_5.75,Forereef,10,2,5,Scarus globiceps,Scaridae,9,160,0,766.5,TP,Primary Consumer,Scraper,100,2,0,0.75,38.6,0.5,AB
2015,2015-08-01,11:40,12:25,LTER 5.75 Forereef Fish Transect 2 Swath 5 m,LTER_5.75,Forereef,10,2,5,Scarus rubroviolaceus,Scaridae,1,240,0,212.8,IP,Primary Consumer,Scraper,100,2,0,0.75,38.6,0.5,AB
2015,2015-08-01,11:40,12:25,LTER 5.75 Forereef Fish Transect 2 Swath 5 m,LTER_5.75,Forereef,10,2,5,Stethojulis bandanensis,Labridae,1,50,0,1.93,NA,Secondary Consumer,Benthic Invertebrate Consumer,100,2,0,0.75,38.6,0.5,AB
2015,2015-08-01,11:40,12:25,LTER 5.75 Forereef Fish Transect 2 Swath 5 m,LTER_5.75,Forereef,10,2,5,Stethojulis bandanensis,Labridae,2,60,0,6.19,NA,Secondary Consumer,Benthic Invertebrate Consumer,100,2,0,0.75,38.6,0.5,AB
2015,2015-08-01,11:40,12:25,LTER 5.75 Forereef Fish Transect 2 Swath 5 m,LTER_5.75,Forereef,10,2,5,Sufflamen bursa,Balistidae,1,30,0,0.81,NA,Secondary Consumer,Omnivore,100,2,0,0.75,38.6,0.5,AB
2015,2015-08-01,11:40,12:25,LTER 5.75 Forereef Fish Transect 2 Swath 5 m,LTER_5.75,Forereef,10,2,5,Sufflamen bursa,Balistidae,1,55,0,4.78,NA,Secondary Consumer,Omnivore,100,2,0,0.75,38.6,0.5,AB
2015,2015-08-01,11:40,12:25,LTER 5.75 Forereef Fish Transect 2 Swath 5 m,LTER_5.75,Forereef,10,2,5,Sufflamen bursa,Balistidae,1,85,0,17.09,NA,Secondary Consumer,Omnivore,100,2,0,0.75,38.6,0.5,AB
2015,2015-08-01,11:40,12:25,LTER 5.75 Forereef Fish Transect 2 Swath 5 m,LTER_5.75,Forereef,10,2,5,Sufflamen bursa,Balistidae,6,110,0,218.2,NA,Secondary Consumer,Omnivore,100,2,0,0.75,38.6,0.5,AB
2015,2015-08-01,11:40,12:25,LTER 5.75 Forereef Fish Transect 2 Swath 5 m,LTER_5.75,Forereef,10,2,5,Sufflamen bursa,Balistidae,4,130,0,237.3,NA,Secondary Consumer,Omnivore,100,2,0,0.75,38.6,0.5,AB
2015,2015-08-01,11:40,12:25,LTER 5.75 Forereef Fish Transect 2 Swath 5 m,LTER_5.75,Forereef,10,2,5,Thalassoma quinquevittatum,Labridae,2,35,0,0.92,NA,Secondary Consumer,Benthic Invertebrate Consumer,100,2,0,0.75,38.6,0.5,AB
2015,2015-08-01,11:40,12:25,LTER 5.75 Forereef Fish Transect 2 Swath 5 m,LTER_5.75,Forereef,10,2,5,Thalassoma quinquevittatum,Labridae,11,40,0,7.61,NA,Secondary Consumer,Benthic Invertebrate Consumer,100,2,0,0.75,38.6,0.5,AB
2015,2015-08-01,11:40,12:25,LTER 5.75 Forereef Fish Transect 2 Swath 5 m,LTER_5.75,Forereef,10,2,5,Thalassoma quinquevittatum,Labridae,12,50,0,16.44,NA,Secondary Consumer,Benthic Invertebrate Consumer,100,2,0,0.75,38.6,0.5,AB
2015,2015-08-01,11:40,12:25,LTER 5.75 Forereef Fish Transect 2 Swath 5 m,LTER_5.75,Forereef,10,2,5,Thalassoma quinquevittatum,Labridae,15,60,0,35.9,NA,Secondary Consumer,Benthic Invertebrate Consumer,100,2,0,0.75,38.6,0.5,AB
2015,2015-08-01,11:40,12:25,LTER 5.75 Forereef Fish Transect 2 Swath 5 m,LTER_5.75,Forereef,10,2,5,Thalassoma quinquevittatum,Labridae,15,70,0,57.53,NA,Secondary Consumer,Benthic Invertebrate Consumer,100,2,0,0.75,38.6,0.5,AB
2015,2015-08-01,11:40,12:25,LTER 5.75 Forereef Fish Transect 2 Swath 5 m,LTER_5.75,Forereef,10,2,5,Thalassoma quinquevittatum,Labridae,1,80,0,5.77,NA,Secondary Consumer,Benthic Invertebrate Consumer,100,2,0,0.75,38.6,0.5,AB
2015,2015-08-01,11:40,12:25,LTER 5.75 Forereef Fish Transect 2 Swath 5 m,LTER_5.75,Forereef,10,2,5,Zebrasoma scopas,Acanthuridae,2,140,0,156.8,NA,Primary Consumer,Concealed Cropper,100,2,0,0.75,38.6,0.5,AB
2015,2015-08-01,11:40,12:25,LTER 5.75 Forereef Fish Transect 3 Swath 1 m,LTER_5.75,Forereef,10,3,1,Neocirrhites armatus,Cirrhitidae,1,30,0,0.34,NA,Secondary Consumer,Benthic Invertebrate Consumer,100,2,0,0.75,38.6,0.5,BS
2015,2015-08-01,11:40,12:25,LTER 5.75 Forereef Fish Transect 3 Swath 1 m,LTER_5.75,Forereef,10,3,1,Neocirrhites armatus,Cirrhitidae,1,40,0,0.86,NA,Secondary Consumer,Benthic Invertebrate Consumer,100,2,0,0.75,38.6,0.5,BS
2015,2015-08-01,11:40,12:25,LTER 5.75 Forereef Fish Transect 3 Swath 1 m,LTER_5.75,Forereef,10,3,1,Paracirrhites arcatus,Cirrhitidae,1,25,0,0.19,NA,Secondary Consumer,Benthic Invertebrate Consumer,100,2,0,0.75,38.6,0.5,BS
2015,2015-08-01,11:40,12:25,LTER 5.75 Forereef Fish Transect 3 Swath 1 m,LTER_5.75,Forereef,10,3,1,Paracirrhites arcatus,Cirrhitidae,3,40,0,2.59,NA,Secondary Consumer,Benthic Invertebrate Consumer,100,2,0,0.75,38.6,0.5,BS
2015,2015-08-01,11:40,12:25,LTER 5.75 Forereef Fish Transect 3 Swath 1 m,LTER_5.75,Forereef,10,3,1,Paracirrhites arcatus,Cirrhitidae,3,50,0,5.37,NA,Secondary Consumer,Benthic Invertebrate Consumer,100,2,0,0.75,38.6,0.5,BS
2015,2015-08-01,11:40,12:25,LTER 5.75 Forereef Fish Transect 3 Swath 1 m,LTER_5.75,Forereef,10,3,1,Paracirrhites arcatus,Cirrhitidae,1,60,0,3.25,NA,Secondary Consumer,Benthic Invertebrate Consumer,100,2,0,0.75,38.6,0.5,BS
2015,2015-08-01,11:40,12:25,LTER 5.75 Forereef Fish Transect 3 Swath 1 m,LTER_5.75,Forereef,10,3,1,Pseudocheilinus tetrataenia,Labridae,1,30,0,0.41,NA,Secondary Consumer,Benthic Invertebrate Consumer,100,2,0,0.75,38.6,0.5,BS
2015,2015-08-01,11:40,12:25,LTER 5.75 Forereef Fish Transect 3 Swath 1 m,LTER_5.75,Forereef,10,3,1,Ptereleotris evides,Microdesmidae,2,80,0,5.11,NA,Planktivore,Planktivore_exclusively,100,2,0,0.75,38.6,0.5,BS
2015,2015-08-01,11:40,12:25,LTER 5.75 Forereef Fish Transect 3 Swath 1 m,LTER_5.75,Forereef,10,3,1,Stegastes fasciolatus,Pomacentridae,1,40,0,1.72,NA,Primary Consumer,Herbivore/Detritivore,100,2,0,0.75,38.6,0.5,BS
2015,2015-08-01,11:40,12:25,LTER 5.75 Forereef Fish Transect 3 Swath 1 m,LTER_5.75,Forereef,10,3,1,Stegastes fasciolatus,Pomacentridae,3,50,0,10.07,NA,Primary Consumer,Herbivore/Detritivore,100,2,0,0.75,38.6,0.5,BS
2015,2015-08-01,11:40,12:25,LTER 5.75 Forereef Fish Transect 3 Swath 5 m,LTER_5.75,Forereef,10,3,5,Acanthurus nigrofuscus,Acanthuridae,3,60,0,12.35,NA,Primary Consumer,Cropper,100,2,0,0.75,38.6,0.5,BS
2015,2015-08-01,11:40,12:25,LTER 5.75 Forereef Fish Transect 3 Swath 5 m,LTER_5.75,Forereef,10,3,5,Acanthurus nigroris,Acanthuridae,3,70,0,21.2,NA,Primary Consumer,Cropper,100,2,0,0.75,38.6,0.5,BS
2015,2015-08-01,11:40,12:25,LTER 5.75 Forereef Fish Transect 3 Swath 5 m,LTER_5.75,Forereef,10,3,5,Acanthurus nigroris,Acanthuridae,14,100,0,286.7,NA,Primary Consumer,Cropper,100,2,0,0.75,38.6,0.5,BS
2015,2015-08-01,11:40,12:25,LTER 5.75 Forereef Fish Transect 3 Swath 5 m,LTER_5.75,Forereef,10,3,5,Acanthurus olivaceus,Acanthuridae,6,175,0,612.9,NA,Primary Consumer,Sediment Sucker,100,2,0,0.75,38.6,0.5,BS
2015,2015-08-01,11:40,12:25,LTER 5.75 Forereef Fish Transect 3 Swath 5 m,LTER_5.75,Forereef,10,3,5,Acanthurus triostegus,Acanthuridae,4,150,0,328,NA,Primary Consumer,Cropper,100,2,0,0.75,38.6,0.5,BS
2015,2015-08-01,11:40,12:25,LTER 5.75 Forereef Fish Transect 3 Swath 5 m,LTER_5.75,Forereef,10,3,5,Aprion virescens,Lutjanidae,1,1000,0,8535.1,NA,Piscivore_primarily,Piscivore,100,2,0,0.75,38.6,0.5,BS
2015,2015-08-01,11:40,12:25,LTER 5.75 Forereef Fish Transect 3 Swath 5 m,LTER_5.75,Forereef,10,3,5,Balistapus undulatus,Balistidae,1,60,0,2.49,NA,Secondary Consumer,Omnivore,100,2,0,0.75,38.6,0.5,BS
2015,2015-08-01,11:40,12:25,LTER 5.75 Forereef Fish Transect 3 Swath 5 m,LTER_5.75,Forereef,10,3,5,Balistapus undulatus,Balistidae,3,100,0,42.3,NA,Secondary Consumer,Omnivore,100,2,0,0.75,38.6,0.5,BS
2015,2015-08-01,11:40,12:25,LTER 5.75 Forereef Fish Transect 3 Swath 5 m,LTER_5.75,Forereef,10,3,5,Balistapus undulatus,Balistidae,1,110,0,19.5,NA,Secondary Consumer,Omnivore,100,2,0,0.75,38.6,0.5,BS
2015,2015-08-01,11:40,12:25,LTER 5.75 Forereef Fish Transect 3 Swath 5 m,LTER_5.75,Forereef,10,3,5,Centropyge flavissima,Pomacanthidae,8,40,0,21.22,NA,Primary Consumer,Omnivore,100,2,0,0.75,38.6,0.5,BS
2015,2015-08-01,11:40,12:25,LTER 5.75 Forereef Fish Transect 3 Swath 5 m,LTER_5.75,Forereef,10,3,5,Centropyge flavissima,Pomacanthidae,4,50,0,18.86,NA,Primary Consumer,Omnivore,100,2,0,0.75,38.6,0.5,BS
2015,2015-08-01,11:40,12:25,LTER 5.75 Forereef Fish Transect 3 Swath 5 m,LTER_5.75,Forereef,10,3,5,Chaetodon citrinellus,Chaetodontidae,1,50,0,3.38,NA,Secondary Consumer,Corallivore,100,2,0,0.75,38.6,0.5,BS
2015,2015-08-01,11:40,12:25,LTER 5.75 Forereef Fish Transect 3 Swath 5 m,LTER_5.75,Forereef,10,3,5,Chaetodon quadrimaculatus,Chaetodontidae,2,100,0,58.6,NA,Secondary Consumer,Corallivore,100,2,0,0.75,38.6,0.5,BS
2015,2015-08-01,11:40,12:25,LTER 5.75 Forereef Fish Transect 3 Swath 5 m,LTER_5.75,Forereef,10,3,5,Chlorurus spilurus,Scaridae,2,150,0,150.8,IP,Primary Consumer,Excavator,100,2,0,0.75,38.6,0.5,BS
2015,2015-08-01,11:40,12:25,LTER 5.75 Forereef Fish Transect 3 Swath 5 m,LTER_5.75,Forereef,10,3,5,Dascyllus trimaculatus,Pomacentridae,1,40,0,1.75,NA,Planktivore,Omnivore,100,2,0,0.75,38.6,0.5,BS
2015,2015-08-01,11:40,12:25,LTER 5.75 Forereef Fish Transect 3 Swath 5 m,LTER_5.75,Forereef,10,3,5,Halichoeres claudia,Labridae,1,80,0,7.97,NA,Secondary Consumer,Benthic Invertebrate Consumer,100,2,0,0.75,38.6,0.5,BS
2015,2015-08-01,11:40,12:25,LTER 5.75 Forereef Fish Transect 3 Swath 5 m,LTER_5.75,Forereef,10,3,5,Halichoeres claudia,Labridae,1,90,0,11.34,NA,Secondary Consumer,Benthic Invertebrate Consumer,100,2,0,0.75,38.6,0.5,BS
2015,2015-08-01,11:40,12:25,LTER 5.75 Forereef Fish Transect 3 Swath 5 m,LTER_5.75,Forereef,10,3,5,Labroides dimidiatus,Labridae,1,50,0,1.07,NA,Secondary Consumer,Benthic Invertebrate Consumer,100,2,0,0.75,38.6,0.5,BS
2015,2015-08-01,11:40,12:25,LTER 5.75 Forereef Fish Transect 3 Swath 5 m,LTER_5.75,Forereef,10,3,5,Lethrinus xanthochilus,Lethrinidae,3,600,0,9180.5,NA,Piscivore_primarily,Piscivore,100,2,0,0.75,38.6,0.5,BS
2015,2015-08-01,11:40,12:25,LTER 5.75 Forereef Fish Transect 3 Swath 5 m,LTER_5.75,Forereef,10,3,5,Macropharyngodon meleagris,Labridae,2,50,0,2.73,NA,Secondary Consumer,Benthic Invertebrate Consumer,100,2,0,0.75,38.6,0.5,BS
2015,2015-08-01,11:40,12:25,LTER 5.75 Forereef Fish Transect 3 Swath 5 m,LTER_5.75,Forereef,10,3,5,Macropharyngodon meleagris,Labridae,1,60,0,2.39,NA,Secondary Consumer,Benthic Invertebrate Consumer,100,2,0,0.75,38.6,0.5,BS
2015,2015-08-01,11:40,12:25,LTER 5.75 Forereef Fish Transect 3 Swath 5 m,LTER_5.75,Forereef,10,3,5,Macropharyngodon meleagris,Labridae,1,80,0,5.79,NA,Secondary Consumer,Benthic Invertebrate Consumer,100,2,0,0.75,38.6,0.5,BS
2015,2015-08-01,11:40,12:25,LTER 5.75 Forereef Fish Transect 3 Swath 5 m,LTER_5.75,Forereef,10,3,5,Malacanthus brevirostris,Malacanthidae,1,140,0,13.4,NA,Secondary Consumer,Benthic Invertebrate Consumer,100,2,0,0.75,38.6,0.5,BS
2015,2015-08-01,11:40,12:25,LTER 5.75 Forereef Fish Transect 3 Swath 5 m,LTER_5.75,Forereef,10,3,5,Melichthys vidua,Balistidae,5,160,0,347.1,NA,Primary Consumer,Omnivore,100,2,0,0.75,38.6,0.5,BS
2015,2015-08-01,11:40,12:25,LTER 5.75 Forereef Fish Transect 3 Swath 5 m,LTER_5.75,Forereef,10,3,5,Odonus niger,Balistidae,8,160,0,425,NA,Planktivore,Planktivore_exclusively,100,2,0,0.75,38.6,0.5,BS
2015,2015-08-01,11:40,12:25,LTER 5.75 Forereef Fish Transect 3 Swath 5 m,LTER_5.75,Forereef,10,3,5,Pomachromis fuscidorsalis,Pomacentridae,1,50,0,1.85,NA,Planktivore,Planktivore_exclusively,100,2,0,0.75,38.6,0.5,BS
2015,2015-08-01,11:40,12:25,LTER 5.75 Forereef Fish Transect 3 Swath 5 m,LTER_5.75,Forereef,10,3,5,Pycnochromis vanderbilti,Pomacentridae,90,40,0,104.38,NA,Planktivore,Planktivore_exclusively,100,2,0,0.75,38.6,0.5,BS
2015,2015-08-01,11:40,12:25,LTER 5.75 Forereef Fish Transect 3 Swath 5 m,LTER_5.75,Forereef,10,3,5,Scarus psittacus,Scaridae,7,140,0,391.9,IP,Primary Consumer,Scraper,100,2,0,0.75,38.6,0.5,BS
2015,2015-08-01,11:40,12:25,LTER 5.75 Forereef Fish Transect 3 Swath 5 m,LTER_5.75,Forereef,10,3,5,Scarus schlegeli,Scaridae,1,120,0,34.8,IP,Primary Consumer,Scraper,100,2,0,0.75,38.6,0.5,BS
2015,2015-08-01,11:40,12:25,LTER 5.75 Forereef Fish Transect 3 Swath 5 m,LTER_5.75,Forereef,10,3,5,Stethojulis bandanensis,Labridae,1,110,0,14.8,NA,Secondary Consumer,Benthic Invertebrate Consumer,100,2,0,0.75,38.6,0.5,BS
2015,2015-08-01,11:40,12:25,LTER 5.75 Forereef Fish Transect 3 Swath 5 m,LTER_5.75,Forereef,10,3,5,Sufflamen bursa,Balistidae,1,60,0,6.16,NA,Secondary Consumer,Omnivore,100,2,0,0.75,38.6,0.5,BS
2015,2015-08-01,11:40,12:25,LTER 5.75 Forereef Fish Transect 3 Swath 5 m,LTER_5.75,Forereef,10,3,5,Sufflamen bursa,Balistidae,6,90,0,121.25,NA,Secondary Consumer,Omnivore,100,2,0,0.75,38.6,0.5,BS
2015,2015-08-01,11:40,12:25,LTER 5.75 Forereef Fish Transect 3 Swath 5 m,LTER_5.75,Forereef,10,3,5,Thalassoma quinquevittatum,Labridae,4,50,0,5.48,NA,Secondary Consumer,Benthic Invertebrate Consumer,100,2,0,0.75,38.6,0.5,BS
2015,2015-08-01,11:40,12:25,LTER 5.75 Forereef Fish Transect 3 Swath 5 m,LTER_5.75,Forereef,10,3,5,Thalassoma quinquevittatum,Labridae,6,60,0,14.36,NA,Secondary Consumer,Benthic Invertebrate Consumer,100,2,0,0.75,38.6,0.5,BS
2015,2015-08-01,11:40,12:25,LTER 5.75 Forereef Fish Transect 3 Swath 5 m,LTER_5.75,Forereef,10,3,5,Thalassoma quinquevittatum,Labridae,7,70,0,26.85,NA,Secondary Consumer,Benthic Invertebrate Consumer,100,2,0,0.75,38.6,0.5,BS
2015,2015-08-01,11:40,12:25,LTER 5.75 Forereef Fish Transect 3 Swath 5 m,LTER_5.75,Forereef,10,3,5,Thalassoma quinquevittatum,Labridae,11,80,0,63.49,NA,Secondary Consumer,Benthic Invertebrate Consumer,100,2,0,0.75,38.6,0.5,BS
2015,2015-08-01,11:40,12:25,LTER 5.75 Forereef Fish Transect 3 Swath 5 m,LTER_5.75,Forereef,10,3,5,Thalassoma quinquevittatum,Labridae,7,100,0,80,NA,Secondary Consumer,Benthic Invertebrate Consumer,100,2,0,0.75,38.6,0.5,BS
2015,2015-08-01,11:40,12:25,LTER 5.75 Forereef Fish Transect 3 Swath 5 m,LTER_5.75,Forereef,10,3,5,Thalassoma quinquevittatum,Labridae,2,110,0,30.6,NA,Secondary Consumer,Benthic Invertebrate Consumer,100,2,0,0.75,38.6,0.5,BS
2015,2015-08-01,11:40,12:25,LTER 5.75 Forereef Fish Transect 3 Swath 5 m,LTER_5.75,Forereef,10,3,5,Zebrasoma scopas,Acanthuridae,6,100,0,171.8,NA,Primary Consumer,Concealed Cropper,100,2,0,0.75,38.6,0.5,BS
